year,month,oni,oni_total_c,oni_season,nino34_sst_c,nino34_anom,dmi_hadisst,note
1870,1,,,,,,-0.438,monthly index value for the calendar month; ONI is the 3-month season centred on the month
1870,2,,,,,,-0.337,monthly index value for the calendar month; ONI is the 3-month season centred on the month
1870,3,,,,,,0.177,monthly index value for the calendar month; ONI is the 3-month season centred on the month
1870,4,,,,,,-0.048,monthly index value for the calendar month; ONI is the 3-month season centred on the month
1870,5,,,,,,-0.48,monthly index value for the calendar month; ONI is the 3-month season centred on the month
1870,6,,,,,,-0.548,monthly index value for the calendar month; ONI is the 3-month season centred on the month
1870,7,,,,,,-0.65,monthly index value for the calendar month; ONI is the 3-month season centred on the month
1870,8,,,,,,-0.522,monthly index value for the calendar month; ONI is the 3-month season centred on the month
1870,9,,,,,,-0.728,monthly index value for the calendar month; ONI is the 3-month season centred on the month
1870,10,,,,,,-0.636,monthly index value for the calendar month; ONI is the 3-month season centred on the month
1870,11,,,,,,-0.401,monthly index value for the calendar month; ONI is the 3-month season centred on the month
1870,12,,,,,,-0.376,monthly index value for the calendar month; ONI is the 3-month season centred on the month
1871,1,,,,,,-0.273,monthly index value for the calendar month; ONI is the 3-month season centred on the month
1871,2,,,,,,-0.17,monthly index value for the calendar month; ONI is the 3-month season centred on the month
1871,3,,,,,,-0.212,monthly index value for the calendar month; ONI is the 3-month season centred on the month
1871,4,,,,,,-0.148,monthly index value for the calendar month; ONI is the 3-month season centred on the month
1871,5,,,,,,-0.115,monthly index value for the calendar month; ONI is the 3-month season centred on the month
1871,6,,,,,,-0.163,monthly index value for the calendar month; ONI is the 3-month season centred on the month
1871,7,,,,,,-0.444,monthly index value for the calendar month; ONI is the 3-month season centred on the month
1871,8,,,,,,-0.375,monthly index value for the calendar month; ONI is the 3-month season centred on the month
1871,9,,,,,,-0.336,monthly index value for the calendar month; ONI is the 3-month season centred on the month
1871,10,,,,,,-0.527,monthly index value for the calendar month; ONI is the 3-month season centred on the month
1871,11,,,,,,-0.217,monthly index value for the calendar month; ONI is the 3-month season centred on the month
1871,12,,,,,,-0.229,monthly index value for the calendar month; ONI is the 3-month season centred on the month
1872,1,,,,,,-0.037,monthly index value for the calendar month; ONI is the 3-month season centred on the month
1872,2,,,,,,0.041,monthly index value for the calendar month; ONI is the 3-month season centred on the month
1872,3,,,,,,-0.075,monthly index value for the calendar month; ONI is the 3-month season centred on the month
1872,4,,,,,,-0.083,monthly index value for the calendar month; ONI is the 3-month season centred on the month
1872,5,,,,,,-0.148,monthly index value for the calendar month; ONI is the 3-month season centred on the month
1872,6,,,,,,-0.083,monthly index value for the calendar month; ONI is the 3-month season centred on the month
1872,7,,,,,,-0.285,monthly index value for the calendar month; ONI is the 3-month season centred on the month
1872,8,,,,,,-0.325,monthly index value for the calendar month; ONI is the 3-month season centred on the month
1872,9,,,,,,-0.333,monthly index value for the calendar month; ONI is the 3-month season centred on the month
1872,10,,,,,,-0.27,monthly index value for the calendar month; ONI is the 3-month season centred on the month
1872,11,,,,,,-0.106,monthly index value for the calendar month; ONI is the 3-month season centred on the month
1872,12,,,,,,-0.11,monthly index value for the calendar month; ONI is the 3-month season centred on the month
1873,1,,,,,,0.063,monthly index value for the calendar month; ONI is the 3-month season centred on the month
1873,2,,,,,,-0.319,monthly index value for the calendar month; ONI is the 3-month season centred on the month
1873,3,,,,,,-0.404,monthly index value for the calendar month; ONI is the 3-month season centred on the month
1873,4,,,,,,-0.272,monthly index value for the calendar month; ONI is the 3-month season centred on the month
1873,5,,,,,,-0.411,monthly index value for the calendar month; ONI is the 3-month season centred on the month
1873,6,,,,,,-0.587,monthly index value for the calendar month; ONI is the 3-month season centred on the month
1873,7,,,,,,-0.69,monthly index value for the calendar month; ONI is the 3-month season centred on the month
1873,8,,,,,,-0.8,monthly index value for the calendar month; ONI is the 3-month season centred on the month
1873,9,,,,,,-0.694,monthly index value for the calendar month; ONI is the 3-month season centred on the month
1873,10,,,,,,-0.479,monthly index value for the calendar month; ONI is the 3-month season centred on the month
1873,11,,,,,,-0.353,monthly index value for the calendar month; ONI is the 3-month season centred on the month
1873,12,,,,,,-0.303,monthly index value for the calendar month; ONI is the 3-month season centred on the month
1874,1,,,,,,-0.381,monthly index value for the calendar month; ONI is the 3-month season centred on the month
1874,2,,,,,,-0.388,monthly index value for the calendar month; ONI is the 3-month season centred on the month
1874,3,,,,,,-0.586,monthly index value for the calendar month; ONI is the 3-month season centred on the month
1874,4,,,,,,-0.753,monthly index value for the calendar month; ONI is the 3-month season centred on the month
1874,5,,,,,,-0.441,monthly index value for the calendar month; ONI is the 3-month season centred on the month
1874,6,,,,,,-0.465,monthly index value for the calendar month; ONI is the 3-month season centred on the month
1874,7,,,,,,-0.338,monthly index value for the calendar month; ONI is the 3-month season centred on the month
1874,8,,,,,,-0.344,monthly index value for the calendar month; ONI is the 3-month season centred on the month
1874,9,,,,,,-0.814,monthly index value for the calendar month; ONI is the 3-month season centred on the month
1874,10,,,,,,-1.158,monthly index value for the calendar month; ONI is the 3-month season centred on the month
1874,11,,,,,,-0.603,monthly index value for the calendar month; ONI is the 3-month season centred on the month
1874,12,,,,,,-0.79,monthly index value for the calendar month; ONI is the 3-month season centred on the month
1875,1,,,,,,-0.449,monthly index value for the calendar month; ONI is the 3-month season centred on the month
1875,2,,,,,,-0.187,monthly index value for the calendar month; ONI is the 3-month season centred on the month
1875,3,,,,,,-0.098,monthly index value for the calendar month; ONI is the 3-month season centred on the month
1875,4,,,,,,0.029,monthly index value for the calendar month; ONI is the 3-month season centred on the month
1875,5,,,,,,-0.135,monthly index value for the calendar month; ONI is the 3-month season centred on the month
1875,6,,,,,,-0.093,monthly index value for the calendar month; ONI is the 3-month season centred on the month
1875,7,,,,,,-0.511,monthly index value for the calendar month; ONI is the 3-month season centred on the month
1875,8,,,,,,-0.248,monthly index value for the calendar month; ONI is the 3-month season centred on the month
1875,9,,,,,,-0.396,monthly index value for the calendar month; ONI is the 3-month season centred on the month
1875,10,,,,,,-0.658,monthly index value for the calendar month; ONI is the 3-month season centred on the month
1875,11,,,,,,-0.89,monthly index value for the calendar month; ONI is the 3-month season centred on the month
1875,12,,,,,,-0.46,monthly index value for the calendar month; ONI is the 3-month season centred on the month
1876,1,,,,,,-0.361,monthly index value for the calendar month; ONI is the 3-month season centred on the month
1876,2,,,,,,-0.504,monthly index value for the calendar month; ONI is the 3-month season centred on the month
1876,3,,,,,,-0.402,monthly index value for the calendar month; ONI is the 3-month season centred on the month
1876,4,,,,,,-0.476,monthly index value for the calendar month; ONI is the 3-month season centred on the month
1876,5,,,,,,-0.472,monthly index value for the calendar month; ONI is the 3-month season centred on the month
1876,6,,,,,,-0.423,monthly index value for the calendar month; ONI is the 3-month season centred on the month
1876,7,,,,,,-0.391,monthly index value for the calendar month; ONI is the 3-month season centred on the month
1876,8,,,,,,-0.267,monthly index value for the calendar month; ONI is the 3-month season centred on the month
1876,9,,,,,,-0.079,monthly index value for the calendar month; ONI is the 3-month season centred on the month
1876,10,,,,,,-0.213,monthly index value for the calendar month; ONI is the 3-month season centred on the month
1876,11,,,,,,-0.358,monthly index value for the calendar month; ONI is the 3-month season centred on the month
1876,12,,,,,,-0.297,monthly index value for the calendar month; ONI is the 3-month season centred on the month
1877,1,,,,,,-0.311,monthly index value for the calendar month; ONI is the 3-month season centred on the month
1877,2,,,,,,0.367,monthly index value for the calendar month; ONI is the 3-month season centred on the month
1877,3,,,,,,0.13,monthly index value for the calendar month; ONI is the 3-month season centred on the month
1877,4,,,,,,-0.28,monthly index value for the calendar month; ONI is the 3-month season centred on the month
1877,5,,,,,,-0.684,monthly index value for the calendar month; ONI is the 3-month season centred on the month
1877,6,,,,,,-0.49,monthly index value for the calendar month; ONI is the 3-month season centred on the month
1877,7,,,,,,-0.587,monthly index value for the calendar month; ONI is the 3-month season centred on the month
1877,8,,,,,,0.214,monthly index value for the calendar month; ONI is the 3-month season centred on the month
1877,9,,,,,,0.52,monthly index value for the calendar month; ONI is the 3-month season centred on the month
1877,10,,,,,,0.417,monthly index value for the calendar month; ONI is the 3-month season centred on the month
1877,11,,,,,,0.558,monthly index value for the calendar month; ONI is the 3-month season centred on the month
1877,12,,,,,,0.154,monthly index value for the calendar month; ONI is the 3-month season centred on the month
1878,1,,,,,,-0.261,monthly index value for the calendar month; ONI is the 3-month season centred on the month
1878,2,,,,,,-0.398,monthly index value for the calendar month; ONI is the 3-month season centred on the month
1878,3,,,,,,-0.015,monthly index value for the calendar month; ONI is the 3-month season centred on the month
1878,4,,,,,,-0.085,monthly index value for the calendar month; ONI is the 3-month season centred on the month
1878,5,,,,,,-0.354,monthly index value for the calendar month; ONI is the 3-month season centred on the month
1878,6,,,,,,-0.311,monthly index value for the calendar month; ONI is the 3-month season centred on the month
1878,7,,,,,,-0.383,monthly index value for the calendar month; ONI is the 3-month season centred on the month
1878,8,,,,,,-0.272,monthly index value for the calendar month; ONI is the 3-month season centred on the month
1878,9,,,,,,-0.208,monthly index value for the calendar month; ONI is the 3-month season centred on the month
1878,10,,,,,,-0.674,monthly index value for the calendar month; ONI is the 3-month season centred on the month
1878,11,,,,,,-0.461,monthly index value for the calendar month; ONI is the 3-month season centred on the month
1878,12,,,,,,-0.471,monthly index value for the calendar month; ONI is the 3-month season centred on the month
1879,1,,,,,,-0.428,monthly index value for the calendar month; ONI is the 3-month season centred on the month
1879,2,,,,,,-0.417,monthly index value for the calendar month; ONI is the 3-month season centred on the month
1879,3,,,,,,-0.453,monthly index value for the calendar month; ONI is the 3-month season centred on the month
1879,4,,,,,,-0.542,monthly index value for the calendar month; ONI is the 3-month season centred on the month
1879,5,,,,,,-0.513,monthly index value for the calendar month; ONI is the 3-month season centred on the month
1879,6,,,,,,-0.274,monthly index value for the calendar month; ONI is the 3-month season centred on the month
1879,7,,,,,,-0.374,monthly index value for the calendar month; ONI is the 3-month season centred on the month
1879,8,,,,,,-0.64,monthly index value for the calendar month; ONI is the 3-month season centred on the month
1879,9,,,,,,-0.59,monthly index value for the calendar month; ONI is the 3-month season centred on the month
1879,10,,,,,,-0.789,monthly index value for the calendar month; ONI is the 3-month season centred on the month
1879,11,,,,,,-0.761,monthly index value for the calendar month; ONI is the 3-month season centred on the month
1879,12,,,,,,-0.605,monthly index value for the calendar month; ONI is the 3-month season centred on the month
1880,1,,,,,,-0.463,monthly index value for the calendar month; ONI is the 3-month season centred on the month
1880,2,,,,,,-0.262,monthly index value for the calendar month; ONI is the 3-month season centred on the month
1880,3,,,,,,-0.327,monthly index value for the calendar month; ONI is the 3-month season centred on the month
1880,4,,,,,,0.002,monthly index value for the calendar month; ONI is the 3-month season centred on the month
1880,5,,,,,,-0.14,monthly index value for the calendar month; ONI is the 3-month season centred on the month
1880,6,,,,,,-0.3,monthly index value for the calendar month; ONI is the 3-month season centred on the month
1880,7,,,,,,-0.528,monthly index value for the calendar month; ONI is the 3-month season centred on the month
1880,8,,,,,,-0.586,monthly index value for the calendar month; ONI is the 3-month season centred on the month
1880,9,,,,,,-0.574,monthly index value for the calendar month; ONI is the 3-month season centred on the month
1880,10,,,,,,-0.755,monthly index value for the calendar month; ONI is the 3-month season centred on the month
1880,11,,,,,,-0.553,monthly index value for the calendar month; ONI is the 3-month season centred on the month
1880,12,,,,,,-0.348,monthly index value for the calendar month; ONI is the 3-month season centred on the month
1881,1,,,,,,-0.174,monthly index value for the calendar month; ONI is the 3-month season centred on the month
1881,2,,,,,,-0.507,monthly index value for the calendar month; ONI is the 3-month season centred on the month
1881,3,,,,,,-0.349,monthly index value for the calendar month; ONI is the 3-month season centred on the month
1881,4,,,,,,-0.45,monthly index value for the calendar month; ONI is the 3-month season centred on the month
1881,5,,,,,,-0.14,monthly index value for the calendar month; ONI is the 3-month season centred on the month
1881,6,,,,,,0.179,monthly index value for the calendar month; ONI is the 3-month season centred on the month
1881,7,,,,,,-0.116,monthly index value for the calendar month; ONI is the 3-month season centred on the month
1881,8,,,,,,-0.078,monthly index value for the calendar month; ONI is the 3-month season centred on the month
1881,9,,,,,,-0.298,monthly index value for the calendar month; ONI is the 3-month season centred on the month
1881,10,,,,,,-0.462,monthly index value for the calendar month; ONI is the 3-month season centred on the month
1881,11,,,,,,-0.376,monthly index value for the calendar month; ONI is the 3-month season centred on the month
1881,12,,,,,,-0.496,monthly index value for the calendar month; ONI is the 3-month season centred on the month
1882,1,,,,,,-0.558,monthly index value for the calendar month; ONI is the 3-month season centred on the month
1882,2,,,,,,-0.68,monthly index value for the calendar month; ONI is the 3-month season centred on the month
1882,3,,,,,,-0.149,monthly index value for the calendar month; ONI is the 3-month season centred on the month
1882,4,,,,,,-0.134,monthly index value for the calendar month; ONI is the 3-month season centred on the month
1882,5,,,,,,-0.068,monthly index value for the calendar month; ONI is the 3-month season centred on the month
1882,6,,,,,,-0.071,monthly index value for the calendar month; ONI is the 3-month season centred on the month
1882,7,,,,,,-0.233,monthly index value for the calendar month; ONI is the 3-month season centred on the month
1882,8,,,,,,-0.496,monthly index value for the calendar month; ONI is the 3-month season centred on the month
1882,9,,,,,,-0.652,monthly index value for the calendar month; ONI is the 3-month season centred on the month
1882,10,,,,,,-0.51,monthly index value for the calendar month; ONI is the 3-month season centred on the month
1882,11,,,,,,-0.377,monthly index value for the calendar month; ONI is the 3-month season centred on the month
1882,12,,,,,,-0.431,monthly index value for the calendar month; ONI is the 3-month season centred on the month
1883,1,,,,,,-0.706,monthly index value for the calendar month; ONI is the 3-month season centred on the month
1883,2,,,,,,-0.207,monthly index value for the calendar month; ONI is the 3-month season centred on the month
1883,3,,,,,,-0.303,monthly index value for the calendar month; ONI is the 3-month season centred on the month
1883,4,,,,,,-0.127,monthly index value for the calendar month; ONI is the 3-month season centred on the month
1883,5,,,,,,-0.19,monthly index value for the calendar month; ONI is the 3-month season centred on the month
1883,6,,,,,,-0.084,monthly index value for the calendar month; ONI is the 3-month season centred on the month
1883,7,,,,,,-0.288,monthly index value for the calendar month; ONI is the 3-month season centred on the month
1883,8,,,,,,-0.125,monthly index value for the calendar month; ONI is the 3-month season centred on the month
1883,9,,,,,,-0.502,monthly index value for the calendar month; ONI is the 3-month season centred on the month
1883,10,,,,,,-0.348,monthly index value for the calendar month; ONI is the 3-month season centred on the month
1883,11,,,,,,-0.359,monthly index value for the calendar month; ONI is the 3-month season centred on the month
1883,12,,,,,,-0.325,monthly index value for the calendar month; ONI is the 3-month season centred on the month
1884,1,,,,,,-0.408,monthly index value for the calendar month; ONI is the 3-month season centred on the month
1884,2,,,,,,-0.183,monthly index value for the calendar month; ONI is the 3-month season centred on the month
1884,3,,,,,,-0.312,monthly index value for the calendar month; ONI is the 3-month season centred on the month
1884,4,,,,,,0.075,monthly index value for the calendar month; ONI is the 3-month season centred on the month
1884,5,,,,,,0.249,monthly index value for the calendar month; ONI is the 3-month season centred on the month
1884,6,,,,,,-0.203,monthly index value for the calendar month; ONI is the 3-month season centred on the month
1884,7,,,,,,-0.003,monthly index value for the calendar month; ONI is the 3-month season centred on the month
1884,8,,,,,,-0.306,monthly index value for the calendar month; ONI is the 3-month season centred on the month
1884,9,,,,,,-0.471,monthly index value for the calendar month; ONI is the 3-month season centred on the month
1884,10,,,,,,-0.368,monthly index value for the calendar month; ONI is the 3-month season centred on the month
1884,11,,,,,,-0.474,monthly index value for the calendar month; ONI is the 3-month season centred on the month
1884,12,,,,,,-0.417,monthly index value for the calendar month; ONI is the 3-month season centred on the month
1885,1,,,,,,-0.463,monthly index value for the calendar month; ONI is the 3-month season centred on the month
1885,2,,,,,,-0.09,monthly index value for the calendar month; ONI is the 3-month season centred on the month
1885,3,,,,,,-0.169,monthly index value for the calendar month; ONI is the 3-month season centred on the month
1885,4,,,,,,-0.198,monthly index value for the calendar month; ONI is the 3-month season centred on the month
1885,5,,,,,,-0.199,monthly index value for the calendar month; ONI is the 3-month season centred on the month
1885,6,,,,,,-0.13,monthly index value for the calendar month; ONI is the 3-month season centred on the month
1885,7,,,,,,-0.218,monthly index value for the calendar month; ONI is the 3-month season centred on the month
1885,8,,,,,,-0.229,monthly index value for the calendar month; ONI is the 3-month season centred on the month
1885,9,,,,,,-0.351,monthly index value for the calendar month; ONI is the 3-month season centred on the month
1885,10,,,,,,-0.219,monthly index value for the calendar month; ONI is the 3-month season centred on the month
1885,11,,,,,,-0.475,monthly index value for the calendar month; ONI is the 3-month season centred on the month
1885,12,,,,,,-0.385,monthly index value for the calendar month; ONI is the 3-month season centred on the month
1886,1,,,,,,-0.613,monthly index value for the calendar month; ONI is the 3-month season centred on the month
1886,2,,,,,,-0.766,monthly index value for the calendar month; ONI is the 3-month season centred on the month
1886,3,,,,,,-0.455,monthly index value for the calendar month; ONI is the 3-month season centred on the month
1886,4,,,,,,-0.282,monthly index value for the calendar month; ONI is the 3-month season centred on the month
1886,5,,,,,,-0.445,monthly index value for the calendar month; ONI is the 3-month season centred on the month
1886,6,,,,,,-0.347,monthly index value for the calendar month; ONI is the 3-month season centred on the month
1886,7,,,,,,-0.725,monthly index value for the calendar month; ONI is the 3-month season centred on the month
1886,8,,,,,,-0.918,monthly index value for the calendar month; ONI is the 3-month season centred on the month
1886,9,,,,,,-0.989,monthly index value for the calendar month; ONI is the 3-month season centred on the month
1886,10,,,,,,-0.897,monthly index value for the calendar month; ONI is the 3-month season centred on the month
1886,11,,,,,,-0.684,monthly index value for the calendar month; ONI is the 3-month season centred on the month
1886,12,,,,,,-0.56,monthly index value for the calendar month; ONI is the 3-month season centred on the month
1887,1,,,,,,-0.459,monthly index value for the calendar month; ONI is the 3-month season centred on the month
1887,2,,,,,,-0.389,monthly index value for the calendar month; ONI is the 3-month season centred on the month
1887,3,,,,,,-0.282,monthly index value for the calendar month; ONI is the 3-month season centred on the month
1887,4,,,,,,-0.258,monthly index value for the calendar month; ONI is the 3-month season centred on the month
1887,5,,,,,,-0.291,monthly index value for the calendar month; ONI is the 3-month season centred on the month
1887,6,,,,,,-0.172,monthly index value for the calendar month; ONI is the 3-month season centred on the month
1887,7,,,,,,-0.233,monthly index value for the calendar month; ONI is the 3-month season centred on the month
1887,8,,,,,,-0.01,monthly index value for the calendar month; ONI is the 3-month season centred on the month
1887,9,,,,,,-0.286,monthly index value for the calendar month; ONI is the 3-month season centred on the month
1887,10,,,,,,-0.517,monthly index value for the calendar month; ONI is the 3-month season centred on the month
1887,11,,,,,,-0.289,monthly index value for the calendar month; ONI is the 3-month season centred on the month
1887,12,,,,,,-0.295,monthly index value for the calendar month; ONI is the 3-month season centred on the month
1888,1,,,,,,-0.34,monthly index value for the calendar month; ONI is the 3-month season centred on the month
1888,2,,,,,,-0.603,monthly index value for the calendar month; ONI is the 3-month season centred on the month
1888,3,,,,,,-0.733,monthly index value for the calendar month; ONI is the 3-month season centred on the month
1888,4,,,,,,-0.862,monthly index value for the calendar month; ONI is the 3-month season centred on the month
1888,5,,,,,,-0.504,monthly index value for the calendar month; ONI is the 3-month season centred on the month
1888,6,,,,,,-0.424,monthly index value for the calendar month; ONI is the 3-month season centred on the month
1888,7,,,,,,-0.449,monthly index value for the calendar month; ONI is the 3-month season centred on the month
1888,8,,,,,,-0.37,monthly index value for the calendar month; ONI is the 3-month season centred on the month
1888,9,,,,,,-0.526,monthly index value for the calendar month; ONI is the 3-month season centred on the month
1888,10,,,,,,-0.436,monthly index value for the calendar month; ONI is the 3-month season centred on the month
1888,11,,,,,,-0.553,monthly index value for the calendar month; ONI is the 3-month season centred on the month
1888,12,,,,,,-0.452,monthly index value for the calendar month; ONI is the 3-month season centred on the month
1889,1,,,,,,-0.663,monthly index value for the calendar month; ONI is the 3-month season centred on the month
1889,2,,,,,,-0.246,monthly index value for the calendar month; ONI is the 3-month season centred on the month
1889,3,,,,,,-0.653,monthly index value for the calendar month; ONI is the 3-month season centred on the month
1889,4,,,,,,-0.818,monthly index value for the calendar month; ONI is the 3-month season centred on the month
1889,5,,,,,,-0.664,monthly index value for the calendar month; ONI is the 3-month season centred on the month
1889,6,,,,,,-0.562,monthly index value for the calendar month; ONI is the 3-month season centred on the month
1889,7,,,,,,-0.515,monthly index value for the calendar month; ONI is the 3-month season centred on the month
1889,8,,,,,,-0.664,monthly index value for the calendar month; ONI is the 3-month season centred on the month
1889,9,,,,,,-0.911,monthly index value for the calendar month; ONI is the 3-month season centred on the month
1889,10,,,,,,-1.139,monthly index value for the calendar month; ONI is the 3-month season centred on the month
1889,11,,,,,,-0.871,monthly index value for the calendar month; ONI is the 3-month season centred on the month
1889,12,,,,,,-0.41,monthly index value for the calendar month; ONI is the 3-month season centred on the month
1890,1,,,,,,-0.105,monthly index value for the calendar month; ONI is the 3-month season centred on the month
1890,2,,,,,,-0.066,monthly index value for the calendar month; ONI is the 3-month season centred on the month
1890,3,,,,,,-0.199,monthly index value for the calendar month; ONI is the 3-month season centred on the month
1890,4,,,,,,-0.202,monthly index value for the calendar month; ONI is the 3-month season centred on the month
1890,5,,,,,,-0.336,monthly index value for the calendar month; ONI is the 3-month season centred on the month
1890,6,,,,,,-0.769,monthly index value for the calendar month; ONI is the 3-month season centred on the month
1890,7,,,,,,-0.917,monthly index value for the calendar month; ONI is the 3-month season centred on the month
1890,8,,,,,,-0.706,monthly index value for the calendar month; ONI is the 3-month season centred on the month
1890,9,,,,,,-1.091,monthly index value for the calendar month; ONI is the 3-month season centred on the month
1890,10,,,,,,-1.167,monthly index value for the calendar month; ONI is the 3-month season centred on the month
1890,11,,,,,,-0.906,monthly index value for the calendar month; ONI is the 3-month season centred on the month
1890,12,,,,,,-0.583,monthly index value for the calendar month; ONI is the 3-month season centred on the month
1891,1,,,,,,-0.319,monthly index value for the calendar month; ONI is the 3-month season centred on the month
1891,2,,,,,,-0.573,monthly index value for the calendar month; ONI is the 3-month season centred on the month
1891,3,,,,,,-0.612,monthly index value for the calendar month; ONI is the 3-month season centred on the month
1891,4,,,,,,-0.286,monthly index value for the calendar month; ONI is the 3-month season centred on the month
1891,5,,,,,,-0.325,monthly index value for the calendar month; ONI is the 3-month season centred on the month
1891,6,,,,,,-0.099,monthly index value for the calendar month; ONI is the 3-month season centred on the month
1891,7,,,,,,-0.302,monthly index value for the calendar month; ONI is the 3-month season centred on the month
1891,8,,,,,,-0.006,monthly index value for the calendar month; ONI is the 3-month season centred on the month
1891,9,,,,,,-0.067,monthly index value for the calendar month; ONI is the 3-month season centred on the month
1891,10,,,,,,-0.117,monthly index value for the calendar month; ONI is the 3-month season centred on the month
1891,11,,,,,,-0.13,monthly index value for the calendar month; ONI is the 3-month season centred on the month
1891,12,,,,,,0.068,monthly index value for the calendar month; ONI is the 3-month season centred on the month
1892,1,,,,,,-0.233,monthly index value for the calendar month; ONI is the 3-month season centred on the month
1892,2,,,,,,-0.323,monthly index value for the calendar month; ONI is the 3-month season centred on the month
1892,3,,,,,,-0.208,monthly index value for the calendar month; ONI is the 3-month season centred on the month
1892,4,,,,,,-0.318,monthly index value for the calendar month; ONI is the 3-month season centred on the month
1892,5,,,,,,-0.286,monthly index value for the calendar month; ONI is the 3-month season centred on the month
1892,6,,,,,,-0.487,monthly index value for the calendar month; ONI is the 3-month season centred on the month
1892,7,,,,,,-0.659,monthly index value for the calendar month; ONI is the 3-month season centred on the month
1892,8,,,,,,-1.041,monthly index value for the calendar month; ONI is the 3-month season centred on the month
1892,9,,,,,,-1.181,monthly index value for the calendar month; ONI is the 3-month season centred on the month
1892,10,,,,,,-0.815,monthly index value for the calendar month; ONI is the 3-month season centred on the month
1892,11,,,,,,-0.454,monthly index value for the calendar month; ONI is the 3-month season centred on the month
1892,12,,,,,,-0.496,monthly index value for the calendar month; ONI is the 3-month season centred on the month
1893,1,,,,,,-0.446,monthly index value for the calendar month; ONI is the 3-month season centred on the month
1893,2,,,,,,-0.469,monthly index value for the calendar month; ONI is the 3-month season centred on the month
1893,3,,,,,,-0.413,monthly index value for the calendar month; ONI is the 3-month season centred on the month
1893,4,,,,,,-0.583,monthly index value for the calendar month; ONI is the 3-month season centred on the month
1893,5,,,,,,-0.523,monthly index value for the calendar month; ONI is the 3-month season centred on the month
1893,6,,,,,,-0.526,monthly index value for the calendar month; ONI is the 3-month season centred on the month
1893,7,,,,,,-0.549,monthly index value for the calendar month; ONI is the 3-month season centred on the month
1893,8,,,,,,-0.757,monthly index value for the calendar month; ONI is the 3-month season centred on the month
1893,9,,,,,,-0.692,monthly index value for the calendar month; ONI is the 3-month season centred on the month
1893,10,,,,,,-0.796,monthly index value for the calendar month; ONI is the 3-month season centred on the month
1893,11,,,,,,-0.518,monthly index value for the calendar month; ONI is the 3-month season centred on the month
1893,12,,,,,,-0.364,monthly index value for the calendar month; ONI is the 3-month season centred on the month
1894,1,,,,,,-0.077,monthly index value for the calendar month; ONI is the 3-month season centred on the month
1894,2,,,,,,-0.261,monthly index value for the calendar month; ONI is the 3-month season centred on the month
1894,3,,,,,,-0.264,monthly index value for the calendar month; ONI is the 3-month season centred on the month
1894,4,,,,,,-0.316,monthly index value for the calendar month; ONI is the 3-month season centred on the month
1894,5,,,,,,-0.213,monthly index value for the calendar month; ONI is the 3-month season centred on the month
1894,6,,,,,,-0.095,monthly index value for the calendar month; ONI is the 3-month season centred on the month
1894,7,,,,,,-0.18,monthly index value for the calendar month; ONI is the 3-month season centred on the month
1894,8,,,,,,0.125,monthly index value for the calendar month; ONI is the 3-month season centred on the month
1894,9,,,,,,-0.329,monthly index value for the calendar month; ONI is the 3-month season centred on the month
1894,10,,,,,,-0.326,monthly index value for the calendar month; ONI is the 3-month season centred on the month
1894,11,,,,,,-0.275,monthly index value for the calendar month; ONI is the 3-month season centred on the month
1894,12,,,,,,-0.251,monthly index value for the calendar month; ONI is the 3-month season centred on the month
1895,1,,,,,,-0.184,monthly index value for the calendar month; ONI is the 3-month season centred on the month
1895,2,,,,,,-0.056,monthly index value for the calendar month; ONI is the 3-month season centred on the month
1895,3,,,,,,-0.108,monthly index value for the calendar month; ONI is the 3-month season centred on the month
1895,4,,,,,,-0.177,monthly index value for the calendar month; ONI is the 3-month season centred on the month
1895,5,,,,,,-0.157,monthly index value for the calendar month; ONI is the 3-month season centred on the month
1895,6,,,,,,-0.105,monthly index value for the calendar month; ONI is the 3-month season centred on the month
1895,7,,,,,,-0.41,monthly index value for the calendar month; ONI is the 3-month season centred on the month
1895,8,,,,,,-0.071,monthly index value for the calendar month; ONI is the 3-month season centred on the month
1895,9,,,,,,-0.306,monthly index value for the calendar month; ONI is the 3-month season centred on the month
1895,10,,,,,,-0.155,monthly index value for the calendar month; ONI is the 3-month season centred on the month
1895,11,,,,,,-0.482,monthly index value for the calendar month; ONI is the 3-month season centred on the month
1895,12,,,,,,-0.372,monthly index value for the calendar month; ONI is the 3-month season centred on the month
1896,1,,,,,,-0.386,monthly index value for the calendar month; ONI is the 3-month season centred on the month
1896,2,,,,,,-0.587,monthly index value for the calendar month; ONI is the 3-month season centred on the month
1896,3,,,,,,-0.562,monthly index value for the calendar month; ONI is the 3-month season centred on the month
1896,4,,,,,,-0.292,monthly index value for the calendar month; ONI is the 3-month season centred on the month
1896,5,,,,,,-0.216,monthly index value for the calendar month; ONI is the 3-month season centred on the month
1896,6,,,,,,-0.156,monthly index value for the calendar month; ONI is the 3-month season centred on the month
1896,7,,,,,,-0.1,monthly index value for the calendar month; ONI is the 3-month season centred on the month
1896,8,,,,,,-0.132,monthly index value for the calendar month; ONI is the 3-month season centred on the month
1896,9,,,,,,-0.011,monthly index value for the calendar month; ONI is the 3-month season centred on the month
1896,10,,,,,,0.302,monthly index value for the calendar month; ONI is the 3-month season centred on the month
1896,11,,,,,,0.04,monthly index value for the calendar month; ONI is the 3-month season centred on the month
1896,12,,,,,,0.097,monthly index value for the calendar month; ONI is the 3-month season centred on the month
1897,1,,,,,,-0.183,monthly index value for the calendar month; ONI is the 3-month season centred on the month
1897,2,,,,,,-0.314,monthly index value for the calendar month; ONI is the 3-month season centred on the month
1897,3,,,,,,-0.284,monthly index value for the calendar month; ONI is the 3-month season centred on the month
1897,4,,,,,,-0.178,monthly index value for the calendar month; ONI is the 3-month season centred on the month
1897,5,,,,,,-0.184,monthly index value for the calendar month; ONI is the 3-month season centred on the month
1897,6,,,,,,-0.252,monthly index value for the calendar month; ONI is the 3-month season centred on the month
1897,7,,,,,,-0.245,monthly index value for the calendar month; ONI is the 3-month season centred on the month
1897,8,,,,,,-0.22,monthly index value for the calendar month; ONI is the 3-month season centred on the month
1897,9,,,,,,-0.56,monthly index value for the calendar month; ONI is the 3-month season centred on the month
1897,10,,,,,,-1.125,monthly index value for the calendar month; ONI is the 3-month season centred on the month
1897,11,,,,,,-0.904,monthly index value for the calendar month; ONI is the 3-month season centred on the month
1897,12,,,,,,-0.744,monthly index value for the calendar month; ONI is the 3-month season centred on the month
1898,1,,,,,,-0.549,monthly index value for the calendar month; ONI is the 3-month season centred on the month
1898,2,,,,,,-0.445,monthly index value for the calendar month; ONI is the 3-month season centred on the month
1898,3,,,,,,-0.331,monthly index value for the calendar month; ONI is the 3-month season centred on the month
1898,4,,,,,,-0.379,monthly index value for the calendar month; ONI is the 3-month season centred on the month
1898,5,,,,,,-0.494,monthly index value for the calendar month; ONI is the 3-month season centred on the month
1898,6,,,,,,-0.432,monthly index value for the calendar month; ONI is the 3-month season centred on the month
1898,7,,,,,,-0.823,monthly index value for the calendar month; ONI is the 3-month season centred on the month
1898,8,,,,,,-0.819,monthly index value for the calendar month; ONI is the 3-month season centred on the month
1898,9,,,,,,-0.889,monthly index value for the calendar month; ONI is the 3-month season centred on the month
1898,10,,,,,,-0.917,monthly index value for the calendar month; ONI is the 3-month season centred on the month
1898,11,,,,,,-0.661,monthly index value for the calendar month; ONI is the 3-month season centred on the month
1898,12,,,,,,-0.473,monthly index value for the calendar month; ONI is the 3-month season centred on the month
1899,1,,,,,,-0.419,monthly index value for the calendar month; ONI is the 3-month season centred on the month
1899,2,,,,,,-0.293,monthly index value for the calendar month; ONI is the 3-month season centred on the month
1899,3,,,,,,-0.177,monthly index value for the calendar month; ONI is the 3-month season centred on the month
1899,4,,,,,,-0.13,monthly index value for the calendar month; ONI is the 3-month season centred on the month
1899,5,,,,,,-0.091,monthly index value for the calendar month; ONI is the 3-month season centred on the month
1899,6,,,,,,-0.375,monthly index value for the calendar month; ONI is the 3-month season centred on the month
1899,7,,,,,,-0.573,monthly index value for the calendar month; ONI is the 3-month season centred on the month
1899,8,,,,,,-0.452,monthly index value for the calendar month; ONI is the 3-month season centred on the month
1899,9,,,,,,-0.934,monthly index value for the calendar month; ONI is the 3-month season centred on the month
1899,10,,,,,,-0.428,monthly index value for the calendar month; ONI is the 3-month season centred on the month
1899,11,,,,,,-0.437,monthly index value for the calendar month; ONI is the 3-month season centred on the month
1899,12,,,,,,-0.743,monthly index value for the calendar month; ONI is the 3-month season centred on the month
1900,1,,,,,,-0.469,monthly index value for the calendar month; ONI is the 3-month season centred on the month
1900,2,,,,,,-0.294,monthly index value for the calendar month; ONI is the 3-month season centred on the month
1900,3,,,,,,-0.465,monthly index value for the calendar month; ONI is the 3-month season centred on the month
1900,4,,,,,,-0.319,monthly index value for the calendar month; ONI is the 3-month season centred on the month
1900,5,,,,,,-0.16,monthly index value for the calendar month; ONI is the 3-month season centred on the month
1900,6,,,,,,-0.042,monthly index value for the calendar month; ONI is the 3-month season centred on the month
1900,7,,,,,,-0.318,monthly index value for the calendar month; ONI is the 3-month season centred on the month
1900,8,,,,,,-0.49,monthly index value for the calendar month; ONI is the 3-month season centred on the month
1900,9,,,,,,-0.538,monthly index value for the calendar month; ONI is the 3-month season centred on the month
1900,10,,,,,,-0.429,monthly index value for the calendar month; ONI is the 3-month season centred on the month
1900,11,,,,,,-0.196,monthly index value for the calendar month; ONI is the 3-month season centred on the month
1900,12,,,,,,-0.633,monthly index value for the calendar month; ONI is the 3-month season centred on the month
1901,1,,,,,,-0.541,monthly index value for the calendar month; ONI is the 3-month season centred on the month
1901,2,,,,,,-0.868,monthly index value for the calendar month; ONI is the 3-month season centred on the month
1901,3,,,,,,-0.72,monthly index value for the calendar month; ONI is the 3-month season centred on the month
1901,4,,,,,,-0.513,monthly index value for the calendar month; ONI is the 3-month season centred on the month
1901,5,,,,,,-0.553,monthly index value for the calendar month; ONI is the 3-month season centred on the month
1901,6,,,,,,-0.618,monthly index value for the calendar month; ONI is the 3-month season centred on the month
1901,7,,,,,,-0.712,monthly index value for the calendar month; ONI is the 3-month season centred on the month
1901,8,,,,,,-0.825,monthly index value for the calendar month; ONI is the 3-month season centred on the month
1901,9,,,,,,-1.029,monthly index value for the calendar month; ONI is the 3-month season centred on the month
1901,10,,,,,,-0.774,monthly index value for the calendar month; ONI is the 3-month season centred on the month
1901,11,,,,,,-0.741,monthly index value for the calendar month; ONI is the 3-month season centred on the month
1901,12,,,,,,-0.681,monthly index value for the calendar month; ONI is the 3-month season centred on the month
1902,1,,,,,,-0.473,monthly index value for the calendar month; ONI is the 3-month season centred on the month
1902,2,,,,,,-0.453,monthly index value for the calendar month; ONI is the 3-month season centred on the month
1902,3,,,,,,-0.251,monthly index value for the calendar month; ONI is the 3-month season centred on the month
1902,4,,,,,,0.051,monthly index value for the calendar month; ONI is the 3-month season centred on the month
1902,5,,,,,,-0.042,monthly index value for the calendar month; ONI is the 3-month season centred on the month
1902,6,,,,,,-0.09,monthly index value for the calendar month; ONI is the 3-month season centred on the month
1902,7,,,,,,-0.07,monthly index value for the calendar month; ONI is the 3-month season centred on the month
1902,8,,,,,,0.333,monthly index value for the calendar month; ONI is the 3-month season centred on the month
1902,9,,,,,,0.209,monthly index value for the calendar month; ONI is the 3-month season centred on the month
1902,10,,,,,,-0.238,monthly index value for the calendar month; ONI is the 3-month season centred on the month
1902,11,,,,,,-0.047,monthly index value for the calendar month; ONI is the 3-month season centred on the month
1902,12,,,,,,-0.266,monthly index value for the calendar month; ONI is the 3-month season centred on the month
1903,1,,,,,,-0.479,monthly index value for the calendar month; ONI is the 3-month season centred on the month
1903,2,,,,,,-0.571,monthly index value for the calendar month; ONI is the 3-month season centred on the month
1903,3,,,,,,-0.365,monthly index value for the calendar month; ONI is the 3-month season centred on the month
1903,4,,,,,,-0.628,monthly index value for the calendar month; ONI is the 3-month season centred on the month
1903,5,,,,,,-0.267,monthly index value for the calendar month; ONI is the 3-month season centred on the month
1903,6,,,,,,-0.335,monthly index value for the calendar month; ONI is the 3-month season centred on the month
1903,7,,,,,,-0.614,monthly index value for the calendar month; ONI is the 3-month season centred on the month
1903,8,,,,,,-0.452,monthly index value for the calendar month; ONI is the 3-month season centred on the month
1903,9,,,,,,-0.69,monthly index value for the calendar month; ONI is the 3-month season centred on the month
1903,10,,,,,,-1.035,monthly index value for the calendar month; ONI is the 3-month season centred on the month
1903,11,,,,,,-0.628,monthly index value for the calendar month; ONI is the 3-month season centred on the month
1903,12,,,,,,-0.441,monthly index value for the calendar month; ONI is the 3-month season centred on the month
1904,1,,,,,,-0.219,monthly index value for the calendar month; ONI is the 3-month season centred on the month
1904,2,,,,,,-0.233,monthly index value for the calendar month; ONI is the 3-month season centred on the month
1904,3,,,,,,-0.218,monthly index value for the calendar month; ONI is the 3-month season centred on the month
1904,4,,,,,,-0.03,monthly index value for the calendar month; ONI is the 3-month season centred on the month
1904,5,,,,,,-0.258,monthly index value for the calendar month; ONI is the 3-month season centred on the month
1904,6,,,,,,-0.286,monthly index value for the calendar month; ONI is the 3-month season centred on the month
1904,7,,,,,,-0.287,monthly index value for the calendar month; ONI is the 3-month season centred on the month
1904,8,,,,,,-0.413,monthly index value for the calendar month; ONI is the 3-month season centred on the month
1904,9,,,,,,-0.678,monthly index value for the calendar month; ONI is the 3-month season centred on the month
1904,10,,,,,,-0.237,monthly index value for the calendar month; ONI is the 3-month season centred on the month
1904,11,,,,,,-0.352,monthly index value for the calendar month; ONI is the 3-month season centred on the month
1904,12,,,,,,-0.644,monthly index value for the calendar month; ONI is the 3-month season centred on the month
1905,1,,,,,,-0.601,monthly index value for the calendar month; ONI is the 3-month season centred on the month
1905,2,,,,,,-0.372,monthly index value for the calendar month; ONI is the 3-month season centred on the month
1905,3,,,,,,-0.472,monthly index value for the calendar month; ONI is the 3-month season centred on the month
1905,4,,,,,,-0.468,monthly index value for the calendar month; ONI is the 3-month season centred on the month
1905,5,,,,,,-0.205,monthly index value for the calendar month; ONI is the 3-month season centred on the month
1905,6,,,,,,-0.448,monthly index value for the calendar month; ONI is the 3-month season centred on the month
1905,7,,,,,,-0.275,monthly index value for the calendar month; ONI is the 3-month season centred on the month
1905,8,,,,,,-0.22,monthly index value for the calendar month; ONI is the 3-month season centred on the month
1905,9,,,,,,0.024,monthly index value for the calendar month; ONI is the 3-month season centred on the month
1905,10,,,,,,-0.462,monthly index value for the calendar month; ONI is the 3-month season centred on the month
1905,11,,,,,,-0.436,monthly index value for the calendar month; ONI is the 3-month season centred on the month
1905,12,,,,,,-0.56,monthly index value for the calendar month; ONI is the 3-month season centred on the month
1906,1,,,,,,-0.605,monthly index value for the calendar month; ONI is the 3-month season centred on the month
1906,2,,,,,,-0.485,monthly index value for the calendar month; ONI is the 3-month season centred on the month
1906,3,,,,,,-0.51,monthly index value for the calendar month; ONI is the 3-month season centred on the month
1906,4,,,,,,-0.788,monthly index value for the calendar month; ONI is the 3-month season centred on the month
1906,5,,,,,,-0.425,monthly index value for the calendar month; ONI is the 3-month season centred on the month
1906,6,,,,,,-0.39,monthly index value for the calendar month; ONI is the 3-month season centred on the month
1906,7,,,,,,-0.986,monthly index value for the calendar month; ONI is the 3-month season centred on the month
1906,8,,,,,,-1.085,monthly index value for the calendar month; ONI is the 3-month season centred on the month
1906,9,,,,,,-1.634,monthly index value for the calendar month; ONI is the 3-month season centred on the month
1906,10,,,,,,-1.012,monthly index value for the calendar month; ONI is the 3-month season centred on the month
1906,11,,,,,,-0.795,monthly index value for the calendar month; ONI is the 3-month season centred on the month
1906,12,,,,,,-0.349,monthly index value for the calendar month; ONI is the 3-month season centred on the month
1907,1,,,,,,-0.37,monthly index value for the calendar month; ONI is the 3-month season centred on the month
1907,2,,,,,,-0.185,monthly index value for the calendar month; ONI is the 3-month season centred on the month
1907,3,,,,,,-0.052,monthly index value for the calendar month; ONI is the 3-month season centred on the month
1907,4,,,,,,-0.367,monthly index value for the calendar month; ONI is the 3-month season centred on the month
1907,5,,,,,,-0.308,monthly index value for the calendar month; ONI is the 3-month season centred on the month
1907,6,,,,,,-0.346,monthly index value for the calendar month; ONI is the 3-month season centred on the month
1907,7,,,,,,-0.602,monthly index value for the calendar month; ONI is the 3-month season centred on the month
1907,8,,,,,,-0.933,monthly index value for the calendar month; ONI is the 3-month season centred on the month
1907,9,,,,,,-0.526,monthly index value for the calendar month; ONI is the 3-month season centred on the month
1907,10,,,,,,-0.403,monthly index value for the calendar month; ONI is the 3-month season centred on the month
1907,11,,,,,,-0.388,monthly index value for the calendar month; ONI is the 3-month season centred on the month
1907,12,,,,,,-0.221,monthly index value for the calendar month; ONI is the 3-month season centred on the month
1908,1,,,,,,-0.392,monthly index value for the calendar month; ONI is the 3-month season centred on the month
1908,2,,,,,,-0.35,monthly index value for the calendar month; ONI is the 3-month season centred on the month
1908,3,,,,,,-0.251,monthly index value for the calendar month; ONI is the 3-month season centred on the month
1908,4,,,,,,-0.789,monthly index value for the calendar month; ONI is the 3-month season centred on the month
1908,5,,,,,,-0.23,monthly index value for the calendar month; ONI is the 3-month season centred on the month
1908,6,,,,,,0.042,monthly index value for the calendar month; ONI is the 3-month season centred on the month
1908,7,,,,,,-0.598,monthly index value for the calendar month; ONI is the 3-month season centred on the month
1908,8,,,,,,-0.461,monthly index value for the calendar month; ONI is the 3-month season centred on the month
1908,9,,,,,,-0.317,monthly index value for the calendar month; ONI is the 3-month season centred on the month
1908,10,,,,,,-0.468,monthly index value for the calendar month; ONI is the 3-month season centred on the month
1908,11,,,,,,-0.507,monthly index value for the calendar month; ONI is the 3-month season centred on the month
1908,12,,,,,,-0.582,monthly index value for the calendar month; ONI is the 3-month season centred on the month
1909,1,,,,,,-0.733,monthly index value for the calendar month; ONI is the 3-month season centred on the month
1909,2,,,,,,-0.5,monthly index value for the calendar month; ONI is the 3-month season centred on the month
1909,3,,,,,,-0.559,monthly index value for the calendar month; ONI is the 3-month season centred on the month
1909,4,,,,,,-0.444,monthly index value for the calendar month; ONI is the 3-month season centred on the month
1909,5,,,,,,-0.801,monthly index value for the calendar month; ONI is the 3-month season centred on the month
1909,6,,,,,,-0.917,monthly index value for the calendar month; ONI is the 3-month season centred on the month
1909,7,,,,,,-1.032,monthly index value for the calendar month; ONI is the 3-month season centred on the month
1909,8,,,,,,-0.986,monthly index value for the calendar month; ONI is the 3-month season centred on the month
1909,9,,,,,,-0.919,monthly index value for the calendar month; ONI is the 3-month season centred on the month
1909,10,,,,,,-0.73,monthly index value for the calendar month; ONI is the 3-month season centred on the month
1909,11,,,,,,-0.424,monthly index value for the calendar month; ONI is the 3-month season centred on the month
1909,12,,,,,,-0.256,monthly index value for the calendar month; ONI is the 3-month season centred on the month
1910,1,,,,,,-0.551,monthly index value for the calendar month; ONI is the 3-month season centred on the month
1910,2,,,,,,-0.168,monthly index value for the calendar month; ONI is the 3-month season centred on the month
1910,3,,,,,,-0.489,monthly index value for the calendar month; ONI is the 3-month season centred on the month
1910,4,,,,,,-0.394,monthly index value for the calendar month; ONI is the 3-month season centred on the month
1910,5,,,,,,-0.531,monthly index value for the calendar month; ONI is the 3-month season centred on the month
1910,6,,,,,,-0.459,monthly index value for the calendar month; ONI is the 3-month season centred on the month
1910,7,,,,,,-1.036,monthly index value for the calendar month; ONI is the 3-month season centred on the month
1910,8,,,,,,-0.82,monthly index value for the calendar month; ONI is the 3-month season centred on the month
1910,9,,,,,,-1.022,monthly index value for the calendar month; ONI is the 3-month season centred on the month
1910,10,,,,,,-1.053,monthly index value for the calendar month; ONI is the 3-month season centred on the month
1910,11,,,,,,-0.682,monthly index value for the calendar month; ONI is the 3-month season centred on the month
1910,12,,,,,,-0.296,monthly index value for the calendar month; ONI is the 3-month season centred on the month
1911,1,,,,,,-0.195,monthly index value for the calendar month; ONI is the 3-month season centred on the month
1911,2,,,,,,-0.487,monthly index value for the calendar month; ONI is the 3-month season centred on the month
1911,3,,,,,,-0.735,monthly index value for the calendar month; ONI is the 3-month season centred on the month
1911,4,,,,,,-0.744,monthly index value for the calendar month; ONI is the 3-month season centred on the month
1911,5,,,,,,-0.435,monthly index value for the calendar month; ONI is the 3-month season centred on the month
1911,6,,,,,,-0.814,monthly index value for the calendar month; ONI is the 3-month season centred on the month
1911,7,,,,,,-0.774,monthly index value for the calendar month; ONI is the 3-month season centred on the month
1911,8,,,,,,-0.586,monthly index value for the calendar month; ONI is the 3-month season centred on the month
1911,9,,,,,,-0.544,monthly index value for the calendar month; ONI is the 3-month season centred on the month
1911,10,,,,,,-0.669,monthly index value for the calendar month; ONI is the 3-month season centred on the month
1911,11,,,,,,-0.229,monthly index value for the calendar month; ONI is the 3-month season centred on the month
1911,12,,,,,,-0.153,monthly index value for the calendar month; ONI is the 3-month season centred on the month
1912,1,,,,,,-0.252,monthly index value for the calendar month; ONI is the 3-month season centred on the month
1912,2,,,,,,-0.302,monthly index value for the calendar month; ONI is the 3-month season centred on the month
1912,3,,,,,,-0.052,monthly index value for the calendar month; ONI is the 3-month season centred on the month
1912,4,,,,,,-0.257,monthly index value for the calendar month; ONI is the 3-month season centred on the month
1912,5,,,,,,-0.061,monthly index value for the calendar month; ONI is the 3-month season centred on the month
1912,6,,,,,,-0.002,monthly index value for the calendar month; ONI is the 3-month season centred on the month
1912,7,,,,,,-0.672,monthly index value for the calendar month; ONI is the 3-month season centred on the month
1912,8,,,,,,-0.767,monthly index value for the calendar month; ONI is the 3-month season centred on the month
1912,9,,,,,,-0.725,monthly index value for the calendar month; ONI is the 3-month season centred on the month
1912,10,,,,,,-0.609,monthly index value for the calendar month; ONI is the 3-month season centred on the month
1912,11,,,,,,-0.734,monthly index value for the calendar month; ONI is the 3-month season centred on the month
1912,12,,,,,,-0.503,monthly index value for the calendar month; ONI is the 3-month season centred on the month
1913,1,,,,,,-0.236,monthly index value for the calendar month; ONI is the 3-month season centred on the month
1913,2,,,,,,-0.136,monthly index value for the calendar month; ONI is the 3-month season centred on the month
1913,3,,,,,,-0.135,monthly index value for the calendar month; ONI is the 3-month season centred on the month
1913,4,,,,,,-0.266,monthly index value for the calendar month; ONI is the 3-month season centred on the month
1913,5,,,,,,-0.187,monthly index value for the calendar month; ONI is the 3-month season centred on the month
1913,6,,,,,,0.101,monthly index value for the calendar month; ONI is the 3-month season centred on the month
1913,7,,,,,,-0.338,monthly index value for the calendar month; ONI is the 3-month season centred on the month
1913,8,,,,,,-0.482,monthly index value for the calendar month; ONI is the 3-month season centred on the month
1913,9,,,,,,-0.468,monthly index value for the calendar month; ONI is the 3-month season centred on the month
1913,10,,,,,,-0.135,monthly index value for the calendar month; ONI is the 3-month season centred on the month
1913,11,,,,,,-0.24,monthly index value for the calendar month; ONI is the 3-month season centred on the month
1913,12,,,,,,-0.248,monthly index value for the calendar month; ONI is the 3-month season centred on the month
1914,1,,,,,,-0.288,monthly index value for the calendar month; ONI is the 3-month season centred on the month
1914,2,,,,,,-0.172,monthly index value for the calendar month; ONI is the 3-month season centred on the month
1914,3,,,,,,-0.353,monthly index value for the calendar month; ONI is the 3-month season centred on the month
1914,4,,,,,,-0.238,monthly index value for the calendar month; ONI is the 3-month season centred on the month
1914,5,,,,,,-0.106,monthly index value for the calendar month; ONI is the 3-month season centred on the month
1914,6,,,,,,0.554,monthly index value for the calendar month; ONI is the 3-month season centred on the month
1914,7,,,,,,0.102,monthly index value for the calendar month; ONI is the 3-month season centred on the month
1914,8,,,,,,-0.024,monthly index value for the calendar month; ONI is the 3-month season centred on the month
1914,9,,,,,,-0.066,monthly index value for the calendar month; ONI is the 3-month season centred on the month
1914,10,,,,,,-0.057,monthly index value for the calendar month; ONI is the 3-month season centred on the month
1914,11,,,,,,-0.558,monthly index value for the calendar month; ONI is the 3-month season centred on the month
1914,12,,,,,,-0.711,monthly index value for the calendar month; ONI is the 3-month season centred on the month
1915,1,,,,,,-0.629,monthly index value for the calendar month; ONI is the 3-month season centred on the month
1915,2,,,,,,-0.688,monthly index value for the calendar month; ONI is the 3-month season centred on the month
1915,3,,,,,,-0.402,monthly index value for the calendar month; ONI is the 3-month season centred on the month
1915,4,,,,,,-0.28,monthly index value for the calendar month; ONI is the 3-month season centred on the month
1915,5,,,,,,-0.495,monthly index value for the calendar month; ONI is the 3-month season centred on the month
1915,6,,,,,,-0.203,monthly index value for the calendar month; ONI is the 3-month season centred on the month
1915,7,,,,,,-0.705,monthly index value for the calendar month; ONI is the 3-month season centred on the month
1915,8,,,,,,-0.44,monthly index value for the calendar month; ONI is the 3-month season centred on the month
1915,9,,,,,,-0.377,monthly index value for the calendar month; ONI is the 3-month season centred on the month
1915,10,,,,,,-0.316,monthly index value for the calendar month; ONI is the 3-month season centred on the month
1915,11,,,,,,-0.227,monthly index value for the calendar month; ONI is the 3-month season centred on the month
1915,12,,,,,,-0.026,monthly index value for the calendar month; ONI is the 3-month season centred on the month
1916,1,,,,,,-0.13,monthly index value for the calendar month; ONI is the 3-month season centred on the month
1916,2,,,,,,-0.031,monthly index value for the calendar month; ONI is the 3-month season centred on the month
1916,3,,,,,,0.058,monthly index value for the calendar month; ONI is the 3-month season centred on the month
1916,4,,,,,,0.139,monthly index value for the calendar month; ONI is the 3-month season centred on the month
1916,5,,,,,,-0.156,monthly index value for the calendar month; ONI is the 3-month season centred on the month
1916,6,,,,,,-0.398,monthly index value for the calendar month; ONI is the 3-month season centred on the month
1916,7,,,,,,-0.686,monthly index value for the calendar month; ONI is the 3-month season centred on the month
1916,8,,,,,,-0.852,monthly index value for the calendar month; ONI is the 3-month season centred on the month
1916,9,,,,,,-1.268,monthly index value for the calendar month; ONI is the 3-month season centred on the month
1916,10,,,,,,-0.97,monthly index value for the calendar month; ONI is the 3-month season centred on the month
1916,11,,,,,,-0.706,monthly index value for the calendar month; ONI is the 3-month season centred on the month
1916,12,,,,,,-0.28,monthly index value for the calendar month; ONI is the 3-month season centred on the month
1917,1,,,,,,-0.03,monthly index value for the calendar month; ONI is the 3-month season centred on the month
1917,2,,,,,,-0.047,monthly index value for the calendar month; ONI is the 3-month season centred on the month
1917,3,,,,,,-0.092,monthly index value for the calendar month; ONI is the 3-month season centred on the month
1917,4,,,,,,-0.236,monthly index value for the calendar month; ONI is the 3-month season centred on the month
1917,5,,,,,,-0.408,monthly index value for the calendar month; ONI is the 3-month season centred on the month
1917,6,,,,,,-0.341,monthly index value for the calendar month; ONI is the 3-month season centred on the month
1917,7,,,,,,-0.591,monthly index value for the calendar month; ONI is the 3-month season centred on the month
1917,8,,,,,,-0.435,monthly index value for the calendar month; ONI is the 3-month season centred on the month
1917,9,,,,,,-0.872,monthly index value for the calendar month; ONI is the 3-month season centred on the month
1917,10,,,,,,-1.065,monthly index value for the calendar month; ONI is the 3-month season centred on the month
1917,11,,,,,,-0.897,monthly index value for the calendar month; ONI is the 3-month season centred on the month
1917,12,,,,,,-0.67,monthly index value for the calendar month; ONI is the 3-month season centred on the month
1918,1,,,,,,0.013,monthly index value for the calendar month; ONI is the 3-month season centred on the month
1918,2,,,,,,0.136,monthly index value for the calendar month; ONI is the 3-month season centred on the month
1918,3,,,,,,0.107,monthly index value for the calendar month; ONI is the 3-month season centred on the month
1918,4,,,,,,-0.294,monthly index value for the calendar month; ONI is the 3-month season centred on the month
1918,5,,,,,,-0.42,monthly index value for the calendar month; ONI is the 3-month season centred on the month
1918,6,,,,,,-0.203,monthly index value for the calendar month; ONI is the 3-month season centred on the month
1918,7,,,,,,-0.129,monthly index value for the calendar month; ONI is the 3-month season centred on the month
1918,8,,,,,,-0.078,monthly index value for the calendar month; ONI is the 3-month season centred on the month
1918,9,,,,,,-0.0,monthly index value for the calendar month; ONI is the 3-month season centred on the month
1918,10,,,,,,0.152,monthly index value for the calendar month; ONI is the 3-month season centred on the month
1918,11,,,,,,0.195,monthly index value for the calendar month; ONI is the 3-month season centred on the month
1918,12,,,,,,0.057,monthly index value for the calendar month; ONI is the 3-month season centred on the month
1919,1,,,,,,-0.027,monthly index value for the calendar month; ONI is the 3-month season centred on the month
1919,2,,,,,,-0.116,monthly index value for the calendar month; ONI is the 3-month season centred on the month
1919,3,,,,,,-0.269,monthly index value for the calendar month; ONI is the 3-month season centred on the month
1919,4,,,,,,-0.407,monthly index value for the calendar month; ONI is the 3-month season centred on the month
1919,5,,,,,,-0.4,monthly index value for the calendar month; ONI is the 3-month season centred on the month
1919,6,,,,,,-0.356,monthly index value for the calendar month; ONI is the 3-month season centred on the month
1919,7,,,,,,-0.176,monthly index value for the calendar month; ONI is the 3-month season centred on the month
1919,8,,,,,,-0.319,monthly index value for the calendar month; ONI is the 3-month season centred on the month
1919,9,,,,,,-0.22,monthly index value for the calendar month; ONI is the 3-month season centred on the month
1919,10,,,,,,-0.349,monthly index value for the calendar month; ONI is the 3-month season centred on the month
1919,11,,,,,,-0.262,monthly index value for the calendar month; ONI is the 3-month season centred on the month
1919,12,,,,,,-0.406,monthly index value for the calendar month; ONI is the 3-month season centred on the month
1920,1,,,,,,0.018,monthly index value for the calendar month; ONI is the 3-month season centred on the month
1920,2,,,,,,0.054,monthly index value for the calendar month; ONI is the 3-month season centred on the month
1920,3,,,,,,0.14,monthly index value for the calendar month; ONI is the 3-month season centred on the month
1920,4,,,,,,0.058,monthly index value for the calendar month; ONI is the 3-month season centred on the month
1920,5,,,,,,0.27,monthly index value for the calendar month; ONI is the 3-month season centred on the month
1920,6,,,,,,-0.057,monthly index value for the calendar month; ONI is the 3-month season centred on the month
1920,7,,,,,,-0.589,monthly index value for the calendar month; ONI is the 3-month season centred on the month
1920,8,,,,,,-0.601,monthly index value for the calendar month; ONI is the 3-month season centred on the month
1920,9,,,,,,-0.609,monthly index value for the calendar month; ONI is the 3-month season centred on the month
1920,10,,,,,,-0.446,monthly index value for the calendar month; ONI is the 3-month season centred on the month
1920,11,,,,,,-0.576,monthly index value for the calendar month; ONI is the 3-month season centred on the month
1920,12,,,,,,-0.388,monthly index value for the calendar month; ONI is the 3-month season centred on the month
1921,1,,,,,,-0.296,monthly index value for the calendar month; ONI is the 3-month season centred on the month
1921,2,,,,,,-0.164,monthly index value for the calendar month; ONI is the 3-month season centred on the month
1921,3,,,,,,-0.081,monthly index value for the calendar month; ONI is the 3-month season centred on the month
1921,4,,,,,,-0.189,monthly index value for the calendar month; ONI is the 3-month season centred on the month
1921,5,,,,,,-0.042,monthly index value for the calendar month; ONI is the 3-month season centred on the month
1921,6,,,,,,-0.214,monthly index value for the calendar month; ONI is the 3-month season centred on the month
1921,7,,,,,,-0.442,monthly index value for the calendar month; ONI is the 3-month season centred on the month
1921,8,,,,,,-0.931,monthly index value for the calendar month; ONI is the 3-month season centred on the month
1921,9,,,,,,-0.548,monthly index value for the calendar month; ONI is the 3-month season centred on the month
1921,10,,,,,,-0.474,monthly index value for the calendar month; ONI is the 3-month season centred on the month
1921,11,,,,,,-0.484,monthly index value for the calendar month; ONI is the 3-month season centred on the month
1921,12,,,,,,-0.383,monthly index value for the calendar month; ONI is the 3-month season centred on the month
1922,1,,,,,,-0.382,monthly index value for the calendar month; ONI is the 3-month season centred on the month
1922,2,,,,,,-0.197,monthly index value for the calendar month; ONI is the 3-month season centred on the month
1922,3,,,,,,0.079,monthly index value for the calendar month; ONI is the 3-month season centred on the month
1922,4,,,,,,-0.39,monthly index value for the calendar month; ONI is the 3-month season centred on the month
1922,5,,,,,,-0.376,monthly index value for the calendar month; ONI is the 3-month season centred on the month
1922,6,,,,,,-0.068,monthly index value for the calendar month; ONI is the 3-month season centred on the month
1922,7,,,,,,-0.549,monthly index value for the calendar month; ONI is the 3-month season centred on the month
1922,8,,,,,,-0.415,monthly index value for the calendar month; ONI is the 3-month season centred on the month
1922,9,,,,,,-0.511,monthly index value for the calendar month; ONI is the 3-month season centred on the month
1922,10,,,,,,-0.529,monthly index value for the calendar month; ONI is the 3-month season centred on the month
1922,11,,,,,,-0.547,monthly index value for the calendar month; ONI is the 3-month season centred on the month
1922,12,,,,,,-0.304,monthly index value for the calendar month; ONI is the 3-month season centred on the month
1923,1,,,,,,-0.204,monthly index value for the calendar month; ONI is the 3-month season centred on the month
1923,2,,,,,,-0.413,monthly index value for the calendar month; ONI is the 3-month season centred on the month
1923,3,,,,,,-0.281,monthly index value for the calendar month; ONI is the 3-month season centred on the month
1923,4,,,,,,-0.239,monthly index value for the calendar month; ONI is the 3-month season centred on the month
1923,5,,,,,,-0.312,monthly index value for the calendar month; ONI is the 3-month season centred on the month
1923,6,,,,,,-0.102,monthly index value for the calendar month; ONI is the 3-month season centred on the month
1923,7,,,,,,-0.403,monthly index value for the calendar month; ONI is the 3-month season centred on the month
1923,8,,,,,,-0.001,monthly index value for the calendar month; ONI is the 3-month season centred on the month
1923,9,,,,,,0.241,monthly index value for the calendar month; ONI is the 3-month season centred on the month
1923,10,,,,,,0.276,monthly index value for the calendar month; ONI is the 3-month season centred on the month
1923,11,,,,,,0.447,monthly index value for the calendar month; ONI is the 3-month season centred on the month
1923,12,,,,,,-0.202,monthly index value for the calendar month; ONI is the 3-month season centred on the month
1924,1,,,,,,-0.434,monthly index value for the calendar month; ONI is the 3-month season centred on the month
1924,2,,,,,,-0.596,monthly index value for the calendar month; ONI is the 3-month season centred on the month
1924,3,,,,,,-0.428,monthly index value for the calendar month; ONI is the 3-month season centred on the month
1924,4,,,,,,-0.267,monthly index value for the calendar month; ONI is the 3-month season centred on the month
1924,5,,,,,,-0.415,monthly index value for the calendar month; ONI is the 3-month season centred on the month
1924,6,,,,,,-0.447,monthly index value for the calendar month; ONI is the 3-month season centred on the month
1924,7,,,,,,-0.395,monthly index value for the calendar month; ONI is the 3-month season centred on the month
1924,8,,,,,,-0.417,monthly index value for the calendar month; ONI is the 3-month season centred on the month
1924,9,,,,,,-0.652,monthly index value for the calendar month; ONI is the 3-month season centred on the month
1924,10,,,,,,-0.209,monthly index value for the calendar month; ONI is the 3-month season centred on the month
1924,11,,,,,,-0.408,monthly index value for the calendar month; ONI is the 3-month season centred on the month
1924,12,,,,,,-0.365,monthly index value for the calendar month; ONI is the 3-month season centred on the month
1925,1,,,,,,-0.317,monthly index value for the calendar month; ONI is the 3-month season centred on the month
1925,2,,,,,,-0.028,monthly index value for the calendar month; ONI is the 3-month season centred on the month
1925,3,,,,,,-0.008,monthly index value for the calendar month; ONI is the 3-month season centred on the month
1925,4,,,,,,0.482,monthly index value for the calendar month; ONI is the 3-month season centred on the month
1925,5,,,,,,-0.042,monthly index value for the calendar month; ONI is the 3-month season centred on the month
1925,6,,,,,,0.081,monthly index value for the calendar month; ONI is the 3-month season centred on the month
1925,7,,,,,,-0.167,monthly index value for the calendar month; ONI is the 3-month season centred on the month
1925,8,,,,,,-0.04,monthly index value for the calendar month; ONI is the 3-month season centred on the month
1925,9,,,,,,0.388,monthly index value for the calendar month; ONI is the 3-month season centred on the month
1925,10,,,,,,0.103,monthly index value for the calendar month; ONI is the 3-month season centred on the month
1925,11,,,,,,0.118,monthly index value for the calendar month; ONI is the 3-month season centred on the month
1925,12,,,,,,-0.153,monthly index value for the calendar month; ONI is the 3-month season centred on the month
1926,1,,,,,,-0.003,monthly index value for the calendar month; ONI is the 3-month season centred on the month
1926,2,,,,,,-0.358,monthly index value for the calendar month; ONI is the 3-month season centred on the month
1926,3,,,,,,-0.041,monthly index value for the calendar month; ONI is the 3-month season centred on the month
1926,4,,,,,,-0.247,monthly index value for the calendar month; ONI is the 3-month season centred on the month
1926,5,,,,,,-0.084,monthly index value for the calendar month; ONI is the 3-month season centred on the month
1926,6,,,,,,0.147,monthly index value for the calendar month; ONI is the 3-month season centred on the month
1926,7,,,,,,-0.231,monthly index value for the calendar month; ONI is the 3-month season centred on the month
1926,8,,,,,,-0.007,monthly index value for the calendar month; ONI is the 3-month season centred on the month
1926,9,,,,,,-0.405,monthly index value for the calendar month; ONI is the 3-month season centred on the month
1926,10,,,,,,-0.115,monthly index value for the calendar month; ONI is the 3-month season centred on the month
1926,11,,,,,,-0.49,monthly index value for the calendar month; ONI is the 3-month season centred on the month
1926,12,,,,,,-0.422,monthly index value for the calendar month; ONI is the 3-month season centred on the month
1927,1,,,,,,-0.202,monthly index value for the calendar month; ONI is the 3-month season centred on the month
1927,2,,,,,,0.042,monthly index value for the calendar month; ONI is the 3-month season centred on the month
1927,3,,,,,,-0.202,monthly index value for the calendar month; ONI is the 3-month season centred on the month
1927,4,,,,,,-0.398,monthly index value for the calendar month; ONI is the 3-month season centred on the month
1927,5,,,,,,-0.256,monthly index value for the calendar month; ONI is the 3-month season centred on the month
1927,6,,,,,,-0.168,monthly index value for the calendar month; ONI is the 3-month season centred on the month
1927,7,,,,,,-0.576,monthly index value for the calendar month; ONI is the 3-month season centred on the month
1927,8,,,,,,-0.611,monthly index value for the calendar month; ONI is the 3-month season centred on the month
1927,9,,,,,,-0.664,monthly index value for the calendar month; ONI is the 3-month season centred on the month
1927,10,,,,,,-0.602,monthly index value for the calendar month; ONI is the 3-month season centred on the month
1927,11,,,,,,-0.287,monthly index value for the calendar month; ONI is the 3-month season centred on the month
1927,12,,,,,,-0.378,monthly index value for the calendar month; ONI is the 3-month season centred on the month
1928,1,,,,,,-0.377,monthly index value for the calendar month; ONI is the 3-month season centred on the month
1928,2,,,,,,-0.36,monthly index value for the calendar month; ONI is the 3-month season centred on the month
1928,3,,,,,,-0.277,monthly index value for the calendar month; ONI is the 3-month season centred on the month
1928,4,,,,,,-0.313,monthly index value for the calendar month; ONI is the 3-month season centred on the month
1928,5,,,,,,-0.268,monthly index value for the calendar month; ONI is the 3-month season centred on the month
1928,6,,,,,,-0.465,monthly index value for the calendar month; ONI is the 3-month season centred on the month
1928,7,,,,,,-0.64,monthly index value for the calendar month; ONI is the 3-month season centred on the month
1928,8,,,,,,-0.891,monthly index value for the calendar month; ONI is the 3-month season centred on the month
1928,9,,,,,,-0.87,monthly index value for the calendar month; ONI is the 3-month season centred on the month
1928,10,,,,,,-0.732,monthly index value for the calendar month; ONI is the 3-month season centred on the month
1928,11,,,,,,-0.207,monthly index value for the calendar month; ONI is the 3-month season centred on the month
1928,12,,,,,,-0.372,monthly index value for the calendar month; ONI is the 3-month season centred on the month
1929,1,,,,,,-0.284,monthly index value for the calendar month; ONI is the 3-month season centred on the month
1929,2,,,,,,-0.362,monthly index value for the calendar month; ONI is the 3-month season centred on the month
1929,3,,,,,,-0.238,monthly index value for the calendar month; ONI is the 3-month season centred on the month
1929,4,,,,,,-0.222,monthly index value for the calendar month; ONI is the 3-month season centred on the month
1929,5,,,,,,-0.361,monthly index value for the calendar month; ONI is the 3-month season centred on the month
1929,6,,,,,,-0.247,monthly index value for the calendar month; ONI is the 3-month season centred on the month
1929,7,,,,,,-0.389,monthly index value for the calendar month; ONI is the 3-month season centred on the month
1929,8,,,,,,-0.487,monthly index value for the calendar month; ONI is the 3-month season centred on the month
1929,9,,,,,,-0.305,monthly index value for the calendar month; ONI is the 3-month season centred on the month
1929,10,,,,,,-0.356,monthly index value for the calendar month; ONI is the 3-month season centred on the month
1929,11,,,,,,-0.281,monthly index value for the calendar month; ONI is the 3-month season centred on the month
1929,12,,,,,,-0.024,monthly index value for the calendar month; ONI is the 3-month season centred on the month
1930,1,,,,,,-0.423,monthly index value for the calendar month; ONI is the 3-month season centred on the month
1930,2,,,,,,-0.513,monthly index value for the calendar month; ONI is the 3-month season centred on the month
1930,3,,,,,,-0.32,monthly index value for the calendar month; ONI is the 3-month season centred on the month
1930,4,,,,,,-0.245,monthly index value for the calendar month; ONI is the 3-month season centred on the month
1930,5,,,,,,-0.444,monthly index value for the calendar month; ONI is the 3-month season centred on the month
1930,6,,,,,,-0.138,monthly index value for the calendar month; ONI is the 3-month season centred on the month
1930,7,,,,,,-0.405,monthly index value for the calendar month; ONI is the 3-month season centred on the month
1930,8,,,,,,-0.33,monthly index value for the calendar month; ONI is the 3-month season centred on the month
1930,9,,,,,,-0.802,monthly index value for the calendar month; ONI is the 3-month season centred on the month
1930,10,,,,,,-0.417,monthly index value for the calendar month; ONI is the 3-month season centred on the month
1930,11,,,,,,0.112,monthly index value for the calendar month; ONI is the 3-month season centred on the month
1930,12,,,,,,-0.114,monthly index value for the calendar month; ONI is the 3-month season centred on the month
1931,1,,,,,,-0.058,monthly index value for the calendar month; ONI is the 3-month season centred on the month
1931,2,,,,,,-0.334,monthly index value for the calendar month; ONI is the 3-month season centred on the month
1931,3,,,,,,-0.548,monthly index value for the calendar month; ONI is the 3-month season centred on the month
1931,4,,,,,,-0.524,monthly index value for the calendar month; ONI is the 3-month season centred on the month
1931,5,,,,,,-0.258,monthly index value for the calendar month; ONI is the 3-month season centred on the month
1931,6,,,,,,-0.28,monthly index value for the calendar month; ONI is the 3-month season centred on the month
1931,7,,,,,,-0.414,monthly index value for the calendar month; ONI is the 3-month season centred on the month
1931,8,,,,,,-0.502,monthly index value for the calendar month; ONI is the 3-month season centred on the month
1931,9,,,,,,-1.011,monthly index value for the calendar month; ONI is the 3-month season centred on the month
1931,10,,,,,,-0.596,monthly index value for the calendar month; ONI is the 3-month season centred on the month
1931,11,,,,,,-0.184,monthly index value for the calendar month; ONI is the 3-month season centred on the month
1931,12,,,,,,-0.812,monthly index value for the calendar month; ONI is the 3-month season centred on the month
1932,1,,,,,,-0.426,monthly index value for the calendar month; ONI is the 3-month season centred on the month
1932,2,,,,,,-0.58,monthly index value for the calendar month; ONI is the 3-month season centred on the month
1932,3,,,,,,-0.438,monthly index value for the calendar month; ONI is the 3-month season centred on the month
1932,4,,,,,,-0.126,monthly index value for the calendar month; ONI is the 3-month season centred on the month
1932,5,,,,,,-0.378,monthly index value for the calendar month; ONI is the 3-month season centred on the month
1932,6,,,,,,-0.396,monthly index value for the calendar month; ONI is the 3-month season centred on the month
1932,7,,,,,,-0.246,monthly index value for the calendar month; ONI is the 3-month season centred on the month
1932,8,,,,,,-0.489,monthly index value for the calendar month; ONI is the 3-month season centred on the month
1932,9,,,,,,-0.403,monthly index value for the calendar month; ONI is the 3-month season centred on the month
1932,10,,,,,,-0.729,monthly index value for the calendar month; ONI is the 3-month season centred on the month
1932,11,,,,,,-0.314,monthly index value for the calendar month; ONI is the 3-month season centred on the month
1932,12,,,,,,-0.033,monthly index value for the calendar month; ONI is the 3-month season centred on the month
1933,1,,,,,,-0.189,monthly index value for the calendar month; ONI is the 3-month season centred on the month
1933,2,,,,,,-0.092,monthly index value for the calendar month; ONI is the 3-month season centred on the month
1933,3,,,,,,0.039,monthly index value for the calendar month; ONI is the 3-month season centred on the month
1933,4,,,,,,0.177,monthly index value for the calendar month; ONI is the 3-month season centred on the month
1933,5,,,,,,-0.344,monthly index value for the calendar month; ONI is the 3-month season centred on the month
1933,6,,,,,,-0.307,monthly index value for the calendar month; ONI is the 3-month season centred on the month
1933,7,,,,,,-0.469,monthly index value for the calendar month; ONI is the 3-month season centred on the month
1933,8,,,,,,-0.631,monthly index value for the calendar month; ONI is the 3-month season centred on the month
1933,9,,,,,,-1.567,monthly index value for the calendar month; ONI is the 3-month season centred on the month
1933,10,,,,,,-0.986,monthly index value for the calendar month; ONI is the 3-month season centred on the month
1933,11,,,,,,-0.604,monthly index value for the calendar month; ONI is the 3-month season centred on the month
1933,12,,,,,,-0.472,monthly index value for the calendar month; ONI is the 3-month season centred on the month
1934,1,,,,,,-0.611,monthly index value for the calendar month; ONI is the 3-month season centred on the month
1934,2,,,,,,-0.251,monthly index value for the calendar month; ONI is the 3-month season centred on the month
1934,3,,,,,,-0.166,monthly index value for the calendar month; ONI is the 3-month season centred on the month
1934,4,,,,,,-0.134,monthly index value for the calendar month; ONI is the 3-month season centred on the month
1934,5,,,,,,-0.2,monthly index value for the calendar month; ONI is the 3-month season centred on the month
1934,6,,,,,,-0.016,monthly index value for the calendar month; ONI is the 3-month season centred on the month
1934,7,,,,,,-0.325,monthly index value for the calendar month; ONI is the 3-month season centred on the month
1934,8,,,,,,-0.012,monthly index value for the calendar month; ONI is the 3-month season centred on the month
1934,9,,,,,,-0.498,monthly index value for the calendar month; ONI is the 3-month season centred on the month
1934,10,,,,,,-0.322,monthly index value for the calendar month; ONI is the 3-month season centred on the month
1934,11,,,,,,-0.155,monthly index value for the calendar month; ONI is the 3-month season centred on the month
1934,12,,,,,,-0.16,monthly index value for the calendar month; ONI is the 3-month season centred on the month
1935,1,,,,,,0.008,monthly index value for the calendar month; ONI is the 3-month season centred on the month
1935,2,,,,,,-0.054,monthly index value for the calendar month; ONI is the 3-month season centred on the month
1935,3,,,,,,0.119,monthly index value for the calendar month; ONI is the 3-month season centred on the month
1935,4,,,,,,-0.216,monthly index value for the calendar month; ONI is the 3-month season centred on the month
1935,5,,,,,,0.063,monthly index value for the calendar month; ONI is the 3-month season centred on the month
1935,6,,,,,,0.091,monthly index value for the calendar month; ONI is the 3-month season centred on the month
1935,7,,,,,,0.052,monthly index value for the calendar month; ONI is the 3-month season centred on the month
1935,8,,,,,,-0.025,monthly index value for the calendar month; ONI is the 3-month season centred on the month
1935,9,,,,,,-0.246,monthly index value for the calendar month; ONI is the 3-month season centred on the month
1935,10,,,,,,-0.304,monthly index value for the calendar month; ONI is the 3-month season centred on the month
1935,11,,,,,,0.119,monthly index value for the calendar month; ONI is the 3-month season centred on the month
1935,12,,,,,,0.022,monthly index value for the calendar month; ONI is the 3-month season centred on the month
1936,1,,,,,,0.086,monthly index value for the calendar month; ONI is the 3-month season centred on the month
1936,2,,,,,,-0.389,monthly index value for the calendar month; ONI is the 3-month season centred on the month
1936,3,,,,,,-0.211,monthly index value for the calendar month; ONI is the 3-month season centred on the month
1936,4,,,,,,-0.069,monthly index value for the calendar month; ONI is the 3-month season centred on the month
1936,5,,,,,,-0.192,monthly index value for the calendar month; ONI is the 3-month season centred on the month
1936,6,,,,,,0.064,monthly index value for the calendar month; ONI is the 3-month season centred on the month
1936,7,,,,,,-0.073,monthly index value for the calendar month; ONI is the 3-month season centred on the month
1936,8,,,,,,-0.437,monthly index value for the calendar month; ONI is the 3-month season centred on the month
1936,9,,,,,,-0.446,monthly index value for the calendar month; ONI is the 3-month season centred on the month
1936,10,,,,,,-0.692,monthly index value for the calendar month; ONI is the 3-month season centred on the month
1936,11,,,,,,-0.063,monthly index value for the calendar month; ONI is the 3-month season centred on the month
1936,12,,,,,,-0.318,monthly index value for the calendar month; ONI is the 3-month season centred on the month
1937,1,,,,,,-0.113,monthly index value for the calendar month; ONI is the 3-month season centred on the month
1937,2,,,,,,-0.231,monthly index value for the calendar month; ONI is the 3-month season centred on the month
1937,3,,,,,,-0.256,monthly index value for the calendar month; ONI is the 3-month season centred on the month
1937,4,,,,,,-0.403,monthly index value for the calendar month; ONI is the 3-month season centred on the month
1937,5,,,,,,0.042,monthly index value for the calendar month; ONI is the 3-month season centred on the month
1937,6,,,,,,-0.297,monthly index value for the calendar month; ONI is the 3-month season centred on the month
1937,7,,,,,,-0.547,monthly index value for the calendar month; ONI is the 3-month season centred on the month
1937,8,,,,,,-0.252,monthly index value for the calendar month; ONI is the 3-month season centred on the month
1937,9,,,,,,-0.09,monthly index value for the calendar month; ONI is the 3-month season centred on the month
1937,10,,,,,,-0.304,monthly index value for the calendar month; ONI is the 3-month season centred on the month
1937,11,,,,,,-0.115,monthly index value for the calendar month; ONI is the 3-month season centred on the month
1937,12,,,,,,-0.139,monthly index value for the calendar month; ONI is the 3-month season centred on the month
1938,1,,,,,,-0.084,monthly index value for the calendar month; ONI is the 3-month season centred on the month
1938,2,,,,,,-0.217,monthly index value for the calendar month; ONI is the 3-month season centred on the month
1938,3,,,,,,0.009,monthly index value for the calendar month; ONI is the 3-month season centred on the month
1938,4,,,,,,-0.345,monthly index value for the calendar month; ONI is the 3-month season centred on the month
1938,5,,,,,,0.016,monthly index value for the calendar month; ONI is the 3-month season centred on the month
1938,6,,,,,,-0.407,monthly index value for the calendar month; ONI is the 3-month season centred on the month
1938,7,,,,,,-0.621,monthly index value for the calendar month; ONI is the 3-month season centred on the month
1938,8,,,,,,-0.149,monthly index value for the calendar month; ONI is the 3-month season centred on the month
1938,9,,,,,,-0.457,monthly index value for the calendar month; ONI is the 3-month season centred on the month
1938,10,,,,,,-0.611,monthly index value for the calendar month; ONI is the 3-month season centred on the month
1938,11,,,,,,-0.712,monthly index value for the calendar month; ONI is the 3-month season centred on the month
1938,12,,,,,,-0.541,monthly index value for the calendar month; ONI is the 3-month season centred on the month
1939,1,,,,,,-0.125,monthly index value for the calendar month; ONI is the 3-month season centred on the month
1939,2,,,,,,0.209,monthly index value for the calendar month; ONI is the 3-month season centred on the month
1939,3,,,,,,0.021,monthly index value for the calendar month; ONI is the 3-month season centred on the month
1939,4,,,,,,-0.266,monthly index value for the calendar month; ONI is the 3-month season centred on the month
1939,5,,,,,,-0.337,monthly index value for the calendar month; ONI is the 3-month season centred on the month
1939,6,,,,,,-0.178,monthly index value for the calendar month; ONI is the 3-month season centred on the month
1939,7,,,,,,-0.405,monthly index value for the calendar month; ONI is the 3-month season centred on the month
1939,8,,,,,,-0.46,monthly index value for the calendar month; ONI is the 3-month season centred on the month
1939,9,,,,,,-0.285,monthly index value for the calendar month; ONI is the 3-month season centred on the month
1939,10,,,,,,-0.19,monthly index value for the calendar month; ONI is the 3-month season centred on the month
1939,11,,,,,,-0.319,monthly index value for the calendar month; ONI is the 3-month season centred on the month
1939,12,,,,,,-0.106,monthly index value for the calendar month; ONI is the 3-month season centred on the month
1940,1,,,,,,0.08,monthly index value for the calendar month; ONI is the 3-month season centred on the month
1940,2,,,,,,-0.224,monthly index value for the calendar month; ONI is the 3-month season centred on the month
1940,3,,,,,,-0.476,monthly index value for the calendar month; ONI is the 3-month season centred on the month
1940,4,,,,,,-0.493,monthly index value for the calendar month; ONI is the 3-month season centred on the month
1940,5,,,,,,-0.46,monthly index value for the calendar month; ONI is the 3-month season centred on the month
1940,6,,,,,,-0.028,monthly index value for the calendar month; ONI is the 3-month season centred on the month
1940,7,,,,,,-0.363,monthly index value for the calendar month; ONI is the 3-month season centred on the month
1940,8,,,,,,-0.253,monthly index value for the calendar month; ONI is the 3-month season centred on the month
1940,9,,,,,,-0.39,monthly index value for the calendar month; ONI is the 3-month season centred on the month
1940,10,,,,,,-0.472,monthly index value for the calendar month; ONI is the 3-month season centred on the month
1940,11,,,,,,-0.341,monthly index value for the calendar month; ONI is the 3-month season centred on the month
1940,12,,,,,,-0.316,monthly index value for the calendar month; ONI is the 3-month season centred on the month
1941,1,,,,,,-0.362,monthly index value for the calendar month; ONI is the 3-month season centred on the month
1941,2,,,,,,-0.619,monthly index value for the calendar month; ONI is the 3-month season centred on the month
1941,3,,,,,,-0.26,monthly index value for the calendar month; ONI is the 3-month season centred on the month
1941,4,,,,,,-0.278,monthly index value for the calendar month; ONI is the 3-month season centred on the month
1941,5,,,,,,-0.269,monthly index value for the calendar month; ONI is the 3-month season centred on the month
1941,6,,,,,,-0.376,monthly index value for the calendar month; ONI is the 3-month season centred on the month
1941,7,,,,,,-0.429,monthly index value for the calendar month; ONI is the 3-month season centred on the month
1941,8,,,,,,-0.419,monthly index value for the calendar month; ONI is the 3-month season centred on the month
1941,9,,,,,,-0.332,monthly index value for the calendar month; ONI is the 3-month season centred on the month
1941,10,,,,,,-0.19,monthly index value for the calendar month; ONI is the 3-month season centred on the month
1941,11,,,,,,0.274,monthly index value for the calendar month; ONI is the 3-month season centred on the month
1941,12,,,,,,-0.182,monthly index value for the calendar month; ONI is the 3-month season centred on the month
1942,1,,,,,,-0.193,monthly index value for the calendar month; ONI is the 3-month season centred on the month
1942,2,,,,,,-0.298,monthly index value for the calendar month; ONI is the 3-month season centred on the month
1942,3,,,,,,-0.251,monthly index value for the calendar month; ONI is the 3-month season centred on the month
1942,4,,,,,,-0.41,monthly index value for the calendar month; ONI is the 3-month season centred on the month
1942,5,,,,,,-0.599,monthly index value for the calendar month; ONI is the 3-month season centred on the month
1942,6,,,,,,-0.944,monthly index value for the calendar month; ONI is the 3-month season centred on the month
1942,7,,,,,,-0.697,monthly index value for the calendar month; ONI is the 3-month season centred on the month
1942,8,,,,,,-1.1,monthly index value for the calendar month; ONI is the 3-month season centred on the month
1942,9,,,,,,-0.946,monthly index value for the calendar month; ONI is the 3-month season centred on the month
1942,10,,,,,,-0.588,monthly index value for the calendar month; ONI is the 3-month season centred on the month
1942,11,,,,,,-0.598,monthly index value for the calendar month; ONI is the 3-month season centred on the month
1942,12,,,,,,-0.559,monthly index value for the calendar month; ONI is the 3-month season centred on the month
1943,1,,,,,,-0.49,monthly index value for the calendar month; ONI is the 3-month season centred on the month
1943,2,,,,,,-0.249,monthly index value for the calendar month; ONI is the 3-month season centred on the month
1943,3,,,,,,-0.305,monthly index value for the calendar month; ONI is the 3-month season centred on the month
1943,4,,,,,,-0.225,monthly index value for the calendar month; ONI is the 3-month season centred on the month
1943,5,,,,,,-0.188,monthly index value for the calendar month; ONI is the 3-month season centred on the month
1943,6,,,,,,0.151,monthly index value for the calendar month; ONI is the 3-month season centred on the month
1943,7,,,,,,0.095,monthly index value for the calendar month; ONI is the 3-month season centred on the month
1943,8,,,,,,0.036,monthly index value for the calendar month; ONI is the 3-month season centred on the month
1943,9,,,,,,-0.648,monthly index value for the calendar month; ONI is the 3-month season centred on the month
1943,10,,,,,,-0.535,monthly index value for the calendar month; ONI is the 3-month season centred on the month
1943,11,,,,,,-0.388,monthly index value for the calendar month; ONI is the 3-month season centred on the month
1943,12,,,,,,-0.386,monthly index value for the calendar month; ONI is the 3-month season centred on the month
1944,1,,,,,,-0.155,monthly index value for the calendar month; ONI is the 3-month season centred on the month
1944,2,,,,,,0.247,monthly index value for the calendar month; ONI is the 3-month season centred on the month
1944,3,,,,,,-0.177,monthly index value for the calendar month; ONI is the 3-month season centred on the month
1944,4,,,,,,-0.241,monthly index value for the calendar month; ONI is the 3-month season centred on the month
1944,5,,,,,,0.283,monthly index value for the calendar month; ONI is the 3-month season centred on the month
1944,6,,,,,,-0.115,monthly index value for the calendar month; ONI is the 3-month season centred on the month
1944,7,,,,,,0.053,monthly index value for the calendar month; ONI is the 3-month season centred on the month
1944,8,,,,,,0.051,monthly index value for the calendar month; ONI is the 3-month season centred on the month
1944,9,,,,,,0.001,monthly index value for the calendar month; ONI is the 3-month season centred on the month
1944,10,,,,,,-0.601,monthly index value for the calendar month; ONI is the 3-month season centred on the month
1944,11,,,,,,-0.249,monthly index value for the calendar month; ONI is the 3-month season centred on the month
1944,12,,,,,,0.178,monthly index value for the calendar month; ONI is the 3-month season centred on the month
1945,1,,,,,,-0.141,monthly index value for the calendar month; ONI is the 3-month season centred on the month
1945,2,,,,,,0.089,monthly index value for the calendar month; ONI is the 3-month season centred on the month
1945,3,,,,,,0.205,monthly index value for the calendar month; ONI is the 3-month season centred on the month
1945,4,,,,,,-0.33,monthly index value for the calendar month; ONI is the 3-month season centred on the month
1945,5,,,,,,-0.572,monthly index value for the calendar month; ONI is the 3-month season centred on the month
1945,6,,,,,,-0.563,monthly index value for the calendar month; ONI is the 3-month season centred on the month
1945,7,,,,,,-0.524,monthly index value for the calendar month; ONI is the 3-month season centred on the month
1945,8,,,,,,-0.656,monthly index value for the calendar month; ONI is the 3-month season centred on the month
1945,9,,,,,,-0.594,monthly index value for the calendar month; ONI is the 3-month season centred on the month
1945,10,,,,,,-0.513,monthly index value for the calendar month; ONI is the 3-month season centred on the month
1945,11,,,,,,-0.323,monthly index value for the calendar month; ONI is the 3-month season centred on the month
1945,12,,,,,,-0.327,monthly index value for the calendar month; ONI is the 3-month season centred on the month
1946,1,,,,,,0.067,monthly index value for the calendar month; ONI is the 3-month season centred on the month
1946,2,,,,,,-0.014,monthly index value for the calendar month; ONI is the 3-month season centred on the month
1946,3,,,,,,-0.226,monthly index value for the calendar month; ONI is the 3-month season centred on the month
1946,4,,,,,,-0.557,monthly index value for the calendar month; ONI is the 3-month season centred on the month
1946,5,,,,,,0.297,monthly index value for the calendar month; ONI is the 3-month season centred on the month
1946,6,,,,,,-0.33,monthly index value for the calendar month; ONI is the 3-month season centred on the month
1946,7,,,,,,-0.159,monthly index value for the calendar month; ONI is the 3-month season centred on the month
1946,8,,,,,,0.165,monthly index value for the calendar month; ONI is the 3-month season centred on the month
1946,9,,,,,,-0.071,monthly index value for the calendar month; ONI is the 3-month season centred on the month
1946,10,,,,,,-0.178,monthly index value for the calendar month; ONI is the 3-month season centred on the month
1946,11,,,,,,-0.026,monthly index value for the calendar month; ONI is the 3-month season centred on the month
1946,12,,,,,,-0.25,monthly index value for the calendar month; ONI is the 3-month season centred on the month
1947,1,,,,,,-0.288,monthly index value for the calendar month; ONI is the 3-month season centred on the month
1947,2,,,,,,0.028,monthly index value for the calendar month; ONI is the 3-month season centred on the month
1947,3,,,,,,-0.0,monthly index value for the calendar month; ONI is the 3-month season centred on the month
1947,4,,,,,,-0.186,monthly index value for the calendar month; ONI is the 3-month season centred on the month
1947,5,,,,,,0.104,monthly index value for the calendar month; ONI is the 3-month season centred on the month
1947,6,,,,,,-0.066,monthly index value for the calendar month; ONI is the 3-month season centred on the month
1947,7,,,,,,-0.632,monthly index value for the calendar month; ONI is the 3-month season centred on the month
1947,8,,,,,,-0.659,monthly index value for the calendar month; ONI is the 3-month season centred on the month
1947,9,,,,,,-0.97,monthly index value for the calendar month; ONI is the 3-month season centred on the month
1947,10,,,,,,-0.824,monthly index value for the calendar month; ONI is the 3-month season centred on the month
1947,11,,,,,,-0.32,monthly index value for the calendar month; ONI is the 3-month season centred on the month
1947,12,,,,,,-0.266,monthly index value for the calendar month; ONI is the 3-month season centred on the month
1948,1,,,,,,-0.298,monthly index value for the calendar month; ONI is the 3-month season centred on the month
1948,2,,,,,,-0.155,monthly index value for the calendar month; ONI is the 3-month season centred on the month
1948,3,,,,,,0.024,monthly index value for the calendar month; ONI is the 3-month season centred on the month
1948,4,,,,,,-0.103,monthly index value for the calendar month; ONI is the 3-month season centred on the month
1948,5,,,,,,-0.085,monthly index value for the calendar month; ONI is the 3-month season centred on the month
1948,6,,,,,,0.059,monthly index value for the calendar month; ONI is the 3-month season centred on the month
1948,7,,,,,,-0.268,monthly index value for the calendar month; ONI is the 3-month season centred on the month
1948,8,,,,,,-0.462,monthly index value for the calendar month; ONI is the 3-month season centred on the month
1948,9,,,,,,-0.648,monthly index value for the calendar month; ONI is the 3-month season centred on the month
1948,10,,,,,,-0.293,monthly index value for the calendar month; ONI is the 3-month season centred on the month
1948,11,,,,,,-0.379,monthly index value for the calendar month; ONI is the 3-month season centred on the month
1948,12,,,,,,-0.506,monthly index value for the calendar month; ONI is the 3-month season centred on the month
1949,1,,,,,,0.027,monthly index value for the calendar month; ONI is the 3-month season centred on the month
1949,2,,,,,,0.177,monthly index value for the calendar month; ONI is the 3-month season centred on the month
1949,3,,,,,,-0.121,monthly index value for the calendar month; ONI is the 3-month season centred on the month
1949,4,,,,,,0.165,monthly index value for the calendar month; ONI is the 3-month season centred on the month
1949,5,,,,,,-0.091,monthly index value for the calendar month; ONI is the 3-month season centred on the month
1949,6,,,,,,-0.009,monthly index value for the calendar month; ONI is the 3-month season centred on the month
1949,7,,,,,,-0.009,monthly index value for the calendar month; ONI is the 3-month season centred on the month
1949,8,,,,,,0.011,monthly index value for the calendar month; ONI is the 3-month season centred on the month
1949,9,,,,,,-0.09,monthly index value for the calendar month; ONI is the 3-month season centred on the month
1949,10,,,,,,-0.124,monthly index value for the calendar month; ONI is the 3-month season centred on the month
1949,11,,,,,,-0.396,monthly index value for the calendar month; ONI is the 3-month season centred on the month
1949,12,,,,,,-0.331,monthly index value for the calendar month; ONI is the 3-month season centred on the month
1950,1,-1.32,25.01,DJF,24.55,-1.99,-0.044,monthly index value for the calendar month; ONI is the 3-month season centred on the month
1950,2,-1.2,25.36,JFM,25.06,-1.69,-0.553,monthly index value for the calendar month; ONI is the 3-month season centred on the month
1950,3,-1.12,25.88,FMA,25.87,-1.42,-0.692,monthly index value for the calendar month; ONI is the 3-month season centred on the month
1950,4,-1.08,26.24,MAM,26.28,-1.54,-0.474,monthly index value for the calendar month; ONI is the 3-month season centred on the month
1950,5,-1.1,26.35,AMJ,26.18,-1.75,-0.309,monthly index value for the calendar month; ONI is the 3-month season centred on the month
1950,6,-0.9,26.32,MJJ,26.46,-1.27,-0.493,monthly index value for the calendar month; ONI is the 3-month season centred on the month
1950,7,-0.62,26.24,JJA,26.29,-1.01,-0.348,monthly index value for the calendar month; ONI is the 3-month season centred on the month
1950,8,-0.57,25.94,JAS,25.88,-0.97,-0.22,monthly index value for the calendar month; ONI is the 3-month season centred on the month
1950,9,-0.56,25.76,ASO,25.74,-0.98,-0.631,monthly index value for the calendar month; ONI is the 3-month season centred on the month
1950,10,-0.62,25.6,SON,25.69,-1.03,-0.59,monthly index value for the calendar month; ONI is the 3-month season centred on the month
1950,11,-0.66,25.55,OND,25.47,-1.23,-0.227,monthly index value for the calendar month; ONI is the 3-month season centred on the month
1950,12,-0.79,25.41,NDJ,25.29,-1.31,-0.027,monthly index value for the calendar month; ONI is the 3-month season centred on the month
1951,1,-0.66,25.67,DJF,25.24,-1.3,0.256,monthly index value for the calendar month; ONI is the 3-month season centred on the month
1951,2,-0.36,26.2,JFM,25.71,-1.04,0.211,monthly index value for the calendar month; ONI is the 3-month season centred on the month
1951,3,-0.04,26.96,FMA,26.9,-0.38,0.259,monthly index value for the calendar month; ONI is the 3-month season centred on the month
1951,4,0.16,27.48,MAM,27.58,-0.23,-0.514,monthly index value for the calendar month; ONI is the 3-month season centred on the month
1951,5,0.27,27.72,AMJ,27.92,-0.01,-0.138,monthly index value for the calendar month; ONI is the 3-month season centred on the month
1951,6,0.5,27.72,MJJ,27.73,0.0,-0.19,monthly index value for the calendar month; ONI is the 3-month season centred on the month
1951,7,0.71,27.57,JJA,27.6,0.3,-0.22,monthly index value for the calendar month; ONI is the 3-month season centred on the month
1951,8,0.9,27.41,JAS,27.02,0.17,0.124,monthly index value for the calendar month; ONI is the 3-month season centred on the month
1951,9,1.02,27.34,ASO,27.23,0.51,-0.005,monthly index value for the calendar month; ONI is the 3-month season centred on the month
1951,10,1.03,27.25,SON,27.2,0.49,-0.168,monthly index value for the calendar month; ONI is the 3-month season centred on the month
1951,11,0.96,27.18,OND,27.25,0.55,0.122,monthly index value for the calendar month; ONI is the 3-month season centred on the month
1951,12,0.71,26.91,NDJ,26.91,0.31,-0.072,monthly index value for the calendar month; ONI is the 3-month season centred on the month
1952,1,0.52,26.86,DJF,26.67,0.13,-0.069,monthly index value for the calendar month; ONI is the 3-month season centred on the month
1952,2,0.27,26.82,JFM,26.74,-0.01,0.08,monthly index value for the calendar month; ONI is the 3-month season centred on the month
1952,3,0.33,27.33,FMA,27.17,-0.11,0.126,monthly index value for the calendar month; ONI is the 3-month season centred on the month
1952,4,0.18,27.5,MAM,27.8,-0.02,0.074,monthly index value for the calendar month; ONI is the 3-month season centred on the month
1952,5,-0.07,27.38,AMJ,27.79,-0.14,-0.148,monthly index value for the calendar month; ONI is the 3-month season centred on the month
1952,6,-0.44,26.78,MJJ,27.18,-0.54,0.019,monthly index value for the calendar month; ONI is the 3-month season centred on the month
1952,7,-0.45,26.41,JJA,26.53,-0.76,-0.43,monthly index value for the calendar month; ONI is the 3-month season centred on the month
1952,8,-0.2,26.31,JAS,26.3,-0.56,-0.463,monthly index value for the calendar month; ONI is the 3-month season centred on the month
1952,9,0.03,26.35,ASO,26.36,-0.36,-0.606,monthly index value for the calendar month; ONI is the 3-month season centred on the month
1952,10,0.04,26.26,SON,26.26,-0.46,-0.546,monthly index value for the calendar month; ONI is the 3-month season centred on the month
1952,11,-0.11,26.11,OND,25.92,-0.78,-0.171,monthly index value for the calendar month; ONI is the 3-month season centred on the month
1952,12,0.06,26.25,NDJ,26.21,-0.39,-0.031,monthly index value for the calendar month; ONI is the 3-month season centred on the month
1953,1,0.25,26.58,DJF,26.74,0.2,0.304,monthly index value for the calendar month; ONI is the 3-month season centred on the month
1953,2,0.5,27.06,JFM,27.0,0.24,0.285,monthly index value for the calendar month; ONI is the 3-month season centred on the month
1953,3,0.48,27.48,FMA,27.57,0.29,0.188,monthly index value for the calendar month; ONI is the 3-month season centred on the month
1953,4,0.56,27.88,MAM,28.04,0.22,-0.054,monthly index value for the calendar month; ONI is the 3-month season centred on the month
1953,5,0.77,28.22,AMJ,28.28,0.35,0.316,monthly index value for the calendar month; ONI is the 3-month season centred on the month
1953,6,0.74,27.96,MJJ,28.12,0.39,-0.113,monthly index value for the calendar month; ONI is the 3-month season centred on the month
1953,7,0.63,27.49,JJA,27.43,0.14,-0.178,monthly index value for the calendar month; ONI is the 3-month season centred on the month
1953,8,0.68,27.19,JAS,26.94,0.09,-0.231,monthly index value for the calendar month; ONI is the 3-month season centred on the month
1953,9,0.59,26.91,ASO,27.01,0.29,-0.24,monthly index value for the calendar month; ONI is the 3-month season centred on the month
1953,10,0.78,27.0,SON,26.87,0.16,-0.312,monthly index value for the calendar month; ONI is the 3-month season centred on the month
1953,11,0.52,26.74,OND,26.88,0.18,-0.136,monthly index value for the calendar month; ONI is the 3-month season centred on the month
1953,12,0.56,26.76,NDJ,27.0,0.41,-0.119,monthly index value for the calendar month; ONI is the 3-month season centred on the month
1954,1,0.41,26.74,DJF,26.98,0.43,-0.339,monthly index value for the calendar month; ONI is the 3-month season centred on the month
1954,2,0.35,26.91,JFM,27.03,0.28,-0.272,monthly index value for the calendar month; ONI is the 3-month season centred on the month
1954,3,0.01,27.01,FMA,26.9,-0.38,-0.163,monthly index value for the calendar month; ONI is the 3-month season centred on the month
1954,4,-0.27,27.04,MAM,26.64,-1.17,-0.009,monthly index value for the calendar month; ONI is the 3-month season centred on the month
1954,5,-0.48,26.97,AMJ,27.12,-0.81,-0.55,monthly index value for the calendar month; ONI is the 3-month season centred on the month
1954,6,-0.48,26.74,MJJ,26.8,-0.93,-0.505,monthly index value for the calendar month; ONI is the 3-month season centred on the month
1954,7,-0.67,26.18,JJA,26.11,-1.18,-0.855,monthly index value for the calendar month; ONI is the 3-month season centred on the month
1954,8,-0.83,25.68,JAS,25.43,-1.43,-0.631,monthly index value for the calendar month; ONI is the 3-month season centred on the month
1954,9,-0.73,25.58,ASO,25.12,-1.6,-0.719,monthly index value for the calendar month; ONI is the 3-month season centred on the month
1954,10,-0.52,25.7,SON,25.23,-1.48,-0.836,monthly index value for the calendar month; ONI is the 3-month season centred on the month
1954,11,-0.4,25.82,OND,25.57,-1.13,-0.451,monthly index value for the calendar month; ONI is the 3-month season centred on the month
1954,12,-0.44,25.76,NDJ,25.26,-1.33,-0.053,monthly index value for the calendar month; ONI is the 3-month season centred on the month
1955,1,-0.5,25.83,DJF,25.61,-0.93,-0.05,monthly index value for the calendar month; ONI is the 3-month season centred on the month
1955,2,-0.48,26.08,JFM,25.81,-0.95,-0.152,monthly index value for the calendar month; ONI is the 3-month season centred on the month
1955,3,-0.58,26.42,FMA,26.22,-1.06,0.019,monthly index value for the calendar month; ONI is the 3-month season centred on the month
1955,4,-0.76,26.56,MAM,26.6,-1.22,-0.044,monthly index value for the calendar month; ONI is the 3-month season centred on the month
1955,5,-0.78,26.67,AMJ,26.66,-1.28,-0.696,monthly index value for the calendar month; ONI is the 3-month season centred on the month
1955,6,-0.88,26.34,MJJ,26.55,-1.18,-0.387,monthly index value for the calendar month; ONI is the 3-month season centred on the month
1955,7,-0.72,26.13,JJA,26.15,-1.15,-0.439,monthly index value for the calendar month; ONI is the 3-month season centred on the month
1955,8,-0.92,25.59,JAS,25.51,-1.35,-0.43,monthly index value for the calendar month; ONI is the 3-month season centred on the month
1955,9,-1.11,25.21,ASO,25.28,-1.43,-0.738,monthly index value for the calendar month; ONI is the 3-month season centred on the month
1955,10,-1.44,24.78,SON,24.41,-2.31,-0.73,monthly index value for the calendar month; ONI is the 3-month season centred on the month
1955,11,-1.59,24.63,OND,24.25,-2.45,-0.269,monthly index value for the calendar month; ONI is the 3-month season centred on the month
1955,12,-1.51,24.73,NDJ,24.57,-2.03,-0.301,monthly index value for the calendar month; ONI is the 3-month season centred on the month
1956,1,-1.17,25.2,DJF,25.34,-1.2,-0.101,monthly index value for the calendar month; ONI is the 3-month season centred on the month
1956,2,-0.81,25.82,JFM,25.76,-0.99,-0.021,monthly index value for the calendar month; ONI is the 3-month season centred on the month
1956,3,-0.57,26.47,FMA,26.46,-0.83,-0.001,monthly index value for the calendar month; ONI is the 3-month season centred on the month
1956,4,-0.51,26.84,MAM,26.85,-0.97,-0.3,monthly index value for the calendar month; ONI is the 3-month season centred on the month
1956,5,-0.49,27.0,AMJ,27.13,-0.8,-0.57,monthly index value for the calendar month; ONI is the 3-month season centred on the month
1956,6,-0.47,26.81,MJJ,26.81,-0.92,-0.826,monthly index value for the calendar month; ONI is the 3-month season centred on the month
1956,7,-0.55,26.37,JJA,26.23,-1.06,-1.083,monthly index value for the calendar month; ONI is the 3-month season centred on the month
1956,8,-0.52,26.02,JAS,25.68,-1.17,-0.772,monthly index value for the calendar month; ONI is the 3-month season centred on the month
1956,9,-0.43,25.9,ASO,25.73,-0.98,-0.803,monthly index value for the calendar month; ONI is the 3-month season centred on the month
1956,10,-0.39,25.85,SON,25.75,-0.97,-0.672,monthly index value for the calendar month; ONI is the 3-month season centred on the month
1956,11,-0.37,25.87,OND,25.56,-1.14,-0.516,monthly index value for the calendar month; ONI is the 3-month season centred on the month
1956,12,-0.39,25.87,NDJ,25.71,-0.89,-0.15,monthly index value for the calendar month; ONI is the 3-month season centred on the month
1957,1,-0.27,26.11,DJF,26.04,-0.51,-0.437,monthly index value for the calendar month; ONI is the 3-month season centred on the month
1957,2,-0.06,26.57,JFM,26.54,-0.22,-0.563,monthly index value for the calendar month; ONI is the 3-month season centred on the month
1957,3,0.26,27.3,FMA,27.46,0.18,-0.197,monthly index value for the calendar month; ONI is the 3-month season centred on the month
1957,4,0.63,27.99,MAM,28.23,0.41,-0.3,monthly index value for the calendar month; ONI is the 3-month season centred on the month
1957,5,0.72,28.21,AMJ,28.55,0.62,-0.327,monthly index value for the calendar month; ONI is the 3-month season centred on the month
1957,6,0.82,28.09,MJJ,28.36,0.63,-0.466,monthly index value for the calendar month; ONI is the 3-month season centred on the month
1957,7,0.96,27.88,JJA,28.17,0.87,-0.489,monthly index value for the calendar month; ONI is the 3-month season centred on the month
1957,8,1.03,27.57,JAS,27.69,0.84,-0.266,monthly index value for the calendar month; ONI is the 3-month season centred on the month
1957,9,1.12,27.45,ASO,27.44,0.72,-0.383,monthly index value for the calendar month; ONI is the 3-month season centred on the month
1957,10,1.15,27.38,SON,27.42,0.7,-0.523,monthly index value for the calendar month; ONI is the 3-month season centred on the month
1957,11,1.39,27.63,OND,27.62,0.92,-0.483,monthly index value for the calendar month; ONI is the 3-month season centred on the month
1957,12,1.62,27.87,NDJ,27.9,1.3,-0.25,monthly index value for the calendar month; ONI is the 3-month season centred on the month
1958,1,1.69,28.07,DJF,28.33,1.78,-0.396,monthly index value for the calendar month; ONI is the 3-month season centred on the month
1958,2,1.59,28.21,JFM,28.24,1.49,-0.234,monthly index value for the calendar month; ONI is the 3-month season centred on the month
1958,3,1.17,28.21,FMA,28.27,0.98,-0.374,monthly index value for the calendar month; ONI is the 3-month season centred on the month
1958,4,0.84,28.2,MAM,28.27,0.46,-0.347,monthly index value for the calendar month; ONI is the 3-month season centred on the month
1958,5,0.57,28.06,AMJ,28.31,0.38,-0.496,monthly index value for the calendar month; ONI is the 3-month season centred on the month
1958,6,0.49,27.77,MJJ,27.99,0.26,-0.855,monthly index value for the calendar month; ONI is the 3-month season centred on the month
1958,7,0.43,27.36,JJA,27.32,0.03,-1.063,monthly index value for the calendar month; ONI is the 3-month season centred on the month
1958,8,0.32,26.86,JAS,26.85,-0.01,-1.259,monthly index value for the calendar month; ONI is the 3-month season centred on the month
1958,9,0.28,26.61,ASO,26.4,-0.32,-1.303,monthly index value for the calendar month; ONI is the 3-month season centred on the month
1958,10,0.3,26.53,SON,26.45,-0.27,-0.967,monthly index value for the calendar month; ONI is the 3-month season centred on the month
1958,11,0.36,26.6,OND,26.75,0.05,-0.675,monthly index value for the calendar month; ONI is the 3-month season centred on the month
1958,12,0.56,26.82,NDJ,26.62,0.02,-0.639,monthly index value for the calendar month; ONI is the 3-month season centred on the month
1959,1,0.6,26.99,DJF,27.07,0.53,-0.027,monthly index value for the calendar month; ONI is the 3-month season centred on the month
1959,2,0.64,27.27,JFM,27.18,0.43,-0.531,monthly index value for the calendar month; ONI is the 3-month season centred on the month
1959,3,0.48,27.51,FMA,27.47,0.19,-0.524,monthly index value for the calendar month; ONI is the 3-month season centred on the month
1959,4,0.39,27.75,MAM,27.88,0.06,-0.356,monthly index value for the calendar month; ONI is the 3-month season centred on the month
1959,5,0.24,27.73,AMJ,27.7,-0.23,-0.742,monthly index value for the calendar month; ONI is the 3-month season centred on the month
1959,6,0.02,27.29,MJJ,27.37,-0.35,-0.745,monthly index value for the calendar month; ONI is the 3-month season centred on the month
1959,7,-0.19,26.74,JJA,26.44,-0.86,-0.667,monthly index value for the calendar month; ONI is the 3-month season centred on the month
1959,8,-0.23,26.31,JAS,26.09,-0.77,-0.913,monthly index value for the calendar month; ONI is the 3-month season centred on the month
1959,9,-0.04,26.29,ASO,25.92,-0.8,-0.839,monthly index value for the calendar month; ONI is the 3-month season centred on the month
1959,10,0.11,26.34,SON,26.24,-0.48,-0.586,monthly index value for the calendar month; ONI is the 3-month season centred on the month
1959,11,0.23,26.47,OND,26.04,-0.66,-0.575,monthly index value for the calendar month; ONI is the 3-month season centred on the month
1959,12,0.14,26.4,NDJ,26.18,-0.42,-0.357,monthly index value for the calendar month; ONI is the 3-month season centred on the month
1960,1,0.02,26.4,DJF,26.27,-0.28,-0.237,monthly index value for the calendar month; ONI is the 3-month season centred on the month
1960,2,0.03,26.65,JFM,26.29,-0.46,-0.044,monthly index value for the calendar month; ONI is the 3-month season centred on the month
1960,3,0.06,27.1,FMA,26.98,-0.3,-0.433,monthly index value for the calendar month; ONI is the 3-month season centred on the month
1960,4,0.17,27.52,MAM,27.49,-0.33,-0.745,monthly index value for the calendar month; ONI is the 3-month season centred on the month
1960,5,0.04,27.53,AMJ,27.68,-0.25,-0.739,monthly index value for the calendar month; ONI is the 3-month season centred on the month
1960,6,0.0,27.27,MJJ,27.24,-0.49,-0.681,monthly index value for the calendar month; ONI is the 3-month season centred on the month
1960,7,0.01,26.93,JJA,26.88,-0.41,-0.735,monthly index value for the calendar month; ONI is the 3-month season centred on the month
1960,8,0.15,26.69,JAS,26.7,-0.15,-0.584,monthly index value for the calendar month; ONI is the 3-month season centred on the month
1960,9,0.19,26.52,ASO,26.44,-0.28,-0.582,monthly index value for the calendar month; ONI is the 3-month season centred on the month
1960,10,0.08,26.32,SON,26.22,-0.49,-0.906,monthly index value for the calendar month; ONI is the 3-month season centred on the month
1960,11,-0.07,26.17,OND,26.26,-0.45,-0.811,monthly index value for the calendar month; ONI is the 3-month season centred on the month
1960,12,-0.07,26.16,NDJ,26.22,-0.38,-0.641,monthly index value for the calendar month; ONI is the 3-month season centred on the month
1961,1,0.0,26.34,DJF,26.23,-0.31,-0.144,monthly index value for the calendar month; ONI is the 3-month season centred on the month
1961,2,0.03,26.6,JFM,26.56,-0.19,-0.08,monthly index value for the calendar month; ONI is the 3-month season centred on the month
1961,3,0.01,26.98,FMA,26.94,-0.35,-0.122,monthly index value for the calendar month; ONI is the 3-month season centred on the month
1961,4,0.05,27.33,MAM,27.36,-0.46,-0.613,monthly index value for the calendar month; ONI is the 3-month season centred on the month
1961,5,0.22,27.62,AMJ,27.75,-0.18,-0.438,monthly index value for the calendar month; ONI is the 3-month season centred on the month
1961,6,0.22,27.41,MJJ,27.67,-0.06,-0.006,monthly index value for the calendar month; ONI is the 3-month season centred on the month
1961,7,0.08,26.94,JJA,26.89,-0.41,0.63,monthly index value for the calendar month; ONI is the 3-month season centred on the month
1961,8,-0.2,26.32,JAS,26.19,-0.67,0.775,monthly index value for the calendar month; ONI is the 3-month season centred on the month
1961,9,-0.32,26.01,ASO,25.78,-0.94,0.554,monthly index value for the calendar month; ONI is the 3-month season centred on the month
1961,10,-0.22,26.02,SON,25.71,-1.01,0.457,monthly index value for the calendar month; ONI is the 3-month season centred on the month
1961,11,-0.11,26.09,OND,26.07,-0.63,0.323,monthly index value for the calendar month; ONI is the 3-month season centred on the month
1961,12,-0.05,26.14,NDJ,25.97,-0.63,0.311,monthly index value for the calendar month; ONI is the 3-month season centred on the month
1962,1,-0.16,26.16,DJF,25.96,-0.59,0.512,monthly index value for the calendar month; ONI is the 3-month season centred on the month
1962,2,-0.17,26.4,JFM,26.19,-0.57,0.544,monthly index value for the calendar month; ONI is the 3-month season centred on the month
1962,3,-0.15,26.83,FMA,26.8,-0.48,0.357,monthly index value for the calendar month; ONI is the 3-month season centred on the month
1962,4,-0.2,27.09,MAM,27.13,-0.69,-0.02,monthly index value for the calendar month; ONI is the 3-month season centred on the month
1962,5,-0.19,27.21,AMJ,27.05,-0.89,-0.385,monthly index value for the calendar month; ONI is the 3-month season centred on the month
1962,6,-0.13,27.06,MJJ,27.08,-0.65,-0.458,monthly index value for the calendar month; ONI is the 3-month season centred on the month
1962,7,0.0,26.85,JJA,26.76,-0.53,-0.468,monthly index value for the calendar month; ONI is the 3-month season centred on the month
1962,8,-0.1,26.42,JAS,26.33,-0.53,-0.304,monthly index value for the calendar month; ONI is the 3-month season centred on the month
1962,9,-0.16,26.17,ASO,25.94,-0.78,-0.186,monthly index value for the calendar month; ONI is the 3-month season centred on the month
1962,10,-0.25,25.98,SON,25.97,-0.75,-0.328,monthly index value for the calendar month; ONI is the 3-month season centred on the month
1962,11,-0.25,25.95,OND,25.75,-0.95,-0.213,monthly index value for the calendar month; ONI is the 3-month season centred on the month
1962,12,-0.32,25.87,NDJ,25.67,-0.93,-0.071,monthly index value for the calendar month; ONI is the 3-month season centred on the month
1963,1,-0.33,25.98,DJF,25.77,-0.78,0.328,monthly index value for the calendar month; ONI is the 3-month season centred on the month
1963,2,-0.17,26.4,JFM,26.22,-0.53,0.396,monthly index value for the calendar month; ONI is the 3-month season centred on the month
1963,3,0.01,26.99,FMA,27.18,-0.1,0.201,monthly index value for the calendar month; ONI is the 3-month season centred on the month
1963,4,0.13,27.41,MAM,27.78,-0.03,-0.061,monthly index value for the calendar month; ONI is the 3-month season centred on the month
1963,5,0.12,27.52,AMJ,27.63,-0.3,-0.324,monthly index value for the calendar month; ONI is the 3-month season centred on the month
1963,6,0.45,27.64,MJJ,27.62,-0.11,-0.247,monthly index value for the calendar month; ONI is the 3-month season centred on the month
1963,7,0.76,27.61,JJA,27.78,0.49,0.212,monthly index value for the calendar month; ONI is the 3-month season centred on the month
1963,8,1.09,27.61,JAS,27.48,0.62,0.473,monthly index value for the calendar month; ONI is the 3-month season centred on the month
1963,9,1.09,27.42,ASO,27.4,0.68,0.082,monthly index value for the calendar month; ONI is the 3-month season centred on the month
1963,10,1.13,27.37,SON,27.36,0.64,0.431,monthly index value for the calendar month; ONI is the 3-month season centred on the month
1963,11,1.19,27.39,OND,27.47,0.77,0.319,monthly index value for the calendar month; ONI is the 3-month season centred on the month
1963,12,1.13,27.33,NDJ,27.62,1.02,-0.059,monthly index value for the calendar month; ONI is the 3-month season centred on the month
1964,1,0.95,27.26,DJF,27.34,0.79,-0.461,monthly index value for the calendar month; ONI is the 3-month season centred on the month
1964,2,0.52,27.09,JFM,27.13,0.38,-0.692,monthly index value for the calendar month; ONI is the 3-month season centred on the month
1964,3,0.06,27.04,FMA,27.02,-0.26,-0.312,monthly index value for the calendar month; ONI is the 3-month season centred on the month
1964,4,-0.35,26.93,MAM,26.95,-0.87,-0.224,monthly index value for the calendar month; ONI is the 3-month season centred on the month
1964,5,-0.6,26.8,AMJ,26.82,-1.12,-0.52,monthly index value for the calendar month; ONI is the 3-month season centred on the month
1964,6,-0.66,26.53,MJJ,26.59,-1.14,-0.344,monthly index value for the calendar month; ONI is the 3-month season centred on the month
1964,7,-0.67,26.19,JJA,26.33,-0.96,-0.829,monthly index value for the calendar month; ONI is the 3-month season centred on the month
1964,8,-0.7,25.82,JAS,25.6,-1.26,-0.683,monthly index value for the calendar month; ONI is the 3-month season centred on the month
1964,9,-0.72,25.6,ASO,25.32,-1.4,-0.98,monthly index value for the calendar month; ONI is the 3-month season centred on the month
1964,10,-0.8,25.44,SON,25.37,-1.35,-1.028,monthly index value for the calendar month; ONI is the 3-month season centred on the month
1964,11,-0.79,25.41,OND,25.26,-1.44,-0.284,monthly index value for the calendar month; ONI is the 3-month season centred on the month
1964,12,-0.75,25.45,NDJ,25.23,-1.37,-0.182,monthly index value for the calendar month; ONI is the 3-month season centred on the month
1965,1,-0.51,25.8,DJF,25.66,-0.89,-0.331,monthly index value for the calendar month; ONI is the 3-month season centred on the month
1965,2,-0.25,26.32,JFM,26.19,-0.56,-0.447,monthly index value for the calendar month; ONI is the 3-month season centred on the month
1965,3,-0.04,26.93,FMA,26.94,-0.34,-0.186,monthly index value for the calendar month; ONI is the 3-month season centred on the month
1965,4,0.16,27.45,MAM,27.38,-0.44,-0.285,monthly index value for the calendar month; ONI is the 3-month season centred on the month
1965,5,0.47,27.86,AMJ,27.99,0.06,-0.54,monthly index value for the calendar month; ONI is the 3-month season centred on the month
1965,6,0.79,27.98,MJJ,28.09,0.36,-0.488,monthly index value for the calendar month; ONI is the 3-month season centred on the month
1965,7,1.1,27.95,JJA,27.9,0.61,-0.473,monthly index value for the calendar month; ONI is the 3-month season centred on the month
1965,8,1.27,27.79,JAS,27.97,1.12,-0.247,monthly index value for the calendar month; ONI is the 3-month season centred on the month
1965,9,1.55,27.87,ASO,28.01,1.29,-0.197,monthly index value for the calendar month; ONI is the 3-month season centred on the month
1965,10,1.7,27.93,SON,28.17,1.45,0.017,monthly index value for the calendar month; ONI is the 3-month season centred on the month
1965,11,1.82,28.02,OND,28.12,1.42,-0.225,monthly index value for the calendar month; ONI is the 3-month season centred on the month
1965,12,1.6,27.83,NDJ,27.96,1.36,-0.29,monthly index value for the calendar month; ONI is the 3-month season centred on the month
1966,1,1.24,27.61,DJF,27.67,1.12,-0.232,monthly index value for the calendar month; ONI is the 3-month season centred on the month
1966,2,0.95,27.6,JFM,27.55,0.8,-0.163,monthly index value for the calendar month; ONI is the 3-month season centred on the month
1966,3,0.76,27.79,FMA,28.21,0.93,-0.341,monthly index value for the calendar month; ONI is the 3-month season centred on the month
1966,4,0.43,27.77,MAM,28.16,0.35,-0.435,monthly index value for the calendar month; ONI is the 3-month season centred on the month
1966,5,0.24,27.68,AMJ,27.55,-0.38,-0.423,monthly index value for the calendar month; ONI is the 3-month season centred on the month
1966,6,0.18,27.44,MJJ,27.64,-0.08,-0.119,monthly index value for the calendar month; ONI is the 3-month season centred on the month
1966,7,0.25,27.18,JJA,27.33,0.04,-0.005,monthly index value for the calendar month; ONI is the 3-month season centred on the month
1966,8,0.13,26.73,JAS,26.48,-0.37,0.129,monthly index value for the calendar month; ONI is the 3-month season centred on the month
1966,9,-0.09,26.34,ASO,26.27,-0.44,0.102,monthly index value for the calendar month; ONI is the 3-month season centred on the month
1966,10,-0.12,26.27,SON,26.22,-0.5,-0.304,monthly index value for the calendar month; ONI is the 3-month season centred on the month
1966,11,-0.23,26.17,OND,26.23,-0.47,-0.361,monthly index value for the calendar month; ONI is the 3-month season centred on the month
1966,12,-0.35,26.02,NDJ,26.03,-0.57,-0.236,monthly index value for the calendar month; ONI is the 3-month season centred on the month
1967,1,-0.46,25.97,DJF,25.88,-0.67,-0.237,monthly index value for the calendar month; ONI is the 3-month season centred on the month
1967,2,-0.48,26.18,JFM,26.11,-0.64,-0.073,monthly index value for the calendar month; ONI is the 3-month season centred on the month
1967,3,-0.5,26.53,FMA,26.5,-0.78,0.249,monthly index value for the calendar month; ONI is the 3-month season centred on the month
1967,4,-0.37,26.97,MAM,26.74,-1.08,-0.263,monthly index value for the calendar month; ONI is the 3-month season centred on the month
1967,5,-0.15,27.3,AMJ,27.35,-0.59,-0.166,monthly index value for the calendar month; ONI is the 3-month season centred on the month
1967,6,0.05,27.31,MJJ,27.47,-0.26,0.044,monthly index value for the calendar month; ONI is the 3-month season centred on the month
1967,7,-0.02,26.92,JJA,26.97,-0.33,0.139,monthly index value for the calendar month; ONI is the 3-month season centred on the month
1967,8,-0.26,26.33,JAS,26.44,-0.42,0.13,monthly index value for the calendar month; ONI is the 3-month season centred on the month
1967,9,-0.4,26.03,ASO,25.86,-0.86,0.145,monthly index value for the calendar month; ONI is the 3-month season centred on the month
1967,10,-0.4,25.99,SON,25.97,-0.74,0.158,monthly index value for the calendar month; ONI is the 3-month season centred on the month
1967,11,-0.36,26.03,OND,26.08,-0.62,0.023,monthly index value for the calendar month; ONI is the 3-month season centred on the month
1967,12,-0.42,25.95,NDJ,25.95,-0.65,0.054,monthly index value for the calendar month; ONI is the 3-month season centred on the month
1968,1,-0.62,25.81,DJF,25.69,-0.85,0.213,monthly index value for the calendar month; ONI is the 3-month season centred on the month
1968,2,-0.73,25.92,JFM,25.68,-1.07,0.334,monthly index value for the calendar month; ONI is the 3-month season centred on the month
1968,3,-0.63,26.41,FMA,26.33,-0.95,0.153,monthly index value for the calendar month; ONI is the 3-month season centred on the month
1968,4,-0.48,26.85,MAM,27.1,-0.72,0.073,monthly index value for the calendar month; ONI is the 3-month season centred on the month
1968,5,-0.1,27.35,AMJ,27.19,-0.75,-0.123,monthly index value for the calendar month; ONI is the 3-month season centred on the month
1968,6,0.17,27.43,MJJ,27.88,0.15,0.09,monthly index value for the calendar month; ONI is the 3-month season centred on the month
1968,7,0.44,27.37,JJA,27.58,0.28,-0.522,monthly index value for the calendar month; ONI is the 3-month season centred on the month
1968,8,0.38,26.97,JAS,27.01,0.16,-0.455,monthly index value for the calendar month; ONI is the 3-month season centred on the month
1968,9,0.34,26.78,ASO,26.72,0.01,-0.734,monthly index value for the calendar month; ONI is the 3-month season centred on the month
1968,10,0.5,26.9,SON,26.75,0.04,-0.531,monthly index value for the calendar month; ONI is the 3-month season centred on the month
1968,11,0.66,27.06,OND,27.2,0.5,-0.454,monthly index value for the calendar month; ONI is the 3-month season centred on the month
1968,12,0.93,27.3,NDJ,27.27,0.67,-0.213,monthly index value for the calendar month; ONI is the 3-month season centred on the month
1969,1,0.98,27.42,DJF,27.5,0.95,-0.162,monthly index value for the calendar month; ONI is the 3-month season centred on the month
1969,2,0.98,27.63,JFM,27.86,1.11,-0.164,monthly index value for the calendar month; ONI is the 3-month season centred on the month
1969,3,0.77,27.8,FMA,27.82,0.54,0.06,monthly index value for the calendar month; ONI is the 3-month season centred on the month
1969,4,0.69,28.02,MAM,28.13,0.31,-0.05,monthly index value for the calendar month; ONI is the 3-month season centred on the month
1969,5,0.62,28.06,AMJ,28.29,0.35,-0.166,monthly index value for the calendar month; ONI is the 3-month season centred on the month
1969,6,0.48,27.74,MJJ,27.69,-0.04,-0.626,monthly index value for the calendar month; ONI is the 3-month season centred on the month
1969,7,0.37,27.3,JJA,27.08,-0.21,-0.406,monthly index value for the calendar month; ONI is the 3-month season centred on the month
1969,8,0.41,27.0,JAS,27.02,0.16,-0.35,monthly index value for the calendar month; ONI is the 3-month season centred on the month
1969,9,0.61,27.04,ASO,27.15,0.43,-0.248,monthly index value for the calendar month; ONI is the 3-month season centred on the month
1969,10,0.71,27.11,SON,27.34,0.62,-0.2,monthly index value for the calendar month; ONI is the 3-month season centred on the month
1969,11,0.81,27.21,OND,27.1,0.4,-0.004,monthly index value for the calendar month; ONI is the 3-month season centred on the month
1969,12,0.71,27.08,NDJ,26.98,0.38,-0.085,monthly index value for the calendar month; ONI is the 3-month season centred on the month
1970,1,0.46,26.89,DJF,26.83,0.28,0.298,monthly index value for the calendar month; ONI is the 3-month season centred on the month
1970,2,0.23,26.89,JFM,26.95,0.2,0.326,monthly index value for the calendar month; ONI is the 3-month season centred on the month
1970,3,0.23,27.27,FMA,27.14,-0.14,0.068,monthly index value for the calendar month; ONI is the 3-month season centred on the month
1970,4,0.28,27.61,MAM,27.74,-0.08,0.219,monthly index value for the calendar month; ONI is the 3-month season centred on the month
1970,5,0.11,27.56,AMJ,27.63,-0.3,0.182,monthly index value for the calendar month; ONI is the 3-month season centred on the month
1970,6,-0.26,27.0,MJJ,27.04,-0.69,-0.385,monthly index value for the calendar month; ONI is the 3-month season centred on the month
1970,7,-0.55,26.38,JJA,26.21,-1.08,-0.57,monthly index value for the calendar month; ONI is the 3-month season centred on the month
1970,8,-0.72,25.88,JAS,25.6,-1.26,-0.35,monthly index value for the calendar month; ONI is the 3-month season centred on the month
1970,9,-0.69,25.74,ASO,25.65,-1.07,-0.599,monthly index value for the calendar month; ONI is the 3-month season centred on the month
1970,10,-0.72,25.67,SON,25.6,-1.12,-0.638,monthly index value for the calendar month; ONI is the 3-month season centred on the month
1970,11,-0.78,25.61,OND,25.57,-1.13,-0.307,monthly index value for the calendar month; ONI is the 3-month season centred on the month
1970,12,-1.1,25.29,NDJ,25.27,-1.33,-0.235,monthly index value for the calendar month; ONI is the 3-month season centred on the month
1971,1,-1.29,25.17,DJF,24.81,-1.73,0.198,monthly index value for the calendar month; ONI is the 3-month season centred on the month
1971,2,-1.36,25.34,JFM,25.18,-1.57,0.013,monthly index value for the calendar month; ONI is the 3-month season centred on the month
1971,3,-1.08,25.97,FMA,25.92,-1.36,0.208,monthly index value for the calendar month; ONI is the 3-month season centred on the month
1971,4,-0.81,26.55,MAM,26.63,-1.18,0.24,monthly index value for the calendar month; ONI is the 3-month season centred on the month
1971,5,-0.72,26.76,AMJ,26.95,-0.98,-0.074,monthly index value for the calendar month; ONI is the 3-month season centred on the month
1971,6,-0.69,26.62,MJJ,26.6,-1.13,-0.236,monthly index value for the calendar month; ONI is the 3-month season centred on the month
1971,7,-0.68,26.3,JJA,26.13,-1.17,-0.354,monthly index value for the calendar month; ONI is the 3-month season centred on the month
1971,8,-0.6,26.05,JAS,25.75,-1.1,-0.547,monthly index value for the calendar month; ONI is the 3-month season centred on the month
1971,9,-0.68,25.81,ASO,25.72,-1.0,-0.746,monthly index value for the calendar month; ONI is the 3-month season centred on the month
1971,10,-0.78,25.68,SON,25.47,-1.24,-0.629,monthly index value for the calendar month; ONI is the 3-month season centred on the month
1971,11,-0.86,25.59,OND,25.56,-1.15,0.018,monthly index value for the calendar month; ONI is the 3-month season centred on the month
1971,12,-0.78,25.65,NDJ,25.37,-1.23,0.215,monthly index value for the calendar month; ONI is the 3-month season centred on the month
1972,1,-0.57,25.92,DJF,25.62,-0.92,0.143,monthly index value for the calendar month; ONI is the 3-month season centred on the month
1972,2,-0.27,26.42,JFM,26.3,-0.45,-0.216,monthly index value for the calendar month; ONI is the 3-month season centred on the month
1972,3,0.04,27.09,FMA,27.09,-0.19,0.03,monthly index value for the calendar month; ONI is the 3-month season centred on the month
1972,4,0.25,27.61,MAM,27.89,0.07,0.131,monthly index value for the calendar month; ONI is the 3-month season centred on the month
1972,5,0.48,27.96,AMJ,28.32,0.38,0.157,monthly index value for the calendar month; ONI is the 3-month season centred on the month
1972,6,0.7,28.0,MJJ,28.18,0.45,0.738,monthly index value for the calendar month; ONI is the 3-month season centred on the month
1972,7,1.0,27.98,JJA,28.14,0.85,0.708,monthly index value for the calendar month; ONI is the 3-month season centred on the month
1972,8,1.26,27.91,JAS,27.95,1.09,0.511,monthly index value for the calendar month; ONI is the 3-month season centred on the month
1972,9,1.49,27.98,ASO,27.95,1.23,0.363,monthly index value for the calendar month; ONI is the 3-month season centred on the month
1972,10,1.69,28.14,SON,28.26,1.54,0.327,monthly index value for the calendar month; ONI is the 3-month season centred on the month
1972,11,1.84,28.3,OND,28.61,1.9,0.67,monthly index value for the calendar month; ONI is the 3-month season centred on the month
1972,12,1.77,28.2,NDJ,28.69,2.09,0.477,monthly index value for the calendar month; ONI is the 3-month season centred on the month
1973,1,1.55,28.03,DJF,28.34,1.8,0.043,monthly index value for the calendar month; ONI is the 3-month season centred on the month
1973,2,1.13,27.82,JFM,27.95,1.2,-0.077,monthly index value for the calendar month; ONI is the 3-month season centred on the month
1973,3,0.56,27.61,FMA,27.55,0.27,-0.001,monthly index value for the calendar month; ONI is the 3-month season centred on the month
1973,4,-0.03,27.33,MAM,27.24,-0.58,-0.116,monthly index value for the calendar month; ONI is the 3-month season centred on the month
1973,5,-0.51,26.97,AMJ,26.96,-0.97,0.084,monthly index value for the calendar month; ONI is the 3-month season centred on the month
1973,6,-0.8,26.51,MJJ,26.55,-1.18,-0.225,monthly index value for the calendar month; ONI is the 3-month season centred on the month
1973,7,-0.99,25.99,JJA,25.76,-1.54,-0.495,monthly index value for the calendar month; ONI is the 3-month season centred on the month
1973,8,-1.11,25.54,JAS,25.22,-1.63,-0.607,monthly index value for the calendar month; ONI is the 3-month season centred on the month
1973,9,-1.26,25.23,ASO,25.06,-1.66,-0.773,monthly index value for the calendar month; ONI is the 3-month season centred on the month
1973,10,-1.58,24.87,SON,24.73,-1.98,-0.449,monthly index value for the calendar month; ONI is the 3-month season centred on the month
1973,11,-1.89,24.57,OND,24.33,-2.37,-0.157,monthly index value for the calendar month; ONI is the 3-month season centred on the month
1973,12,-2.04,24.39,NDJ,24.33,-2.26,0.047,monthly index value for the calendar month; ONI is the 3-month season centred on the month
1974,1,-1.87,24.61,DJF,24.46,-2.09,0.279,monthly index value for the calendar month; ONI is the 3-month season centred on the month
1974,2,-1.59,25.1,JFM,25.1,-1.66,0.156,monthly index value for the calendar month; ONI is the 3-month season centred on the month
1974,3,-1.24,25.82,FMA,25.84,-1.45,0.249,monthly index value for the calendar month; ONI is the 3-month season centred on the month
1974,4,-0.99,26.37,MAM,26.46,-1.36,-0.053,monthly index value for the calendar month; ONI is the 3-month season centred on the month
1974,5,-0.71,26.77,AMJ,26.64,-1.29,-0.239,monthly index value for the calendar month; ONI is the 3-month season centred on the month
1974,6,-0.64,26.67,MJJ,26.53,-1.2,-0.027,monthly index value for the calendar month; ONI is the 3-month season centred on the month
1974,7,-0.46,26.52,JJA,26.39,-0.9,-0.249,monthly index value for the calendar month; ONI is the 3-month season centred on the month
1974,8,-0.4,26.25,JAS,26.33,-0.52,-0.498,monthly index value for the calendar month; ONI is the 3-month season centred on the month
1974,9,-0.47,26.02,ASO,26.08,-0.64,-0.661,monthly index value for the calendar month; ONI is the 3-month season centred on the month
1974,10,-0.69,25.76,SON,25.78,-0.94,-0.845,monthly index value for the calendar month; ONI is the 3-month season centred on the month
1974,11,-0.88,25.57,OND,25.61,-1.09,-0.551,monthly index value for the calendar month; ONI is the 3-month season centred on the month
1974,12,-0.71,25.72,NDJ,25.63,-0.97,-0.36,monthly index value for the calendar month; ONI is the 3-month season centred on the month
1975,1,-0.56,25.92,DJF,26.09,-0.45,-0.367,monthly index value for the calendar month; ONI is the 3-month season centred on the month
1975,2,-0.55,26.15,JFM,26.07,-0.68,-0.25,monthly index value for the calendar month; ONI is the 3-month season centred on the month
1975,3,-0.61,26.44,FMA,26.19,-1.09,-0.464,monthly index value for the calendar month; ONI is the 3-month season centred on the month
1975,4,-0.66,26.7,MAM,26.86,-0.96,0.087,monthly index value for the calendar month; ONI is the 3-month season centred on the month
1975,5,-0.8,26.68,AMJ,26.8,-1.13,0.066,monthly index value for the calendar month; ONI is the 3-month season centred on the month
1975,6,-0.92,26.39,MJJ,26.23,-1.5,0.055,monthly index value for the calendar month; ONI is the 3-month season centred on the month
1975,7,-1.08,25.9,JJA,25.9,-1.39,-0.039,monthly index value for the calendar month; ONI is the 3-month season centred on the month
1975,8,-1.12,25.54,JAS,25.33,-1.52,-0.344,monthly index value for the calendar month; ONI is the 3-month season centred on the month
1975,9,-1.29,25.2,ASO,25.05,-1.66,-0.857,monthly index value for the calendar month; ONI is the 3-month season centred on the month
1975,10,-1.32,25.14,SON,24.89,-1.83,-1.056,monthly index value for the calendar month; ONI is the 3-month season centred on the month
1975,11,-1.47,24.98,OND,25.05,-1.66,-0.328,monthly index value for the calendar month; ONI is the 3-month season centred on the month
1975,12,-1.58,24.84,NDJ,24.67,-1.93,-0.169,monthly index value for the calendar month; ONI is the 3-month season centred on the month
1976,1,-1.49,24.98,DJF,24.54,-2.01,0.005,monthly index value for the calendar month; ONI is the 3-month season centred on the month
1976,2,-1.11,25.55,JFM,25.49,-1.26,0.077,monthly index value for the calendar month; ONI is the 3-month season centred on the month
1976,3,-0.65,26.37,FMA,26.46,-0.82,0.02,monthly index value for the calendar month; ONI is the 3-month season centred on the month
1976,4,-0.45,26.87,MAM,26.88,-0.93,0.122,monthly index value for the calendar month; ONI is the 3-month season centred on the month
1976,5,-0.23,27.21,AMJ,27.2,-0.74,-0.004,monthly index value for the calendar month; ONI is the 3-month season centred on the month
1976,6,0.0,27.28,MJJ,27.35,-0.38,0.369,monthly index value for the calendar month; ONI is the 3-month season centred on the month
1976,7,0.23,27.21,JJA,27.13,-0.16,0.593,monthly index value for the calendar month; ONI is the 3-month season centred on the month
1976,8,0.4,27.09,JAS,26.98,0.12,0.107,monthly index value for the calendar month; ONI is the 3-month season centred on the month
1976,9,0.6,27.13,ASO,27.02,0.3,-0.208,monthly index value for the calendar month; ONI is the 3-month season centred on the month
1976,10,0.79,27.28,SON,27.46,0.75,-0.231,monthly index value for the calendar month; ONI is the 3-month season centred on the month
1976,11,0.81,27.28,OND,27.41,0.71,-0.181,monthly index value for the calendar month; ONI is the 3-month season centred on the month
1976,12,0.84,27.28,NDJ,27.09,0.49,0.029,monthly index value for the calendar month; ONI is the 3-month season centred on the month
1977,1,0.71,27.19,DJF,27.32,0.78,-0.003,monthly index value for the calendar month; ONI is the 3-month season centred on the month
1977,2,0.66,27.33,JFM,27.13,0.37,-0.261,monthly index value for the calendar month; ONI is the 3-month season centred on the month
1977,3,0.33,27.35,FMA,27.47,0.19,0.174,monthly index value for the calendar month; ONI is the 3-month season centred on the month
1977,4,0.26,27.58,MAM,27.44,-0.38,-0.029,monthly index value for the calendar month; ONI is the 3-month season centred on the month
1977,5,0.26,27.7,AMJ,27.72,-0.21,-0.341,monthly index value for the calendar month; ONI is the 3-month season centred on the month
1977,6,0.46,27.75,MJJ,27.74,0.01,-0.095,monthly index value for the calendar month; ONI is the 3-month season centred on the month
1977,7,0.39,27.37,JJA,27.38,0.09,-0.171,monthly index value for the calendar month; ONI is the 3-month season centred on the month
1977,8,0.35,27.04,JAS,26.85,-0.01,-0.261,monthly index value for the calendar month; ONI is the 3-month season centred on the month
1977,9,0.45,26.97,ASO,27.12,0.4,-0.259,monthly index value for the calendar month; ONI is the 3-month season centred on the month
1977,10,0.68,27.17,SON,27.35,0.63,0.245,monthly index value for the calendar month; ONI is the 3-month season centred on the month
1977,11,0.84,27.31,OND,27.19,0.48,-0.127,monthly index value for the calendar month; ONI is the 3-month season centred on the month
1977,12,0.82,27.25,NDJ,27.29,0.7,-0.02,monthly index value for the calendar month; ONI is the 3-month season centred on the month
1978,1,0.71,27.18,DJF,27.17,0.62,-0.64,monthly index value for the calendar month; ONI is the 3-month season centred on the month
1978,2,0.52,27.19,JFM,27.0,0.25,-0.53,monthly index value for the calendar month; ONI is the 3-month season centred on the month
1978,3,0.17,27.19,FMA,27.09,-0.2,-0.583,monthly index value for the calendar month; ONI is the 3-month season centred on the month
1978,4,-0.06,27.26,MAM,27.12,-0.7,-0.214,monthly index value for the calendar month; ONI is the 3-month season centred on the month
1978,5,-0.28,27.17,AMJ,27.2,-0.74,-0.533,monthly index value for the calendar month; ONI is the 3-month season centred on the month
1978,6,-0.24,27.05,MJJ,27.02,-0.71,-0.175,monthly index value for the calendar month; ONI is the 3-month season centred on the month
1978,7,-0.37,26.61,JJA,26.74,-0.55,-0.107,monthly index value for the calendar month; ONI is the 3-month season centred on the month
1978,8,-0.37,26.32,JAS,26.07,-0.79,-0.224,monthly index value for the calendar month; ONI is the 3-month season centred on the month
1978,9,-0.44,26.08,ASO,26.01,-0.71,-0.26,monthly index value for the calendar month; ONI is the 3-month season centred on the month
1978,10,-0.27,26.22,SON,26.25,-0.46,-0.502,monthly index value for the calendar month; ONI is the 3-month season centred on the month
1978,11,-0.07,26.4,OND,26.33,-0.38,-0.458,monthly index value for the calendar month; ONI is the 3-month season centred on the month
1978,12,0.11,26.54,NDJ,26.54,-0.06,-0.26,monthly index value for the calendar month; ONI is the 3-month season centred on the month
1979,1,0.19,26.67,DJF,26.41,-0.13,0.317,monthly index value for the calendar month; ONI is the 3-month season centred on the month
1979,2,0.21,26.88,JFM,26.53,-0.22,-0.159,monthly index value for the calendar month; ONI is the 3-month season centred on the month
1979,3,0.29,27.31,FMA,27.27,-0.02,-0.034,monthly index value for the calendar month; ONI is the 3-month season centred on the month
1979,4,0.32,27.64,MAM,27.83,0.02,-0.207,monthly index value for the calendar month; ONI is the 3-month season centred on the month
1979,5,0.29,27.73,AMJ,27.69,-0.25,-0.444,monthly index value for the calendar month; ONI is the 3-month season centred on the month
1979,6,0.14,27.43,MJJ,27.43,-0.29,0.109,monthly index value for the calendar month; ONI is the 3-month season centred on the month
1979,7,0.09,27.07,JJA,26.82,-0.47,-0.315,monthly index value for the calendar month; ONI is the 3-month season centred on the month
1979,8,0.22,26.91,JAS,26.75,-0.1,-0.226,monthly index value for the calendar month; ONI is the 3-month season centred on the month
1979,9,0.34,26.86,ASO,26.99,0.28,-0.279,monthly index value for the calendar month; ONI is the 3-month season centred on the month
1979,10,0.47,26.96,SON,26.83,0.11,-0.314,monthly index value for the calendar month; ONI is the 3-month season centred on the month
1979,11,0.5,26.97,OND,26.99,0.29,-0.251,monthly index value for the calendar month; ONI is the 3-month season centred on the month
1979,12,0.64,27.07,NDJ,27.11,0.52,-0.101,monthly index value for the calendar month; ONI is the 3-month season centred on the month
1980,1,0.62,27.09,DJF,27.08,0.54,-0.158,monthly index value for the calendar month; ONI is the 3-month season centred on the month
1980,2,0.47,27.14,JFM,26.97,0.22,-0.2,monthly index value for the calendar month; ONI is the 3-month season centred on the month
1980,3,0.35,27.37,FMA,27.31,0.03,-0.418,monthly index value for the calendar month; ONI is the 3-month season centred on the month
1980,4,0.34,27.67,MAM,27.75,-0.07,-0.096,monthly index value for the calendar month; ONI is the 3-month season centred on the month
1980,5,0.45,27.9,AMJ,28.01,0.08,-0.066,monthly index value for the calendar month; ONI is the 3-month season centred on the month
1980,6,0.4,27.68,MJJ,27.94,0.21,-0.382,monthly index value for the calendar month; ONI is the 3-month season centred on the month
1980,7,0.18,27.16,JJA,27.23,-0.06,-0.661,monthly index value for the calendar month; ONI is the 3-month season centred on the month
1980,8,-0.06,26.62,JAS,26.48,-0.38,-0.822,monthly index value for the calendar month; ONI is the 3-month season centred on the month
1980,9,-0.17,26.36,ASO,26.44,-0.28,-0.745,monthly index value for the calendar month; ONI is the 3-month season centred on the month
1980,10,-0.07,26.42,SON,26.46,-0.26,-0.658,monthly index value for the calendar month; ONI is the 3-month season centred on the month
1980,11,0.08,26.55,OND,26.6,-0.1,-0.417,monthly index value for the calendar month; ONI is the 3-month season centred on the month
1980,12,-0.05,26.44,NDJ,26.65,0.05,-0.483,monthly index value for the calendar month; ONI is the 3-month season centred on the month
1981,1,-0.27,26.31,DJF,26.18,-0.36,-0.201,monthly index value for the calendar month; ONI is the 3-month season centred on the month
1981,2,-0.42,26.4,JFM,26.11,-0.64,-0.024,monthly index value for the calendar month; ONI is the 3-month season centred on the month
1981,3,-0.41,26.76,FMA,26.64,-0.64,0.026,monthly index value for the calendar month; ONI is the 3-month season centred on the month
1981,4,-0.27,27.21,MAM,27.29,-0.53,0.093,monthly index value for the calendar month; ONI is the 3-month season centred on the month
1981,5,-0.28,27.3,AMJ,27.36,-0.57,-0.018,monthly index value for the calendar month; ONI is the 3-month season centred on the month
1981,6,-0.27,27.12,MJJ,27.27,-0.46,-0.239,monthly index value for the calendar month; ONI is the 3-month season centred on the month
1981,7,-0.28,26.77,JJA,26.65,-0.64,-0.56,monthly index value for the calendar month; ONI is the 3-month season centred on the month
1981,8,-0.23,26.51,JAS,26.33,-0.53,-0.628,monthly index value for the calendar month; ONI is the 3-month season centred on the month
1981,9,-0.08,26.49,ASO,26.53,-0.19,-0.757,monthly index value for the calendar month; ONI is the 3-month season centred on the month
1981,10,-0.16,26.38,SON,26.42,-0.3,-0.606,monthly index value for the calendar month; ONI is the 3-month season centred on the month
1981,11,-0.19,26.34,OND,26.29,-0.41,-0.327,monthly index value for the calendar month; ONI is the 3-month season centred on the month
1981,12,-0.14,26.4,NDJ,26.4,-0.2,-0.019,monthly index value for the calendar month; ONI is the 3-month season centred on the month
1982,1,-0.05,26.55,DJF,26.67,0.13,0.144,monthly index value for the calendar month; ONI is the 3-month season centred on the month
1982,2,0.02,26.83,JFM,26.59,-0.17,0.167,monthly index value for the calendar month; ONI is the 3-month season centred on the month
1982,3,0.07,27.23,FMA,27.41,0.13,0.054,monthly index value for the calendar month; ONI is the 3-month season centred on the month
1982,4,0.34,27.82,MAM,28.03,0.21,0.119,monthly index value for the calendar month; ONI is the 3-month season centred on the month
1982,5,0.65,28.23,AMJ,28.39,0.45,0.223,monthly index value for the calendar month; ONI is the 3-month season centred on the month
1982,6,0.73,28.12,MJJ,28.26,0.53,0.255,monthly index value for the calendar month; ONI is the 3-month season centred on the month
1982,7,0.78,27.82,JJA,27.66,0.37,0.265,monthly index value for the calendar month; ONI is the 3-month season centred on the month
1982,8,0.99,27.72,JAS,27.58,0.73,0.256,monthly index value for the calendar month; ONI is the 3-month season centred on the month
1982,9,1.45,28.02,ASO,28.21,1.49,0.442,monthly index value for the calendar month; ONI is the 3-month season centred on the month
1982,10,1.82,28.36,SON,28.71,1.99,0.624,monthly index value for the calendar month; ONI is the 3-month season centred on the month
1982,11,2.03,28.56,OND,28.62,1.92,0.284,monthly index value for the calendar month; ONI is the 3-month season centred on the month
1982,12,2.12,28.66,NDJ,28.8,2.2,-0.163,monthly index value for the calendar month; ONI is the 3-month season centred on the month
1983,1,2.14,28.74,DJF,28.89,2.35,-0.482,monthly index value for the calendar month; ONI is the 3-month season centred on the month
1983,2,1.91,28.73,JFM,28.69,1.94,-0.588,monthly index value for the calendar month; ONI is the 3-month season centred on the month
1983,3,1.52,28.69,FMA,28.66,1.38,-0.752,monthly index value for the calendar month; ONI is the 3-month season centred on the month
1983,4,1.23,28.7,MAM,28.77,0.95,-0.556,monthly index value for the calendar month; ONI is the 3-month season centred on the month
1983,5,0.95,28.53,AMJ,28.84,0.9,-0.058,monthly index value for the calendar month; ONI is the 3-month season centred on the month
1983,6,0.62,28.01,MJJ,28.27,0.54,0.37,monthly index value for the calendar month; ONI is the 3-month season centred on the month
1983,7,0.25,27.29,JJA,27.18,-0.11,0.525,monthly index value for the calendar month; ONI is the 3-month season centred on the month
1983,8,-0.06,26.67,JAS,26.59,-0.27,0.345,monthly index value for the calendar month; ONI is the 3-month season centred on the month
1983,9,-0.43,26.14,ASO,26.2,-0.52,-0.068,monthly index value for the calendar month; ONI is the 3-month season centred on the month
1983,10,-0.76,25.78,SON,25.56,-1.16,-0.288,monthly index value for the calendar month; ONI is the 3-month season centred on the month
1983,11,-0.96,25.56,OND,25.41,-1.29,-0.343,monthly index value for the calendar month; ONI is the 3-month season centred on the month
1983,12,-0.89,25.65,NDJ,25.57,-1.03,-0.101,monthly index value for the calendar month; ONI is the 3-month season centred on the month
1984,1,-0.63,25.97,DJF,25.88,-0.67,-0.223,monthly index value for the calendar month; ONI is the 3-month season centred on the month
1984,2,-0.51,26.3,JFM,26.56,-0.19,-0.149,monthly index value for the calendar month; ONI is the 3-month season centred on the month
1984,3,-0.38,26.78,FMA,26.77,-0.52,-0.122,monthly index value for the calendar month; ONI is the 3-month season centred on the month
1984,4,-0.47,27.0,MAM,27.14,-0.68,0.05,monthly index value for the calendar month; ONI is the 3-month season centred on the month
1984,5,-0.55,27.04,AMJ,27.2,-0.73,-0.304,monthly index value for the calendar month; ONI is the 3-month season centred on the month
1984,6,-0.52,26.87,MJJ,26.83,-0.9,-0.356,monthly index value for the calendar month; ONI is the 3-month season centred on the month
1984,7,-0.39,26.65,JJA,26.79,-0.5,-0.366,monthly index value for the calendar month; ONI is the 3-month season centred on the month
1984,8,-0.22,26.51,JAS,26.61,-0.24,-0.497,monthly index value for the calendar month; ONI is the 3-month season centred on the month
1984,9,-0.32,26.25,ASO,26.38,-0.34,-0.608,monthly index value for the calendar month; ONI is the 3-month season centred on the month
1984,10,-0.62,25.92,SON,26.04,-0.67,-0.654,monthly index value for the calendar month; ONI is the 3-month season centred on the month
1984,11,-0.95,25.57,OND,25.52,-1.19,-0.418,monthly index value for the calendar month; ONI is the 3-month season centred on the month
1984,12,-1.06,25.48,NDJ,25.25,-1.34,-0.278,monthly index value for the calendar month; ONI is the 3-month season centred on the month
1985,1,-1.01,25.59,DJF,25.38,-1.16,-0.467,monthly index value for the calendar month; ONI is the 3-month season centred on the month
1985,2,-0.86,25.95,JFM,26.03,-0.72,-0.627,monthly index value for the calendar month; ONI is the 3-month season centred on the month
1985,3,-0.85,26.31,FMA,26.5,-0.79,-0.541,monthly index value for the calendar month; ONI is the 3-month season centred on the month
1985,4,-0.8,26.67,MAM,26.64,-1.18,-0.2,monthly index value for the calendar month; ONI is the 3-month season centred on the month
1985,5,-0.79,26.8,AMJ,26.9,-1.03,-0.223,monthly index value for the calendar month; ONI is the 3-month season centred on the month
1985,6,-0.6,26.79,MJJ,26.81,-0.91,-0.629,monthly index value for the calendar month; ONI is the 3-month season centred on the month
1985,7,-0.44,26.6,JJA,26.56,-0.74,-0.404,monthly index value for the calendar month; ONI is the 3-month season centred on the month
1985,8,-0.33,26.41,JAS,26.3,-0.56,-0.459,monthly index value for the calendar month; ONI is the 3-month season centred on the month
1985,9,-0.31,26.26,ASO,26.02,-0.7,-0.238,monthly index value for the calendar month; ONI is the 3-month season centred on the month
1985,10,-0.3,26.24,SON,26.23,-0.49,-0.498,monthly index value for the calendar month; ONI is the 3-month season centred on the month
1985,11,-0.28,26.25,OND,26.33,-0.37,0.074,monthly index value for the calendar month; ONI is the 3-month season centred on the month
1985,12,-0.36,26.15,NDJ,26.19,-0.41,-0.417,monthly index value for the calendar month; ONI is the 3-month season centred on the month
1986,1,-0.4,26.15,DJF,25.89,-0.66,-0.113,monthly index value for the calendar month; ONI is the 3-month season centred on the month
1986,2,-0.38,26.38,JFM,26.05,-0.71,-0.135,monthly index value for the calendar month; ONI is the 3-month season centred on the month
1986,3,-0.25,26.89,FMA,26.87,-0.42,-0.2,monthly index value for the calendar month; ONI is the 3-month season centred on the month
1986,4,-0.17,27.31,MAM,27.49,-0.33,-0.286,monthly index value for the calendar month; ONI is the 3-month season centred on the month
1986,5,-0.09,27.5,AMJ,27.4,-0.53,-0.154,monthly index value for the calendar month; ONI is the 3-month season centred on the month
1986,6,0.02,27.42,MJJ,27.42,-0.31,-0.279,monthly index value for the calendar month; ONI is the 3-month season centred on the month
1986,7,0.24,27.29,JJA,27.18,-0.11,-0.546,monthly index value for the calendar month; ONI is the 3-month season centred on the month
1986,8,0.46,27.22,JAS,27.17,0.32,-0.401,monthly index value for the calendar month; ONI is the 3-month season centred on the month
1986,9,0.64,27.24,ASO,27.24,0.53,-0.142,monthly index value for the calendar month; ONI is the 3-month season centred on the month
1986,10,0.86,27.42,SON,27.53,0.81,-0.048,monthly index value for the calendar month; ONI is the 3-month season centred on the month
1986,11,1.06,27.57,OND,27.71,1.01,-0.243,monthly index value for the calendar month; ONI is the 3-month season centred on the month
1986,12,1.21,27.69,NDJ,27.72,1.12,-0.274,monthly index value for the calendar month; ONI is the 3-month season centred on the month
1987,1,1.18,27.72,DJF,27.68,1.14,-0.081,monthly index value for the calendar month; ONI is the 3-month season centred on the month
1987,2,1.13,27.89,JFM,27.88,1.13,0.041,monthly index value for the calendar month; ONI is the 3-month season centred on the month
1987,3,1.02,28.16,FMA,28.27,0.98,-0.138,monthly index value for the calendar month; ONI is the 3-month season centred on the month
1987,4,0.94,28.42,MAM,28.39,0.58,-0.157,monthly index value for the calendar month; ONI is the 3-month season centred on the month
1987,5,0.95,28.53,AMJ,28.56,0.62,0.165,monthly index value for the calendar month; ONI is the 3-month season centred on the month
1987,6,1.11,28.51,MJJ,28.65,0.92,0.109,monthly index value for the calendar month; ONI is the 3-month season centred on the month
1987,7,1.3,28.35,JJA,28.59,1.29,0.206,monthly index value for the calendar month; ONI is the 3-month season centred on the month
1987,8,1.46,28.23,JAS,28.42,1.57,0.297,monthly index value for the calendar month; ONI is the 3-month season centred on the month
1987,9,1.49,28.1,ASO,28.36,1.65,0.392,monthly index value for the calendar month; ONI is the 3-month season centred on the month
1987,10,1.41,27.97,SON,27.96,1.24,0.254,monthly index value for the calendar month; ONI is the 3-month season centred on the month
1987,11,1.2,27.72,OND,27.77,1.07,-0.051,monthly index value for the calendar month; ONI is the 3-month season centred on the month
1987,12,1.0,27.49,NDJ,27.54,0.94,0.152,monthly index value for the calendar month; ONI is the 3-month season centred on the month
1988,1,0.63,27.17,DJF,27.45,0.9,0.353,monthly index value for the calendar month; ONI is the 3-month season centred on the month
1988,2,0.37,27.13,JFM,27.03,0.28,-0.154,monthly index value for the calendar month; ONI is the 3-month season centred on the month
1988,3,-0.03,27.11,FMA,27.38,0.1,-0.313,monthly index value for the calendar month; ONI is the 3-month season centred on the month
1988,4,-0.45,27.03,MAM,27.38,-0.44,-0.128,monthly index value for the calendar month; ONI is the 3-month season centred on the month
1988,5,-0.99,26.6,AMJ,26.68,-1.25,-0.513,monthly index value for the calendar month; ONI is the 3-month season centred on the month
1988,6,-1.3,26.09,MJJ,25.99,-1.74,-0.272,monthly index value for the calendar month; ONI is the 3-month season centred on the month
1988,7,-1.3,25.75,JJA,25.56,-1.74,-0.15,monthly index value for the calendar month; ONI is the 3-month season centred on the month
1988,8,-1.14,25.63,JAS,25.66,-1.19,-0.289,monthly index value for the calendar month; ONI is the 3-month season centred on the month
1988,9,-1.27,25.34,ASO,25.72,-1.0,-0.394,monthly index value for the calendar month; ONI is the 3-month season centred on the month
1988,10,-1.54,25.01,SON,24.82,-1.9,-0.525,monthly index value for the calendar month; ONI is the 3-month season centred on the month
1988,11,-1.81,24.7,OND,24.65,-2.05,-0.184,monthly index value for the calendar month; ONI is the 3-month season centred on the month
1988,12,-1.85,24.64,NDJ,24.63,-1.96,0.156,monthly index value for the calendar month; ONI is the 3-month season centred on the month
1989,1,-1.64,24.91,DJF,24.58,-1.97,-0.281,monthly index value for the calendar month; ONI is the 3-month season centred on the month
1989,2,-1.38,25.39,JFM,25.28,-1.47,-0.045,monthly index value for the calendar month; ONI is the 3-month season centred on the month
1989,3,-1.09,26.05,FMA,26.08,-1.21,-0.319,monthly index value for the calendar month; ONI is the 3-month season centred on the month
1989,4,-0.85,26.63,MAM,26.74,-1.08,-0.48,monthly index value for the calendar month; ONI is the 3-month season centred on the month
1989,5,-0.61,26.98,AMJ,27.06,-0.88,-0.594,monthly index value for the calendar month; ONI is the 3-month season centred on the month
1989,6,-0.4,27.0,MJJ,27.14,-0.59,-0.78,monthly index value for the calendar month; ONI is the 3-month season centred on the month
1989,7,-0.37,26.68,JJA,26.72,-0.57,-0.447,monthly index value for the calendar month; ONI is the 3-month season centred on the month
1989,8,-0.36,26.41,JAS,26.33,-0.53,-0.321,monthly index value for the calendar month; ONI is the 3-month season centred on the month
1989,9,-0.33,26.28,ASO,26.42,-0.3,-0.224,monthly index value for the calendar month; ONI is the 3-month season centred on the month
1989,10,-0.25,26.31,SON,26.32,-0.4,-0.412,monthly index value for the calendar month; ONI is the 3-month season centred on the month
1989,11,-0.12,26.39,OND,26.25,-0.45,-0.338,monthly index value for the calendar month; ONI is the 3-month season centred on the month
1989,12,-0.04,26.45,NDJ,26.46,-0.13,-0.167,monthly index value for the calendar month; ONI is the 3-month season centred on the month
1990,1,0.18,26.73,DJF,26.56,0.01,-0.099,monthly index value for the calendar month; ONI is the 3-month season centred on the month
1990,2,0.19,26.95,JFM,26.96,0.21,-0.289,monthly index value for the calendar month; ONI is the 3-month season centred on the month
1990,3,0.3,27.44,FMA,27.33,0.04,-0.143,monthly index value for the calendar month; ONI is the 3-month season centred on the month
1990,4,0.27,27.75,MAM,27.9,0.08,-0.385,monthly index value for the calendar month; ONI is the 3-month season centred on the month
1990,5,0.25,27.84,AMJ,28.02,0.08,-0.349,monthly index value for the calendar month; ONI is the 3-month season centred on the month
1990,6,0.25,27.65,MJJ,27.64,-0.08,-0.568,monthly index value for the calendar month; ONI is the 3-month season centred on the month
1990,7,0.26,27.31,JJA,27.38,0.09,-0.246,monthly index value for the calendar month; ONI is the 3-month season centred on the month
1990,8,0.32,27.08,JAS,27.07,0.22,-0.391,monthly index value for the calendar month; ONI is the 3-month season centred on the month
1990,9,0.31,26.92,ASO,26.94,0.22,-0.183,monthly index value for the calendar month; ONI is the 3-month season centred on the month
1990,10,0.27,26.83,SON,26.93,0.21,-0.345,monthly index value for the calendar month; ONI is the 3-month season centred on the month
1990,11,0.31,26.82,OND,26.81,0.1,-0.095,monthly index value for the calendar month; ONI is the 3-month season centred on the month
1990,12,0.34,26.88,NDJ,26.95,0.35,0.003,monthly index value for the calendar month; ONI is the 3-month season centred on the month
1991,1,0.35,26.99,DJF,27.03,0.49,0.065,monthly index value for the calendar month; ONI is the 3-month season centred on the month
1991,2,0.26,27.16,JFM,27.07,0.32,-0.097,monthly index value for the calendar month; ONI is the 3-month season centred on the month
1991,3,0.23,27.5,FMA,27.32,0.03,-0.037,monthly index value for the calendar month; ONI is the 3-month season centred on the month
1991,4,0.29,27.9,MAM,28.01,0.19,0.288,monthly index value for the calendar month; ONI is the 3-month season centred on the month
1991,5,0.49,28.21,AMJ,28.2,0.26,0.379,monthly index value for the calendar month; ONI is the 3-month season centred on the month
1991,6,0.63,28.18,MJJ,28.25,0.52,0.263,monthly index value for the calendar month; ONI is the 3-month season centred on the month
1991,7,0.77,27.97,JJA,28.05,0.76,0.269,monthly index value for the calendar month; ONI is the 3-month season centred on the month
1991,8,0.67,27.6,JAS,27.53,0.68,0.058,monthly index value for the calendar month; ONI is the 3-month season centred on the month
1991,9,0.72,27.49,ASO,27.14,0.42,0.099,monthly index value for the calendar month; ONI is the 3-month season centred on the month
1991,10,0.83,27.57,SON,27.58,0.86,-0.031,monthly index value for the calendar month; ONI is the 3-month season centred on the month
1991,11,1.18,27.89,OND,27.9,1.2,0.04,monthly index value for the calendar month; ONI is the 3-month season centred on the month
1991,12,1.43,28.09,NDJ,28.29,1.69,0.084,monthly index value for the calendar month; ONI is the 3-month season centred on the month
1992,1,1.54,28.24,DJF,28.38,1.84,-0.321,monthly index value for the calendar month; ONI is the 3-month season centred on the month
1992,2,1.5,28.4,JFM,28.53,1.78,-0.388,monthly index value for the calendar month; ONI is the 3-month season centred on the month
1992,3,1.4,28.67,FMA,28.66,1.38,-0.671,monthly index value for the calendar month; ONI is the 3-month season centred on the month
1992,4,1.3,28.91,MAM,29.02,1.2,-0.553,monthly index value for the calendar month; ONI is the 3-month season centred on the month
1992,5,1.08,28.8,AMJ,28.98,1.04,-0.549,monthly index value for the calendar month; ONI is the 3-month season centred on the month
1992,6,0.72,28.27,MJJ,28.3,0.58,-0.861,monthly index value for the calendar month; ONI is the 3-month season centred on the month
1992,7,0.35,27.55,JJA,27.51,0.22,-0.479,monthly index value for the calendar month; ONI is the 3-month season centred on the month
1992,8,0.08,27.0,JAS,26.91,0.05,-0.768,monthly index value for the calendar month; ONI is the 3-month season centred on the month
1992,9,-0.15,26.63,ASO,26.65,-0.06,-0.833,monthly index value for the calendar month; ONI is the 3-month season centred on the month
1992,10,-0.22,26.52,SON,26.42,-0.3,-0.627,monthly index value for the calendar month; ONI is the 3-month season centred on the month
1992,11,-0.24,26.47,OND,26.42,-0.28,-0.4,monthly index value for the calendar month; ONI is the 3-month season centred on the month
1992,12,-0.05,26.62,NDJ,26.44,-0.15,-0.316,monthly index value for the calendar month; ONI is the 3-month season centred on the month
1993,1,0.13,26.82,DJF,26.69,0.14,-0.196,monthly index value for the calendar month; ONI is the 3-month season centred on the month
1993,2,0.31,27.21,JFM,27.16,0.41,0.035,monthly index value for the calendar month; ONI is the 3-month season centred on the month
1993,3,0.5,27.76,FMA,27.67,0.39,-0.295,monthly index value for the calendar month; ONI is the 3-month season centred on the month
1993,4,0.73,28.34,MAM,28.41,0.59,-0.181,monthly index value for the calendar month; ONI is the 3-month season centred on the month
1993,5,0.76,28.48,AMJ,28.71,0.78,-0.027,monthly index value for the calendar month; ONI is the 3-month season centred on the month
1993,6,0.56,28.11,MJJ,28.08,0.35,-0.108,monthly index value for the calendar month; ONI is the 3-month season centred on the month
1993,7,0.28,27.48,JJA,27.52,0.23,-0.152,monthly index value for the calendar month; ONI is the 3-month season centred on the month
1993,8,0.22,27.14,JAS,26.99,0.13,-0.306,monthly index value for the calendar month; ONI is the 3-month season centred on the month
1993,9,0.2,26.98,ASO,27.07,0.35,-0.17,monthly index value for the calendar month; ONI is the 3-month season centred on the month
1993,10,0.2,26.95,SON,26.77,0.06,-0.156,monthly index value for the calendar month; ONI is the 3-month season centred on the month
1993,11,0.2,26.9,OND,26.71,0.0,-0.149,monthly index value for the calendar month; ONI is the 3-month season centred on the month
1993,12,0.19,26.85,NDJ,26.76,0.16,-0.206,monthly index value for the calendar month; ONI is the 3-month season centred on the month
1994,1,0.07,26.77,DJF,26.64,0.1,0.025,monthly index value for the calendar month; ONI is the 3-month season centred on the month
1994,2,0.0,26.9,JFM,26.81,0.06,-0.146,monthly index value for the calendar month; ONI is the 3-month season centred on the month
1994,3,0.04,27.31,FMA,27.39,0.11,0.202,monthly index value for the calendar month; ONI is the 3-month season centred on the month
1994,4,0.17,27.78,MAM,28.08,0.26,0.351,monthly index value for the calendar month; ONI is the 3-month season centred on the month
1994,5,0.25,27.97,AMJ,28.24,0.31,0.544,monthly index value for the calendar month; ONI is the 3-month season centred on the month
1994,6,0.23,27.78,MJJ,28.04,0.32,0.433,monthly index value for the calendar month; ONI is the 3-month season centred on the month
1994,7,0.3,27.51,JJA,27.54,0.24,0.557,monthly index value for the calendar month; ONI is the 3-month season centred on the month
1994,8,0.3,27.22,JAS,27.38,0.53,0.811,monthly index value for the calendar month; ONI is the 3-month season centred on the month
1994,9,0.47,27.25,ASO,27.2,0.48,0.529,monthly index value for the calendar month; ONI is the 3-month season centred on the month
1994,10,0.66,27.4,SON,27.47,0.75,0.707,monthly index value for the calendar month; ONI is the 3-month season centred on the month
1994,11,0.93,27.64,OND,27.81,1.11,0.287,monthly index value for the calendar month; ONI is the 3-month season centred on the month
1994,12,0.97,27.64,NDJ,27.85,1.25,0.263,monthly index value for the calendar month; ONI is the 3-month season centred on the month
1995,1,0.88,27.58,DJF,27.57,1.02,0.139,monthly index value for the calendar month; ONI is the 3-month season centred on the month
1995,2,0.65,27.56,JFM,27.49,0.73,0.164,monthly index value for the calendar month; ONI is the 3-month season centred on the month
1995,3,0.46,27.73,FMA,27.75,0.46,-0.05,monthly index value for the calendar month; ONI is the 3-month season centred on the month
1995,4,0.19,27.8,MAM,28.1,0.28,-0.221,monthly index value for the calendar month; ONI is the 3-month season centred on the month
1995,5,0.03,27.75,AMJ,27.82,-0.11,-0.251,monthly index value for the calendar month; ONI is the 3-month season centred on the month
1995,6,-0.11,27.43,MJJ,27.59,-0.14,-0.078,monthly index value for the calendar month; ONI is the 3-month season centred on the month
1995,7,-0.3,26.91,JJA,27.08,-0.21,-0.169,monthly index value for the calendar month; ONI is the 3-month season centred on the month
1995,8,-0.55,26.38,JAS,26.23,-0.63,-0.144,monthly index value for the calendar month; ONI is the 3-month season centred on the month
1995,9,-0.81,25.97,ASO,25.88,-0.84,-0.18,monthly index value for the calendar month; ONI is the 3-month season centred on the month
1995,10,-0.97,25.78,SON,25.84,-0.88,-0.367,monthly index value for the calendar month; ONI is the 3-month season centred on the month
1995,11,-1.05,25.66,OND,25.6,-1.1,-0.295,monthly index value for the calendar month; ONI is the 3-month season centred on the month
1995,12,-1.01,25.64,NDJ,25.65,-0.95,0.09,monthly index value for the calendar month; ONI is the 3-month season centred on the month
1996,1,-0.88,25.78,DJF,25.69,-0.86,-0.021,monthly index value for the calendar month; ONI is the 3-month season centred on the month
1996,2,-0.7,26.15,JFM,25.89,-0.86,-0.033,monthly index value for the calendar month; ONI is the 3-month season centred on the month
1996,3,-0.52,26.72,FMA,26.67,-0.61,-0.085,monthly index value for the calendar month; ONI is the 3-month season centred on the month
1996,4,-0.36,27.25,MAM,27.35,-0.47,-0.369,monthly index value for the calendar month; ONI is the 3-month season centred on the month
1996,5,-0.25,27.48,AMJ,27.55,-0.38,-0.266,monthly index value for the calendar month; ONI is the 3-month season centred on the month
1996,6,-0.24,27.3,MJJ,27.29,-0.44,-0.395,monthly index value for the calendar month; ONI is the 3-month season centred on the month
1996,7,-0.22,26.99,JJA,26.85,-0.44,-0.644,monthly index value for the calendar month; ONI is the 3-month season centred on the month
1996,8,-0.27,26.65,JAS,26.64,-0.22,-0.681,monthly index value for the calendar month; ONI is the 3-month season centred on the month
1996,9,-0.3,26.45,ASO,26.27,-0.45,-0.712,monthly index value for the calendar month; ONI is the 3-month season centred on the month
1996,10,-0.33,26.35,SON,26.27,-0.44,-1.109,monthly index value for the calendar month; ONI is the 3-month season centred on the month
1996,11,-0.39,26.24,OND,26.29,-0.41,-0.797,monthly index value for the calendar month; ONI is the 3-month season centred on the month
1996,12,-0.41,26.18,NDJ,25.95,-0.64,-0.413,monthly index value for the calendar month; ONI is the 3-month season centred on the month
1997,1,-0.41,26.23,DJF,26.01,-0.53,-0.11,monthly index value for the calendar month; ONI is the 3-month season centred on the month
1997,2,-0.26,26.59,JFM,26.38,-0.37,0.079,monthly index value for the calendar month; ONI is the 3-month season centred on the month
1997,3,-0.03,27.21,FMA,27.04,-0.25,0.043,monthly index value for the calendar month; ONI is the 3-month season centred on the month
1997,4,0.3,27.9,MAM,27.98,0.16,0.054,monthly index value for the calendar month; ONI is the 3-month season centred on the month
1997,5,0.71,28.44,AMJ,28.58,0.64,0.026,monthly index value for the calendar month; ONI is the 3-month season centred on the month
1997,6,1.13,28.67,MJJ,28.82,1.09,0.081,monthly index value for the calendar month; ONI is the 3-month season centred on the month
1997,7,1.48,28.69,JJA,28.86,1.56,0.447,monthly index value for the calendar month; ONI is the 3-month season centred on the month
1997,8,1.79,28.7,JAS,28.75,1.89,0.633,monthly index value for the calendar month; ONI is the 3-month season centred on the month
1997,9,2.04,28.78,ASO,28.85,2.13,0.771,monthly index value for the calendar month; ONI is the 3-month season centred on the month
1997,10,2.24,28.92,SON,29.08,2.36,0.874,monthly index value for the calendar month; ONI is the 3-month season centred on the month
1997,11,2.34,28.97,OND,29.12,2.41,1.279,monthly index value for the calendar month; ONI is the 3-month season centred on the month
1997,12,2.37,28.96,NDJ,28.89,2.29,0.863,monthly index value for the calendar month; ONI is the 3-month season centred on the month
1998,1,2.22,28.85,DJF,28.93,2.38,0.525,monthly index value for the calendar month; ONI is the 3-month season centred on the month
1998,2,1.91,28.76,JFM,28.78,2.03,0.422,monthly index value for the calendar month; ONI is the 3-month season centred on the month
1998,3,1.4,28.64,FMA,28.62,1.34,-0.055,monthly index value for the calendar month; ONI is the 3-month season centred on the month
1998,4,1.03,28.63,MAM,28.6,0.78,0.047,monthly index value for the calendar month; ONI is the 3-month season centred on the month
1998,5,0.4,28.13,AMJ,28.51,0.57,0.14,monthly index value for the calendar month; ONI is the 3-month season centred on the month
1998,6,-0.08,27.46,MJJ,27.34,-0.39,0.147,monthly index value for the calendar month; ONI is the 3-month season centred on the month
1998,7,-0.63,26.57,JJA,26.3,-0.99,-0.385,monthly index value for the calendar month; ONI is the 3-month season centred on the month
1998,8,-0.83,26.08,JAS,25.57,-1.28,-0.58,monthly index value for the calendar month; ONI is the 3-month season centred on the month
1998,9,-1.02,25.73,ASO,25.46,-1.26,-0.496,monthly index value for the calendar month; ONI is the 3-month season centred on the month
1998,10,-1.12,25.56,SON,25.25,-1.46,-0.743,monthly index value for the calendar month; ONI is the 3-month season centred on the month
1998,11,-1.31,25.32,OND,25.24,-1.46,-0.653,monthly index value for the calendar month; ONI is the 3-month season centred on the month
1998,12,-1.47,25.12,NDJ,24.91,-1.69,-0.336,monthly index value for the calendar month; ONI is the 3-month season centred on the month
1999,1,-1.51,25.12,DJF,24.86,-1.69,-0.13,monthly index value for the calendar month; ONI is the 3-month season centred on the month
1999,2,-1.25,25.6,JFM,25.43,-1.32,-0.038,monthly index value for the calendar month; ONI is the 3-month season centred on the month
1999,3,-0.93,26.31,FMA,26.33,-0.95,0.102,monthly index value for the calendar month; ONI is the 3-month season centred on the month
1999,4,-0.8,26.8,MAM,26.7,-1.11,-0.001,monthly index value for the calendar month; ONI is the 3-month season centred on the month
1999,5,-0.79,26.94,AMJ,26.79,-1.15,-0.186,monthly index value for the calendar month; ONI is the 3-month season centred on the month
1999,6,-0.84,26.7,MJJ,26.53,-1.19,-0.146,monthly index value for the calendar month; ONI is the 3-month season centred on the month
1999,7,-0.9,26.3,JJA,26.13,-1.17,0.111,monthly index value for the calendar month; ONI is the 3-month season centred on the month
1999,8,-0.94,25.97,JAS,25.63,-1.22,0.023,monthly index value for the calendar month; ONI is the 3-month season centred on the month
1999,9,-1.0,25.75,ASO,25.63,-1.09,-0.049,monthly index value for the calendar month; ONI is the 3-month season centred on the month
1999,10,-1.13,25.55,SON,25.48,-1.23,-0.189,monthly index value for the calendar month; ONI is the 3-month season centred on the month
1999,11,-1.35,25.27,OND,25.12,-1.58,-0.116,monthly index value for the calendar month; ONI is the 3-month season centred on the month
1999,12,-1.53,25.06,NDJ,24.86,-1.74,-0.148,monthly index value for the calendar month; ONI is the 3-month season centred on the month
2000,1,-1.47,25.17,DJF,24.78,-1.77,-0.125,monthly index value for the calendar month; ONI is the 3-month season centred on the month
2000,2,-1.26,25.59,JFM,25.21,-1.55,-0.009,monthly index value for the calendar month; ONI is the 3-month season centred on the month
2000,3,-0.98,26.26,FMA,26.3,-0.98,0.141,monthly index value for the calendar month; ONI is the 3-month season centred on the month
2000,4,-0.81,26.79,MAM,26.95,-0.87,0.141,monthly index value for the calendar month; ONI is the 3-month season centred on the month
2000,5,-0.67,27.06,AMJ,27.07,-0.86,0.113,monthly index value for the calendar month; ONI is the 3-month season centred on the month
2000,6,-0.62,26.92,MJJ,26.94,-0.79,-0.022,monthly index value for the calendar month; ONI is the 3-month season centred on the month
2000,7,-0.48,26.73,JJA,26.63,-0.67,0.077,monthly index value for the calendar month; ONI is the 3-month season centred on the month
2000,8,-0.4,26.52,JAS,26.37,-0.49,0.131,monthly index value for the calendar month; ONI is the 3-month season centred on the month
2000,9,-0.42,26.33,ASO,26.2,-0.52,-0.096,monthly index value for the calendar month; ONI is the 3-month season centred on the month
2000,10,-0.54,26.14,SON,26.02,-0.7,-0.142,monthly index value for the calendar month; ONI is the 3-month season centred on the month
2000,11,-0.76,25.87,OND,25.92,-0.79,-0.306,monthly index value for the calendar month; ONI is the 3-month season centred on the month
2000,12,-0.78,25.78,NDJ,25.68,-0.92,-0.248,monthly index value for the calendar month; ONI is the 3-month season centred on the month
2001,1,-0.76,25.82,DJF,25.81,-0.73,-0.431,monthly index value for the calendar month; ONI is the 3-month season centred on the month
2001,2,-0.54,26.25,JFM,26.12,-0.63,-0.016,monthly index value for the calendar month; ONI is the 3-month season centred on the month
2001,3,-0.43,26.79,FMA,26.8,-0.48,-0.01,monthly index value for the calendar month; ONI is the 3-month season centred on the month
2001,4,-0.29,27.34,MAM,27.33,-0.49,0.136,monthly index value for the calendar month; ONI is the 3-month season centred on the month
2001,5,-0.19,27.59,AMJ,27.6,-0.34,0.137,monthly index value for the calendar month; ONI is the 3-month season centred on the month
2001,6,-0.08,27.53,MJJ,27.54,-0.19,0.127,monthly index value for the calendar month; ONI is the 3-month season centred on the month
2001,7,-0.05,27.24,JJA,27.25,-0.04,-0.14,monthly index value for the calendar month; ONI is the 3-month season centred on the month
2001,8,-0.13,26.86,JAS,26.8,-0.05,-0.301,monthly index value for the calendar month; ONI is the 3-month season centred on the month
2001,9,-0.15,26.67,ASO,26.52,-0.2,-0.223,monthly index value for the calendar month; ONI is the 3-month season centred on the month
2001,10,-0.26,26.52,SON,26.57,-0.14,-0.451,monthly index value for the calendar month; ONI is the 3-month season centred on the month
2001,11,-0.33,26.4,OND,26.33,-0.37,-0.245,monthly index value for the calendar month; ONI is the 3-month season centred on the month
2001,12,-0.32,26.32,NDJ,26.19,-0.41,-0.051,monthly index value for the calendar month; ONI is the 3-month season centred on the month
2002,1,-0.15,26.46,DJF,26.39,-0.15,-0.142,monthly index value for the calendar month; ONI is the 3-month season centred on the month
2002,2,0.07,26.86,JFM,26.71,-0.04,-0.098,monthly index value for the calendar month; ONI is the 3-month season centred on the month
2002,3,0.11,27.34,FMA,27.29,0.01,0.008,monthly index value for the calendar month; ONI is the 3-month season centred on the month
2002,4,0.15,27.78,MAM,27.84,0.02,-0.352,monthly index value for the calendar month; ONI is the 3-month season centred on the month
2002,5,0.3,28.08,AMJ,28.24,0.31,-0.329,monthly index value for the calendar month; ONI is the 3-month season centred on the month
2002,6,0.45,28.05,MJJ,28.44,0.72,-0.189,monthly index value for the calendar month; ONI is the 3-month season centred on the month
2002,7,0.57,27.85,JJA,28.03,0.74,-0.261,monthly index value for the calendar month; ONI is the 3-month season centred on the month
2002,8,0.63,27.62,JAS,27.72,0.87,-0.208,monthly index value for the calendar month; ONI is the 3-month season centred on the month
2002,9,0.78,27.6,ASO,27.81,1.09,0.286,monthly index value for the calendar month; ONI is the 3-month season centred on the month
2002,10,0.99,27.77,SON,27.96,1.25,0.405,monthly index value for the calendar month; ONI is the 3-month season centred on the month
2002,11,1.19,27.92,OND,28.17,1.47,0.096,monthly index value for the calendar month; ONI is the 3-month season centred on the month
2002,12,1.08,27.72,NDJ,27.97,1.37,-0.158,monthly index value for the calendar month; ONI is the 3-month season centred on the month
2003,1,0.9,27.51,DJF,27.15,0.6,-0.239,monthly index value for the calendar month; ONI is the 3-month season centred on the month
2003,2,0.59,27.39,JFM,27.39,0.64,0.017,monthly index value for the calendar month; ONI is the 3-month season centred on the month
2003,3,0.38,27.61,FMA,27.65,0.36,-0.039,monthly index value for the calendar month; ONI is the 3-month season centred on the month
2003,4,-0.01,27.62,MAM,27.68,-0.14,-0.099,monthly index value for the calendar month; ONI is the 3-month season centred on the month
2003,5,-0.18,27.6,AMJ,27.32,-0.61,-0.164,monthly index value for the calendar month; ONI is the 3-month season centred on the month
2003,6,-0.13,27.47,MJJ,27.44,-0.29,0.139,monthly index value for the calendar month; ONI is the 3-month season centred on the month
2003,7,0.09,27.38,JJA,27.5,0.21,0.131,monthly index value for the calendar month; ONI is the 3-month season centred on the month
2003,8,0.14,27.13,JAS,27.11,0.26,0.108,monthly index value for the calendar month; ONI is the 3-month season centred on the month
2003,9,0.23,27.05,ASO,26.99,0.27,-0.06,monthly index value for the calendar month; ONI is the 3-month season centred on the month
2003,10,0.23,27.0,SON,27.14,0.42,-0.243,monthly index value for the calendar month; ONI is the 3-month season centred on the month
2003,11,0.29,27.02,OND,27.04,0.33,-0.159,monthly index value for the calendar month; ONI is the 3-month season centred on the month
2003,12,0.29,26.93,NDJ,27.03,0.43,0.189,monthly index value for the calendar month; ONI is the 3-month season centred on the month
2004,1,0.34,26.95,DJF,26.81,0.27,0.044,monthly index value for the calendar month; ONI is the 3-month season centred on the month
2004,2,0.27,27.06,JFM,26.98,0.23,0.114,monthly index value for the calendar month; ONI is the 3-month season centred on the month
2004,3,0.19,27.41,FMA,27.4,0.12,0.077,monthly index value for the calendar month; ONI is the 3-month season centred on the month
2004,4,0.1,27.72,MAM,27.89,0.07,-0.079,monthly index value for the calendar month; ONI is the 3-month season centred on the month
2004,5,0.12,27.9,AMJ,28.0,0.06,-0.565,monthly index value for the calendar month; ONI is the 3-month season centred on the month
2004,6,0.22,27.83,MJJ,27.86,0.13,-0.384,monthly index value for the calendar month; ONI is the 3-month season centred on the month
2004,7,0.39,27.67,JJA,27.78,0.49,-0.301,monthly index value for the calendar month; ONI is the 3-month season centred on the month
2004,8,0.54,27.53,JAS,27.62,0.76,-0.133,monthly index value for the calendar month; ONI is the 3-month season centred on the month
2004,9,0.58,27.4,ASO,27.53,0.81,-0.106,monthly index value for the calendar month; ONI is the 3-month season centred on the month
2004,10,0.61,27.38,SON,27.44,0.73,-0.004,monthly index value for the calendar month; ONI is the 3-month season centred on the month
2004,11,0.64,27.37,OND,27.36,0.66,-0.153,monthly index value for the calendar month; ONI is the 3-month season centred on the month
2004,12,0.71,27.34,NDJ,27.34,0.74,-0.132,monthly index value for the calendar month; ONI is the 3-month season centred on the month
2005,1,0.62,27.23,DJF,27.21,0.66,-0.124,monthly index value for the calendar month; ONI is the 3-month season centred on the month
2005,2,0.55,27.35,JFM,27.11,0.36,-0.56,monthly index value for the calendar month; ONI is the 3-month season centred on the month
2005,3,0.4,27.62,FMA,27.73,0.45,-0.433,monthly index value for the calendar month; ONI is the 3-month season centred on the month
2005,4,0.37,27.99,MAM,28.08,0.26,0.084,monthly index value for the calendar month; ONI is the 3-month season centred on the month
2005,5,0.27,28.05,AMJ,28.24,0.3,-0.033,monthly index value for the calendar month; ONI is the 3-month season centred on the month
2005,6,0.09,27.7,MJJ,27.77,0.04,-0.176,monthly index value for the calendar month; ONI is the 3-month season centred on the month
2005,7,-0.04,27.24,JJA,27.06,-0.23,-0.384,monthly index value for the calendar month; ONI is the 3-month season centred on the month
2005,8,-0.14,26.85,JAS,26.8,-0.05,-0.345,monthly index value for the calendar month; ONI is the 3-month season centred on the month
2005,9,-0.11,26.71,ASO,26.68,-0.04,-0.534,monthly index value for the calendar month; ONI is the 3-month season centred on the month
2005,10,-0.27,26.5,SON,26.65,-0.06,-0.436,monthly index value for the calendar month; ONI is the 3-month season centred on the month
2005,11,-0.57,26.16,OND,26.11,-0.59,-0.272,monthly index value for the calendar month; ONI is the 3-month season centred on the month
2005,12,-0.82,25.86,NDJ,25.68,-0.92,-0.3,monthly index value for the calendar month; ONI is the 3-month season centred on the month
2006,1,-0.86,25.83,DJF,25.63,-0.91,-0.135,monthly index value for the calendar month; ONI is the 3-month season centred on the month
2006,2,-0.8,26.11,JFM,26.08,-0.67,-0.306,monthly index value for the calendar month; ONI is the 3-month season centred on the month
2006,3,-0.63,26.71,FMA,26.57,-0.71,-0.226,monthly index value for the calendar month; ONI is the 3-month season centred on the month
2006,4,-0.45,27.28,MAM,27.5,-0.32,-0.015,monthly index value for the calendar month; ONI is the 3-month season centred on the month
2006,5,-0.19,27.69,AMJ,27.85,-0.09,-0.208,monthly index value for the calendar month; ONI is the 3-month season centred on the month
2006,6,-0.05,27.63,MJJ,27.73,0.0,-0.059,monthly index value for the calendar month; ONI is the 3-month season centred on the month
2006,7,0.12,27.45,JJA,27.3,0.01,0.04,monthly index value for the calendar month; ONI is the 3-month season centred on the month
2006,8,0.33,27.32,JAS,27.16,0.31,0.229,monthly index value for the calendar month; ONI is the 3-month season centred on the month
2006,9,0.54,27.34,ASO,27.32,0.6,0.428,monthly index value for the calendar month; ONI is the 3-month season centred on the month
2006,10,0.71,27.47,SON,27.41,0.7,0.577,monthly index value for the calendar month; ONI is the 3-month season centred on the month
2006,11,0.88,27.6,OND,27.69,0.99,0.501,monthly index value for the calendar month; ONI is the 3-month season centred on the month
2006,12,0.88,27.55,NDJ,27.74,1.14,0.172,monthly index value for the calendar month; ONI is the 3-month season centred on the month
2007,1,0.62,27.3,DJF,27.24,0.7,0.225,monthly index value for the calendar month; ONI is the 3-month season centred on the month
2007,2,0.19,27.1,JFM,26.88,0.13,0.15,monthly index value for the calendar month; ONI is the 3-month season centred on the month
2007,3,-0.12,27.22,FMA,27.1,-0.18,0.115,monthly index value for the calendar month; ONI is the 3-month season centred on the month
2007,4,-0.32,27.41,MAM,27.5,-0.32,0.1,monthly index value for the calendar month; ONI is the 3-month season centred on the month
2007,5,-0.34,27.54,AMJ,27.46,-0.47,0.27,monthly index value for the calendar month; ONI is the 3-month season centred on the month
2007,6,-0.41,27.27,MJJ,27.37,-0.35,0.031,monthly index value for the calendar month; ONI is the 3-month season centred on the month
2007,7,-0.49,26.84,JJA,26.71,-0.59,0.045,monthly index value for the calendar month; ONI is the 3-month season centred on the month
2007,8,-0.77,26.22,JAS,26.14,-0.72,0.237,monthly index value for the calendar month; ONI is the 3-month season centred on the month
2007,9,-1.05,25.75,ASO,25.61,-1.11,0.235,monthly index value for the calendar month; ONI is the 3-month season centred on the month
2007,10,-1.38,25.38,SON,25.32,-1.39,0.068,monthly index value for the calendar month; ONI is the 3-month season centred on the month
2007,11,-1.57,25.15,OND,25.17,-1.54,-0.023,monthly index value for the calendar month; ONI is the 3-month season centred on the month
2007,12,-1.72,24.95,NDJ,25.01,-1.58,-0.227,monthly index value for the calendar month; ONI is the 3-month season centred on the month
2008,1,-1.76,24.92,DJF,24.86,-1.68,0.115,monthly index value for the calendar month; ONI is the 3-month season centred on the month
2008,2,-1.61,25.29,JFM,25.08,-1.67,-0.072,monthly index value for the calendar month; ONI is the 3-month season centred on the month
2008,3,-1.37,25.97,FMA,26.07,-1.21,0.097,monthly index value for the calendar month; ONI is the 3-month season centred on the month
2008,4,-1.05,26.69,MAM,26.83,-0.99,-0.153,monthly index value for the calendar month; ONI is the 3-month season centred on the month
2008,5,-0.85,27.03,AMJ,27.09,-0.84,0.179,monthly index value for the calendar month; ONI is the 3-month season centred on the month
2008,6,-0.56,27.13,MJJ,27.04,-0.68,0.215,monthly index value for the calendar month; ONI is the 3-month season centred on the month
2008,7,-0.33,26.99,JJA,26.99,-0.3,0.246,monthly index value for the calendar month; ONI is the 3-month season centred on the month
2008,8,-0.2,26.78,JAS,26.72,-0.13,0.124,monthly index value for the calendar month; ONI is the 3-month season centred on the month
2008,9,-0.25,26.55,ASO,26.47,-0.25,0.086,monthly index value for the calendar month; ONI is the 3-month season centred on the month
2008,10,-0.36,26.4,SON,26.37,-0.35,0.029,monthly index value for the calendar month; ONI is the 3-month season centred on the month
2008,11,-0.57,26.15,OND,26.25,-0.46,-0.128,monthly index value for the calendar month; ONI is the 3-month season centred on the month
2008,12,-0.79,25.87,NDJ,25.74,-0.86,-0.053,monthly index value for the calendar month; ONI is the 3-month season centred on the month
2009,1,-0.89,25.79,DJF,25.66,-0.89,0.031,monthly index value for the calendar month; ONI is the 3-month season centred on the month
2009,2,-0.84,26.07,JFM,25.96,-0.79,0.163,monthly index value for the calendar month; ONI is the 3-month season centred on the month
2009,3,-0.63,26.71,FMA,26.59,-0.69,0.1,monthly index value for the calendar month; ONI is the 3-month season centred on the month
2009,4,-0.35,27.38,MAM,27.47,-0.35,0.126,monthly index value for the calendar month; ONI is the 3-month season centred on the month
2009,5,0.03,27.91,AMJ,27.99,0.06,0.257,monthly index value for the calendar month; ONI is the 3-month season centred on the month
2009,6,0.34,28.03,MJJ,28.04,0.31,0.1,monthly index value for the calendar month; ONI is the 3-month season centred on the month
2009,7,0.5,27.82,JJA,27.78,0.48,-0.192,monthly index value for the calendar month; ONI is the 3-month season centred on the month
2009,8,0.56,27.55,JAS,27.42,0.56,-0.104,monthly index value for the calendar month; ONI is the 3-month season centred on the month
2009,9,0.66,27.46,ASO,27.4,0.68,-0.103,monthly index value for the calendar month; ONI is the 3-month season centred on the month
2009,10,0.92,27.68,SON,27.6,0.89,-0.013,monthly index value for the calendar month; ONI is the 3-month season centred on the month
2009,11,1.31,28.02,OND,28.16,1.46,-0.067,monthly index value for the calendar month; ONI is the 3-month season centred on the month
2009,12,1.5,28.16,NDJ,28.34,1.74,0.16,monthly index value for the calendar month; ONI is the 3-month season centred on the month
2010,1,1.47,28.15,DJF,28.07,1.52,0.294,monthly index value for the calendar month; ONI is the 3-month season centred on the month
2010,2,1.21,28.11,JFM,28.01,1.25,0.023,monthly index value for the calendar month; ONI is the 3-month season centred on the month
2010,3,0.88,28.22,FMA,28.18,0.9,0.458,monthly index value for the calendar month; ONI is the 3-month season centred on the month
2010,4,0.38,28.11,MAM,28.2,0.38,0.37,monthly index value for the calendar month; ONI is the 3-month season centred on the month
2010,5,-0.16,27.72,AMJ,27.71,-0.22,-0.029,monthly index value for the calendar month; ONI is the 3-month season centred on the month
2010,6,-0.66,27.03,MJJ,27.04,-0.69,-0.14,monthly index value for the calendar month; ONI is the 3-month season centred on the month
2010,7,-0.98,26.34,JJA,26.22,-1.07,-0.001,monthly index value for the calendar month; ONI is the 3-month season centred on the month
2010,8,-1.24,25.74,JAS,25.47,-1.39,-0.061,monthly index value for the calendar month; ONI is the 3-month season centred on the month
2010,9,-1.43,25.37,ASO,25.12,-1.6,-0.267,monthly index value for the calendar month; ONI is the 3-month season centred on the month
2010,10,-1.54,25.21,SON,25.03,-1.69,-0.437,monthly index value for the calendar month; ONI is the 3-month season centred on the month
2010,11,-1.57,25.14,OND,25.06,-1.64,-0.495,monthly index value for the calendar month; ONI is the 3-month season centred on the month
2010,12,-1.48,25.14,NDJ,25.0,-1.6,-0.212,monthly index value for the calendar month; ONI is the 3-month season centred on the month
2011,1,-1.29,25.28,DJF,25.0,-1.54,0.191,monthly index value for the calendar month; ONI is the 3-month season centred on the month
2011,2,-1.06,25.72,JFM,25.64,-1.11,0.241,monthly index value for the calendar month; ONI is the 3-month season centred on the month
2011,3,-0.85,26.37,FMA,26.36,-0.93,0.367,monthly index value for the calendar month; ONI is the 3-month season centred on the month
2011,4,-0.68,26.95,MAM,27.05,-0.77,0.154,monthly index value for the calendar month; ONI is the 3-month season centred on the month
2011,5,-0.5,27.29,AMJ,27.41,-0.52,-0.089,monthly index value for the calendar month; ONI is the 3-month season centred on the month
2011,6,-0.34,27.29,MJJ,27.35,-0.38,0.055,monthly index value for the calendar month; ONI is the 3-month season centred on the month
2011,7,-0.37,26.92,JJA,26.87,-0.43,0.223,monthly index value for the calendar month; ONI is the 3-month season centred on the month
2011,8,-0.5,26.45,JAS,26.21,-0.65,0.344,monthly index value for the calendar month; ONI is the 3-month season centred on the month
2011,9,-0.76,26.0,ASO,25.92,-0.8,0.202,monthly index value for the calendar month; ONI is the 3-month season centred on the month
2011,10,-0.94,25.77,SON,25.67,-1.05,0.356,monthly index value for the calendar month; ONI is the 3-month season centred on the month
2011,11,-1.02,25.63,OND,25.52,-1.19,0.336,monthly index value for the calendar month; ONI is the 3-month season centred on the month
2011,12,-0.92,25.64,NDJ,25.54,-1.06,-0.128,monthly index value for the calendar month; ONI is the 3-month season centred on the month
2012,1,-0.71,25.84,DJF,25.67,-0.87,0.046,monthly index value for the calendar month; ONI is the 3-month season centred on the month
2012,2,-0.56,26.22,JFM,26.08,-0.67,-0.078,monthly index value for the calendar month; ONI is the 3-month season centred on the month
2012,3,-0.44,26.79,FMA,26.67,-0.61,0.026,monthly index value for the calendar month; ONI is the 3-month season centred on the month
2012,4,-0.35,27.29,MAM,27.32,-0.5,-0.271,monthly index value for the calendar month; ONI is the 3-month season centred on the month
2012,5,-0.18,27.62,AMJ,27.61,-0.32,-0.37,monthly index value for the calendar month; ONI is the 3-month season centred on the month
2012,6,0.03,27.66,MJJ,27.75,0.02,0.0,monthly index value for the calendar month; ONI is the 3-month season centred on the month
2012,7,0.28,27.57,JJA,27.54,0.25,0.546,monthly index value for the calendar month; ONI is the 3-month season centred on the month
2012,8,0.39,27.35,JAS,27.32,0.47,0.652,monthly index value for the calendar month; ONI is the 3-month season centred on the month
2012,9,0.37,27.13,ASO,27.1,0.38,0.453,monthly index value for the calendar month; ONI is the 3-month season centred on the month
2012,10,0.28,26.99,SON,26.98,0.26,0.11,monthly index value for the calendar month; ONI is the 3-month season centred on the month
2012,11,0.13,26.78,OND,26.86,0.16,-0.099,monthly index value for the calendar month; ONI is the 3-month season centred on the month
2012,12,-0.03,26.53,NDJ,26.34,-0.25,0.267,monthly index value for the calendar month; ONI is the 3-month season centred on the month
2013,1,-0.24,26.3,DJF,26.01,-0.53,-0.065,monthly index value for the calendar month; ONI is the 3-month season centred on the month
2013,2,-0.28,26.5,JFM,26.24,-0.52,0.189,monthly index value for the calendar month; ONI is the 3-month season centred on the month
2013,3,-0.23,27.0,FMA,27.03,-0.25,0.083,monthly index value for the calendar month; ONI is the 3-month season centred on the month
2013,4,-0.2,27.43,MAM,27.57,-0.25,-0.297,monthly index value for the calendar month; ONI is the 3-month season centred on the month
2013,5,-0.3,27.49,AMJ,27.53,-0.4,-0.506,monthly index value for the calendar month; ONI is the 3-month season centred on the month
2013,6,-0.38,27.24,MJJ,27.3,-0.42,-0.497,monthly index value for the calendar month; ONI is the 3-month season centred on the month
2013,7,-0.45,26.84,JJA,26.91,-0.39,-0.181,monthly index value for the calendar month; ONI is the 3-month season centred on the month
2013,8,-0.34,26.61,JAS,26.47,-0.38,-0.194,monthly index value for the calendar month; ONI is the 3-month season centred on the month
2013,9,-0.32,26.45,ASO,26.54,-0.18,-0.31,monthly index value for the calendar month; ONI is the 3-month season centred on the month
2013,10,-0.14,26.57,SON,26.52,-0.2,-0.168,monthly index value for the calendar month; ONI is the 3-month season centred on the month
2013,11,-0.12,26.53,OND,26.56,-0.14,0.199,monthly index value for the calendar month; ONI is the 3-month season centred on the month
2013,12,-0.11,26.45,NDJ,26.43,-0.17,0.141,monthly index value for the calendar month; ONI is the 3-month season centred on the month
2014,1,-0.24,26.31,DJF,26.05,-0.49,-0.101,monthly index value for the calendar month; ONI is the 3-month season centred on the month
2014,2,-0.21,26.57,JFM,26.14,-0.62,-0.089,monthly index value for the calendar month; ONI is the 3-month season centred on the month
2014,3,-0.02,27.21,FMA,27.0,-0.28,-0.151,monthly index value for the calendar month; ONI is the 3-month season centred on the month
2014,4,0.25,27.88,MAM,27.9,0.08,-0.058,monthly index value for the calendar month; ONI is the 3-month season centred on the month
2014,5,0.35,28.14,AMJ,28.25,0.32,-0.092,monthly index value for the calendar month; ONI is the 3-month season centred on the month
2014,6,0.22,27.84,MJJ,27.96,0.23,-0.028,monthly index value for the calendar month; ONI is the 3-month season centred on the month
2014,7,0.07,27.36,JJA,27.23,-0.06,-0.363,monthly index value for the calendar month; ONI is the 3-month season centred on the month
2014,8,0.07,27.03,JAS,26.82,-0.03,-0.372,monthly index value for the calendar month; ONI is the 3-month season centred on the month
2014,9,0.24,27.0,ASO,27.01,0.29,-0.145,monthly index value for the calendar month; ONI is the 3-month season centred on the month
2014,10,0.51,27.22,SON,27.16,0.44,0.141,monthly index value for the calendar month; ONI is the 3-month season centred on the month
2014,11,0.7,27.35,OND,27.46,0.75,0.009,monthly index value for the calendar month; ONI is the 3-month season centred on the month
2014,12,0.8,27.36,NDJ,27.31,0.71,0.046,monthly index value for the calendar month; ONI is the 3-month season centred on the month
2015,1,0.73,27.28,DJF,27.05,0.51,-0.1,monthly index value for the calendar month; ONI is the 3-month season centred on the month
2015,2,0.65,27.43,JFM,27.17,0.42,-0.345,monthly index value for the calendar month; ONI is the 3-month season centred on the month
2015,3,0.72,27.95,FMA,27.75,0.47,-0.241,monthly index value for the calendar month; ONI is the 3-month season centred on the month
2015,4,0.86,28.49,MAM,28.52,0.7,-0.008,monthly index value for the calendar month; ONI is the 3-month season centred on the month
2015,5,1.04,28.83,AMJ,28.85,0.92,0.24,monthly index value for the calendar month; ONI is the 3-month season centred on the month
2015,6,1.19,28.82,MJJ,28.9,1.18,0.296,monthly index value for the calendar month; ONI is the 3-month season centred on the month
2015,7,1.44,28.73,JJA,28.75,1.46,0.225,monthly index value for the calendar month; ONI is the 3-month season centred on the month
2015,8,1.73,28.69,JAS,28.79,1.93,0.568,monthly index value for the calendar month; ONI is the 3-month season centred on the month
2015,9,2.02,28.79,ASO,28.93,2.21,0.294,monthly index value for the calendar month; ONI is the 3-month season centred on the month
2015,10,2.28,28.99,SON,29.08,2.36,0.482,monthly index value for the calendar month; ONI is the 3-month season centred on the month
2015,11,2.45,29.1,OND,29.42,2.72,0.347,monthly index value for the calendar month; ONI is the 3-month season centred on the month
2015,12,2.59,29.15,NDJ,29.26,2.66,0.272,monthly index value for the calendar month; ONI is the 3-month season centred on the month
2016,1,2.5,29.05,DJF,29.11,2.57,0.265,monthly index value for the calendar month; ONI is the 3-month season centred on the month
2016,2,2.21,28.99,JFM,29.01,2.26,-0.11,monthly index value for the calendar month; ONI is the 3-month season centred on the month
2016,3,1.69,28.92,FMA,28.9,1.62,-0.008,monthly index value for the calendar month; ONI is the 3-month season centred on the month
2016,4,1.11,28.74,MAM,28.72,0.91,0.146,monthly index value for the calendar month; ONI is the 3-month season centred on the month
2016,5,0.57,28.37,AMJ,28.23,0.3,-0.113,monthly index value for the calendar month; ONI is the 3-month season centred on the month
2016,6,0.09,27.72,MJJ,27.69,-0.03,-0.443,monthly index value for the calendar month; ONI is the 3-month season centred on the month
2016,7,-0.19,27.1,JJA,26.82,-0.48,-0.757,monthly index value for the calendar month; ONI is the 3-month season centred on the month
2016,8,-0.34,26.62,JAS,26.28,-0.58,-0.443,monthly index value for the calendar month; ONI is the 3-month season centred on the month
2016,9,-0.42,26.34,ASO,26.14,-0.58,-0.437,monthly index value for the calendar month; ONI is the 3-month season centred on the month
2016,10,-0.51,26.2,SON,25.98,-0.74,-0.371,monthly index value for the calendar month; ONI is the 3-month season centred on the month
2016,11,-0.49,26.16,OND,25.94,-0.76,-0.382,monthly index value for the calendar month; ONI is the 3-month season centred on the month
2016,12,-0.37,26.19,NDJ,26.1,-0.5,-0.31,monthly index value for the calendar month; ONI is the 3-month season centred on the month
2017,1,-0.08,26.47,DJF,26.12,-0.43,-0.086,monthly index value for the calendar month; ONI is the 3-month season centred on the month
2017,2,0.08,26.86,JFM,26.67,-0.08,0.101,monthly index value for the calendar month; ONI is the 3-month season centred on the month
2017,3,0.27,27.5,FMA,27.32,0.03,0.357,monthly index value for the calendar month; ONI is the 3-month season centred on the month
2017,4,0.32,27.95,MAM,28.03,0.22,0.498,monthly index value for the calendar month; ONI is the 3-month season centred on the month
2017,5,0.35,28.15,AMJ,28.3,0.37,0.536,monthly index value for the calendar month; ONI is the 3-month season centred on the month
2017,6,0.32,27.94,MJJ,28.06,0.34,0.424,monthly index value for the calendar month; ONI is the 3-month season centred on the month
2017,7,0.14,27.43,JJA,27.54,0.25,0.52,monthly index value for the calendar month; ONI is the 3-month season centred on the month
2017,8,-0.07,26.89,JAS,26.7,-0.16,0.349,monthly index value for the calendar month; ONI is the 3-month season centred on the month
2017,9,-0.23,26.54,ASO,26.29,-0.43,0.035,monthly index value for the calendar month; ONI is the 3-month season centred on the month
2017,10,-0.44,26.27,SON,26.15,-0.56,0.015,monthly index value for the calendar month; ONI is the 3-month season centred on the month
2017,11,-0.61,26.04,OND,25.74,-0.97,0.289,monthly index value for the calendar month; ONI is the 3-month season centred on the month
2017,12,-0.76,25.8,NDJ,25.62,-0.98,0.11,monthly index value for the calendar month; ONI is the 3-month season centred on the month
2018,1,-0.71,25.83,DJF,25.57,-0.98,-0.2,monthly index value for the calendar month; ONI is the 3-month season centred on the month
2018,2,-0.67,26.11,JFM,25.97,-0.78,0.216,monthly index value for the calendar month; ONI is the 3-month season centred on the month
2018,3,-0.55,26.68,FMA,26.48,-0.8,-0.12,monthly index value for the calendar month; ONI is the 3-month season centred on the month
2018,4,-0.35,27.28,MAM,27.31,-0.51,-0.083,monthly index value for the calendar month; ONI is the 3-month season centred on the month
2018,5,-0.07,27.72,AMJ,27.73,-0.2,0.122,monthly index value for the calendar month; ONI is the 3-month season centred on the month
2018,6,0.13,27.76,MJJ,27.77,0.04,0.155,monthly index value for the calendar month; ONI is the 3-month season centred on the month
2018,7,0.2,27.49,JJA,27.42,0.12,0.053,monthly index value for the calendar month; ONI is the 3-month season centred on the month
2018,8,0.3,27.25,JAS,26.94,0.09,0.121,monthly index value for the calendar month; ONI is the 3-month season centred on the month
2018,9,0.52,27.28,ASO,27.19,0.47,0.604,monthly index value for the calendar month; ONI is the 3-month season centred on the month
2018,10,0.82,27.53,SON,27.62,0.9,0.684,monthly index value for the calendar month; ONI is the 3-month season centred on the month
2018,11,1.04,27.69,OND,27.61,0.9,0.5,monthly index value for the calendar month; ONI is the 3-month season centred on the month
2018,12,1.05,27.61,NDJ,27.49,0.89,0.309,monthly index value for the calendar month; ONI is the 3-month season centred on the month
2019,1,0.99,27.54,DJF,27.19,0.65,0.387,monthly index value for the calendar month; ONI is the 3-month season centred on the month
2019,2,0.94,27.72,JFM,27.46,0.71,0.416,monthly index value for the calendar month; ONI is the 3-month season centred on the month
2019,3,0.87,28.1,FMA,28.09,0.81,0.225,monthly index value for the calendar month; ONI is the 3-month season centred on the month
2019,4,0.82,28.45,MAM,28.44,0.62,0.258,monthly index value for the calendar month; ONI is the 3-month season centred on the month
2019,5,0.71,28.5,AMJ,28.48,0.55,0.54,monthly index value for the calendar month; ONI is the 3-month season centred on the month
2019,6,0.59,28.21,MJJ,28.18,0.45,0.605,monthly index value for the calendar month; ONI is the 3-month season centred on the month
2019,7,0.38,27.67,JJA,27.64,0.35,0.597,monthly index value for the calendar month; ONI is the 3-month season centred on the month
2019,8,0.2,27.16,JAS,26.9,0.04,0.436,monthly index value for the calendar month; ONI is the 3-month season centred on the month
2019,9,0.31,27.07,ASO,26.75,0.03,0.892,monthly index value for the calendar month; ONI is the 3-month season centred on the month
2019,10,0.51,27.22,SON,27.2,0.48,0.964,monthly index value for the calendar month; ONI is the 3-month season centred on the month
2019,11,0.72,27.37,OND,27.22,0.52,0.835,monthly index value for the calendar month; ONI is the 3-month season centred on the month
2019,12,0.75,27.31,NDJ,27.12,0.52,0.243,monthly index value for the calendar month; ONI is the 3-month season centred on the month
2020,1,0.71,27.25,DJF,27.15,0.6,0.173,monthly index value for the calendar month; ONI is the 3-month season centred on the month
2020,2,0.66,27.44,JFM,27.12,0.37,0.054,monthly index value for the calendar month; ONI is the 3-month season centred on the month
2020,3,0.57,27.8,FMA,27.76,0.48,0.019,monthly index value for the calendar month; ONI is the 3-month season centred on the month
2020,4,0.33,27.97,MAM,28.18,0.36,-0.011,monthly index value for the calendar month; ONI is the 3-month season centred on the month
2020,5,0.04,27.83,AMJ,27.66,-0.27,0.298,monthly index value for the calendar month; ONI is the 3-month season centred on the month
2020,6,-0.18,27.45,MJJ,27.39,-0.34,0.455,monthly index value for the calendar month; ONI is the 3-month season centred on the month
2020,7,-0.29,27.0,JJA,26.99,-0.3,0.319,monthly index value for the calendar month; ONI is the 3-month season centred on the month
2020,8,-0.43,26.52,JAS,26.26,-0.59,-0.183,monthly index value for the calendar month; ONI is the 3-month season centred on the month
2020,9,-0.77,25.99,ASO,25.89,-0.83,-0.189,monthly index value for the calendar month; ONI is the 3-month season centred on the month
2020,10,-1.0,25.71,SON,25.46,-1.26,0.074,monthly index value for the calendar month; ONI is the 3-month season centred on the month
2020,11,-1.11,25.54,OND,25.28,-1.42,0.02,monthly index value for the calendar month; ONI is the 3-month season centred on the month
2020,12,-1.06,25.5,NDJ,25.44,-1.15,0.031,monthly index value for the calendar month; ONI is the 3-month season centred on the month
2021,1,-0.99,25.55,DJF,25.55,-1.0,0.051,monthly index value for the calendar month; ONI is the 3-month season centred on the month
2021,2,-0.85,25.92,JFM,25.75,-1.0,0.243,monthly index value for the calendar month; ONI is the 3-month season centred on the month
2021,3,-0.74,26.48,FMA,26.48,-0.8,0.267,monthly index value for the calendar month; ONI is the 3-month season centred on the month
2021,4,-0.56,27.07,MAM,27.1,-0.72,0.25,monthly index value for the calendar month; ONI is the 3-month season centred on the month
2021,5,-0.4,27.39,AMJ,27.47,-0.46,0.009,monthly index value for the calendar month; ONI is the 3-month season centred on the month
2021,6,-0.31,27.31,MJJ,27.45,-0.28,-0.002,monthly index value for the calendar month; ONI is the 3-month season centred on the month
2021,7,-0.35,26.95,JJA,26.9,-0.39,-0.229,monthly index value for the calendar month; ONI is the 3-month season centred on the month
2021,8,-0.46,26.49,JAS,26.32,-0.53,-0.099,monthly index value for the calendar month; ONI is the 3-month season centred on the month
2021,9,-0.64,26.13,ASO,26.17,-0.55,-0.058,monthly index value for the calendar month; ONI is the 3-month season centred on the month
2021,10,-0.77,25.94,SON,25.77,-0.94,-0.091,monthly index value for the calendar month; ONI is the 3-month season centred on the month
2021,11,-0.91,25.74,OND,25.76,-0.94,0.069,monthly index value for the calendar month; ONI is the 3-month season centred on the month
2021,12,-0.83,25.73,NDJ,25.54,-1.06,-0.12,monthly index value for the calendar month; ONI is the 3-month season centred on the month
2022,1,-0.76,25.79,DJF,25.6,-0.94,-0.056,monthly index value for the calendar month; ONI is the 3-month season centred on the month
2022,2,-0.68,26.09,JFM,25.86,-0.89,-0.082,monthly index value for the calendar month; ONI is the 3-month season centred on the month
2022,3,-0.77,26.46,FMA,26.31,-0.97,-0.093,monthly index value for the calendar month; ONI is the 3-month season centred on the month
2022,4,-0.86,26.77,MAM,26.7,-1.11,-0.068,monthly index value for the calendar month; ONI is the 3-month season centred on the month
2022,5,-0.83,26.96,AMJ,26.82,-1.11,-0.122,monthly index value for the calendar month; ONI is the 3-month season centred on the month
2022,6,-0.73,26.9,MJJ,26.98,-0.75,-0.335,monthly index value for the calendar month; ONI is the 3-month season centred on the month
2022,7,-0.7,26.59,JJA,26.6,-0.69,-0.195,monthly index value for the calendar month; ONI is the 3-month season centred on the month
2022,8,-0.78,26.18,JAS,25.88,-0.97,-0.246,monthly index value for the calendar month; ONI is the 3-month season centred on the month
2022,9,-0.87,25.89,ASO,25.65,-1.07,-0.322,monthly index value for the calendar month; ONI is the 3-month season centred on the month
2022,10,-0.89,25.82,SON,25.73,-0.99,-0.691,monthly index value for the calendar month; ONI is the 3-month season centred on the month
2022,11,-0.82,25.83,OND,25.8,-0.9,-0.269,monthly index value for the calendar month; ONI is the 3-month season centred on the month
2022,12,-0.7,25.86,NDJ,25.75,-0.85,-0.091,monthly index value for the calendar month; ONI is the 3-month season centred on the month
2023,1,-0.55,26.0,DJF,25.83,-0.72,0.11,monthly index value for the calendar month; ONI is the 3-month season centred on the month
2023,2,-0.33,26.45,JFM,26.29,-0.46,0.157,monthly index value for the calendar month; ONI is the 3-month season centred on the month
2023,3,-0.11,27.12,FMA,27.17,-0.11,0.414,monthly index value for the calendar month; ONI is the 3-month season centred on the month
2023,4,0.19,27.82,MAM,27.96,0.14,0.56,monthly index value for the calendar month; ONI is the 3-month season centred on the month
2023,5,0.46,28.25,AMJ,28.39,0.46,0.443,monthly index value for the calendar month; ONI is the 3-month season centred on the month
2023,6,0.73,28.36,MJJ,28.57,0.84,0.665,monthly index value for the calendar month; ONI is the 3-month season centred on the month
2023,7,1.0,28.29,JJA,28.32,1.02,0.498,monthly index value for the calendar month; ONI is the 3-month season centred on the month
2023,8,1.25,28.21,JAS,28.2,1.35,0.826,monthly index value for the calendar month; ONI is the 3-month season centred on the month
2023,9,1.5,28.26,ASO,28.32,1.6,0.946,monthly index value for the calendar month; ONI is the 3-month season centred on the month
2023,10,1.74,28.45,SON,28.44,1.72,0.804,monthly index value for the calendar month; ONI is the 3-month season centred on the month
2023,11,1.9,28.55,OND,28.72,2.02,0.92,monthly index value for the calendar month; ONI is the 3-month season centred on the month
2023,12,1.99,28.55,NDJ,28.62,2.03,0.852,monthly index value for the calendar month; ONI is the 3-month season centred on the month
2024,1,1.84,28.38,DJF,28.35,1.81,0.765,monthly index value for the calendar month; ONI is the 3-month season centred on the month
2024,2,1.53,28.3,JFM,28.27,1.52,0.327,monthly index value for the calendar month; ONI is the 3-month season centred on the month
2024,3,1.18,28.4,FMA,28.41,1.13,0.421,monthly index value for the calendar month; ONI is the 3-month season centred on the month
2024,4,0.77,28.4,MAM,28.59,0.77,0.44,monthly index value for the calendar month; ONI is the 3-month season centred on the month
2024,5,0.43,28.23,AMJ,28.16,0.23,0.298,monthly index value for the calendar month; ONI is the 3-month season centred on the month
2024,6,0.18,27.8,MJJ,27.9,0.17,0.197,monthly index value for the calendar month; ONI is the 3-month season centred on the month
2024,7,0.06,27.35,JJA,27.34,0.04,0.033,monthly index value for the calendar month; ONI is the 3-month season centred on the month
2024,8,-0.04,26.92,JAS,26.73,-0.12,0.267,monthly index value for the calendar month; ONI is the 3-month season centred on the month
2024,9,-0.12,26.64,ASO,26.45,-0.26,0.115,monthly index value for the calendar month; ONI is the 3-month season centred on the month
2024,10,-0.19,26.52,SON,26.44,-0.27,-0.196,monthly index value for the calendar month; ONI is the 3-month season centred on the month
2024,11,-0.29,26.35,OND,26.45,-0.25,-0.382,monthly index value for the calendar month; ONI is the 3-month season centred on the month
2024,12,-0.43,26.13,NDJ,26.0,-0.6,-0.331,monthly index value for the calendar month; ONI is the 3-month season centred on the month
2025,1,-0.46,26.09,DJF,25.8,-0.74,-0.196,monthly index value for the calendar month; ONI is the 3-month season centred on the month
2025,2,-0.22,26.56,JFM,26.32,-0.43,0.017,monthly index value for the calendar month; ONI is the 3-month season centred on the month
2025,3,-0.08,27.15,FMA,27.29,0.01,0.058,monthly index value for the calendar month; ONI is the 3-month season centred on the month
2025,4,0.02,27.65,MAM,27.68,-0.14,0.149,monthly index value for the calendar month; ONI is the 3-month season centred on the month
2025,5,-0.04,27.76,AMJ,27.8,-0.13,0.107,monthly index value for the calendar month; ONI is the 3-month season centred on the month
2025,6,-0.02,27.61,MJJ,27.66,-0.07,-0.014,monthly index value for the calendar month; ONI is the 3-month season centred on the month
2025,7,-0.11,27.18,JJA,27.15,-0.14,-0.072,monthly index value for the calendar month; ONI is the 3-month season centred on the month
2025,8,-0.26,26.7,JAS,26.49,-0.36,-0.42,monthly index value for the calendar month; ONI is the 3-month season centred on the month
2025,9,-0.43,26.33,ASO,26.25,-0.47,-0.467,monthly index value for the calendar month; ONI is the 3-month season centred on the month
2025,10,-0.57,26.14,SON,26.22,-0.5,-0.448,monthly index value for the calendar month; ONI is the 3-month season centred on the month
2025,11,-0.61,26.04,OND,26.01,-0.7,-0.256,monthly index value for the calendar month; ONI is the 3-month season centred on the month
2025,12,-0.6,25.96,NDJ,25.93,-0.67,-0.017,monthly index value for the calendar month; ONI is the 3-month season centred on the month
2026,1,-0.39,26.15,DJF,25.96,-0.58,0.123,monthly index value for the calendar month; ONI is the 3-month season centred on the month
2026,2,-0.21,26.57,JFM,26.48,-0.27,0.529,monthly index value for the calendar month; ONI is the 3-month season centred on the month
2026,3,0.11,27.34,FMA,27.27,-0.01,0.285,monthly index value for the calendar month; ONI is the 3-month season centred on the month
2026,4,0.46,28.09,MAM,28.11,0.29,0.279,monthly index value for the calendar month; ONI is the 3-month season centred on the month
2026,5,0.95,28.74,AMJ,28.83,0.9,0.146,monthly index value for the calendar month; ONI is the 3-month season centred on the month
2026,6,1.39,29.02,MJJ,29.17,1.44,,monthly index value for the calendar month; ONI is the 3-month season centred on the month
2026,7,1.8,29.09,JJA,,,,monthly index value for the calendar month; ONI is the 3-month season centred on the month
2026,8,2.16,29.12,JAS,,,,monthly index value for the calendar month; ONI is the 3-month season centred on the month
2026,9,,,,,,,monthly index value for the calendar month; ONI is the 3-month season centred on the month
2026,10,,,,,,,monthly index value for the calendar month; ONI is the 3-month season centred on the month
2026,11,,,,,,,monthly index value for the calendar month; ONI is the 3-month season centred on the month
2026,12,,,,,,,monthly index value for the calendar month; ONI is the 3-month season centred on the month
