record_id,serial,event_type,event_date,date_precision,province,district,place_text,location_id,resolution_level,record_latitude,record_longitude,description,source_reported,flood_evidence,date_confidence,location_confidence,use_note
60,97,FLOOD,,invalid,Lusaka,Chongwe,chongwe,ZMB-D-0506,district,,,Heavy rain | Construction of the bridge on the chibombe river crossing to Kutemwa Ndi Kusamala,National Coordinator DMMU,rain_or_water_text,NO EXACT DATE,MEDIUM (district code),Uncertain/unlikely/no-exact-date records must NOT become negative examples; absence of a record is not evidence of no flood.
1271,82,FLOOD,2013-10-13,day,Lusaka,Lusaka,LUSAKA,ZMB-D-0501,district,-15.3875259,28.322816500000044,Heavy rainfall | NEW AND OLD SOWETO MARKET/DRAINAGE SYSTEMS DUE TO FLOOD DISASTER.,MOSES MWELWA,explicit_flood_text,UNCERTAIN EVENT DATE,HIGH (district + own coordinates),Uncertain/unlikely/no-exact-date records must NOT become negative examples; absence of a record is not evidence of no flood.
1237,46,FLOOD,2017-05-03,day,Copperbelt,Kitwe,kitwe,ZMB-D-0202,district,,,Heavy rainfall | chipashichakamu and masula bridge in kanfisa,hon. M chishimba,rain_or_water_text,UNLIKELY EVENT DATE,MEDIUM (district code),Uncertain/unlikely/no-exact-date records must NOT become negative examples; absence of a record is not evidence of no flood.
114,155,FLOOD,2015-06-14,day,Muchinga,Shiwang&#39;andu,Sele primary school ,ZMB-D-0603,district,,,pool bulding materials used | Construction of 1*3 class room block at sele primary school in shiwangandu,DMMU,category_only,UNLIKELY EVENT DATE,MEDIUM (district code),Uncertain/unlikely/no-exact-date records must NOT become negative examples; absence of a record is not evidence of no flood.
1447,278,FLOOD,2013-06-06,day,Muchinga,Shiwang&#39;andu,SELE,ZMB-D-0603,district,,,Heavy rainfall | SELE PRIMARY SCHOOL INFRASTRUCTURE DAMAGED DUE TO FLOODS AND OVER 256 PUPILS WERE AFFECTED,assessment report,explicit_flood_text,UNLIKELY EVENT DATE,MEDIUM (district code),Uncertain/unlikely/no-exact-date records must NOT become negative examples; absence of a record is not evidence of no flood.
1731,82,FLOOD,2015-05-11,day,Muchinga,Shiwang&#39;andu,SHIWANG'ANDU ,ZMB-D-0603,district,,,HEAVY RAIN WASHED AWAY CULVERTS | 1-REHABILITATION OF 2011 MILITARY CROSSING 2- REHABILITATION OF MUKUBWE BRIDGE IN SHIWANG'ANDU,DMMU ,explicit_flood_text,UNLIKELY EVENT DATE,MEDIUM (district code),Uncertain/unlikely/no-exact-date records must NOT become negative examples; absence of a record is not evidence of no flood.
57,94,FLOOD,2011-01-07,day,Eastern,Chipata,kapalo,ZMB-D-0305,district,,,Heavy rain | Construction works at mambwe and chipata crossing points,National Coordinator DMMU,rain_or_water_text,UNCERTAIN EVENT DATE,MEDIUM (district code),Uncertain/unlikely/no-exact-date records must NOT become negative examples; absence of a record is not evidence of no flood.
2189,2197,FLASH FLOODS,2023-11-22,day,Lusaka,Lusaka,Matero,ZMB-D-0501,district,,,"Heavy rains due to ineffevtice drainage system | The Flash floods affected a total of 20 Households, destroying household goods and foodstuff.",REGIONAL COORDINATOR - LUSAKA PROVINCE,explicit_flood_text,HIGH-CONFIDENCE EVENT DATE,MEDIUM (district code),Uncertain/unlikely/no-exact-date records must NOT become negative examples; absence of a record is not evidence of no flood.
2191,2199,FLASH FLOODS,2022-02-14,day,Western,Mongu,"Nakanya Ward, Nalikwanda Constituency",ZMB-D-1003,district,,,"Flash Floods and Heavy Rains | Damaged bridge, affecting 350 households that use it for transportation",REGIONAL COORDINATOR  - WESTERN PROVINCE,explicit_flood_text,HIGH-CONFIDENCE EVENT DATE,MEDIUM (district code),Uncertain/unlikely/no-exact-date records must NOT become negative examples; absence of a record is not evidence of no flood.
765,198,FLOOD,2013,year,Western,Limulunga,Limulunga primary school,ZMB-D-1014,district,,,school infrustructure damaged due to floods,ZVAC/ Assessment report,explicit_flood_text,NO EXACT DATE,MEDIUM (district code),Uncertain/unlikely/no-exact-date records must NOT become negative examples; absence of a record is not evidence of no flood.
1700,48,FLOOD,,invalid,Luapula,,,,province_only,,,,,category_only,NO EXACT DATE,LOW (province only),Uncertain/unlikely/no-exact-date records must NOT become negative examples; absence of a record is not evidence of no flood.
1817,179,FLOOD,2017-05-11,day,Western,Lukulu,LIPEHO ,ZMB-D-1006,district,,,HEAVY RAIN | CONSTRUCTION OF SMAALL BRIDGE TWO CELLS CULVERT'S,CHRISTOPHER KALULA MP,rain_or_water_text,UNLIKELY EVENT DATE,MEDIUM (district code),Uncertain/unlikely/no-exact-date records must NOT become negative examples; absence of a record is not evidence of no flood.
7,35,FLOOD,2014-05-02,day,North-Western,Mwinilunga,Nswena bridge-Kanyama chiefdom,ZMB-D-0706,district,,,heavy storm,Satellite Disaster Management Committee,rain_or_water_text,UNCERTAIN EVENT DATE,MEDIUM (district code),Uncertain/unlikely/no-exact-date records must NOT become negative examples; absence of a record is not evidence of no flood.
11,46,FLOOD,2012,year,Copperbelt,Kitwe,kanfinsa,ZMB-D-0202,district,,,heavy rain | Request for funds to construct bridge at Chipashi Chankalamu in kanfinsa area which was washed away,kitwe city councle,explicit_flood_text,NO EXACT DATE,MEDIUM (district code),Uncertain/unlikely/no-exact-date records must NOT become negative examples; absence of a record is not evidence of no flood.
12,47,FLOOD,2011,year,Copperbelt,Luanshya,,ZMB-D-0209,district,,,Poor drainage system | Request for funds for the construction of blind center stream crossing point which was washed away.,National Coordinator DMMU,explicit_flood_text,NO EXACT DATE,MEDIUM (district code),Uncertain/unlikely/no-exact-date records must NOT become negative examples; absence of a record is not evidence of no flood.
13,48,FLOOD,2017-05-03,day,Copperbelt,Luanshya,luanshya area,ZMB-D-0209,district,,,No proper drainage | Request for fund to construct Chitwa stream crossing point which was washed away during 2011/2012 rain season,National Coordinator DMMU,explicit_flood_text,UNLIKELY EVENT DATE,MEDIUM (district code),Uncertain/unlikely/no-exact-date records must NOT become negative examples; absence of a record is not evidence of no flood.
14,49,FLOOD,2011,year,Copperbelt,Luanshya,luanshya area,ZMB-D-0209,district,,,Heavy rain | Request for KR233183 for the Construction of Butungwa crossing point in luanshya during 2011/2012 rains,National Coordinator DMMU,rain_or_water_text,NO EXACT DATE,MEDIUM (district code),Uncertain/unlikely/no-exact-date records must NOT become negative examples; absence of a record is not evidence of no flood.
15,50,FLOOD,2011,year,Northern,Kasama,kasama area,ZMB-D-0803,district,,,Heavy rain | Construction of Mwamba bridge which was washed away during 2011/2012 rainy season,National Coordinator DMMU,explicit_flood_text,NO EXACT DATE,MEDIUM (district code),Uncertain/unlikely/no-exact-date records must NOT become negative examples; absence of a record is not evidence of no flood.
16,51,FLOOD,2011,year,Copperbelt,Luanshya,,ZMB-D-0209,district,,,Poor drainage system | Construction of Butungwa crossing point which was washed away during the 2011/2012 rain season.,National Coordinator DMMU,explicit_flood_text,NO EXACT DATE,MEDIUM (district code),Uncertain/unlikely/no-exact-date records must NOT become negative examples; absence of a record is not evidence of no flood.
17,52,FLOOD,2012-11-30,day,Lusaka,Lusaka,Emmasdale,ZMB-D-0501,district,,,Construction of chandwe musonda-lumumba-Great north road drainages,Town clerk,rain_or_water_text,UNCERTAIN EVENT DATE,MEDIUM (district code),Uncertain/unlikely/no-exact-date records must NOT become negative examples; absence of a record is not evidence of no flood.
18,53,FLOOD,2011,year,Northern,Kasama,,ZMB-D-0803,district,,,Heavy rain | Construction of Mbesha bridge which was washed away during 2011/2012 rain season,National Coordinator DMMU,explicit_flood_text,NO EXACT DATE,MEDIUM (district code),Uncertain/unlikely/no-exact-date records must NOT become negative examples; absence of a record is not evidence of no flood.
19,55,FLOOD,2011,year,Muchinga,Mpika,,ZMB-D-0601,district,,,Heavy rains | Construction of a bridge at kanchibeya crossing piont,Road Devevelopment Agency Chinsali,rain_or_water_text,NO EXACT DATE,MEDIUM (district code),Uncertain/unlikely/no-exact-date records must NOT become negative examples; absence of a record is not evidence of no flood.
20,56,FLOOD,2010,year,Copperbelt,Lufwanyama,lufwanyama constituency,ZMB-D-0205,district,,,No proper drainage system | Repair of chifumpa bridge,District Planning officer ,rain_or_water_text,NO EXACT DATE,MEDIUM (district code),Uncertain/unlikely/no-exact-date records must NOT become negative examples; absence of a record is not evidence of no flood.
21,57,FLOOD,2011,year,Northern,Kasama,,ZMB-D-0803,district,,,Poor Rord Sector | Construction of Mumbi Mfumu bridge which was washed away during the 2011/2012 rain season,National Coordinator DMMU,explicit_flood_text,NO EXACT DATE,MEDIUM (district code),Uncertain/unlikely/no-exact-date records must NOT become negative examples; absence of a record is not evidence of no flood.
22,58,FLOOD,2012,year,Copperbelt,Lufwanyama,,ZMB-D-0205,district,,,Poor Road sector | Installation of culverts to the road leading to Kambilombilo Resettlement scheme,Road Superintendent,category_only,NO EXACT DATE,MEDIUM (district code),Uncertain/unlikely/no-exact-date records must NOT become negative examples; absence of a record is not evidence of no flood.
23,59,FLOOD,2011,year,Central,Mkushi,,ZMB-D-0108,district,,,Heavy rain | Urgent Construction of a washed away bridge at kapoko river connecting plateau in mkushi,MP Mkushi south constituency,explicit_flood_text,NO EXACT DATE,MEDIUM (district code),Uncertain/unlikely/no-exact-date records must NOT become negative examples; absence of a record is not evidence of no flood.
24,60,FLOOD,2015,year,Central,Kabwe,kabwe area,ZMB-D-0103,district,,,"Heavy rains | DAMAGED INFRASTRUCTURE:Danford chirwa secondary school,chitaka crossing point,kalwelwe and munyama bridges in kabwe",National Coordinator DMMU,rain_or_water_text,NO EXACT DATE,MEDIUM (district code),Uncertain/unlikely/no-exact-date records must NOT become negative examples; absence of a record is not evidence of no flood.
25,61,FLOOD,2014,year,Lusaka,Rufunsa,,ZMB-D-0504,district,,,Heavy rains | Urgent Construction of kanyonja bridge which washed away,Area MP,explicit_flood_text,NO EXACT DATE,MEDIUM (district code),Uncertain/unlikely/no-exact-date records must NOT become negative examples; absence of a record is not evidence of no flood.
26,62,FLOOD,2011,year,Eastern,Sinda,kasangazi area,ZMB-D-0308,district,,,Heavy rains | Request for funds for the construction of Kasangazi crossing point which was washed away,Regional Coordinator,explicit_flood_text,NO EXACT DATE,MEDIUM (district code),Uncertain/unlikely/no-exact-date records must NOT become negative examples; absence of a record is not evidence of no flood.
27,63,FLOOD,2011,year,Western,Kalabo,Nalolo,ZMB-D-1004,district,,,Heavy rain | For the construction of Kaunga Lueti bridge,Western Regional officer,rain_or_water_text,NO EXACT DATE,MEDIUM (district code),Uncertain/unlikely/no-exact-date records must NOT become negative examples; absence of a record is not evidence of no flood.
28,64,FLOOD,2014-03-08,day,Central,Kabwe,kabwe area,ZMB-D-0103,district,,,No proper drainage system | Construction of a bridge at munyama which was washed away,District Commissioner,explicit_flood_text,UNCERTAIN EVENT DATE,MEDIUM (district code),Uncertain/unlikely/no-exact-date records must NOT become negative examples; absence of a record is not evidence of no flood.
29,65,FLOOD,2015,year,North-Western,Zambezi,Zambezi west ,ZMB-D-0701,district,,,"PROPOSED BRIDGES TO BE CONSTRUCTED:Zambezi west and 
                                  :Mwenilunga Ntambu kasanjiko",Regional Coordinator,category_only,NO EXACT DATE,MEDIUM (district code),Uncertain/unlikely/no-exact-date records must NOT become negative examples; absence of a record is not evidence of no flood.
30,66,FLOOD,2015-09-24,day,Eastern,Chipata,Mtenguleni Road,ZMB-D-0305,district,,,Poor drainages | Three (3) people lost their lives after the bus thy were traveling in was swept away by the flooding water on Makungwa bridge,PERMANENT SECRETRAY,explicit_flood_text,UNCERTAIN EVENT DATE,MEDIUM (district code),Uncertain/unlikely/no-exact-date records must NOT become negative examples; absence of a record is not evidence of no flood.
31,67,FLOOD,2015-08-27,day,North-Western,Solwezi,solwezi,ZMB-D-0705,district,,,"For the Construction of two bridges namely:Magrade Saviye and 
                                          :faith kimale bridges",Regional Coordinator DMMU,category_only,UNLIKELY EVENT DATE,MEDIUM (district code),Uncertain/unlikely/no-exact-date records must NOT become negative examples; absence of a record is not evidence of no flood.
32,68,FLOOD,2015-08-07,day,North-Western,Kabompo,Kabompo area,ZMB-D-0708,district,,,Heavy rain | For the Rehabilitation of Nyela Bridge in kapompo,Regional Coordinator,rain_or_water_text,UNLIKELY EVENT DATE,MEDIUM (district code),Uncertain/unlikely/no-exact-date records must NOT become negative examples; absence of a record is not evidence of no flood.
33,69,FLOOD,2011,year,Eastern,Petauke,singozi ward ,ZMB-D-0304,district,,,Excessive Weight of Vehicles | People have been cut off from accessing healthy centers and school because of a damaged bridge,Acting National Coordinator,category_only,NO EXACT DATE,MEDIUM (district code),Uncertain/unlikely/no-exact-date records must NOT become negative examples; absence of a record is not evidence of no flood.
34,70,FLOOD,2011,year,Northern,Mpulungu,kapata village ,ZMB-D-0807,district,,,Wash away by lake Tanganyika | Construction of kapata foot bridge,DMMU Northern,category_only,NO EXACT DATE,MEDIUM (district code),Uncertain/unlikely/no-exact-date records must NOT become negative examples; absence of a record is not evidence of no flood.
35,71,FLOOD,2014-12-13,day,Luapula,Nchelenge,Nchelenge area ,ZMB-D-0406,district,,,washed away | Proposed budget for Construction and repair of seven (7) crossing points which were washes away during the 2013/2014 rain season,Regional Manager RDA,explicit_flood_text,UNCERTAIN EVENT DATE,MEDIUM (district code),Uncertain/unlikely/no-exact-date records must NOT become negative examples; absence of a record is not evidence of no flood.
36,72,FLOOD,2011,year,North-Western,Solwezi,Solwezi area ,ZMB-D-0705,district,,,washed away | Construction of Kandundu Mashitala crossing point,National Coordinator DMMU,explicit_flood_text,NO EXACT DATE,MEDIUM (district code),Uncertain/unlikely/no-exact-date records must NOT become negative examples; absence of a record is not evidence of no flood.
37,73,FLOOD,2015,year,Central,Luano,Mkushi south Constituency,ZMB-D-0106,district,,,Heavy rain | Urgent construction of a washed away bridge at Kampoko river which has cut off people from accessing health facilities.,Regional Coordinator DMMU,explicit_flood_text,NO EXACT DATE,MEDIUM (district code),Uncertain/unlikely/no-exact-date records must NOT become negative examples; absence of a record is not evidence of no flood.
38,74,FLOOD,2012,year,Eastern,Chadiza,Mtwalo school,ZMB-D-0301,district,,,Heavy rain | Construction of Lumbwa bridge also known as Mtwalo bridge,Area MP,rain_or_water_text,NO EXACT DATE,MEDIUM (district code),Uncertain/unlikely/no-exact-date records must NOT become negative examples; absence of a record is not evidence of no flood.
39,75,FLOOD,2011,year,Eastern,Lundazi,Swamp area,ZMB-D-0307,district,,,No existing drainages | For the construction of Chamsebe bridge,Regional Coordinator DMMU,rain_or_water_text,NO EXACT DATE,MEDIUM (district code),Uncertain/unlikely/no-exact-date records must NOT become negative examples; absence of a record is not evidence of no flood.
40,76,FLOOD,2011,year,Eastern,Lundazi,Kamzoole Egichikeni,ZMB-D-0307,district,,,Heavy rain | Construction of Khumbilo bridge in Lundazi district,Regional Coordinator DMMU,rain_or_water_text,NO EXACT DATE,MEDIUM (district code),Uncertain/unlikely/no-exact-date records must NOT become negative examples; absence of a record is not evidence of no flood.
41,77,FLOOD,2017,year,Eastern,Lundazi,Katete sream ,ZMB-D-0307,district,,,Heavy rain | Proposed to be constructed is Katete bridge and the rehabilitation 50*6m road in the same area of lundazi district,Regional Coordinator DMMU,rain_or_water_text,NO EXACT DATE,MEDIUM (district code),Uncertain/unlikely/no-exact-date records must NOT become negative examples; absence of a record is not evidence of no flood.
42,78,FLOOD,2012,year,Eastern,Lundazi,Lundazi Chasefu Costituency,ZMB-D-0307,district,,,Heavy rain | Five (5) bridges were proposed to be constructed,National Coordinator DMMU,rain_or_water_text,NO EXACT DATE,MEDIUM (district code),Uncertain/unlikely/no-exact-date records must NOT become negative examples; absence of a record is not evidence of no flood.
43,79,FLOOD,2011,year,Eastern,Chipata,Mpamba Nyalubanga road,ZMB-D-0305,district,,,"No existing drainages | Construction of Boyole bridge and the rehabilitation of 38km road in Chipata,Chasefu constituency",Regional Coordinator DMMU,rain_or_water_text,NO EXACT DATE,MEDIUM (district code),Uncertain/unlikely/no-exact-date records must NOT become negative examples; absence of a record is not evidence of no flood.
44,80,FLOOD,2011,year,Eastern,Lundazi,Kamzoole Egichikeni,ZMB-D-0307,district,,,Heavy rain | Construction of Kamusole bridge in chasefu constituency,Regional Coordinator DMMU,rain_or_water_text,NO EXACT DATE,MEDIUM (district code),Uncertain/unlikely/no-exact-date records must NOT become negative examples; absence of a record is not evidence of no flood.
45,81,FLOOD,2012,year,Southern,Mazabuka,Magoye constituency,ZMB-D-0910,district,,,Heavy rain | Construction works of Maunda bridge in chavuma constituency 5.5*30m,MP Magoye,rain_or_water_text,NO EXACT DATE,MEDIUM (district code),Uncertain/unlikely/no-exact-date records must NOT become negative examples; absence of a record is not evidence of no flood.
46,82,FLOOD,2012,year,Muchinga,Nakonde,Stevenson township,ZMB-D-0605,district,,,No proper drainage system | Construction of Iyolo crossing point which was made of low quality wooden logs,RDA Chinsali,rain_or_water_text,NO EXACT DATE,MEDIUM (district code),Uncertain/unlikely/no-exact-date records must NOT become negative examples; absence of a record is not evidence of no flood.
47,83,FLOOD,2011,year,Eastern,Lundazi,Dambo ,ZMB-D-0307,district,,,Heavy rain | Installation of new culverts in chasefu constituency,Regional Coordinator DMMU,rain_or_water_text,NO EXACT DATE,MEDIUM (district code),Uncertain/unlikely/no-exact-date records must NOT become negative examples; absence of a record is not evidence of no flood.
48,85,FLOOD,2011,year,Eastern,Lundazi,Kamzoole ,ZMB-D-0307,district,,,No proper bridges | Installation of culverts,Regional Coordinator DMMU,category_only,NO EXACT DATE,MEDIUM (district code),Uncertain/unlikely/no-exact-date records must NOT become negative examples; absence of a record is not evidence of no flood.
49,86,FLOOD,2011,year,Eastern,Lundazi,Mpakamalaza road,ZMB-D-0307,district,,,The road is not shaped | Installation of culverts in Mphikamalaza road,Regional Coordinator DMMU,category_only,NO EXACT DATE,MEDIUM (district code),Uncertain/unlikely/no-exact-date records must NOT become negative examples; absence of a record is not evidence of no flood.
50,87,FLOOD,2011,year,Eastern,Lundazi,Khumbilo,ZMB-D-0307,district,,,Heavy rain | Construction of Kamzunga culvert,Regional Coordinator DMMU,rain_or_water_text,NO EXACT DATE,MEDIUM (district code),Uncertain/unlikely/no-exact-date records must NOT become negative examples; absence of a record is not evidence of no flood.
51,88,FLOOD,2017,year,Eastern,Lundazi,Rusayila and Gumbo,ZMB-D-0307,district,,,No proper drainage system | Construction of Gumbo bridge linking kasayila village which was was away by heavy rains,Regional Coordinator DMMU,rain_or_water_text,NO EXACT DATE,MEDIUM (district code),Uncertain/unlikely/no-exact-date records must NOT become negative examples; absence of a record is not evidence of no flood.
52,89,FLOOD,2011,year,Eastern,Lundazi,magodi ward,ZMB-D-0307,district,,,Heavy rain | Construction of a new Luzi bridge,Regional Coordinator DMMU,rain_or_water_text,NO EXACT DATE,MEDIUM (district code),Uncertain/unlikely/no-exact-date records must NOT become negative examples; absence of a record is not evidence of no flood.
53,90,FLOOD,2011,year,Central,Kapiri Mposhi,kapili mposhi constituency,ZMB-D-0110,district,,,heay rain | Request for funds to construct bridges and crossing points,District Commissioner,rain_or_water_text,NO EXACT DATE,MEDIUM (district code),Uncertain/unlikely/no-exact-date records must NOT become negative examples; absence of a record is not evidence of no flood.
54,91,FLOOD,2012,year,Copperbelt,Kalulushi,Chambeshi area,ZMB-D-0203,district,,,Heavy rain | Construction of Lukoshi bridge which was washed away during the 2011/2012 rain season,Regional Coordinator,explicit_flood_text,NO EXACT DATE,MEDIUM (district code),Uncertain/unlikely/no-exact-date records must NOT become negative examples; absence of a record is not evidence of no flood.
55,92,FLOOD,2006,year,Central,Kapiri Mposhi,kapili Mposhi area,ZMB-D-0110,district,,,Poor drainage system | Request for funds for construction of Kamboshya/mukonchi road linking Kapili Mposhi road which was washed away,District Commissioner,explicit_flood_text,NO EXACT DATE,MEDIUM (district code),Uncertain/unlikely/no-exact-date records must NOT become negative examples; absence of a record is not evidence of no flood.
56,93,FLOOD,2011,year,Central,Kapiri Mposhi,kapili mposhi,ZMB-D-0110,district,,,Heavy rain | Request for funds for the construction of Kakoma stream bridge linking Ngabwe which was washed away..,Regional Coordinator,explicit_flood_text,NO EXACT DATE,MEDIUM (district code),Uncertain/unlikely/no-exact-date records must NOT become negative examples; absence of a record is not evidence of no flood.
58,95,FLOOD,2011-01-18,day,Eastern,Chipata,katete and Nyanje,ZMB-D-0305,district,,,"Heavy rain | Construction of two (2) crossing points namely: Maela and 
                                              :kapoche",PERMANENT SECRETRAY,rain_or_water_text,UNCERTAIN EVENT DATE,MEDIUM (district code),Uncertain/unlikely/no-exact-date records must NOT become negative examples; absence of a record is not evidence of no flood.
59,96,FLOOD,2011-01-17,day,Southern,Zimba,Maamba Batoka,ZMB-D-0911,district,,,Heavy rain | Repair works of the Maamba-Batoka road D775,Acting Director RDA,rain_or_water_text,UNCERTAIN EVENT DATE,MEDIUM (district code),Uncertain/unlikely/no-exact-date records must NOT become negative examples; absence of a record is not evidence of no flood.
61,98,FLOOD,2011,year,Southern,Kalomo,kalomo Road,ZMB-D-0904,district,,,Poor drainage system | Chifusa bridge construction,DIRECTOR OF WORKS FOR COUNCIL,rain_or_water_text,NO EXACT DATE,MEDIUM (district code),Uncertain/unlikely/no-exact-date records must NOT become negative examples; absence of a record is not evidence of no flood.
62,99,FLOOD,2011,year,Northern,Kasama,Mpolokoso,ZMB-D-0803,district,,,Heavy rain | Estimated cost for Mwiiluzi maute bridge,Regional Coordinator DMMU,rain_or_water_text,NO EXACT DATE,MEDIUM (district code),Uncertain/unlikely/no-exact-date records must NOT become negative examples; absence of a record is not evidence of no flood.
63,100,FLOOD,2011-09-02,day,Central,Chibombo,Keembe constituency,ZMB-D-0102,district,,,Heavy rain | Request for funds to repair 5km road which was washed away,Regional Engineer,explicit_flood_text,UNLIKELY EVENT DATE,MEDIUM (district code),Uncertain/unlikely/no-exact-date records must NOT become negative examples; absence of a record is not evidence of no flood.
64,101,FLOOD,2011,year,Luapula,Chiengi,Mansa,ZMB-D-0407,district,,,Heavy rain | For the construction of washed away Kashikishi-Luchinde road 70km,Regional Coordinator,explicit_flood_text,NO EXACT DATE,MEDIUM (district code),Uncertain/unlikely/no-exact-date records must NOT become negative examples; absence of a record is not evidence of no flood.
65,102,FLOOD,2011-01-11,day,Copperbelt,Lufwanyama,Mpompo,ZMB-D-0205,district,,,Heavy rain | Instillation of culverts at Mpompo stream which was damaged,DMMU Coordinator,rain_or_water_text,HIGH-CONFIDENCE EVENT DATE,MEDIUM (district code),Uncertain/unlikely/no-exact-date records must NOT become negative examples; absence of a record is not evidence of no flood.
66,103,FLOOD,2011,year,Central,Chibombo,Chief chamuka,ZMB-D-0102,district,,,Heavy rain | Construction works at Muswishi crossing point,Regional Coordinator ,rain_or_water_text,NO EXACT DATE,MEDIUM (district code),Uncertain/unlikely/no-exact-date records must NOT become negative examples; absence of a record is not evidence of no flood.
67,104,FLOOD,2011,year,Luapula,Mansa,mansa area,ZMB-D-0403,district,,,"Heavy rain | Rehabilitation works of Road shoulders,Humps and three(3) bridges namely:Namwande stream
                                                                         :Airport Namwandwa and 
                                                                         :Mutende school bridges",DMMU Luapula Province,rain_or_water_text,NO EXACT DATE,MEDIUM (district code),Uncertain/unlikely/no-exact-date records must NOT become negative examples; absence of a record is not evidence of no flood.
68,105,FLOOD,2012,year,Lusaka,Lusaka,,ZMB-D-0501,district,,,Heavy rain | Payment for the successful completion of abridge by Messrs Tomorrow Investment,Director National Road fund Agency,rain_or_water_text,NO EXACT DATE,MEDIUM (district code),Uncertain/unlikely/no-exact-date records must NOT become negative examples; absence of a record is not evidence of no flood.
69,106,FLOOD,2012,year,Copperbelt,Kitwe,kitwe area,ZMB-D-0202,district,,,Heavy rain | For the construction of the Presidential Guest house access bridge which was washed away,Regional Engineer,explicit_flood_text,NO EXACT DATE,MEDIUM (district code),Uncertain/unlikely/no-exact-date records must NOT become negative examples; absence of a record is not evidence of no flood.
70,107,FLOOD,2009,year,Western,Shangombo,Mambolomoka,ZMB-D-1001,district,,,"Heavy rain | Two (2) lost their lives when the Siyanda likuma,Shangombo and Senanga-sesheck road was submerged during the 2009/2010 rain season",School of mines UNZA,explicit_flood_text,NO EXACT DATE,MEDIUM (district code),Uncertain/unlikely/no-exact-date records must NOT become negative examples; absence of a record is not evidence of no flood.
71,108,FLOOD,2009,year,Western,Shangombo,Nanjucha ward ,ZMB-D-1001,district,,,Heavy rain | Request for funds for the construction of Sipumo and Mabele bridges which were completely damaged,School of mines UNZA,rain_or_water_text,NO EXACT DATE,MEDIUM (district code),Uncertain/unlikely/no-exact-date records must NOT become negative examples; absence of a record is not evidence of no flood.
72,109,FLOOD,2012,year,Lusaka,Chongwe,chongwe,ZMB-D-0506,district,,,Poor drainage system | Rehabilitation of Matwanshiba Bridge,Regional Coordinator Lusaka,rain_or_water_text,NO EXACT DATE,MEDIUM (district code),Uncertain/unlikely/no-exact-date records must NOT become negative examples; absence of a record is not evidence of no flood.
73,110,FLOOD,2012,year,Lusaka,Lusaka,chongwe,ZMB-D-0501,district,,,Poor drainage system | Rehabilitation of water green crossing point which was washed away during the 2011/2012 rains,Regional Coordinator,explicit_flood_text,NO EXACT DATE,MEDIUM (district code),Uncertain/unlikely/no-exact-date records must NOT become negative examples; absence of a record is not evidence of no flood.
74,111,FLOOD,2012,year,Southern,Livingstone,livingstone area,ZMB-D-0901,district,,,Heavy rain | Construction of Kayambe bridge along Sichili road which was Eroded,Regional Coordinator,rain_or_water_text,NO EXACT DATE,MEDIUM (district code),Uncertain/unlikely/no-exact-date records must NOT become negative examples; absence of a record is not evidence of no flood.
75,112,FLOOD,2012,year,Eastern,Petauke,petauke area,ZMB-D-0304,district,,,Heavy rain | Request for funds for the Construction of Kasangazi bridge along Chilongozi (D134) which was washed away,Regional Coordinator,explicit_flood_text,NO EXACT DATE,MEDIUM (district code),Uncertain/unlikely/no-exact-date records must NOT become negative examples; absence of a record is not evidence of no flood.
76,113,FLOOD,2012,year,Eastern,Mambwe,Mambwe area,ZMB-D-0306,district,,,Poor drainage system | Rehabilitation works on the Ukwimi-Sandwa Road,Regional Coordinator DMMU,rain_or_water_text,NO EXACT DATE,MEDIUM (district code),Uncertain/unlikely/no-exact-date records must NOT become negative examples; absence of a record is not evidence of no flood.
77,115,FLOOD,2012,year,Southern,Livingstone,livingstone area,ZMB-D-0901,district,,,Heavy rain | Construction of a Sesheke/Silili crossing point,Regional Coordinator,rain_or_water_text,NO EXACT DATE,MEDIUM (district code),Uncertain/unlikely/no-exact-date records must NOT become negative examples; absence of a record is not evidence of no flood.
78,116,FLOOD,2012,year,Eastern,Chipata,,ZMB-D-0305,district,,,Planned but not funded project Magwero crossing point,Regional Coordinator,category_only,NO EXACT DATE,MEDIUM (district code),Uncertain/unlikely/no-exact-date records must NOT become negative examples; absence of a record is not evidence of no flood.
79,117,FLOOD,2012,year,Central,Mkushi,Chief Chitina area ,ZMB-D-0108,district,,,"Heavy rain | The road connects Musofu in chief Chitina area in Mkushi,about 13km road was washed away",Regional Office Kabwe,explicit_flood_text,NO EXACT DATE,MEDIUM (district code),Uncertain/unlikely/no-exact-date records must NOT become negative examples; absence of a record is not evidence of no flood.
80,118,FLOOD,2012,year,Central,Kabwe,Great North ,ZMB-D-0103,district,,,Repairs of vandalized culvert between Ndabala and Serenje,Regional Engineer Central,category_only,NO EXACT DATE,MEDIUM (district code),Uncertain/unlikely/no-exact-date records must NOT become negative examples; absence of a record is not evidence of no flood.
81,119,FLOOD,2012,year,Western,Mongu,Chief Mwanangumune ,ZMB-D-1003,district,,,Request for funds for the construction of litawa crossing point which was washed away,Mongu regional Office ,explicit_flood_text,NO EXACT DATE,MEDIUM (district code),Uncertain/unlikely/no-exact-date records must NOT become negative examples; absence of a record is not evidence of no flood.
82,120,FLOOD,2012,year,Northern,Kaputa,Kaputa road ,ZMB-D-0809,district,,,Poor Road sector | The Mpolokoso-Kaputa road was washed away,Road Development Agency,explicit_flood_text,NO EXACT DATE,MEDIUM (district code),Uncertain/unlikely/no-exact-date records must NOT become negative examples; absence of a record is not evidence of no flood.
83,121,FLOOD,2012,year,Western,Mongu,Mayukwayukwa luena river,ZMB-D-1003,district,,,Purchase of materials/Equipment for the completion of the Mayukwayukwa Bailey bridge,Regional Coordinator Mungu,category_only,NO EXACT DATE,MEDIUM (district code),Uncertain/unlikely/no-exact-date records must NOT become negative examples; absence of a record is not evidence of no flood.
84,122,FLOOD,2012,year,Copperbelt,Ndola,Ndola,ZMB-D-0210,district,,,Heavy rain | Rehabilitation of Chifubu bridge,Regional Engineer,rain_or_water_text,NO EXACT DATE,MEDIUM (district code),Uncertain/unlikely/no-exact-date records must NOT become negative examples; absence of a record is not evidence of no flood.
85,123,FLOOD,2014,year,Northern,Kasama,Mwamba road ,ZMB-D-0803,district,,,Poor Road sector | Maintenance of the 5km Chief Mwambo Road,District Commissioner,category_only,NO EXACT DATE,MEDIUM (district code),Uncertain/unlikely/no-exact-date records must NOT become negative examples; absence of a record is not evidence of no flood.
86,124,FLOOD,2017-05-29,day,Northern,Kasama,CHamfubu Resettlement Scheme,ZMB-D-0803,district,,,Heavy rain | Construction of culvert bridge and 10km road,Regional Coordinator Kasama,rain_or_water_text,UNLIKELY EVENT DATE,MEDIUM (district code),Uncertain/unlikely/no-exact-date records must NOT become negative examples; absence of a record is not evidence of no flood.
87,125,FLOOD,2007,year,Eastern,Nyimba,,ZMB-D-0302,district,,,Poor drainage system | Request for funds for the construction of Mvuvye bridge along Great East road in chief Luembae's Chiefdom which Eroded due to heavy floods,Provincial Disaster Management Committee,explicit_flood_text,NO EXACT DATE,MEDIUM (district code),Uncertain/unlikely/no-exact-date records must NOT become negative examples; absence of a record is not evidence of no flood.
88,126,FLOOD,2014,year,Lusaka,Chilanga,Petroda falling station ,ZMB-D-0507,district,,,It was in a bad state | Rehabilitation of T2 Petroda falling Station road,Regional Coordinator DMMU,category_only,NO EXACT DATE,MEDIUM (district code),Uncertain/unlikely/no-exact-date records must NOT become negative examples; absence of a record is not evidence of no flood.
98,138,FLOOD,2009,year,Western,Shangombo,Simu ward,ZMB-D-1001,district,,,Heavy rains | Katukule Primary health center suffered complete damage due to floods,School of mines UNZA,explicit_flood_text,NO EXACT DATE,MEDIUM (district code),Uncertain/unlikely/no-exact-date records must NOT become negative examples; absence of a record is not evidence of no flood.
99,139,FLOOD,2009,year,Western,Shangombo,Sipuma ward,ZMB-D-1001,district,,,Heavy rains | Lupuka Primary heath center was submerged and finally it collapsed,School of mines UNZA,explicit_flood_text,NO EXACT DATE,MEDIUM (district code),Uncertain/unlikely/no-exact-date records must NOT become negative examples; absence of a record is not evidence of no flood.
101,141,FLOOD,2009,year,Western,Shangombo,Sipuma ward,ZMB-D-1001,district,,,"No proper drainage system poor road sector | Two (2) people died ,a class room had its roof blown off and three (3) teacher's houses were completely submerged",School of mines UNZA,explicit_flood_text,NO EXACT DATE,MEDIUM (district code),Uncertain/unlikely/no-exact-date records must NOT become negative examples; absence of a record is not evidence of no flood.
102,142,FLOOD,2012,year,Luapula,Mansa,St.Clement Secondary school,ZMB-D-0403,district,,,Rehabilitation of three(3) ablution blocks at st.clement secondary school,PERMANENT SECRETRAY,category_only,NO EXACT DATE,MEDIUM (district code),Uncertain/unlikely/no-exact-date records must NOT become negative examples; absence of a record is not evidence of no flood.
103,143,FLOOD,2014,year,Eastern,Mambwe,Deporable state ,ZMB-D-0306,district,,,Rehabilitation of two (2) schools namely Ncheka and Jumbo,PERMANENT SECRETRAY,category_only,NO EXACT DATE,MEDIUM (district code),Uncertain/unlikely/no-exact-date records must NOT become negative examples; absence of a record is not evidence of no flood.
104,144,FLOOD,2010,year,Central,Serenje,Chief Chisomo village,ZMB-D-0111,district,,,Construction of a house for his royal Highness chief chisomo,Royal Highness Chief Chisomo,category_only,NO EXACT DATE,MEDIUM (district code),Uncertain/unlikely/no-exact-date records must NOT become negative examples; absence of a record is not evidence of no flood.
105,145,FLOOD,2014-02-27,day,Copperbelt,Kitwe,kawama and twatasha,ZMB-D-0202,district,,,No drainage to control the passege of water | Houses in two (2) towns were completely destroyed,Regional Coordinator Copperbelt,rain_or_water_text,HIGH-CONFIDENCE EVENT DATE,MEDIUM (district code),Uncertain/unlikely/no-exact-date records must NOT become negative examples; absence of a record is not evidence of no flood.
108,148,FLOOD,2015,year,Northern,Kasama,Luyeye primary school,ZMB-D-0803,district,,,Heavy rains | Construction of a one by three(3) classroom block,PERMANENT SECRETRAY,rain_or_water_text,NO EXACT DATE,MEDIUM (district code),Uncertain/unlikely/no-exact-date records must NOT become negative examples; absence of a record is not evidence of no flood.
109,149,FLOOD,2015,year,Northern,Mporokoso,Chitoshi primary school,ZMB-D-0805,district,,,blown off | Report on the blown off 1*2 classroom block and VIP toilet at Chitoshi primary school,DMMU,category_only,NO EXACT DATE,MEDIUM (district code),Uncertain/unlikely/no-exact-date records must NOT become negative examples; absence of a record is not evidence of no flood.
110,150,FLOOD,2015,year,Northern,Mporokoso,Luli primary school,ZMB-D-0805,district,,,blown off | Report of the rehabilitation of 1*3 class room block which had its roof blown off,DMMU,category_only,NO EXACT DATE,MEDIUM (district code),Uncertain/unlikely/no-exact-date records must NOT become negative examples; absence of a record is not evidence of no flood.
111,152,FLOOD,2015,year,Luapula,Samfya,Chitondo primary school,ZMB-D-0402,district,,,Heavy rains | This is the payment of rehabilitation works done on the Chitondo primary school,Regional Coordinator,rain_or_water_text,NO EXACT DATE,MEDIUM (district code),Uncertain/unlikely/no-exact-date records must NOT become negative examples; absence of a record is not evidence of no flood.
112,153,FLOOD,2015,year,Luapula,Chipili,Chinshinki primary school,ZMB-D-0404,district,,,Heavy rains | Being payment for the rehabilitation works done on the Chinshinki primary school,Regional Coordinator,rain_or_water_text,NO EXACT DATE,MEDIUM (district code),Uncertain/unlikely/no-exact-date records must NOT become negative examples; absence of a record is not evidence of no flood.
113,154,FLOOD,2015,year,Luapula,Chipili,Mulundu primary school,ZMB-D-0404,district,,,haevy rainfall | Construction of 1*2 classroom block as recommended after being blown off by heavy rains,Regional Coordinator,rain_or_water_text,NO EXACT DATE,MEDIUM (district code),Uncertain/unlikely/no-exact-date records must NOT become negative examples; absence of a record is not evidence of no flood.
115,156,FLOOD,2015-06-16,day,North-Western,Solwezi,lubinga primary school,ZMB-D-0705,district,,,blown off | 1*3 class room block was blown off Lubinga primary school in solwezi,DMMU,category_only,UNCERTAIN EVENT DATE,MEDIUM (district code),Uncertain/unlikely/no-exact-date records must NOT become negative examples; absence of a record is not evidence of no flood.
116,157,FLOOD,2014,year,Copperbelt,Masaiti,Ipusukilo ,ZMB-D-0208,district,,,Unplanned settlement | Number of housed were damaged in ipusukilo Copperbelt province,Regional Coordinator Copperbelt,category_only,NO EXACT DATE,MEDIUM (district code),Uncertain/unlikely/no-exact-date records must NOT become negative examples; absence of a record is not evidence of no flood.
150,196,FLOOD,2010,year,Western,Lukulu,lukulu area ,ZMB-D-1006,district,,,Heavy rain | Mbanga RHC was damaged,ZVAC ASSESMENT REPORT,rain_or_water_text,NO EXACT DATE,MEDIUM (district code),Uncertain/unlikely/no-exact-date records must NOT become negative examples; absence of a record is not evidence of no flood.
1386,208,FLOOD,2013-10-31,day,Western,Mitete,NANGOMA,ZMB-D-1015,district,,,Heavy rainfall | MBANGWETA SCHOOLS INCLUDES NANGOMA PRIMARY SCHOOL DAMAGED DUE TO HEAVY RAINFALL.,NELSON PHIRI,rain_or_water_text,UNCERTAIN EVENT DATE,MEDIUM (district code),Uncertain/unlikely/no-exact-date records must NOT become negative examples; absence of a record is not evidence of no flood.
120,163,FLOOD,2015-04-18,day,Eastern,Petauke,juction of petauke-chipungu road,ZMB-D-0304,district,,,washed away | Construction of a washed away lutwazi crossing point in petauke disrict,Senior Roads Inspecter,explicit_flood_text,UNCERTAIN EVENT DATE,MEDIUM (district code),Uncertain/unlikely/no-exact-date records must NOT become negative examples; absence of a record is not evidence of no flood.
121,164,FLOOD,2014,year,Northern,Mpulungu,Robert village,ZMB-D-0807,district,,,No existing strutures | Construction of Four (4) bridges which were washed away in mpulungu district,Regional Manager RDA,explicit_flood_text,NO EXACT DATE,MEDIUM (district code),Uncertain/unlikely/no-exact-date records must NOT become negative examples; absence of a record is not evidence of no flood.
122,165,FLOOD,2014-02-07,day,North-Western,Manyinga,Senior chief Sikufela,ZMB-D-0709,district,,,Heavy rains | BOQ for the rehabilitation of Senior chief Sikufela's Residence,Regional Coordinator,rain_or_water_text,UNCERTAIN EVENT DATE,MEDIUM (district code),Uncertain/unlikely/no-exact-date records must NOT become negative examples; absence of a record is not evidence of no flood.
123,166,FLOOD,2014-02-07,day,North-Western,Manyinga,Senior Chief Sikufela's area,ZMB-D-0709,district,,,Heavy rains | BOQ for the construction of mufumbwe secondary school laboratory,Regional Coordinator,rain_or_water_text,UNCERTAIN EVENT DATE,MEDIUM (district code),Uncertain/unlikely/no-exact-date records must NOT become negative examples; absence of a record is not evidence of no flood.
124,167,FLOOD,2014-03-05,day,North-Western,Manyinga,Senior Chief Sikufela's area,ZMB-D-0709,district,,,Heavy rains | Construction of the damaged Chilumba foot bridge due to have rains,Regional Coordinator,rain_or_water_text,UNCERTAIN EVENT DATE,MEDIUM (district code),Uncertain/unlikely/no-exact-date records must NOT become negative examples; absence of a record is not evidence of no flood.
125,168,FLOOD,2011-08-31,day,Northern,Kaputa,Nsama-nkhoshya roadb,ZMB-D-0809,district,,,washed away | Rehabilitation of the Nkosha-Nsama road in kaputa northern,Acting Regional Engineer,explicit_flood_text,UNLIKELY EVENT DATE,MEDIUM (district code),Uncertain/unlikely/no-exact-date records must NOT become negative examples; absence of a record is not evidence of no flood.
129,172,FLOOD,2013-09-16,day,Lusaka,Lusaka,Garden house ,ZMB-D-0501,district,,,Heavy rains | Rehabilitation works on the 2.2km road in garden house which was Partially washed away,National Coordinator DMMU,explicit_flood_text,UNLIKELY EVENT DATE,MEDIUM (district code),Uncertain/unlikely/no-exact-date records must NOT become negative examples; absence of a record is not evidence of no flood.
130,173,FLOOD,2012-11-16,day,Muchinga,Nakonde,kanchibeya constituency ,ZMB-D-0605,district,,,Heavy rains | Estimated amount for the construction of two (2)crossing point namely kanchibeya and iyolo which were washed away in kanchibeya constituency,Regional Engineer RDA,explicit_flood_text,UNCERTAIN EVENT DATE,MEDIUM (district code),Uncertain/unlikely/no-exact-date records must NOT become negative examples; absence of a record is not evidence of no flood.
132,177,FLOOD,2015-04-10,day,Northern,Kaputa,kaputa area,ZMB-D-0809,district,,,Heavy rains | Estimated amount for the rehabilitation works on the munkonge crossing point,Regional Coordinator DMMU,rain_or_water_text,UNCERTAIN EVENT DATE,MEDIUM (district code),Uncertain/unlikely/no-exact-date records must NOT become negative examples; absence of a record is not evidence of no flood.
133,178,FLOOD,2014-04-10,day,Luapula,Mwense,Mwense constituency,ZMB-D-0410,district,,,Heavy rains | Construction of mukata crossing point which was washed away,Road Development Agency,explicit_flood_text,UNCERTAIN EVENT DATE,MEDIUM (district code),Uncertain/unlikely/no-exact-date records must NOT become negative examples; absence of a record is not evidence of no flood.
135,181,FLOOD,2014,year,Luapula,Nchelenge,Nchelenge area,ZMB-D-0406,district,,,"Heavy rains | Request for funds for the construction/repair of seven (7) Nchelenge district wash away amounting to k1,412,069",The director RDA luapula,rain_or_water_text,NO EXACT DATE,MEDIUM (district code),Uncertain/unlikely/no-exact-date records must NOT become negative examples; absence of a record is not evidence of no flood.
137,183,FLOOD,2010,year,North-Western,Solwezi,Chief Mumena's area ,ZMB-D-0705,district,,,"Excessive rainfull and walls being soaked | 110 houses in two(2)areas collapsed,80 in tundula and 30 houses in konkwa",DMMU OFFICE ,rain_or_water_text,NO EXACT DATE,MEDIUM (district code),Uncertain/unlikely/no-exact-date records must NOT become negative examples; absence of a record is not evidence of no flood.
138,184,FLOOD,2010,year,Luapula,Mansa,heavy rains,ZMB-D-0403,district,,,milenge constituency | About 4km stretch road damaged due to heavy rainfall kansanka-milenge road,Regional Coordinator,rain_or_water_text,NO EXACT DATE,MEDIUM (district code),Uncertain/unlikely/no-exact-date records must NOT become negative examples; absence of a record is not evidence of no flood.
140,186,FLOOD,2009,year,Central,Serenje,lulimala ward,ZMB-D-0111,district,,,"heavy rains experienced in the area | *150 houses collapsed 
*All school toilets at katonga basic school were submerged 
*three churches collapsed 
*main road to Katonga was submerged",District Disaster management committee ,explicit_flood_text,NO EXACT DATE,MEDIUM (district code),Uncertain/unlikely/no-exact-date records must NOT become negative examples; absence of a record is not evidence of no flood.
141,187,FLOOD,2016,year,North-Western,Mufumbwe,kalambo,ZMB-D-0703,district,,,Heavy rains | Request for sixty (60) tents to support the kabompo families which had their houses collapsed completely .others had their roofs blown off,Regional Coordinator,rain_or_water_text,NO EXACT DATE,MEDIUM (district code),Uncertain/unlikely/no-exact-date records must NOT become negative examples; absence of a record is not evidence of no flood.
143,189,FLOOD,2010,year,Central,Serenje,Serenje area,ZMB-D-0111,district,,,Heavy rains | Mpelembe Healthy facility was damaged due to heavy rains experienced in the area,ZVAC ASSESMENT REPORT,rain_or_water_text,NO EXACT DATE,MEDIUM (district code),Uncertain/unlikely/no-exact-date records must NOT become negative examples; absence of a record is not evidence of no flood.
144,190,FLOOD,2010,year,Central,Serenje,muchinka,ZMB-D-0111,district,,,Heavy rains | Muchinka healthy post was damaged due to heavy rains experienced in the area,ZVAC ASSESMENT REPORT,rain_or_water_text,NO EXACT DATE,MEDIUM (district code),Uncertain/unlikely/no-exact-date records must NOT become negative examples; absence of a record is not evidence of no flood.
145,191,FLOOD,2010,year,North-Western,Chavuma,Nyantanda healthy post ,ZMB-D-0702,district,,,"Heavy rains | Nyantanda Healthy post was badly damaged due to heavy rains.Others things that were damaged were 1 incinerator,1 mothers shelter, 1 lab,1 water point and 1 staff house",ZVAC ASSESMENT REPORT,rain_or_water_text,NO EXACT DATE,MEDIUM (district code),Uncertain/unlikely/no-exact-date records must NOT become negative examples; absence of a record is not evidence of no flood.
146,192,FLOOD,2010,year,Southern,Gwembe,Gwembe area ,ZMB-D-0903,district,,,Heavy rains | Choboboma healthy post was damaged in the 2009-2010 rain season,ZVAC ASSESMENT REPORT,rain_or_water_text,NO EXACT DATE,MEDIUM (district code),Uncertain/unlikely/no-exact-date records must NOT become negative examples; absence of a record is not evidence of no flood.
147,193,FLOOD,2010,year,Southern,Kazungula,kazungula area ,ZMB-D-0906,district,,,Heavy rains | Simango healthy post was damaged by the 2009-2010 rains,ZVAC ASSESMENT REPORT,rain_or_water_text,NO EXACT DATE,MEDIUM (district code),Uncertain/unlikely/no-exact-date records must NOT become negative examples; absence of a record is not evidence of no flood.
148,194,FLOOD,2010,year,Southern,Namwala,namwala area,ZMB-D-0909,district,,,heavy rains experienced in the area | Namachila healthy post was damaged in the 2009-2010 rain season,ZVAC ASSESMENT REPORT,rain_or_water_text,NO EXACT DATE,MEDIUM (district code),Uncertain/unlikely/no-exact-date records must NOT become negative examples; absence of a record is not evidence of no flood.
149,195,FLOOD,2010,year,Western,Kalabo,kalabo area ,ZMB-D-1004,district,,,Heavy rains | Nagole RH post was damaged due to heavy rains experienced in the area,ZVAC ASSESMENT REPORT,rain_or_water_text,NO EXACT DATE,MEDIUM (district code),Uncertain/unlikely/no-exact-date records must NOT become negative examples; absence of a record is not evidence of no flood.
151,197,FLOOD,2010,year,Western,Lukulu,lukulu area,ZMB-D-1006,district,,,Heavy rains | Lupai healthy post got damaged during the 2009-2010 rain season,ZVAC ASSESMENT REPORT,rain_or_water_text,NO EXACT DATE,MEDIUM (district code),Uncertain/unlikely/no-exact-date records must NOT become negative examples; absence of a record is not evidence of no flood.
152,198,FLOOD,2010,year,Western,Mongu,mongu area ,ZMB-D-1003,district,,,"heavy rains | Damaged healthy post Liyolelo RHC..Other damages were (1)maternity, (1)MCH,(1)lab,(1)water points and (1) staff house",ZVAC ASSESMENT REPORT,rain_or_water_text,NO EXACT DATE,MEDIUM (district code),Uncertain/unlikely/no-exact-date records must NOT become negative examples; absence of a record is not evidence of no flood.
153,199,FLOOD,2010,year,Western,Mongu,mongu area,ZMB-D-1003,district,,,heavy rains experienced in the area | Nomitume healthy post was damaged due to heavy rains,ZVAC ASSESMENT REPORT,rain_or_water_text,NO EXACT DATE,MEDIUM (district code),Uncertain/unlikely/no-exact-date records must NOT become negative examples; absence of a record is not evidence of no flood.
154,200,FLOOD,2010,year,Western,Senanga,senanga area ,ZMB-D-1002,district,,,heavy rains experienced in the area | Nambwae Upper PHC was also damaged,ZVAC ASSESMENT REPORT,rain_or_water_text,NO EXACT DATE,MEDIUM (district code),Uncertain/unlikely/no-exact-date records must NOT become negative examples; absence of a record is not evidence of no flood.
155,201,FLOOD,2010,year,Western,Senanga,senanga area,ZMB-D-1002,district,,,"heavy rains experienced in the area | Affected infrastructure:1 healthy post, 1 maternity ward,1 MCH, 1 incinerator, 1 mothers shelter, 1 lab, 1 water point and 1 staff house.",ZVAC ASSESMENT REPORT,rain_or_water_text,NO EXACT DATE,MEDIUM (district code),Uncertain/unlikely/no-exact-date records must NOT become negative examples; absence of a record is not evidence of no flood.
156,202,FLOOD,2010,year,Western,Senanga,senanga area,ZMB-D-1002,district,,,"heavy rains experienced in the area | Affected infrastructure: Luiwanyau healthy post,maternity,MCH,incinerator,mothers shelter,lab,water point and staff house.",ZVAC ASSESMENT REPORT,rain_or_water_text,NO EXACT DATE,MEDIUM (district code),Uncertain/unlikely/no-exact-date records must NOT become negative examples; absence of a record is not evidence of no flood.
157,203,FLOOD,2010,year,Western,Senanga,senanga area,ZMB-D-1002,district,,,"heavy rains experienced in the area | Affected infrastructure:Nanjaka RHC,maternity,MCH,incinerator,mother shelter,lab,water points and staff house",ZVAC ASSESMENT REPORT,rain_or_water_text,NO EXACT DATE,MEDIUM (district code),Uncertain/unlikely/no-exact-date records must NOT become negative examples; absence of a record is not evidence of no flood.
158,204,FLOOD,2017-06-06,day,Southern,Gwembe,Gwembe area,ZMB-D-0903,district,,,Heavy rains | one household was misplaced due to floods in Gwenmbe area in southern province,ZVAC ASSESMENT REPORT,explicit_flood_text,UNCERTAIN EVENT DATE,MEDIUM (district code),Uncertain/unlikely/no-exact-date records must NOT become negative examples; absence of a record is not evidence of no flood.
159,205,FLOOD,2010,year,Southern,Kazungula,kazungula area,ZMB-D-0906,district,,,Heavy rains | One household was displaced by heavy rains,ZVAC ASSESMENT REPORT,rain_or_water_text,NO EXACT DATE,MEDIUM (district code),Uncertain/unlikely/no-exact-date records must NOT become negative examples; absence of a record is not evidence of no flood.
160,206,FLOOD,2010,year,Southern,Namwala,namwala area,ZMB-D-0909,district,,,washed away | Two households were displaced due to heavy rains that the area experienced,ZVAC ASSESMENT REPORT,explicit_flood_text,NO EXACT DATE,MEDIUM (district code),Uncertain/unlikely/no-exact-date records must NOT become negative examples; absence of a record is not evidence of no flood.
161,207,FLOOD,2010,year,Southern,Sinazongwe,sinazongwe area ,ZMB-D-0902,district,,,Heavy rains | Eleven (11) households were displaced by heavy rains,ZVAC ASSESMENT REPORT,rain_or_water_text,NO EXACT DATE,MEDIUM (district code),Uncertain/unlikely/no-exact-date records must NOT become negative examples; absence of a record is not evidence of no flood.
162,208,FLOOD,2010,year,Western,Kalabo,kalabo area,ZMB-D-1004,district,,,Heavy rains | 13 households were displaces in the 2009-2010 rain season,ZVAC ASSESMENT REPORT,rain_or_water_text,NO EXACT DATE,MEDIUM (district code),Uncertain/unlikely/no-exact-date records must NOT become negative examples; absence of a record is not evidence of no flood.
163,209,FLOOD,2010,year,Western,Lukulu,lukulu area,ZMB-D-1006,district,,,Heavy rain | 16 households were displaces during the 2009-2010 rain season in lukulu area western province,ZVAC ASSESMENT REPORT,rain_or_water_text,NO EXACT DATE,MEDIUM (district code),Uncertain/unlikely/no-exact-date records must NOT become negative examples; absence of a record is not evidence of no flood.
164,210,FLOOD,2010,year,Western,Mongu,mongu area,ZMB-D-1003,district,,,Heavy rains | 19 households were displaced in mongu western province,ZVAC ASSESMENT REPORT,rain_or_water_text,NO EXACT DATE,MEDIUM (district code),Uncertain/unlikely/no-exact-date records must NOT become negative examples; absence of a record is not evidence of no flood.
165,211,FLOOD,2010,year,Western,Senanga,senanga area,ZMB-D-1002,district,,,heavy rains experienced in the area | 21 households were displaced in senanga area western province,ZVAC ASSESMENT REPORT,rain_or_water_text,NO EXACT DATE,MEDIUM (district code),Uncertain/unlikely/no-exact-date records must NOT become negative examples; absence of a record is not evidence of no flood.
166,212,FLOOD,2010,year,Western,Shangombo,shangombo area ,ZMB-D-1001,district,,,floods | 22 households were displaced in western province,ZVAC ASSESMENT REPORT,explicit_flood_text,NO EXACT DATE,MEDIUM (district code),Uncertain/unlikely/no-exact-date records must NOT become negative examples; absence of a record is not evidence of no flood.
167,213,FLOOD,2010,year,Western,Sesheke,sesheke area ,ZMB-D-1007,district,,,12 households were displaced in sesheke western province,ZVAC ASSESMENT REPORT,category_only,NO EXACT DATE,MEDIUM (district code),Uncertain/unlikely/no-exact-date records must NOT become negative examples; absence of a record is not evidence of no flood.
1287,98,FLOOD,2008-03-08,day,Lusaka,Lusaka,NORTH GREAT ROAD,ZMB-D-0501,district,,,Heavy rainfall | LUMUMBA/MANDEVU JUNCTION,TIMOTHY M. HAKUYU,rain_or_water_text,HIGH-CONFIDENCE EVENT DATE,MEDIUM (district code),Uncertain/unlikely/no-exact-date records must NOT become negative examples; absence of a record is not evidence of no flood.
1372,194,FLOOD,2008-01-21,day,Central,Mumbwa,MWEMBESHI,ZMB-D-0104,district,,,Heavy rainfall,P.S,rain_or_water_text,HIGH-CONFIDENCE EVENT DATE,MEDIUM (district code),Uncertain/unlikely/no-exact-date records must NOT become negative examples; absence of a record is not evidence of no flood.
640,47,FLOOD,2014-04-08,day,Northern,Nsama,MWEMBESHI,ZMB-D-0808,district,,,Bridge washed away due to heavy rains | The only footbridge leading to the basic school in the area was washed away denying pupils access to the school.,District Commisioner,explicit_flood_text,HIGH-CONFIDENCE EVENT DATE,MEDIUM (district code),Uncertain/unlikely/no-exact-date records must NOT become negative examples; absence of a record is not evidence of no flood.
641,48,FLOOD,2017-05-03,day,Luapula,Mwense,Sesa-Chindoloma-Kapesa road,ZMB-D-0410,district,,,Bridge washed away due to heavy rains | Embankment at Mununshi stream has been washed away leaving the road completely cut and impassable to both motorists and pedestrians.,District Commisioner,explicit_flood_text,UNLIKELY EVENT DATE,MEDIUM (district code),Uncertain/unlikely/no-exact-date records must NOT become negative examples; absence of a record is not evidence of no flood.
642,49,FLOOD,2009-05-30,day,Northern,Mungwi,MALOLE,ZMB-D-0804,district,,,"Brideg in a poor state due to heavy rains | Bridges on the Butele, Mpanda and Luchewe rivers on Kayambi-Nseluka road were damaged to the extent that kayambi mission and surrounding areas have been cut off",Emmanuel Munaile (MP),rain_or_water_text,UNCERTAIN EVENT DATE,MEDIUM (district code),Uncertain/unlikely/no-exact-date records must NOT become negative examples; absence of a record is not evidence of no flood.
643,50,FLOOD,2009-04-03,day,Central,Serenje,Chitambo,ZMB-D-0111,district,,,"Bridge washed away due to heavy rains | Areas like Katikulula resettlement scheme, Kalumbi and Chipundu areas have been cut off as a result of the washed away bridges",Ministry of lands,explicit_flood_text,HIGH-CONFIDENCE EVENT DATE,MEDIUM (district code),Uncertain/unlikely/no-exact-date records must NOT become negative examples; absence of a record is not evidence of no flood.
644,51,FLOOD,2009-03-27,day,Muchinga,Mpika,Kanchibiya,ZMB-D-0601,district,,,"Bridges washed away due to heavy rains | Affected areas are Mwendachabe, Kanchibiya ressettlement, Mulila and Chilimambwe in Kanchibiya constituency.",District Commisioner,explicit_flood_text,UNCERTAIN EVENT DATE,MEDIUM (district code),Uncertain/unlikely/no-exact-date records must NOT become negative examples; absence of a record is not evidence of no flood.
645,52,FLOOD,2009,year,Central,Serenje,Chief Mailo's area,ZMB-D-0111,district,,,Bridge washed away due to heavy rains | Lusiwasi bridge in chief Mailo's area washed away due to heavy rains leading to Chibuye Saili upper basic school being cut off from the rest of the community,District Commisioner,explicit_flood_text,NO EXACT DATE,MEDIUM (district code),Uncertain/unlikely/no-exact-date records must NOT become negative examples; absence of a record is not evidence of no flood.
646,53,FLOOD,2017-05-03,day,Western,Kaoma,Luampa,ZMB-D-1005,district,,,"bridges damaged due to heavy rains | Destruction of Lushukwelo, Kanyenze and Mambalakata bridges rendered some communities impassable.",Moses Chinyama,rain_or_water_text,UNLIKELY EVENT DATE,MEDIUM (district code),Uncertain/unlikely/no-exact-date records must NOT become negative examples; absence of a record is not evidence of no flood.
647,54,FLOOD,2017-05-03,day,Western,Kaoma,Luampa,ZMB-D-1005,district,,,"Bridge damaged by floods due to heavy rains | Destruction of Lushukwelo, Kanyenze and Mambalakata rendered some communities impassable",Moses Chinyama (DC),explicit_flood_text,UNLIKELY EVENT DATE,MEDIUM (district code),Uncertain/unlikely/no-exact-date records must NOT become negative examples; absence of a record is not evidence of no flood.
648,55,FLOOD,2017-05-03,day,Western,Kaoma,Kaoma central constituency,ZMB-D-1005,district,,,"Bridges damaged by floods due to heavy rains | Destruction of Miowa, Kapompo and Kalapo bridges rendered some communities impassable",Moses Chinyama (DC),explicit_flood_text,UNLIKELY EVENT DATE,MEDIUM (district code),Uncertain/unlikely/no-exact-date records must NOT become negative examples; absence of a record is not evidence of no flood.
649,56,FLOOD,2017-05-03,day,Western,Kaoma,Mangango,ZMB-D-1005,district,,,"Bridges damaged by floods due to heavy rains | Destruction of Winda,Kafwasonyi and Namaloba bridges rendered some communities impassable",Moses Chinyama (DC),explicit_flood_text,UNLIKELY EVENT DATE,MEDIUM (district code),Uncertain/unlikely/no-exact-date records must NOT become negative examples; absence of a record is not evidence of no flood.
650,57,FLOOD,2017-05-03,day,North-Western,Mwinilunga,chief Ntambu's area,ZMB-D-0706,district,,,Bridge damaged by floods due to heavy rains | Kabompo bridge linking chief Ntambu's area was damaged due to heavy rains.,,explicit_flood_text,UNLIKELY EVENT DATE,MEDIUM (district code),Uncertain/unlikely/no-exact-date records must NOT become negative examples; absence of a record is not evidence of no flood.
651,58,FLOOD,2017-05-03,day,North-Western,Mwinilunga,chief Ntambu's area,ZMB-D-0706,district,,,Bridge damaged by floods due to heavy rains | Kansanjiko bridge in chief Ntambu's area was washed away resulting in people of that area being cut off from clinics and schools.,,explicit_flood_text,UNLIKELY EVENT DATE,MEDIUM (district code),Uncertain/unlikely/no-exact-date records must NOT become negative examples; absence of a record is not evidence of no flood.
652,59,FLOOD,2017-05-03,day,North-Western,Solwezi,Solwezi East,ZMB-D-0705,district,,,"Bridges washed away due to heavy rains | Four bridges namely:Kafwemba, Mfwembe, Maumbo and Mulalashi along the kalindi Kapako road connecting chief Chikola's area to the rest of the constituency have been washed away as a result of heavy rains.",District Commisioner,explicit_flood_text,UNLIKELY EVENT DATE,MEDIUM (district code),Uncertain/unlikely/no-exact-date records must NOT become negative examples; absence of a record is not evidence of no flood.
653,60,FLOOD,2009-02-06,day,North-Western,Mwinilunga,chief Ntambu's area,ZMB-D-0706,district,,,"Bridge washed away due to heavy rains | Kasanjiko brige in chief Ntambu's area was washed away resulting in people being cut off from clinics, schools and other social amenities.",,explicit_flood_text,HIGH-CONFIDENCE EVENT DATE,MEDIUM (district code),Uncertain/unlikely/no-exact-date records must NOT become negative examples; absence of a record is not evidence of no flood.
654,61,FLOOD,2012-04,month,Lusaka,Lusaka,Matero,ZMB-D-0501,district,,,Road at the bridge damaged due to erosion by heavy rains | Damaged road at Shadreck bridge along common wealth road due to erosion which begins somewhere in Lilanda.,District Commisioner,rain_or_water_text,NO EXACT DATE,MEDIUM (district code),Uncertain/unlikely/no-exact-date records must NOT become negative examples; absence of a record is not evidence of no flood.
655,62,FLOOD,2013-03,month,Copperbelt,Kalulushi,Lukoshi,ZMB-D-0203,district,,,damaged bridge due to heavy rains | Lukoshi bridge was washed away due to heavy rains resulting in people of lukoshi area being c.ut off from Chambeshi.,Joyce. B. Nsamba (DC),explicit_flood_text,NO EXACT DATE,MEDIUM (district code),Uncertain/unlikely/no-exact-date records must NOT become negative examples; absence of a record is not evidence of no flood.
656,63,FLOOD,2013-12-25,day,Central,Chibombo,Izovu,ZMB-D-0102,district,,,"Izovu crossing partially washed away | AS a consequence of heavy rains experienced on 25th and 26th December 2013, Izovu crossing was partially washed away.",,explicit_flood_text,HIGH-CONFIDENCE EVENT DATE,MEDIUM (district code),Uncertain/unlikely/no-exact-date records must NOT become negative examples; absence of a record is not evidence of no flood.
657,64,FLOOD,2007,year,Lusaka,Chongwe,Bunda Bunda,ZMB-D-0506,district,,,Bridge washed away | Bridge washed away in 2007,District Commisioner,explicit_flood_text,NO EXACT DATE,MEDIUM (district code),Uncertain/unlikely/no-exact-date records must NOT become negative examples; absence of a record is not evidence of no flood.
658,65,FLOOD,2010-10-31,day,North-Western,Mwinilunga,Kasanjiko,ZMB-D-0706,district,,,bridge damaged due to heavy rains | Kasanjiko bridge damaged by consistent rains as well as normal wear and tear. Ksanjiko bridge links Mapalumba school and mapalumba clinic to the community.,Report by DMMU,rain_or_water_text,UNCERTAIN EVENT DATE,MEDIUM (district code),Uncertain/unlikely/no-exact-date records must NOT become negative examples; absence of a record is not evidence of no flood.
659,66,FLOOD,2010-10-31,day,North-Western,Mwinilunga,Musangila,ZMB-D-0706,district,,,bridge damaged due to heavy rains | Timber deck was partly damaged by rains and high water levels though it had not completely collapsed. There was also evidence of soil erosion, Report by DMMU,explicit_flood_text,UNCERTAIN EVENT DATE,MEDIUM (district code),Uncertain/unlikely/no-exact-date records must NOT become negative examples; absence of a record is not evidence of no flood.
660,67,FLOOD,2010-10-31,day,North-Western,Mwinilunga,Kasanghezi,ZMB-D-0706,district,,,Damage to bridge partly because of continous heavy rains | Timber deck falling apart from wear and tear as well as rotting because the bridge overflows after heavy rains for between 3 to 4 days.,Report by DMMU,explicit_flood_text,UNCERTAIN EVENT DATE,MEDIUM (district code),Uncertain/unlikely/no-exact-date records must NOT become negative examples; absence of a record is not evidence of no flood.
661,68,FLOOD,2010-04-26,day,Lusaka,Luangwa,Luangwa bridge,ZMB-D-0503,district,,,Partial collapse of Gabions on the bridge | The 2009/2010 rain season led to the partial collapse of the Gabions which were put in place during previous repairs.,Zambia wildlife Authority,rain_or_water_text,UNCERTAIN EVENT DATE,MEDIUM (district code),Uncertain/unlikely/no-exact-date records must NOT become negative examples; absence of a record is not evidence of no flood.
662,69,FLOOD,2010-04,month,Eastern,Katete,Chichele,ZMB-D-0303,district,,,The material constituting the abutments of the bridge has been partially eroded due the eratic stream flow of the river,Zambia wildlife Authority,category_only,NO EXACT DATE,MEDIUM (district code),Uncertain/unlikely/no-exact-date records must NOT become negative examples; absence of a record is not evidence of no flood.
663,70,FLOOD,2010-08-10,day,North-Western,Zambezi,Mize,ZMB-D-0701,district,,,Embankment damaged due to floods | Mize embankment collapsed due to flooding experienced in the previous rain season.,DMMU Regional office,explicit_flood_text,UNCERTAIN EVENT DATE,MEDIUM (district code),Uncertain/unlikely/no-exact-date records must NOT become negative examples; absence of a record is not evidence of no flood.
664,71,FLOOD,2017-05-03,day,Copperbelt,Kitwe,Mwekere,ZMB-D-0202,district,,,Bridges impassable due to heavy rains | Bridges at Mwekere and Chankalamu impassable due to heavy rains in the area. Space between the two culverts became weak and gravel completely weakened.,District Commisioner,rain_or_water_text,UNLIKELY EVENT DATE,MEDIUM (district code),Uncertain/unlikely/no-exact-date records must NOT become negative examples; absence of a record is not evidence of no flood.
667,74,FLOOD,2017-05-03,day,Northern,Nsama,MWEMBESHI,ZMB-D-0808,district,,,Heavy rains caused flooding of pit latrines | one school was affected in which pit latrines were flooded.,District Commisioner,explicit_flood_text,UNLIKELY EVENT DATE,MEDIUM (district code),Uncertain/unlikely/no-exact-date records must NOT become negative examples; absence of a record is not evidence of no flood.
673,80,FLOOD,2014-04-08,day,Northern,Nsama,MWEMBESHI,ZMB-D-0808,district,,,"Large portions of crops submerged in water | Crops such as cassava,maize and rice fields submerged in water due to heavy rains that caused flooding in the area.",District Commisioner,explicit_flood_text,HIGH-CONFIDENCE EVENT DATE,MEDIUM (district code),Uncertain/unlikely/no-exact-date records must NOT become negative examples; absence of a record is not evidence of no flood.
676,84,FLOOD,2017-05-04,day,Central,Itezhi-tezhi,Lubanda,ZMB-D-0101,district,,,"crops destroyed due to heavy rains | Areas affected include Lubanda,Buunga, Bauza, Basanga and Babizi.",District Commisioner,rain_or_water_text,UNCERTAIN EVENT DATE,MEDIUM (district code),Uncertain/unlikely/no-exact-date records must NOT become negative examples; absence of a record is not evidence of no flood.
679,87,FLOOD,2014-11-03,day,Lusaka,Lusaka,Mtendere,ZMB-D-0501,district,,,"school infrasture damaged due to heavy rains | Part of the roof at Chitukuko primary school was blown off while at Mahatma Ghandi basic school the wall fence collapsed. Furthermore,12 panels of the wall fence at Mtendere primary school collasped",District Commisioner,rain_or_water_text,UNCERTAIN EVENT DATE,MEDIUM (district code),Uncertain/unlikely/no-exact-date records must NOT become negative examples; absence of a record is not evidence of no flood.
680,98,FLOOD,2011-12-16,day,Lusaka,Lusaka,Kaunda Square stage1,ZMB-D-0501,district,,,Houses damaged due to floods | Floods caused by the raised road on the northern side of Kaunda square. The road is higher than the ground on the southern side where flooding took place,District Commisioner,explicit_flood_text,HIGH-CONFIDENCE EVENT DATE,MEDIUM (district code),Uncertain/unlikely/no-exact-date records must NOT become negative examples; absence of a record is not evidence of no flood.
684,103,FLOOD,2014-04-08,day,Northern,Nsama,MWEMBESHI,ZMB-D-0808,district,,,Houses damaged and destroyed due to heavy rains | 35 houses were affected of which 20 have been partially damaged and 15 completely collapsed leaving some people homeless.,District Commisioner,rain_or_water_text,HIGH-CONFIDENCE EVENT DATE,MEDIUM (district code),Uncertain/unlikely/no-exact-date records must NOT become negative examples; absence of a record is not evidence of no flood.
687,107,FLOOD,2014-04-08,day,Northern,Nsama,MWEMBESHI,ZMB-D-0808,district,,,water points under floods | Water points in the area under floods as a result of high water levels.,District Commisioner,explicit_flood_text,HIGH-CONFIDENCE EVENT DATE,MEDIUM (district code),Uncertain/unlikely/no-exact-date records must NOT become negative examples; absence of a record is not evidence of no flood.
688,108,FLOOD,2017-05-04,day,Lusaka,Lusaka,Chawama,ZMB-D-0501,district,,,houses flooded due to heavy rains,,explicit_flood_text,UNCERTAIN EVENT DATE,MEDIUM (district code),Uncertain/unlikely/no-exact-date records must NOT become negative examples; absence of a record is not evidence of no flood.
698,121,FLOOD,2008-01-03,day,Southern,Monze,Mabonde bridge,ZMB-D-0908,district,,,Mabonde bridge washed away | Mabonde bridge washed away due to floods,DMMU report,explicit_flood_text,HIGH-CONFIDENCE EVENT DATE,MEDIUM (district code),Uncertain/unlikely/no-exact-date records must NOT become negative examples; absence of a record is not evidence of no flood.
699,122,FLOOD,2015-12-17,day,Southern,Mazabuka,Mazabuka central business area,ZMB-D-0910,district,,,"120 houses were affected, these houses either collapsed or had roofs completely blown off.",DMMU report,category_only,HIGH-CONFIDENCE EVENT DATE,MEDIUM (district code),Uncertain/unlikely/no-exact-date records must NOT become negative examples; absence of a record is not evidence of no flood.
713,139,FLOOD,2013-01-20,day,North-Western,Kabompo,Mishivi bridge,ZMB-D-0708,district,,,bridge damaged due to heavy rains | The water flows over the bridge up to 80cm high. The embankments on the sides get washed away every year,District administration office,explicit_flood_text,HIGH-CONFIDENCE EVENT DATE,MEDIUM (district code),Uncertain/unlikely/no-exact-date records must NOT become negative examples; absence of a record is not evidence of no flood.
715,141,FLOOD,2013-01-20,day,North-Western,Kabompo,Maveve bridge,ZMB-D-0708,district,,,"damaged bridge due to heavy rains | One pillar broke and was washed away. Furthermore, the timber deck was rotten making it dangerous for use",District administration office,explicit_flood_text,HIGH-CONFIDENCE EVENT DATE,MEDIUM (district code),Uncertain/unlikely/no-exact-date records must NOT become negative examples; absence of a record is not evidence of no flood.
716,142,FLOOD,2013-01-20,day,North-Western,Kabompo,Kasalya bridge,ZMB-D-0708,district,,,Damage to bridge due to heavy rains | The head wall and the culvert to the outlet side of the middle water passage of the bridge collapsed. The water flows over the road after heavy rains. The strong current flowing in the river causes erosion of the soil at the end of the culvert,District administration office,rain_or_water_text,HIGH-CONFIDENCE EVENT DATE,MEDIUM (district code),Uncertain/unlikely/no-exact-date records must NOT become negative examples; absence of a record is not evidence of no flood.
728,158,FLOOD,2013,year,Muchinga,Chinsali,Mwalala primary school,ZMB-D-0607,district,,,"Heavy rains caused damage in schools | Damage in infrastructure caused by rains which had a negative impact on the effectiveness of school activities in schools namely: Mwalala, Namwenya and  Kasanta primary schools. These schools were found to be in a hazardous state and posed a risk to teachers an",District Education board,rain_or_water_text,NO EXACT DATE,MEDIUM (district code),Uncertain/unlikely/no-exact-date records must NOT become negative examples; absence of a record is not evidence of no flood.
729,159,FLOOD,2011,year,Luapula,Mansa,Musaila primary school,ZMB-D-0403,district,,,collapsed  classroom block due to heavy rains | A poorly constructed 1*2 classroom block at Musaila primary school collapsed during the 2011/2012 rain season.,DMMU Regional office,rain_or_water_text,NO EXACT DATE,MEDIUM (district code),Uncertain/unlikely/no-exact-date records must NOT become negative examples; absence of a record is not evidence of no flood.
736,167,FLOOD,2013,year,Central,Chibombo,Itombwe,ZMB-D-0102,district,,,"school infrustructure damaged due to floods | 3 classrooms, 1 Teacher's house,staff room,2 recreational areas, 1 water point and 1 sanitation facility were damaged due to floods.",ZVAC/ Assessment report,explicit_flood_text,NO EXACT DATE,MEDIUM (district code),Uncertain/unlikely/no-exact-date records must NOT become negative examples; absence of a record is not evidence of no flood.
737,168,FLOOD,2013,year,Central,Chibombo,Kalala primary school,ZMB-D-0102,district,,,"school infrustructure damaged due to floods | 3 classrooms, 2 teacher's houses and 5 sanitation facilities damaged due to floods.",ZVAC/ Assessment report,explicit_flood_text,NO EXACT DATE,MEDIUM (district code),Uncertain/unlikely/no-exact-date records must NOT become negative examples; absence of a record is not evidence of no flood.
738,170,FLOOD,2013,year,Central,Chibombo,Kalebuka primary school,ZMB-D-0102,district,,,"school infrustructure damaged due to floods | 2 classrooms, 1 water point, 4 sanitation facilities and 1 recreational area affected due to floods",ZVAC/ Assessment report,explicit_flood_text,NO EXACT DATE,MEDIUM (district code),Uncertain/unlikely/no-exact-date records must NOT become negative examples; absence of a record is not evidence of no flood.
739,171,FLOOD,2013,year,Central,Chibombo,Muwanju primary school,ZMB-D-0102,district,,,school infrustructure damaged due to floods | 3 classrooms damaged due to floods caused by heavy rains.,ZVAC/ Assessment reports,explicit_flood_text,NO EXACT DATE,MEDIUM (district code),Uncertain/unlikely/no-exact-date records must NOT become negative examples; absence of a record is not evidence of no flood.
740,173,FLOOD,2017-06-05,day,Central,,,,province_only,,,,,category_only,UNCERTAIN EVENT DATE,LOW (province only),Uncertain/unlikely/no-exact-date records must NOT become negative examples; absence of a record is not evidence of no flood.
741,174,FLOOD,2013,year,Central,Chibombo,Shimbilo primary school,ZMB-D-0102,district,,,school infrustructure damaged due to floods | 2 sanitation facilities affected due to floods caused by heavy rains.,ZVAC/ Assessment report,explicit_flood_text,NO EXACT DATE,MEDIUM (district code),Uncertain/unlikely/no-exact-date records must NOT become negative examples; absence of a record is not evidence of no flood.
742,175,FLOOD,2013,year,Central,Itezhi-tezhi,Baanga primary school,ZMB-D-0101,district,,,school infrustructure damaged due to floods | 2 classrooms and  1 teacher's house damaged due to floods caused by heavy rains.,ZVAC/ Assessment report,explicit_flood_text,NO EXACT DATE,MEDIUM (district code),Uncertain/unlikely/no-exact-date records must NOT become negative examples; absence of a record is not evidence of no flood.
743,176,FLOOD,2013,year,Central,Itezhi-tezhi,Babizhi,ZMB-D-0101,district,,,"school infrustructure damaged due to floods | 5 classrooms, 1 teacher's house, 1 water point, 7 sanitation facilities and 3 recreational areas damaged due to floods caused by heavy rains.",ZVAC/ Assessment report,explicit_flood_text,NO EXACT DATE,MEDIUM (district code),Uncertain/unlikely/no-exact-date records must NOT become negative examples; absence of a record is not evidence of no flood.
744,177,FLOOD,2013,year,Central,Itezhi-tezhi,Yomena primary school,ZMB-D-0101,district,,,"school infrustructure damaged due to floods | 5 classrooms, 3 teacher's houses and 1 water point damaged due to floods caused by heavy rains.",ZVAC/ Assessment report,explicit_flood_text,NO EXACT DATE,MEDIUM (district code),Uncertain/unlikely/no-exact-date records must NOT become negative examples; absence of a record is not evidence of no flood.
745,178,FLOOD,2013,year,Central,Mkushi,Shamboze primary school,ZMB-D-0108,district,,,"school infrustructure damaged due to floods | 2 classrooms,1 water point and 2 recreational areas damaged due to floods caused by heavy rains",ZVAC/ Assessment report,explicit_flood_text,NO EXACT DATE,MEDIUM (district code),Uncertain/unlikely/no-exact-date records must NOT become negative examples; absence of a record is not evidence of no flood.
746,179,FLOOD,2013,year,Central,Mkushi,Lukunka primary school,ZMB-D-0108,district,,,school infrustructure damaged due to floods | 2 classrooms damaged due to floods caused by heavy rains.,ZVAC/ Assessment report,explicit_flood_text,NO EXACT DATE,MEDIUM (district code),Uncertain/unlikely/no-exact-date records must NOT become negative examples; absence of a record is not evidence of no flood.
747,180,FLOOD,2013,year,Central,Mumbwa,Kabulwe bulwe,ZMB-D-0104,district,,,"school infrustructure damaged due to floods | 3 classrooms, 1 teacher's house and  5 sanitation facilities damaged due to floods caused by heavy rains.",ZVAC/ Assessment report,explicit_flood_text,NO EXACT DATE,MEDIUM (district code),Uncertain/unlikely/no-exact-date records must NOT become negative examples; absence of a record is not evidence of no flood.
748,181,FLOOD,2013,year,Lusaka,Shibuyunji,Munyati primary school,ZMB-D-0508,district,,,school infrustructure damaged due to floods | 1 sanitation facility damaged due to floods caused by heavy rains,ZVAC/ Assessment report,explicit_flood_text,NO EXACT DATE,MEDIUM (district code),Uncertain/unlikely/no-exact-date records must NOT become negative examples; absence of a record is not evidence of no flood.
749,182,FLOOD,2013,year,Lusaka,Shibuyunji,Nampundwe,ZMB-D-0508,district,,,school infrustructure damaged due to floods | 8 sanitation facilities and 3 staff rooms damage due to heavy rains caused by floods,ZVAC/ Assessment report,explicit_flood_text,NO EXACT DATE,MEDIUM (district code),Uncertain/unlikely/no-exact-date records must NOT become negative examples; absence of a record is not evidence of no flood.
750,183,FLOOD,2013,year,Lusaka,Shibuyunji,Shabaso primary school,ZMB-D-0508,district,,,school infrustructure damaged due to floods | 2 classrooms and 4 Sanitation facilities damaged due to floods caused by heavy rains.,ZVAC/ Assessment report,explicit_flood_text,NO EXACT DATE,MEDIUM (district code),Uncertain/unlikely/no-exact-date records must NOT become negative examples; absence of a record is not evidence of no flood.
751,184,FLOOD,2013,year,Eastern,Chipata,Kapita primary school,ZMB-D-0305,district,,,school infrustructure damaged due to floods | 2 classrooms damaged due to floods caused by heavy rains.,ZVAC/ Assessment report,explicit_flood_text,NO EXACT DATE,MEDIUM (district code),Uncertain/unlikely/no-exact-date records must NOT become negative examples; absence of a record is not evidence of no flood.
767,200,FLOOD,2013,year,Western,Limulunga,Mabili community school,ZMB-D-1014,district,,,school infrustructure damaged due to floods | 2 classrooms damaged by floods due to heavy rains.,ZVAC/ Assessment report,explicit_flood_text,NO EXACT DATE,MEDIUM (district code),Uncertain/unlikely/no-exact-date records must NOT become negative examples; absence of a record is not evidence of no flood.
752,185,FLOOD,2013,year,North-Western,Zambezi,Kalengwa primary school,ZMB-D-0701,district,,,"school infrustructure damaged due to floods | 2 classrooms, 2 water points,3 sanitation facilities, 1 staff room and 2 recreational areas damaged due to floods caused by heavy rains.",ZVAC/ Assessment report,explicit_flood_text,NO EXACT DATE,MEDIUM (district code),Uncertain/unlikely/no-exact-date records must NOT become negative examples; absence of a record is not evidence of no flood.
753,186,FLOOD,2013,year,Southern,Kalomo,Maramba primary school,ZMB-D-0904,district,,,school infrustructure damaged due to floods | 3 classrooms damaged due to floods caused by heavy rains.,ZVAC/ Assessment report,explicit_flood_text,NO EXACT DATE,MEDIUM (district code),Uncertain/unlikely/no-exact-date records must NOT become negative examples; absence of a record is not evidence of no flood.
754,187,FLOOD,2013,year,Southern,Monze,Hakunkula primary school,ZMB-D-0908,district,,,school infrustructure damaged due to floods | 3 classrooms and 1 staff room damaged due floods caused by heavy rains,ZVAC/ Assessment report,explicit_flood_text,NO EXACT DATE,MEDIUM (district code),Uncertain/unlikely/no-exact-date records must NOT become negative examples; absence of a record is not evidence of no flood.
755,188,FLOOD,2013,year,Southern,Namwala,Nakaunda primary school,ZMB-D-0909,district,,,school infrustructure damaged due to floods | 2 classrooms damaged by floods caused by heavy rains,ZVAC/ Assessment report,explicit_flood_text,NO EXACT DATE,MEDIUM (district code),Uncertain/unlikely/no-exact-date records must NOT become negative examples; absence of a record is not evidence of no flood.
756,189,FLOOD,2013,year,Southern,Namwala,Tapa primary school,ZMB-D-0909,district,,,"school infrustructure damaged due to floods | 4 classrooms and 1 teacher's house damaged due to floods caused by heavy rains,",ZVAC/ Assessment report,explicit_flood_text,NO EXACT DATE,MEDIUM (district code),Uncertain/unlikely/no-exact-date records must NOT become negative examples; absence of a record is not evidence of no flood.
757,190,FLOOD,2013,year,Southern,Namwala,Kasonkomwa community school,ZMB-D-0909,district,,,school infrustructure damaged due to floods | 2 classrooms damaged due to floods caused by heavy rains.,ZVAC/ Assessment report,explicit_flood_text,NO EXACT DATE,MEDIUM (district code),Uncertain/unlikely/no-exact-date records must NOT become negative examples; absence of a record is not evidence of no flood.
758,191,FLOOD,2013,year,Western,Kalabo,Ikatulamwa community school,ZMB-D-1004,district,,,"school infrustructure damaged due to floods | 1 classroom, 2 teacher's houses and 4 sanitation facilities damaged by floods due to heavy rains.",ZVAC/ Assessment report,explicit_flood_text,NO EXACT DATE,MEDIUM (district code),Uncertain/unlikely/no-exact-date records must NOT become negative examples; absence of a record is not evidence of no flood.
759,192,FLOOD,2013,year,Western,Kalabo,Nangole primary school,ZMB-D-1004,district,,,"school infrustructure damaged due to floods | 2 classrooms, teacher's houses and 2 recreational areas damaged due floods caused by to heavy rains",ZVAC/ Assessment report,explicit_flood_text,NO EXACT DATE,MEDIUM (district code),Uncertain/unlikely/no-exact-date records must NOT become negative examples; absence of a record is not evidence of no flood.
760,193,FLOOD,2013,year,Western,Kalabo,Silanda primary school,ZMB-D-1004,district,,,school infrustructure damaged due to floods | 5 water points damaged due to floods caused by heavy rains,ZVAC/ Assessment report,explicit_flood_text,NO EXACT DATE,MEDIUM (district code),Uncertain/unlikely/no-exact-date records must NOT become negative examples; absence of a record is not evidence of no flood.
761,194,FLOOD,2013,year,Western,Kalabo,Muchicha primary school,ZMB-D-1004,district,,,"school infrustructure damaged due to floods | 3 classrooms, 3 teacher's houses, 1 water point,4 sanitation facilities and 2 recreational areas damaged by floods caused by heavy rains.",ZVAC/ Assessment report,explicit_flood_text,NO EXACT DATE,MEDIUM (district code),Uncertain/unlikely/no-exact-date records must NOT become negative examples; absence of a record is not evidence of no flood.
762,195,FLOOD,2013,year,Western,Kalabo,Salunda primary school,ZMB-D-1004,district,,,school infrustructure damaged due to floods | 1 water point and 2 recreational facilities damaged by floods due to heavy rains.,ZVAC/ Assessment report,explicit_flood_text,NO EXACT DATE,MEDIUM (district code),Uncertain/unlikely/no-exact-date records must NOT become negative examples; absence of a record is not evidence of no flood.
763,196,FLOOD,2013,year,Western,Kalabo,Muweshi primary school,ZMB-D-1004,district,,,"school infrustructure damaged due to floods | 3 classrooms,1 water point, 10 sanitation facilities and 2 recreational areas damaged due to floods caused by heavy rains.",ZVAC/ Assessment report,explicit_flood_text,NO EXACT DATE,MEDIUM (district code),Uncertain/unlikely/no-exact-date records must NOT become negative examples; absence of a record is not evidence of no flood.
764,197,FLOOD,2013,year,Western,Kalabo,Nguluma primary school,ZMB-D-1004,district,,,"school infrustructure damaged due to floods | 3 classrooms,4 teacher's houses, 13 sanitation points and 2 recreational areas damaged by floods caused by heavy rains.",ZVAC/ Assessment report,explicit_flood_text,NO EXACT DATE,MEDIUM (district code),Uncertain/unlikely/no-exact-date records must NOT become negative examples; absence of a record is not evidence of no flood.
766,199,FLOOD,2013,year,Western,Limulunga,Limulunga primary school,ZMB-D-1014,district,,,school infrustructure damaged due to floods,ZVAC/ Assessment report,explicit_flood_text,NO EXACT DATE,MEDIUM (district code),Uncertain/unlikely/no-exact-date records must NOT become negative examples; absence of a record is not evidence of no flood.
768,201,FLOOD,2013,year,Western,Mitete,Lwambi primary school,ZMB-D-1015,district,,,school infrustructure damaged due to floods | 2 classrooms and 6 sanitation facilities damaged by floods due to heavy rains,ZVAC/ Assessment report,explicit_flood_text,NO EXACT DATE,MEDIUM (district code),Uncertain/unlikely/no-exact-date records must NOT become negative examples; absence of a record is not evidence of no flood.
769,202,FLOOD,2013,year,Western,Mwandi,Mande primary school,ZMB-D-1008,district,,,school infrustructure damaged due to floods | 3 classrooms damaged by floods due to heavy rains.,ZVAC/ Assessment report,explicit_flood_text,NO EXACT DATE,MEDIUM (district code),Uncertain/unlikely/no-exact-date records must NOT become negative examples; absence of a record is not evidence of no flood.
770,203,FLOOD,2013,year,Western,Mwandi,Mangwanyi primary school,ZMB-D-1008,district,,,school infrustructure damaged due to floods | 3 classrooms damaged by floods due to heavy rains,ZVAC/ Assessment report,explicit_flood_text,NO EXACT DATE,MEDIUM (district code),Uncertain/unlikely/no-exact-date records must NOT become negative examples; absence of a record is not evidence of no flood.
1236,45,FLOOD,2012-03-12,day,Northern,Luwingu,KALOMBOSHI,ZMB-D-0802,district,,,"Heavy rainfall | kalomboshi bridge and other six villages were affected.
over 61 household per family were affected.
total number of victims were 3660.",MAMBWE KATONTOKA,rain_or_water_text,HIGH-CONFIDENCE EVENT DATE,MEDIUM (district code),Uncertain/unlikely/no-exact-date records must NOT become negative examples; absence of a record is not evidence of no flood.
1238,48,FLOOD,2012-03-29,day,Luapula,Mansa,LUAMFUMU,ZMB-D-0403,district,,,Heavy rainfall | LUAMFUMU BRIDGE,MFUTA.K. CHRISTOPHER,rain_or_water_text,HIGH-CONFIDENCE EVENT DATE,MEDIUM (district code),Uncertain/unlikely/no-exact-date records must NOT become negative examples; absence of a record is not evidence of no flood.
1239,49,FLOOD,2012-12-03,day,Luapula,Milengi,MILENGI,ZMB-D-0401,district,,,Heavy rainfall | MWINGI MILONGA BRIDGE,H. KALABA,rain_or_water_text,HIGH-CONFIDENCE EVENT DATE,MEDIUM (district code),Uncertain/unlikely/no-exact-date records must NOT become negative examples; absence of a record is not evidence of no flood.
1240,50,FLOOD,2012-11-03,day,Muchinga,Mpika,MPIKA,ZMB-D-0601,district,,,"HEAVY DOWNFALL OF RAINS | AFFECTED BRIDGES ARE;-MWALESHI BRIDGE,KAPAMBA BRIDGE,NAKABWE AND MPAMAZI BRIDGE",HON. MALAMA,rain_or_water_text,HIGH-CONFIDENCE EVENT DATE,MEDIUM (district code),Uncertain/unlikely/no-exact-date records must NOT become negative examples; absence of a record is not evidence of no flood.
1246,56,FLOOD,2009-02-18,day,Luapula,Kawambwa,CHAMBESHI,ZMB-D-0405,district,,,Heavy rainfall | KAWAMBWA MANSA ROAD-CHAMBESHI BRIDGE,ELIZABETH CHITIKA,rain_or_water_text,HIGH-CONFIDENCE EVENT DATE,MEDIUM (district code),Uncertain/unlikely/no-exact-date records must NOT become negative examples; absence of a record is not evidence of no flood.
1247,57,FLOOD,2009-03-09,day,Central,Kabwe,LUSIWASI,ZMB-D-0103,district,,,Heavy rainfall | LUSIWASI BRIDGE,GEORGE KUNDA,rain_or_water_text,HIGH-CONFIDENCE EVENT DATE,MEDIUM (district code),Uncertain/unlikely/no-exact-date records must NOT become negative examples; absence of a record is not evidence of no flood.
1248,58,FLOOD,2006-05-06,day,Central,Serenje,SERENJE,ZMB-D-0111,district,,,"Heavy rainfall | CHISOMO, CHIMBAYA,FUKWE,KAOMBE AND KASANDA BRIDGES WASHED AWAY",MAKOYE CHISUTA,explicit_flood_text,UNCERTAIN EVENT DATE,MEDIUM (district code),Uncertain/unlikely/no-exact-date records must NOT become negative examples; absence of a record is not evidence of no flood.
1249,59,FLOOD,2007-08-20,day,Central,Kapiri Mposhi,KAPIRI,ZMB-D-0110,district,,,"Heavy rainfall | KAKOMA, MUKUBWE AND MPONGWE WERE AFFECTED DUE TO FLOOD",JESTON.D. MULANDO,explicit_flood_text,UNCERTAIN EVENT DATE,MEDIUM (district code),Uncertain/unlikely/no-exact-date records must NOT become negative examples; absence of a record is not evidence of no flood.
1250,60,FLOOD,2016-01-16,day,Southern,Siavonga,SIAVONGA,ZMB-D-0907,district,,,Heavy rainfall | DAMBWE SIYANYOLO ROAD IN SINADAMBWE WERE FLOODED,CAROL C NKANDAWIRE,explicit_flood_text,HIGH-CONFIDENCE EVENT DATE,MEDIUM (district code),Uncertain/unlikely/no-exact-date records must NOT become negative examples; absence of a record is not evidence of no flood.
1251,62,FLOOD,2014-03-30,day,Muchinga,Nakonde,ISOKA,ZMB-D-0605,district,,,Heavy rainfall | ISOKA-NAKONDE ROAD,BERNARD CHIWALA,rain_or_water_text,HIGH-CONFIDENCE EVENT DATE,MEDIUM (district code),Uncertain/unlikely/no-exact-date records must NOT become negative examples; absence of a record is not evidence of no flood.
1252,63,FLOOD,2014-03-14,day,Southern,Monze,MONZE,ZMB-D-0908,district,,,"Heavy rainfall | DAMAGED BRIDGES IN BWEENGWA ARE;-NACHIBULI, CHIBUYU, HIKAUNE AND CHUNGU",EDWIN.J. PETER,rain_or_water_text,HIGH-CONFIDENCE EVENT DATE,MEDIUM (district code),Uncertain/unlikely/no-exact-date records must NOT become negative examples; absence of a record is not evidence of no flood.
1253,64,FLOOD,2014-03-01,day,Northern,Kasama,KASAMA,ZMB-D-0803,district,,,Heavy rainfall | MWAMBA ROAD,Simon chimwando,rain_or_water_text,HIGH-CONFIDENCE EVENT DATE,MEDIUM (district code),Uncertain/unlikely/no-exact-date records must NOT become negative examples; absence of a record is not evidence of no flood.
1254,65,FLOOD,2014-03-05,day,Eastern,Chipata,CHIPATA,ZMB-D-0305,district,,,Heavy rainfall | CHIWAYO CULVERTS.,INGRIBET BONDO,rain_or_water_text,HIGH-CONFIDENCE EVENT DATE,MEDIUM (district code),Uncertain/unlikely/no-exact-date records must NOT become negative examples; absence of a record is not evidence of no flood.
1255,66,FLOOD,2014-01-14,day,Copperbelt,Chililabombwe,CHILILABOMBWE,ZMB-D-0207,district,,,Heavy rainfall | CHIFUNSHI ROAD WASHED AWAY.,EDWIN. M,explicit_flood_text,HIGH-CONFIDENCE EVENT DATE,MEDIUM (district code),Uncertain/unlikely/no-exact-date records must NOT become negative examples; absence of a record is not evidence of no flood.
1256,67,FLOOD,2017-04-09,day,North-Western,Mwinilunga,MWINILUNGA,ZMB-D-0706,district,,,HEAVY DOWN POUR OF RAINS | CHIBWIKA KAMAPANANDA ROAD,PETER KABASO,rain_or_water_text,HIGH-CONFIDENCE EVENT DATE,MEDIUM (district code),Uncertain/unlikely/no-exact-date records must NOT become negative examples; absence of a record is not evidence of no flood.
1257,68,FLOOD,2017-05-03,day,Copperbelt,Chingola,CHINGOLA,ZMB-D-0206,district,,,"HEAVY DOWN POUR OF RAINS | THE FOLLOWING BRIDGES;-MUNTIPA,KAKUNDWE, MWAMBASHI,KAKALO,KANDUMBA, MIMBULA AND CHABANYAMA BRIDGE",MARY.N. CHIBESA,rain_or_water_text,UNLIKELY EVENT DATE,MEDIUM (district code),Uncertain/unlikely/no-exact-date records must NOT become negative examples; absence of a record is not evidence of no flood.
1258,69,FLOOD,2013-12-25,day,Central,Chibombo,CHIBOMBO,ZMB-D-0102,district,,,HEAVY DOWN POUR OF RAINS | IZOVU CROSSING ALONG CHIYUNI,BOYD SIYANGA,rain_or_water_text,HIGH-CONFIDENCE EVENT DATE,MEDIUM (district code),Uncertain/unlikely/no-exact-date records must NOT become negative examples; absence of a record is not evidence of no flood.
1259,70,FLOOD,2013-12-13,day,Copperbelt,Luanshya,CHITWE,ZMB-D-0209,district,,,HEAVY DOWN POUR OF RAINS | CHITWE BRIDGE WASHED AWAY.,EDWIN. MUYUNDA,explicit_flood_text,UNCERTAIN EVENT DATE,MEDIUM (district code),Uncertain/unlikely/no-exact-date records must NOT become negative examples; absence of a record is not evidence of no flood.
1260,71,FLOOD,2013-12-13,day,Copperbelt,Kitwe,MUTUPA,ZMB-D-0202,district,,,HEAVY DOWN POUR OF RAINS | MUTUPA BRIDGE-PROGRESS REPORT,EDWIN. MUYUNDA,rain_or_water_text,UNCERTAIN EVENT DATE,MEDIUM (district code),Uncertain/unlikely/no-exact-date records must NOT become negative examples; absence of a record is not evidence of no flood.
1261,72,FLOOD,2013-12-13,day,Copperbelt,Luanshya,LUANSHYA,ZMB-D-0209,district,,,HEAVY DOWN POUR OF RAINS | BLIN CENTRE BRIDGE WASHED AWAY IN LUANSHYA.,EDWIN. MUYUNDA,explicit_flood_text,UNCERTAIN EVENT DATE,MEDIUM (district code),Uncertain/unlikely/no-exact-date records must NOT become negative examples; absence of a record is not evidence of no flood.
1262,73,FLOOD,2013-12-13,day,Northern,Mporokoso,NSAMA,ZMB-D-0805,district,,,"HEAVY DOWN POUR OF RAINS | MPOROKOSO/NSAMA DISTRICT ROADS
PROGRESS REPORT ON COLLAPSED CULVERTSLBRIDGES",PAUL M MUYONGO,rain_or_water_text,UNCERTAIN EVENT DATE,MEDIUM (district code),Uncertain/unlikely/no-exact-date records must NOT become negative examples; absence of a record is not evidence of no flood.
1263,74,FLOOD,2012-12-13,day,Eastern,Chadiza,CHADIZA,ZMB-D-0301,district,,,Heavy rainfall | MTIZWA-MADZIMOYO ROAD WASHED AWAY.,INGRIBET BONDO,explicit_flood_text,HIGH-CONFIDENCE EVENT DATE,MEDIUM (district code),Uncertain/unlikely/no-exact-date records must NOT become negative examples; absence of a record is not evidence of no flood.
1264,75,FLOOD,2013-12-13,day,Eastern,Chadiza,KAPHINDE,ZMB-D-0301,district,,,HEAVY DOWN POUR OF RAINS | KAPHINDE-CHITHADZA ROAD,INGRIBET BONDO,rain_or_water_text,UNCERTAIN EVENT DATE,MEDIUM (district code),Uncertain/unlikely/no-exact-date records must NOT become negative examples; absence of a record is not evidence of no flood.
1265,76,FLOOD,2013-12-13,day,Eastern,Chadiza,CHADIZA,ZMB-D-0301,district,,,Heavy rainfall | LEMBANI-NTHOMBIMBI ROAD,INGRIBET BONDO,rain_or_water_text,UNCERTAIN EVENT DATE,MEDIUM (district code),Uncertain/unlikely/no-exact-date records must NOT become negative examples; absence of a record is not evidence of no flood.
1266,77,FLOOD,2013-12-13,day,Eastern,Chadiza,CHADIZA,ZMB-D-0301,district,,,HEAVY DOWN POUR OF RAINS | KALUNGA-CHIMPHINGA ROAD,INGRIBET BONDO,rain_or_water_text,UNCERTAIN EVENT DATE,MEDIUM (district code),Uncertain/unlikely/no-exact-date records must NOT become negative examples; absence of a record is not evidence of no flood.
1267,78,FLOOD,2013-12-16,day,Eastern,Sinda,SINDA,ZMB-D-0308,district,,,HEAVY DOWN POUR OF RAINS | KASANGWAZI BRIDGE WASHED AWAY.,INGRIBET BONDO,explicit_flood_text,HIGH-CONFIDENCE EVENT DATE,MEDIUM (district code),Uncertain/unlikely/no-exact-date records must NOT become negative examples; absence of a record is not evidence of no flood.
1268,79,FLOOD,2013-10-13,day,Lusaka,Lusaka,LUSAKA,ZMB-D-0501,district,,,"HEAVY DOWN POUR OF RAINS | KANYAMA,CHAWAMA,GEORGE,MATERO,KAUNDA SQUARE,KALINGALINGA,MUNALI AND KALIKILI WERE AFFECTED
OVER 9 AREAS WERE AFFECTED",ASHELL KAMPENGELE,rain_or_water_text,UNCERTAIN EVENT DATE,MEDIUM (district code),Uncertain/unlikely/no-exact-date records must NOT become negative examples; absence of a record is not evidence of no flood.
1269,80,FLOOD,2013-05-03,day,Eastern,Petauke,SANDWE,ZMB-D-0304,district,,,HEAVY DOWN POUR OF RAINS | SANDWE ROAD IN PETAUKE DISTRICT,INGRIBET BONDO,rain_or_water_text,UNCERTAIN EVENT DATE,MEDIUM (district code),Uncertain/unlikely/no-exact-date records must NOT become negative examples; absence of a record is not evidence of no flood.
1272,83,FLOOD,2016-06-20,day,North-Western,Solwezi,SOLWEZI,ZMB-D-0705,district,,,HEAVY DOWN POUR OF RAINS | KANDUNDU- SAVIYE AND FAITH KAMALE,ELIAS MWAPE,rain_or_water_text,UNCERTAIN EVENT DATE,MEDIUM (district code),Uncertain/unlikely/no-exact-date records must NOT become negative examples; absence of a record is not evidence of no flood.
1275,86,FLOOD,2015-11-06,day,Eastern,Nyimba,NYIMBA,ZMB-D-0302,district,,,"HEAVY DOWN POUR OF RAINS | UYANGWE, NJEYA,NGOMA, KAANGA, NJUYA AND MISENGE CULVERTS. WERE WASHED AWAY",PETER KUNDA,explicit_flood_text,HIGH-CONFIDENCE EVENT DATE,MEDIUM (district code),Uncertain/unlikely/no-exact-date records must NOT become negative examples; absence of a record is not evidence of no flood.
1276,87,FLOOD,2014-02-14,day,Copperbelt,Kitwe,KITWE,ZMB-D-0202,district,,,HEAVY DOWN POUR OF RAINS | OVER 100 FARMERS WERE CUT OFF..DUE TO THE DAMAGE OF MWEKETE CROSSING POINT IN KITWE.,EDWIN. MUYUNDA,rain_or_water_text,HIGH-CONFIDENCE EVENT DATE,MEDIUM (district code),Uncertain/unlikely/no-exact-date records must NOT become negative examples; absence of a record is not evidence of no flood.
1277,88,FLOOD,2015-02-03,day,Eastern,Sinda,KASANGAZI,ZMB-D-0308,district,,,Heavy rainfall | KASANGAZI BRIDGE DAMAGED DUE TO HEAVY RAINS,INGRIBET BONDO,rain_or_water_text,HIGH-CONFIDENCE EVENT DATE,MEDIUM (district code),Uncertain/unlikely/no-exact-date records must NOT become negative examples; absence of a record is not evidence of no flood.
1278,89,FLOOD,2015-01-05,day,Lusaka,Lusaka,LUSAKA,ZMB-D-0501,district,,,Heavy rainfall | KASAMA ROAD..WERE DAMEGED DUE TO HEAVY RAINFALL.,CUSTOM THEWO,rain_or_water_text,HIGH-CONFIDENCE EVENT DATE,MEDIUM (district code),Uncertain/unlikely/no-exact-date records must NOT become negative examples; absence of a record is not evidence of no flood.
1279,90,FLOOD,2014-01-14,day,Northern,Luwingu,LUWINGU,ZMB-D-0802,district,,,HEAVY DOWN POUR OF RAINS | KAMANDA AREA WERE AFFECTED.,PAUL M MUYONGO,rain_or_water_text,HIGH-CONFIDENCE EVENT DATE,MEDIUM (district code),Uncertain/unlikely/no-exact-date records must NOT become negative examples; absence of a record is not evidence of no flood.
1280,91,FLOOD,2014-12-01,day,Lusaka,Chilanga,CHILANGA,ZMB-D-0507,district,,,"HEAVY DOWN POUR OF RAINS | OPHANAGE ROAD IN CHILANGA WERE FLOODED DUE TO HEAVY RAINFALL
THEREFORE CHILANGA BRIDGE WERE DAMAGED.",S.CHABALA,explicit_flood_text,HIGH-CONFIDENCE EVENT DATE,MEDIUM (district code),Uncertain/unlikely/no-exact-date records must NOT become negative examples; absence of a record is not evidence of no flood.
1281,92,FLOOD,2014-02-14,day,Northern,Kasama,LUKULU,ZMB-D-0803,district,,,Heavy rainfall | LUKULU NORTH FARMING WERE COMPLETLY CUT OFF DUE TO HEAVY FLOODED/HEAVY POUR OF RAINFALL WHICH DAMAGED THE LUKULU BRIDGE.,PAUL M MUYONGO,explicit_flood_text,HIGH-CONFIDENCE EVENT DATE,MEDIUM (district code),Uncertain/unlikely/no-exact-date records must NOT become negative examples; absence of a record is not evidence of no flood.
1282,93,FLOOD,2008-03-08,day,Lusaka,Lusaka,LUSAKA,ZMB-D-0501,district,,,"Heavy rainfall | FOLLOWING THIS DISASTER, ZINGALUME, CHUNGA AND CHINGWELE ROAD WERE REHABILITATED DUE SERIOUS DAMAGE LAID BY HEAVY RAINS.
DRAINAGE AND CULVERTS WERE DAMAGED.",ERASMUS.M.CHILUNDIKA,rain_or_water_text,UNCERTAIN EVENT DATE,MEDIUM (district code),Uncertain/unlikely/no-exact-date records must NOT become negative examples; absence of a record is not evidence of no flood.
1283,94,FLOOD,2008-05-03,day,Lusaka,Lusaka,MANDEVU,ZMB-D-0501,district,,,"HEAVY DOWN POUR OF RAINS | CHAZANGA,ROMA-NGOMBE, MULUNGUSHI CHAISA AND GARDEN",TIMOTHY.M.HAKUKU,rain_or_water_text,UNCERTAIN EVENT DATE,MEDIUM (district code),Uncertain/unlikely/no-exact-date records must NOT become negative examples; absence of a record is not evidence of no flood.
1284,95,FLOOD,2007-05-04,day,Lusaka,Lusaka,LUSAKA WEST,ZMB-D-0501,district,,,Heavy rainfall | LUSAKA WEST ROAD,A.M. MUSONDA,rain_or_water_text,UNCERTAIN EVENT DATE,MEDIUM (district code),Uncertain/unlikely/no-exact-date records must NOT become negative examples; absence of a record is not evidence of no flood.
1285,96,FLOOD,2008-03-06,day,Lusaka,Lusaka,LUSAKA,ZMB-D-0501,district,,,"HEAVY DOWN POUR OF RAINS | MISSISI, KASUPE AND KANYAMA ROADS",TIMOTHY M. HAKUYU,rain_or_water_text,HIGH-CONFIDENCE EVENT DATE,MEDIUM (district code),Uncertain/unlikely/no-exact-date records must NOT become negative examples; absence of a record is not evidence of no flood.
1286,97,FLOOD,2014-02-08,day,Lusaka,Lusaka,LUSAKA,ZMB-D-0501,district,,,"HEAVY DOWN POUR OF RAINS | CHAWAMA, KUKU,KAMWALA AND KABWATA. 
THE DISASTER LEAD DAMAGES TO CULVERTS AND DRAINAGE SYSTEM BLOCKED.",D.MULENGA,rain_or_water_text,HIGH-CONFIDENCE EVENT DATE,MEDIUM (district code),Uncertain/unlikely/no-exact-date records must NOT become negative examples; absence of a record is not evidence of no flood.
1288,99,FLOOD,2008-12-29,day,Lusaka,Lusaka,LUSAKA,ZMB-D-0501,district,,,"HEAVY DOWN POUR OF RAINS | KALIKILIKI, MTENDERE AND KABULONGA EXTENSION",DR.H.V. MWEENE,rain_or_water_text,UNCERTAIN EVENT DATE,MEDIUM (district code),Uncertain/unlikely/no-exact-date records must NOT become negative examples; absence of a record is not evidence of no flood.
1289,100,FLOOD,2008-12-29,day,Lusaka,Lusaka,LUSAKA,ZMB-D-0501,district,,,Heavy rainfall | AVONDELE-SIMON MWANSA KAPWEPWE ROAD.,MR. MINYOI . I,rain_or_water_text,HIGH-CONFIDENCE EVENT DATE,MEDIUM (district code),Uncertain/unlikely/no-exact-date records must NOT become negative examples; absence of a record is not evidence of no flood.
1292,103,FLOOD,2014-10-14,day,Eastern,Sinda,"sinda, mambwe & katete",ZMB-D-0308,district,,,"HEAVY DOWN POUR OF RAINS | nyamasonkho,eningwaba, chafela and munyumadzi area of chief kawaza were affected.
two bridges were damaged.",caroline mwanza,rain_or_water_text,UNCERTAIN EVENT DATE,MEDIUM (district code),Uncertain/unlikely/no-exact-date records must NOT become negative examples; absence of a record is not evidence of no flood.
1293,104,FLOOD,2016-11-16,day,Lusaka,Luangwa,luangwa,ZMB-D-0503,district,,,Heavy rainfall | kavulamanja bridge,titus ng'andu,rain_or_water_text,HIGH-CONFIDENCE EVENT DATE,MEDIUM (district code),Uncertain/unlikely/no-exact-date records must NOT become negative examples; absence of a record is not evidence of no flood.
1294,105,FLOOD,2012-05-04,day,Eastern,Chipata,chipata,ZMB-D-0305,district,,,Heavy rainfall | chipata road (drift),G. MVALA,rain_or_water_text,UNCERTAIN EVENT DATE,MEDIUM (district code),Uncertain/unlikely/no-exact-date records must NOT become negative examples; absence of a record is not evidence of no flood.
1295,106,FLOOD,2017-05-04,day,Copperbelt,Kitwe,MULENGA COMPOUND,ZMB-D-0202,district,,,Heavy rainfall | MULENGA COMPOUND IN COPPERBELT-NDEKE BRIDGE,ELALIO MUSOND,rain_or_water_text,UNCERTAIN EVENT DATE,MEDIUM (district code),Uncertain/unlikely/no-exact-date records must NOT become negative examples; absence of a record is not evidence of no flood.
1296,107,FLOOD,2017-01-17,day,Western,Mwandi,MWANDI,ZMB-D-1008,district,,,HEAVY DOWN POUR OF RAINS | ATLEAST AN AVARAGE OF 5 PEOPLE PER HOUSEHOLD WERE AFFECTED,GIVEN SICHEEBA,rain_or_water_text,HIGH-CONFIDENCE EVENT DATE,MEDIUM (district code),Uncertain/unlikely/no-exact-date records must NOT become negative examples; absence of a record is not evidence of no flood.
1297,108,FLOOD,2017-02-17,day,Southern,Choma,CHOMA,ZMB-D-0905,district,,,"HEAVY DOWN POUR OF RAINS | CHOMA AND MOOMBA WARD AFFECTED 
THE DISTANCE DAMAGED IS ABOUT 2 HOURS DRIVING.",FRED C. CHAATILA,rain_or_water_text,HIGH-CONFIDENCE EVENT DATE,MEDIUM (district code),Uncertain/unlikely/no-exact-date records must NOT become negative examples; absence of a record is not evidence of no flood.
1299,110,FLOOD,2001-02-01,day,Central,Serenje,selenge,ZMB-D-0111,district,,,"Heavy rainfall | KAFINDA AREAS WERE AFFECTED
GIBSON, KATONGO AND OTHER LOW AREAS.
OVER 14 HOUSEHOLD OF FARMERS WERE AFFECTED.",MNI-MILAMBO,rain_or_water_text,HIGH-CONFIDENCE EVENT DATE,MEDIUM (district code),Uncertain/unlikely/no-exact-date records must NOT become negative examples; absence of a record is not evidence of no flood.
1300,111,FLOOD,2014-03-14,day,Northern,Mporokoso,MPOROKOSO,ZMB-D-0805,district,,,"Heavy rainfall | chambeshi, nyaya, mpanda, kalungu and lubala area",PAUL M MUYONGO,rain_or_water_text,HIGH-CONFIDENCE EVENT DATE,MEDIUM (district code),Uncertain/unlikely/no-exact-date records must NOT become negative examples; absence of a record is not evidence of no flood.
1301,112,FLOOD,2014-05-04,day,Central,Mkushi,mkushi,ZMB-D-0108,district,,,poor crop production due to heavy rainfall | mkushi ruled by hunger due to poor crop production.,mwila kunda,rain_or_water_text,UNCERTAIN EVENT DATE,MEDIUM (district code),Uncertain/unlikely/no-exact-date records must NOT become negative examples; absence of a record is not evidence of no flood.
1338,150,FLOOD,2007-02-22,day,Northern,Chilubi,CHILUBI,ZMB-D-0801,district,,,Heavy rainfall | 17 WARDS IN CHILUBI DISTRICT WERE AFFECTED,D.MULENGA,rain_or_water_text,HIGH-CONFIDENCE EVENT DATE,MEDIUM (district code),Uncertain/unlikely/no-exact-date records must NOT become negative examples; absence of a record is not evidence of no flood.
1306,117,FLOOD,2017-05-04,day,Eastern,Petauke,petauke,ZMB-D-0304,district,,,"poor crop production due to heavy rainfall | food insecurity(HUNGER) PETAUKE DISTRICT LUSINDE IN CHIEF MWANJABANTU
16 VILLAGES WERE AFFECTED",assessment report,rain_or_water_text,UNLIKELY EVENT DATE,MEDIUM (district code),Uncertain/unlikely/no-exact-date records must NOT become negative examples; absence of a record is not evidence of no flood.
1309,120,FLOOD,2016-12-09,day,Muchinga,Nakonde,NAKONDE,ZMB-D-0605,district,,,"HEAVY DOWN POUR OF RAINS | NAKONDE SECONDARY SCHOOL, NAKONDE PRIMARY SCHOOL, CHIKOTI COMUNITY SCHOOL, UZINJI SCHOOL , CHIWALE PRIMARY SCHOOL NYELA, AND COMMUNITY HOUSES",BANDA JOSHUA,rain_or_water_text,HIGH-CONFIDENCE EVENT DATE,MEDIUM (district code),Uncertain/unlikely/no-exact-date records must NOT become negative examples; absence of a record is not evidence of no flood.
1311,122,FLOOD,2017-01-17,day,Eastern,Chipata,CHIPATA,ZMB-D-0305,district,,,HEAVY DOWN POUR OF RAINS | MSORO DAY SECONDARY SCHOOL BLOWN OFF.,DR ALLAN LINGAMBE,rain_or_water_text,HIGH-CONFIDENCE EVENT DATE,MEDIUM (district code),Uncertain/unlikely/no-exact-date records must NOT become negative examples; absence of a record is not evidence of no flood.
1312,123,FLOOD,2017-01-04,day,Luapula,Samfya,MATONGO,ZMB-D-0402,district,,,Heavy rainfall | MANDWE AND MATONGO PRIMARY SCHOOL,MARTIN CHIFUKWA,rain_or_water_text,HIGH-CONFIDENCE EVENT DATE,MEDIUM (district code),Uncertain/unlikely/no-exact-date records must NOT become negative examples; absence of a record is not evidence of no flood.
1319,130,FLOOD,2015-01-09,day,Lusaka,Lusaka,ROMA,ZMB-D-0501,district,,,HEAVY DOWN POUR OF RAINS | ROMA GIRLS SECONDARY SCHOOL ACCESS ROAD FLOODED,CHAKUPALESA.E,explicit_flood_text,HIGH-CONFIDENCE EVENT DATE,MEDIUM (district code),Uncertain/unlikely/no-exact-date records must NOT become negative examples; absence of a record is not evidence of no flood.
1321,132,FLOOD,2008-03-08,day,Lusaka,Lusaka,CHIBOLYA,ZMB-D-0501,district,,,Heavy rainfall | CHIBOLYA BASIC SCHOOL,B. TAMBATAMBA,rain_or_water_text,HIGH-CONFIDENCE EVENT DATE,MEDIUM (district code),Uncertain/unlikely/no-exact-date records must NOT become negative examples; absence of a record is not evidence of no flood.
1337,149,FLOOD,2013-05-04,day,Eastern,Petauke,petauke,ZMB-D-0304,district,,,"Heavy rainfall | 2 DAMS WASHED AWAY IN CHIEF MUMBI'S AREA -NSUMBAZI BRIDGE, 35 VILLAGES AFFECTED",DORA SILIYA MP,explicit_flood_text,UNCERTAIN EVENT DATE,MEDIUM (district code),Uncertain/unlikely/no-exact-date records must NOT become negative examples; absence of a record is not evidence of no flood.
1340,152,FLOOD,2012-12-03,day,Eastern,Katete,KATETE,ZMB-D-0303,district,,,"Heavy rainfall | MILANZI, KOLOWA MGWENTHU, KAMPHODZA, MBATATA AND GANDALI WERE AFFECTED BY HUNGER DUE TO POOR CROP PRODUCTION.",PETER KUNDA,rain_or_water_text,HIGH-CONFIDENCE EVENT DATE,MEDIUM (district code),Uncertain/unlikely/no-exact-date records must NOT become negative examples; absence of a record is not evidence of no flood.
1341,154,FLOOD,2014-02-04,day,Muchinga,Chama,CHAMA,ZMB-D-0602,district,,,"Heavy rainfall | 7 COMMUNITIES WERE AFFECTED IN CHIEF KAMBOMBO.
IMPACT WAS TO CROS, HUMAN SHELTER AND LIVESTOCK.",INGRIBET BONDO,rain_or_water_text,HIGH-CONFIDENCE EVENT DATE,MEDIUM (district code),Uncertain/unlikely/no-exact-date records must NOT become negative examples; absence of a record is not evidence of no flood.
1344,158,FLOOD,2014-03-17,day,Northern,Kaputa,KAPUTA,ZMB-D-0809,district,,,"Heavy rainfall | ONLY 30 HOUSEHOLDS WERE IDENTIFIED TO BE MORE AFFECTED OUT OF 103.
IN KAPUTA",PAUL M MUYONGO,rain_or_water_text,HIGH-CONFIDENCE EVENT DATE,MEDIUM (district code),Uncertain/unlikely/no-exact-date records must NOT become negative examples; absence of a record is not evidence of no flood.
1345,159,FLOOD,2014-04-14,day,North-Western,Kabompo,KABOMPO,ZMB-D-0708,district,,,"Heavy rainfall | IN KAMISOMBO WARD, 31HOUSEHOLD COLLAPSED
169 HOUSEHOLD MANDANJI AND KAMBOLE 47",A.L. LUFUMA.HON,rain_or_water_text,HIGH-CONFIDENCE EVENT DATE,MEDIUM (district code),Uncertain/unlikely/no-exact-date records must NOT become negative examples; absence of a record is not evidence of no flood.
1348,165,FLOOD,2016-12-26,day,Luapula,Milengi,MILENGI,ZMB-D-0401,district,,,HEAVY DOWN POUR OF RAINS | MILENGE DISTRICT-ITEMBA POLICE POST BLOWN OFF,HON. MWANSA MBULAKULIMA,rain_or_water_text,HIGH-CONFIDENCE EVENT DATE,MEDIUM (district code),Uncertain/unlikely/no-exact-date records must NOT become negative examples; absence of a record is not evidence of no flood.
1350,167,FLOOD,2016-12-25,day,Lusaka,Chirundu,CHIRUNDU,ZMB-D-0505,district,,,HEAVY STORM/RAINS | CHIRUNDU STORM,titus ng'andu,rain_or_water_text,HIGH-CONFIDENCE EVENT DATE,MEDIUM (district code),Uncertain/unlikely/no-exact-date records must NOT become negative examples; absence of a record is not evidence of no flood.
1355,174,FLOOD,2013-01-07,day,Southern,Mazabuka,MAZABUKA,ZMB-D-0910,district,,,"Heavy rainfall | OVER 9 WARDS IN MAZABUKA WERE AFFECTED DURING THIS EVENT.
AFFECTED AREA WERE CHIVUNA,MWANACHINGWALA,ITEBE,MUNENGA,KALAMA, MAGOYE,NEGA-NEGA, LUBOMBOAND NAKAMBALA.",EUGINE MUNYAMA,rain_or_water_text,HIGH-CONFIDENCE EVENT DATE,MEDIUM (district code),Uncertain/unlikely/no-exact-date records must NOT become negative examples; absence of a record is not evidence of no flood.
1357,176,FLOOD,2013-02-16,day,North-Western,Zambezi,ZAMBEZI,ZMB-D-0701,district,,,"Heavy rainfall | AFFECTED AREA ZAMBEZI WESTBANK, PUNGA AREA,WEST BANK,MILOMBOYI, MATONDO,NYAWANDA, MONO, MUYEMBE",CATHERINE MUKUMA,rain_or_water_text,HIGH-CONFIDENCE EVENT DATE,MEDIUM (district code),Uncertain/unlikely/no-exact-date records must NOT become negative examples; absence of a record is not evidence of no flood.
1359,179,FLOOD,2013-01-09,day,Southern,,CHIKANKATA,,province_only,,,Heavy rainfall | KASEPO AND NAMALONGO WARDS,EDWIN. MUYUNDA,rain_or_water_text,HIGH-CONFIDENCE EVENT DATE,LOW (province only),Uncertain/unlikely/no-exact-date records must NOT become negative examples; absence of a record is not evidence of no flood.
1362,182,FLOOD,2017-05-08,day,Eastern,Chadiza,CHADIZA,ZMB-D-0301,district,,,Heavy rainfall | CHADIZA AND MAMBWE DISTRICTS AND ONLY AFFECTED HOUSEHOLDS ARE ASSISTED,PATRICK KANGWA,rain_or_water_text,UNCERTAIN EVENT DATE,MEDIUM (district code),Uncertain/unlikely/no-exact-date records must NOT become negative examples; absence of a record is not evidence of no flood.
1364,184,FLOOD,2006-12-12,day,Northern,Mpulungu,MPULUNGU,ZMB-D-0807,district,,,"Heavy rainfall | 26VILLAGES AFFECTED
1900HOUSEHOLD 
369HOUSES COLLAPSED",MALAMBO.NNL,rain_or_water_text,HIGH-CONFIDENCE EVENT DATE,MEDIUM (district code),Uncertain/unlikely/no-exact-date records must NOT become negative examples; absence of a record is not evidence of no flood.
1365,185,FLOOD,2014-01-09,day,Western,Senanga,SENENGA,ZMB-D-1002,district,,,"Heavy rainfall | SENANGA BOMA, AND KALONGOLA PONTOON CROSSING POINT WERE IMPASSABLE",PUMULO MUBULA,rain_or_water_text,HIGH-CONFIDENCE EVENT DATE,MEDIUM (district code),Uncertain/unlikely/no-exact-date records must NOT become negative examples; absence of a record is not evidence of no flood.
1369,190,FLOOD,2008-01-24,day,Central,Mkushi,CHIBANGA,ZMB-D-0108,district,,,Heavy rainfall | FLOOD SITUATION OVER 20000 PEOPLE WERE AFFECTED AND COMPLETELY CUT OFF DUE TO THE DAMAGE OF CHIBANGA BRIDGE IN NKUSHI.,P.S,explicit_flood_text,HIGH-CONFIDENCE EVENT DATE,MEDIUM (district code),Uncertain/unlikely/no-exact-date records must NOT become negative examples; absence of a record is not evidence of no flood.
1370,192,FLOOD,2006-03-11,day,Western,Kaoma,LUAMBUINA,ZMB-D-1005,district,,,Heavy rainfall | FILED CROPS AND HOUSES WERE DESTROYED,D.S.M.C,rain_or_water_text,HIGH-CONFIDENCE EVENT DATE,MEDIUM (district code),Uncertain/unlikely/no-exact-date records must NOT become negative examples; absence of a record is not evidence of no flood.
1373,195,FLOOD,2008-01-03,day,Southern,Monze,MWEENGWA,ZMB-D-0908,district,,,Heavy rainfall | 15HOUSES COLLAPSED DUE TO FLOOD LEAVING 30FAMILIES HOMELESS.,DMMU/101/4/9,explicit_flood_text,HIGH-CONFIDENCE EVENT DATE,MEDIUM (district code),Uncertain/unlikely/no-exact-date records must NOT become negative examples; absence of a record is not evidence of no flood.
1398,221,FLOOD,2015-06-10,day,Muchinga,Chinsali,KALUNGU,ZMB-D-0607,district,,,"OLD/RAINFALL | DAMAGED CULVERTS IN CHINSALI NAKONDE ROAD MUCHINGA PROVINCE
FINANCIAL LOSSES K 9,308,159.35",OLIVE-CHISOLA DARIS,rain_or_water_text,UNCERTAIN EVENT DATE,MEDIUM (district code),Uncertain/unlikely/no-exact-date records must NOT become negative examples; absence of a record is not evidence of no flood.
1399,222,FLOOD,2017-05-11,day,Northern,Luwingu,KAFINSA,ZMB-D-0802,district,,,"HEAVY RAINFALL | KANFINSA BRIDGE WASHED AWAY
FINANCIAL LOSSES K 40.000",GEORGE MANYELE,explicit_flood_text,UNCERTAIN EVENT DATE,MEDIUM (district code),Uncertain/unlikely/no-exact-date records must NOT become negative examples; absence of a record is not evidence of no flood.
1401,224,FLOOD,2013-03-13,day,Northern,Kasama,NAMULUNDU,ZMB-D-0803,district,,,"HEAVY RAINFALL | OVER THREE CROSSING POINTS IN KASAMA WERE WASHED AWAY.
FINANCIAL LOSSES K71,880.06",KALANGA W BWALYA,explicit_flood_text,HIGH-CONFIDENCE EVENT DATE,MEDIUM (district code),Uncertain/unlikely/no-exact-date records must NOT become negative examples; absence of a record is not evidence of no flood.
1404,227,FLOOD,2014-04-04,day,Western,Senanga,KAUNGA,ZMB-D-1002,district,,,"Heavy rainfall | EXTENSIVE DAMAGES TO NEW INSTALLED CULVERTS CONSRUCTION OF BAILEY BRIDGE AT KAUNGA-LUETI CROSSING POINT
FINANCIAL LOSSES K1,432,950.00",GERSHOM MWAGOMBA,rain_or_water_text,HIGH-CONFIDENCE EVENT DATE,MEDIUM (district code),Uncertain/unlikely/no-exact-date records must NOT become negative examples; absence of a record is not evidence of no flood.
1408,231,FLOOD,2013-01-20,day,Copperbelt,Kalulushi,KALULUSHI,ZMB-D-0203,district,,,HEAVY RAINFALL | WASHED BRIDGES IN KALULUSHI DUE TO HEAVY RAINFALL,RAYFORD MBULU,rain_or_water_text,HIGH-CONFIDENCE EVENT DATE,MEDIUM (district code),Uncertain/unlikely/no-exact-date records must NOT become negative examples; absence of a record is not evidence of no flood.
1339,151,FLOOD,2013-11-27,day,Eastern,Katete,KATETE,ZMB-D-0303,district,,,Heavy rainfall | KATETE CROPS WASHED AWAY.,CAROLINE MWANSA,explicit_flood_text,HIGH-CONFIDENCE EVENT DATE,MEDIUM (district code),Uncertain/unlikely/no-exact-date records must NOT become negative examples; absence of a record is not evidence of no flood.
1412,236,FLOOD,2016-03-18,day,Lusaka,Kafue,chikupi area,ZMB-D-0502,district,,,flashed flood due heavy rainfall | chikupi area affected and 120 household members relocated due to flashing flooding,titus ng'andu,explicit_flood_text,HIGH-CONFIDENCE EVENT DATE,MEDIUM (district code),Uncertain/unlikely/no-exact-date records must NOT become negative examples; absence of a record is not evidence of no flood.
1415,239,FLOOD,2015-01-11,day,Lusaka,Chirundu, KAMWAYA AREA,ZMB-D-0505,district,,,"strong wind | VELEMU,KAMWAYA,HACHIBBUBBA AND WAMWAYA VILLAGES EXPERIENCED HEAVY WINDS AND 51 HOUSES WERE AFFECTED",alfred T. HAMUNJO,category_only,HIGH-CONFIDENCE EVENT DATE,MEDIUM (district code),Uncertain/unlikely/no-exact-date records must NOT become negative examples; absence of a record is not evidence of no flood.
1416,240,FLOOD,2017-05-22,day,Lusaka,Chongwe,LWIMBA WARD,ZMB-D-0506,district,,,HEAVY DOWN POUR OF RAINS | RAINY STORM HAS AFFECTED ALOT OF PEOPLE IN CHONGWE DISTRICT,titus ng'andu,rain_or_water_text,UNCERTAIN EVENT DATE,MEDIUM (district code),Uncertain/unlikely/no-exact-date records must NOT become negative examples; absence of a record is not evidence of no flood.
1417,241,FLOOD,2017-05-22,day,Lusaka,Lusaka,BAULENI,ZMB-D-0501,district,,,HEAVY DOWN POUR OF RAINS | RAIN FALL DESTROYS ALOT OF HOUSES FOR THE RESIDENTS IN LUSAKA DISTRICT,titus ng'andu,rain_or_water_text,UNCERTAIN EVENT DATE,MEDIUM (district code),Uncertain/unlikely/no-exact-date records must NOT become negative examples; absence of a record is not evidence of no flood.
1418,242,FLOOD,2015-12-29,day,Lusaka,Shibuyunji,SHIBUYUNJI AREA,ZMB-D-0508,district,,,HEAVY DOWN POUR OF RAINS | HAILSTORM AFFECTS PEOPLE OF SHIBUYUNJI,titus ng'andu,rain_or_water_text,HIGH-CONFIDENCE EVENT DATE,MEDIUM (district code),Uncertain/unlikely/no-exact-date records must NOT become negative examples; absence of a record is not evidence of no flood.
1423,253,FLOOD,2013-06-05,day,Central,Luano,luano,ZMB-D-0106,district,,,"HEAVY RAINFALL | affected areas are chingombe,mbosha,chembe and liteta total of 28houses collapsed",assessment report,rain_or_water_text,UNLIKELY EVENT DATE,MEDIUM (district code),Uncertain/unlikely/no-exact-date records must NOT become negative examples; absence of a record is not evidence of no flood.
1424,254,FLOOD,2013-06-06,day,Luapula,Kawambwa,chipundu,ZMB-D-0405,district,,,HEAVY DOWN POUR OF RAINS | chipundu school infrasructure affected by floods over 373 pupils were affected,assessment report,explicit_flood_text,UNLIKELY EVENT DATE,MEDIUM (district code),Uncertain/unlikely/no-exact-date records must NOT become negative examples; absence of a record is not evidence of no flood.
1426,256,FLOOD,2013-06-06,day,Luapula,Kawambwa,CHIBOLYA,ZMB-D-0405,district,,,Heavy rainfall | chiboly basic school in kawamwa district luapula province weree affected by flood and over 549 pupils were cut off.,assessment report,explicit_flood_text,UNLIKELY EVENT DATE,MEDIUM (district code),Uncertain/unlikely/no-exact-date records must NOT become negative examples; absence of a record is not evidence of no flood.
1427,257,FLOOD,2017-06-06,day,Luapula,Kawambwa,kafubashi,ZMB-D-0405,district,,,Heavy rainfall | kafubashi basic school infrastructure were affected by flood in luapula province and opver 502 pupils were cut off from school.,assessment report,explicit_flood_text,UNLIKELY EVENT DATE,MEDIUM (district code),Uncertain/unlikely/no-exact-date records must NOT become negative examples; absence of a record is not evidence of no flood.
1428,258,FLOOD,2013-06-06,day,Luapula,Kawambwa,mpanta,ZMB-D-0405,district,,,"Heavy rainfall | mpanta basic school were affected by flood and the ifrastructure collapsed, over 623 pupils were affected.",assessment report,explicit_flood_text,UNLIKELY EVENT DATE,MEDIUM (district code),Uncertain/unlikely/no-exact-date records must NOT become negative examples; absence of a record is not evidence of no flood.
1429,259,FLOOD,2013-06-06,day,Luapula,Kawambwa,kawambwa,ZMB-D-0405,district,,,"Heavy rainfall | alex primary school, shikalaba primary school and chama primary school were affected by flood and over 1056 pupils were affected",assessment report,explicit_flood_text,UNLIKELY EVENT DATE,MEDIUM (district code),Uncertain/unlikely/no-exact-date records must NOT become negative examples; absence of a record is not evidence of no flood.
1430,260,FLOOD,2013-06-06,day,Luapula,Nchelenge,kabeke,ZMB-D-0406,district,,,Heavy rainfall | kabeke primary school were affected by flood in nchelenje district and 402 pupils were affected,assessment report,explicit_flood_text,UNLIKELY EVENT DATE,MEDIUM (district code),Uncertain/unlikely/no-exact-date records must NOT become negative examples; absence of a record is not evidence of no flood.
1431,261,FLOOD,2013-06-06,day,Luapula,Nchelenge,mukumbwa,ZMB-D-0406,district,,,Heavy rainfall | mukumbwa school infrastructure collapsed due to flood caused by heavy rains and over 567 pupils were affected.,assessment report,explicit_flood_text,UNLIKELY EVENT DATE,MEDIUM (district code),Uncertain/unlikely/no-exact-date records must NOT become negative examples; absence of a record is not evidence of no flood.
1432,262,FLOOD,2013-06-06,day,Luapula,Nchelenge,chisenga,ZMB-D-0406,district,,,HEAVY DOWN POUR OF RAINS | chisenga primary school infrastructure collapsed due to flood caused by heavy rains and 799 pupils were affected.,assessment report,explicit_flood_text,UNLIKELY EVENT DATE,MEDIUM (district code),Uncertain/unlikely/no-exact-date records must NOT become negative examples; absence of a record is not evidence of no flood.
1433,263,FLOOD,2013-06-06,day,Luapula,Nchelenge,mantapala,ZMB-D-0406,district,,,Heavy rainfall | mantapala primary school infrastructure were blown of roof and 575 pupils were affected,assessment report,rain_or_water_text,UNLIKELY EVENT DATE,MEDIUM (district code),Uncertain/unlikely/no-exact-date records must NOT become negative examples; absence of a record is not evidence of no flood.
1434,264,FLOOD,2013-06-06,day,Luapula,Nchelenge,kambwali,ZMB-D-0406,district,,,Heavy rainfall | kambwili primary school infrastructure blown off roofs due to strong wind rains,assessment report,rain_or_water_text,UNLIKELY EVENT DATE,MEDIUM (district code),Uncertain/unlikely/no-exact-date records must NOT become negative examples; absence of a record is not evidence of no flood.
1435,265,FLOOD,2013-06-06,day,Luapula,Nchelenge,shimulundu,ZMB-D-0406,district,,,Heavy rainfall | shimulundu primary school blown off and 559 pupils were affected,assessment report,rain_or_water_text,UNLIKELY EVENT DATE,MEDIUM (district code),Uncertain/unlikely/no-exact-date records must NOT become negative examples; absence of a record is not evidence of no flood.
1436,266,FLOOD,2013-06-06,day,Luapula,Nchelenge,kampampi,ZMB-D-0406,district,,,"Heavy rainfall | kampampi primary school dilapidated infrastructure damaged due to heavy rains, and over 1155 pupils were affected.",assessment report,rain_or_water_text,UNLIKELY EVENT DATE,MEDIUM (district code),Uncertain/unlikely/no-exact-date records must NOT become negative examples; absence of a record is not evidence of no flood.
1437,267,FLOOD,2013-06-06,day,Luapula,Nchelenge,shanyemba,ZMB-D-0406,district,,,Heavy rainfall | shanyemba primary school infrastructure damaged by floods and over 650 pupils were affected.,assessment report,explicit_flood_text,UNLIKELY EVENT DATE,MEDIUM (district code),Uncertain/unlikely/no-exact-date records must NOT become negative examples; absence of a record is not evidence of no flood.
1438,268,FLOOD,2013-06-06,day,Luapula,Nchelenge,mubamba,ZMB-D-0406,district,,,Heavy rainfall | mubamba primary school infrastructure damaged due to floods and over 1855 pupils were affected,assessment report,explicit_flood_text,UNLIKELY EVENT DATE,MEDIUM (district code),Uncertain/unlikely/no-exact-date records must NOT become negative examples; absence of a record is not evidence of no flood.
1439,269,FLOOD,2013-06-06,day,Luapula,Nchelenge,lukokesha,ZMB-D-0406,district,,,Heavy rainfall | lukokesha primary school infrastructure damaged due to floods and over 353 pupils were affected.,assessment report,explicit_flood_text,UNLIKELY EVENT DATE,MEDIUM (district code),Uncertain/unlikely/no-exact-date records must NOT become negative examples; absence of a record is not evidence of no flood.
1440,270,FLOOD,2013-06-06,day,Luapula,Nchelenge,nchelenge,ZMB-D-0406,district,,,Heavy rainfall | nchelenge primary school infrastructure damaged due to floods and over 1200 pupils were affected.,assessment report,explicit_flood_text,UNLIKELY EVENT DATE,MEDIUM (district code),Uncertain/unlikely/no-exact-date records must NOT become negative examples; absence of a record is not evidence of no flood.
1441,271,FLOOD,2013-06-06,day,Luapula,Nchelenge,nchelenge,ZMB-D-0406,district,,,Heavy rainfall | nchelenje secondary school infrastructures damaged due to floods and over 2171 pupils were affected,assessment report,explicit_flood_text,UNLIKELY EVENT DATE,MEDIUM (district code),Uncertain/unlikely/no-exact-date records must NOT become negative examples; absence of a record is not evidence of no flood.
1442,272,FLOOD,2013-06-06,day,Luapula,Nchelenge,chandwe,ZMB-D-0406,district,,,HEAVY DOWN POUR OF RAINS | chandwe primary school infrastructures damaged due to floods and 1781 pupils were affected,assessment report,explicit_flood_text,UNLIKELY EVENT DATE,MEDIUM (district code),Uncertain/unlikely/no-exact-date records must NOT become negative examples; absence of a record is not evidence of no flood.
1443,273,FLOOD,2013-06-06,day,Luapula,Nchelenge,kashikishi,ZMB-D-0406,district,,,HEAVY DOWN POUR OF RAINS | kashikishi primary school infrastructure damaged due to floods and 1957 pupils affected,assessment report,explicit_flood_text,UNLIKELY EVENT DATE,MEDIUM (district code),Uncertain/unlikely/no-exact-date records must NOT become negative examples; absence of a record is not evidence of no flood.
1448,280,FLOOD,2013-06-06,day,Muchinga,,MUNGULUBE,,province_only,,,HEAVY DOWN POUR OF RAINS | MUNGULUBE PRIMARY SCHOOL INFRASTRUCTURE DAMAGED DUE FLOODS AND OVER 338 PUPILS WERE AFFECTED,assessment report,explicit_flood_text,UNLIKELY EVENT DATE,LOW (province only),Uncertain/unlikely/no-exact-date records must NOT become negative examples; absence of a record is not evidence of no flood.
1726,77,FLOOD,2017-05-03,day,Lusaka,Kafue,SONDELA ROAD ,ZMB-D-0502,district,,,HEAVY RAIN  DAMAGED ROAD | REHABILITATION OF SONDELA ROAD IN KAFUE DISTRICT.,DMMU,rain_or_water_text,UNLIKELY EVENT DATE,MEDIUM (district code),Uncertain/unlikely/no-exact-date records must NOT become negative examples; absence of a record is not evidence of no flood.
1747,99,FLOOD,2011,year,Central,Serenje,LUKUSASHI,ZMB-D-0111,district,,,HEAVY RAIN | REHABILITATION OF LUKUSASHI VENTED DRIFT IN SERENJE. WASHED AWAY BY HEAVY RAIN.,MR B. SIYANGA DMMU,explicit_flood_text,NO EXACT DATE,MEDIUM (district code),Uncertain/unlikely/no-exact-date records must NOT become negative examples; absence of a record is not evidence of no flood.
1649,486,FLOOD,2017-01-04,day,Luapula,Samfya,samfya,ZMB-D-0402,district,,,army worm infestation | samfya  district of luapula province were infested by army worm and the average of 67% hector of maize crop were damaged.,assessment report,category_only,UNCERTAIN EVENT DATE,MEDIUM (district code),Uncertain/unlikely/no-exact-date records must NOT become negative examples; absence of a record is not evidence of no flood.
1699,46,FLOOD,2015-06-18,day,North-Western,Solwezi,MAHEBA,ZMB-D-0705,district,,,"HEAVY RAIN WASHES AWAY TIMBER BRIDGE | CONSTRUCTION OF A BRIDGE AND CULVETS AT MWAFWE RIVER CROSSING POINTS IN MAHEBA. TIMBER POLES WASHED AWAY AND SUBMERGED DURING HEAVY RAIN. 157,700 REQUESTED FOR THE CONSTRUCTION OF THE BRIDGE.",JACOB MPHEPO COMMISSIONER FOR REFUGEES,explicit_flood_text,UNLIKELY EVENT DATE,MEDIUM (district code),Uncertain/unlikely/no-exact-date records must NOT become negative examples; absence of a record is not evidence of no flood.
1701,47,FLOOD,2010-03-28,day,Southern,Livingstone,BATOKA/MAAMBA,ZMB-D-0901,district,,,"HEAVY RAIN WASHED AWAY ROAD | REHABILITATION ON THE BATOKA/MAAMBA ROAD IN SOUTHERN PROVINCE AS A RESULT OF HEAVY RAIN WASHED OUT BATOKA ROAD. 350,000 WAS REQUESTED FOR THE REHABILITATION.",RDA,explicit_flood_text,UNCERTAIN EVENT DATE,MEDIUM (district code),Uncertain/unlikely/no-exact-date records must NOT become negative examples; absence of a record is not evidence of no flood.
1702,51,FLOOD,2010-03-08,day,Central,Kabwe,CHIPEPO,ZMB-D-0103,district,,,HEAVY RAIN WASHED AWAY CULVETS | REHABILITATION OF THE DAMAGED CHIPEPO MUFUKUSHI BRIDGE/REPLACING CULVETS AS WELL AS FILLING UP BIG HOLES ON THE BRIDGE.,MCDSS,explicit_flood_text,UNCERTAIN EVENT DATE,MEDIUM (district code),Uncertain/unlikely/no-exact-date records must NOT become negative examples; absence of a record is not evidence of no flood.
1703,52,FLOOD,2009,year,Lusaka,Chongwe,CHONGWE,ZMB-D-0506,district,,,"HEAVY RAIN WASHES AWAY CULVETS | CONSTRUCTION OF GOTA GOTA BRIDGE IN CHONGWE RIVER SITE, MAINTAIN THE EXISTING CULVETS AND INSTALLATION RELIEF CULVETS.",RDA,rain_or_water_text,NO EXACT DATE,MEDIUM (district code),Uncertain/unlikely/no-exact-date records must NOT become negative examples; absence of a record is not evidence of no flood.
1704,54,FLOOD,2010-03-10,day,Eastern,Mambwe,MAMBWE,ZMB-D-0306,district,,,"HEAVY RAIN WASHED AWAY CULVERTS | EMERGENCY REPAIR WORKS BRIDGES IN MAMBWE. CULVERTS NAMES: MALYAKULA1, MALYAKULA2, KAMBUNDULA AND NKASOMBA.",RDA,explicit_flood_text,UNCERTAIN EVENT DATE,MEDIUM (district code),Uncertain/unlikely/no-exact-date records must NOT become negative examples; absence of a record is not evidence of no flood.
1705,55,FLOOD,2017-03-10,day,Eastern,Chadiza,MWAMI,ZMB-D-0301,district,,,HEAVY RAIN WASHED AWAY CULVERTS | EMERGENCY REPAIR WORKS AT MWAMI BOX CULVERTS IN CHADIZA BRIDGE. WIDTH 6M WASHED AWAY BY HEAVY RAIN.,RDA,explicit_flood_text,UNCERTAIN EVENT DATE,MEDIUM (district code),Uncertain/unlikely/no-exact-date records must NOT become negative examples; absence of a record is not evidence of no flood.
1706,56,FLOOD,2010-03-10,day,Eastern,Petauke,MUSUMBAZI ,ZMB-D-0304,district,,,CULVERTS WASHED AWAY BY HEAVY RAIN | EMERGENCY REPAIR WORKS OF MUSUMBAZI BRIDGE IN PETAUKE. WIDTH: 4.4M,RDA,explicit_flood_text,UNCERTAIN EVENT DATE,MEDIUM (district code),Uncertain/unlikely/no-exact-date records must NOT become negative examples; absence of a record is not evidence of no flood.
1707,57,FLOOD,2008,year,Central,Serenje,LUSIWASI ,ZMB-D-0111,district,,,"HEAVY EROSION OF RAIN WASHED AWAY BRIDGE | REPAIRING OF LUSIWASI BRIDGE, UNBLOCKING CULVERTS/ ROAD MAINTENANCE.",DMMU ,explicit_flood_text,NO EXACT DATE,MEDIUM (district code),Uncertain/unlikely/no-exact-date records must NOT become negative examples; absence of a record is not evidence of no flood.
1708,58,FLOOD,2010-02-25,day,Western,Kalabo,KALABO,ZMB-D-1004,district,,,HEAVY RAIN WASHED AWAY CONCRETE CULVERT | REHABILITATION OF BOX CULVERTS ON THE KALABO BRIDGE/REPLACEMENT OF THE ENTIRE STRUCTURE.,DMMU,explicit_flood_text,UNCERTAIN EVENT DATE,MEDIUM (district code),Uncertain/unlikely/no-exact-date records must NOT become negative examples; absence of a record is not evidence of no flood.
1709,59,FLOOD,2011-01-05,day,Copperbelt,Lufwanyama,LUFWANYAMA,ZMB-D-0205,district,,,HEAVY RAIN WASHED AWAY BRIDGE | REHABILITATION OF LUFWANYAMA BRIDGE WASHED AWAY BY HEAVY RAIN.,DMMU,explicit_flood_text,UNCERTAIN EVENT DATE,MEDIUM (district code),Uncertain/unlikely/no-exact-date records must NOT become negative examples; absence of a record is not evidence of no flood.
1710,60,FLOOD,2000-05-03,day,Central,Serenje,CHISOMO,ZMB-D-0111,district,,,HEAVY RAIN DAMAGED BRIDGE | REHABILITATION OF TWO BRIDGES DAMAGED BOTH BRIDGES IN CHISOMO AREA. ( 1ST 51.1KM AND THE SECOND IS 75.2KM) HEAVY RAIN DAMAGED BOTH BRIDGES.,DMMU,rain_or_water_text,UNLIKELY EVENT DATE,MEDIUM (district code),Uncertain/unlikely/no-exact-date records must NOT become negative examples; absence of a record is not evidence of no flood.
1711,61,FLOOD,2011-07-20,day,Luapula,Milengi,BAHATI & MILENGE ,ZMB-D-0401,district,,,"HEAVY RAIN WASHED AWAY BRIDGES | REHABILITATION OF MULTIPLE STREAM CULVERTS IN BAHATI AND MILENGE DISTRICT: KAKOMWE, CHOFOSHI,CHISABI,MASHIMBA, CHINWANGOLO, MILENGE, BWINGI AND NKUFI.",DMMU,explicit_flood_text,UNLIKELY EVENT DATE,MEDIUM (district code),Uncertain/unlikely/no-exact-date records must NOT become negative examples; absence of a record is not evidence of no flood.
1712,62,FLOOD,2017-05-03,day,Lusaka,Lusaka,LUSAKA,ZMB-D-0501,district,,,HEAVY RAIN WASHED AWAY BRIDGE | REHABILITATION OF BUNDA-BUNDA BRIDGE,DMMU,explicit_flood_text,UNLIKELY EVENT DATE,MEDIUM (district code),Uncertain/unlikely/no-exact-date records must NOT become negative examples; absence of a record is not evidence of no flood.
1713,64,FLOOD,2011-09-12,day,Copperbelt,Ndola,CHIFUMPA,ZMB-D-0210,district,,,HEAVY RAIN WASHED AWAY BRIDGE | REHABILITATION OF CHIFUMPA BRIDGE.,DMMU,explicit_flood_text,UNLIKELY EVENT DATE,MEDIUM (district code),Uncertain/unlikely/no-exact-date records must NOT become negative examples; absence of a record is not evidence of no flood.
1714,65,FLOOD,2012-02-14,day,Eastern,Sinda,KABAZA,ZMB-D-0308,district,,,HEAVY RAIN | REHABILITATION OF ROAD AND REPLACEMENT OF CULVERTS WASHED AWAY BY HEAVY RAIN IN SINDA. 3 CELL BOX CULVERT (1.2 X1.2),DMMU,explicit_flood_text,UNCERTAIN EVENT DATE,MEDIUM (district code),Uncertain/unlikely/no-exact-date records must NOT become negative examples; absence of a record is not evidence of no flood.
1715,66,FLOOD,2011-07-13,day,Muchinga,Chama,LUANGWA,ZMB-D-0602,district,,,CONSTRUCTION OF MATUMBO BRIDGE ACROSS LUANGWA RIVER IN CHAMA,DMMU,category_only,UNLIKELY EVENT DATE,MEDIUM (district code),Uncertain/unlikely/no-exact-date records must NOT become negative examples; absence of a record is not evidence of no flood.
1716,67,FLOOD,2013-03-11,day,Lusaka,Lusaka,NEW SOWETO & OLD SOWETO,ZMB-D-0501,district,,,POOR DRAINAGE | CONSTRUCTION OF DRAINAGE SYSTEM AROUND THE NEW SOWETO AND OLD SOWETO MARKET.,DMMU,rain_or_water_text,UNCERTAIN EVENT DATE,MEDIUM (district code),Uncertain/unlikely/no-exact-date records must NOT become negative examples; absence of a record is not evidence of no flood.
1717,68,FLOOD,2013-02-28,day,Southern,Sinazongwe,MWEEMBA,ZMB-D-0902,district,,,HEAVY RAIN | REHABILITATION OF SIMAZA BRIDGE. CULVERTS WASHED AWAY,DMMU,explicit_flood_text,UNCERTAIN EVENT DATE,MEDIUM (district code),Uncertain/unlikely/no-exact-date records must NOT become negative examples; absence of a record is not evidence of no flood.
1718,69,FLOOD,2013-01-15,day,Copperbelt,Ndola,MUSHILI,ZMB-D-0210,district,,,POOR DRAINAGE | CONSTRUCTION OF DRAINAGE IN MUSHILI WARD.,DMMU,rain_or_water_text,UNCERTAIN EVENT DATE,MEDIUM (district code),Uncertain/unlikely/no-exact-date records must NOT become negative examples; absence of a record is not evidence of no flood.
1719,70,FLOOD,2012-05-03,day,Southern,Kazungula,NYAWA-MWEEMBA ,ZMB-D-0906,district,,,HEAVY RAIN | REHABILITATION OF NYAWA BRIDGE #U4K / ROAD WASHED AWAY CULVERTS BY HEAVY RAIN.,DMMU,explicit_flood_text,UNLIKELY EVENT DATE,MEDIUM (district code),Uncertain/unlikely/no-exact-date records must NOT become negative examples; absence of a record is not evidence of no flood.
1720,71,FLOOD,2012-05-03,day,Southern,Kazungula,NYAWA DU-B015,ZMB-D-0906,district,,,HEAVY RAIN | REHABILITATION OF M10-KAUWE CODE#U3K/F12 DRAINAGE DAMAGED BY HEAVY RAINFALL DURING 2012-2013. CULVERTS WASHED AWAY AND ROAD.,DMMU,explicit_flood_text,UNLIKELY EVENT DATE,MEDIUM (district code),Uncertain/unlikely/no-exact-date records must NOT become negative examples; absence of a record is not evidence of no flood.
1721,72,FLOOD,2012-05-03,day,Southern,Kazungula,MACILE-MOOMBA ,ZMB-D-0906,district,,,HEAVY RAIN | REHABILITATION OF MOOMBA ROAD CODE#U12 M10. CULVERTS WASHED AWAY.,DMMU,explicit_flood_text,UNLIKELY EVENT DATE,MEDIUM (district code),Uncertain/unlikely/no-exact-date records must NOT become negative examples; absence of a record is not evidence of no flood.
1722,73,FLOOD,2012-05-03,day,Southern,Kazungula,NYAWA-SIANANKANGE ,ZMB-D-0906,district,,,HEAVY RAINFALL | REHABILITATION OF ROAD CODE# U4K AND CULVERTS WASHED AWAY BY HEAVY RAINFALL,DMMU,explicit_flood_text,UNLIKELY EVENT DATE,MEDIUM (district code),Uncertain/unlikely/no-exact-date records must NOT become negative examples; absence of a record is not evidence of no flood.
1723,74,FLOOD,2013-05-03,day,Southern,Kazungula,ZIMBA-MANYEMUNYEMU ,ZMB-D-0906,district,,,"HEAVY RAIN | REHABILITATION OF ZIMBA-MANYEMUNYEMU ROAD # U1/U12, DRIFT CULVERTS BY HEAVY RAIN IN 2013-2013",DMMU,rain_or_water_text,UNLIKELY EVENT DATE,MEDIUM (district code),Uncertain/unlikely/no-exact-date records must NOT become negative examples; absence of a record is not evidence of no flood.
1724,75,FLOOD,2012-05-03,day,Southern,Kazungula,NYAWA-KAUWE ,ZMB-D-0906,district,,,HEAVY RAIN | REHABILITATION OF NYAWA-KAUWE ROAD CODE#U6/F10 CULVERTS WASHED AWAY BY HEAVY RAINFALL IN 2012-2013.,DMMU,explicit_flood_text,UNLIKELY EVENT DATE,MEDIUM (district code),Uncertain/unlikely/no-exact-date records must NOT become negative examples; absence of a record is not evidence of no flood.
1725,76,FLOOD,2013-01-28,day,Luapula,Lunga,KASOMALUNGA,ZMB-D-0409,district,,,"HEAVY RAIN | REHABILITATION OF THE ROAD CHANNEL/CANAL FROM ITALA TO KASONGAMULILO,CHIMPUBULU TOWARDS KALIMANKONDE AND NKUTILA",DMMU,rain_or_water_text,UNCERTAIN EVENT DATE,MEDIUM (district code),Uncertain/unlikely/no-exact-date records must NOT become negative examples; absence of a record is not evidence of no flood.
1727,78,FLOOD,2013-03-14,day,Southern,Sinazongwe,SINAZONGWE,ZMB-D-0902,district,,,HEAVY RAIN  DAMAGED ROAD | REHABILITATION OF BOTTOM ROAD RIVER ON SIMALA BRIDGE IN SINAZONGWE.,DMMU,rain_or_water_text,UNCERTAIN EVENT DATE,MEDIUM (district code),Uncertain/unlikely/no-exact-date records must NOT become negative examples; absence of a record is not evidence of no flood.
1728,79,FLOOD,2015-02-10,day,Eastern,Lundazi,LUNDAZI ,ZMB-D-0307,district,,,HEAVY RAIN WASHED AWAY DAM | REHABILITATION OF DAM WASHED AWAY BY HEAVY RAIN AND COLLAPSED IN LUNDAZI.,DMMU,explicit_flood_text,UNCERTAIN EVENT DATE,MEDIUM (district code),Uncertain/unlikely/no-exact-date records must NOT become negative examples; absence of a record is not evidence of no flood.
1729,80,FLOOD,2013-05-03,day,Southern,Choma,MBABALA,ZMB-D-0905,district,,,HEAVY RAIN | REHABILITATION OF KABANZE DAM WASHED AWAY BY HEAVY RAIN IN MBABALA.,DMMU,explicit_flood_text,UNLIKELY EVENT DATE,MEDIUM (district code),Uncertain/unlikely/no-exact-date records must NOT become negative examples; absence of a record is not evidence of no flood.
1730,81,FLOOD,2015-05-11,day,Northern,Luwingu,CHIPONDE AND WASHENI ,ZMB-D-0802,district,,,HEAVY RAIN WASHED AWAY CULVERT | REHABILITATION OF TWO BRIDGES MWILUZI AND NSAMA NKHOSHYA (KALABA AND KAPATA),DM MU,explicit_flood_text,UNLIKELY EVENT DATE,MEDIUM (district code),Uncertain/unlikely/no-exact-date records must NOT become negative examples; absence of a record is not evidence of no flood.
1732,83,FLOOD,2014-05-08,day,North-Western,Mwinilunga,NSWETA COMMUNITY ,ZMB-D-0706,district,,,HEAVY RAIN WASHED AWAY BRIDGE | REHABILITATION OF BRIDGE IN MWINILUNGA NSWETA COMMUNITY WOODEN LOGS DAMAGED BY HEAVY RAIN.,DMMU,explicit_flood_text,UNLIKELY EVENT DATE,MEDIUM (district code),Uncertain/unlikely/no-exact-date records must NOT become negative examples; absence of a record is not evidence of no flood.
1733,84,FLOOD,2014-10-04,day,North-Western,Mwinilunga,MUDANYAMA ,ZMB-D-0706,district,,,HEAVY RAIN WASHED AWAY BRIDGE | REHABILITATION OF MUDANYAMA BRIDGE WASHED AWAY BY HEAVY RAIN IN MWINILUNGA,DMMU,explicit_flood_text,UNLIKELY EVENT DATE,MEDIUM (district code),Uncertain/unlikely/no-exact-date records must NOT become negative examples; absence of a record is not evidence of no flood.
1734,85,FLOOD,2011-10-05,day,Western,Mongu,"KAOMA,KALABO AND SENANGA",ZMB-D-1003,district,,,HEAVY RAIN | REPAIRING OF BRIDGES/ DRAINAGES OF CROSSING POINTS ACROSS THE WHOLE WESTERN PROVINCE,DMMU/RDA,rain_or_water_text,UNLIKELY EVENT DATE,MEDIUM (district code),Uncertain/unlikely/no-exact-date records must NOT become negative examples; absence of a record is not evidence of no flood.
1735,87,FLOOD,2012-10-05,day,North-Western,Mwinilunga,"SOLWEZI, ZAMBALI,KABONGO..",ZMB-D-0706,district,,,"HEAVY RAIN WASHED AWAY BRIDGES/DRAINAGE | REPAIRING OF MULTIPLE BRIDGES/DRAINAGE OF CROSSING POINTS ACROSS THE NORTH WESTERN PROVINCE: SOME AREAS ARE SOLWEZI,ZAMBALI,KABONGO,,,,REPAIRING WAS DONE IN ALL NORTH WESTERN.",DMMU/RDA,explicit_flood_text,UNLIKELY EVENT DATE,MEDIUM (district code),Uncertain/unlikely/no-exact-date records must NOT become negative examples; absence of a record is not evidence of no flood.
1736,88,FLOOD,2012-10-05,day,Northern,Kasama,"MPOROKOSO,KAPUTA,LUWINGU,,",ZMB-D-0803,district,,,"HEAVY RAIN WASHED AWAY BRIDGES/DRAINAGE | REPAIRING OF MULTIPLE BRIDGES/DRAINAGE OF CROSSING POINTS ACROSS NORTHERN PROVINCE: KAPUTA,MPOROKOSO,LUWINGU,,,,,ETC",DMMU/RDA,explicit_flood_text,UNLIKELY EVENT DATE,MEDIUM (district code),Uncertain/unlikely/no-exact-date records must NOT become negative examples; absence of a record is not evidence of no flood.
1737,89,FLOOD,2012-10-05,day,Luapula,Mansa,ALL LAUPULA ,ZMB-D-0403,district,,,HEAVY RAIN | REPAIRING OF MULTIPLE BRIDGES/DRAINAGE OF CROSSING POINTS ACROSS LUAPULA PROVINCE,DMMU/RDA,rain_or_water_text,UNLIKELY EVENT DATE,MEDIUM (district code),Uncertain/unlikely/no-exact-date records must NOT become negative examples; absence of a record is not evidence of no flood.
1738,90,FLOOD,2012-05-04,day,Eastern,Chipata,"LUANGENI,CHIPATA,CHADIZA,,,",ZMB-D-0305,district,,,"HEAVY RAIN | REPAIRING OF MULTIPLE BRIDGES/DRAINAGE OF CROSSING POINTS ACROSS THE WHOLE EASTERN PROVINCE: SOME ARE AS FOLLOW: LUANGENI,MILANZI,MALAMBO,KAPOSHE,CHAMA,LUMEZI,NYIMBA AND MALAMBO...",DMMU/RDA,rain_or_water_text,UNLIKELY EVENT DATE,MEDIUM (district code),Uncertain/unlikely/no-exact-date records must NOT become negative examples; absence of a record is not evidence of no flood.
1739,91,FLOOD,2012-10-05,day,Copperbelt,Ndola,NDOLA,ZMB-D-0210,district,,,"HEAVY RAIN | REPAIRING OF MULTIPLE BRIDGES/DRAINAGE OF CROSSING POINTS ACROSS THE WHOLE COPPERBELT PROVINCE: SOME LOCATION ARE AS FOLLOW: NDOLA, MASAITI, LUANSHYA,MPONGWE,,,",DMMU/RDA,rain_or_water_text,UNLIKELY EVENT DATE,MEDIUM (district code),Uncertain/unlikely/no-exact-date records must NOT become negative examples; absence of a record is not evidence of no flood.
1740,92,FLOOD,2012-10-05,day,Central,Kabwe,"KABWE,SERENJE,MKUSHI,,,,",ZMB-D-0103,district,,,HEAVY RAIN | REPAIRING OF MULTIPLE BRIDGES/DRAINAGE OF CROSSING POINTS ACROSS THE WHOLE CENTRAL PROVINCE.,DMMU/RDA,rain_or_water_text,UNLIKELY EVENT DATE,MEDIUM (district code),Uncertain/unlikely/no-exact-date records must NOT become negative examples; absence of a record is not evidence of no flood.
1741,93,FLOOD,2012-10-05,day,Lusaka,Lusaka,LUSAKA,ZMB-D-0501,district,,,HEAVY RAIN | REHABILITATION OF MULTIPLE BRIDGES AND DRAINAGE'S ACROSS THE WHOLE LUSAKA PROVINCE. IT WAS REHABILITATED IN THE YEAR 2011/2012 OF WHOLE CROSSING POINTS.,DMMU/RDA,rain_or_water_text,UNLIKELY EVENT DATE,MEDIUM (district code),Uncertain/unlikely/no-exact-date records must NOT become negative examples; absence of a record is not evidence of no flood.
1742,94,FLOOD,2012-02-01,day,Central,Mkushi,LUNSEMFWA ,ZMB-D-0108,district,,,HEAVY RAIN | CONSTRUCTION OF VENTED DRIFT ROAD -MUSOFU CONNECTING COMMUNITIES OF UPPER LUNSEMFWA WARD UP TO MUSOFU: ROAD LENGTH 50.4KM,RDA,rain_or_water_text,UNCERTAIN EVENT DATE,MEDIUM (district code),Uncertain/unlikely/no-exact-date records must NOT become negative examples; absence of a record is not evidence of no flood.
1743,95,FLOOD,2011-06-04,day,Central,Mkushi,MAUNDA,ZMB-D-0108,district,,,HEAVY RAIN | RECONSTRUCTION MAUNDA CULVERTS WASHED AWAY BY HEAVY RAIN IN MKUSHI DISTRICT,MR B. SIYANGA DMMU,explicit_flood_text,UNLIKELY EVENT DATE,MEDIUM (district code),Uncertain/unlikely/no-exact-date records must NOT become negative examples; absence of a record is not evidence of no flood.
1744,96,FLOOD,2011-06-04,day,Central,Serenje,LUKUSASHI,ZMB-D-0111,district,,,HEAVY RAIN | REHABILITATION OF LUKUSASHI ROAD (GRADING) SERENJE DISTRICT. THE ROAD WASHED AWAY BY HEAVY RAIN,MR B. SIYANGA DMMU,explicit_flood_text,UNLIKELY EVENT DATE,MEDIUM (district code),Uncertain/unlikely/no-exact-date records must NOT become negative examples; absence of a record is not evidence of no flood.
1745,97,FLOOD,2011-06-01,day,Central,Serenje,KAPAMPALWE ,ZMB-D-0111,district,,,HEAVY RAIN | REHABILITATION OF KAPAMPALWE DRIFT WASHED AWAY BY HEAVY RAIN IN SERENJE,MR B. SIYANGA DMMU,explicit_flood_text,UNLIKELY EVENT DATE,MEDIUM (district code),Uncertain/unlikely/no-exact-date records must NOT become negative examples; absence of a record is not evidence of no flood.
1746,98,FLOOD,2011,year,Central,Serenje,MILEMBO ,ZMB-D-0111,district,,,HEAVY RAIN | REHABILITATION OF MALEMBO VENTED DRIFT. WASHED AWAY BY HEAVY RAIN IN SERENJE .,MR B. SIYANGA DMMU,explicit_flood_text,NO EXACT DATE,MEDIUM (district code),Uncertain/unlikely/no-exact-date records must NOT become negative examples; absence of a record is not evidence of no flood.
1748,100,FLOOD,2011-05-04,day,Central,Kabwe,CHITAKATA,ZMB-D-0103,district,,,"HEAVY RAIN | REHABILITATION OF CULVERTS WASHED AWAY BY HEAVY RAIN IN KABWE. CHITAKATA CROSSING POINT. REPAIRING OF HEAD WALLS, VEGETATION CONTROL AND GUIDE.",MR B. SIYANGA DMMU,explicit_flood_text,UNLIKELY EVENT DATE,MEDIUM (district code),Uncertain/unlikely/no-exact-date records must NOT become negative examples; absence of a record is not evidence of no flood.
1749,101,FLOOD,2011,year,Central,Kabwe,VWALIKA ,ZMB-D-0103,district,,,HEAVY RAIN | REHABILITATION OF BRIDGE VWALIKA CULVERTS WASHED AWAY BY HEAVY RAIN. DE-SILTING AND VEGETATION CONTROL COMPLETED.,MR B. SIYANGA DMMU,explicit_flood_text,NO EXACT DATE,MEDIUM (district code),Uncertain/unlikely/no-exact-date records must NOT become negative examples; absence of a record is not evidence of no flood.
1750,102,FLOOD,2011,year,Central,Kapiri Mposhi,MUTETESHI ,ZMB-D-0110,district,,,HEAVY RAIN | REHABILITATION OF MUTETESHI BRIDGE IN KAPIRI MPOSHI CULVERTS WASHED AWAY BY HEAVY RAIN.,,explicit_flood_text,NO EXACT DATE,MEDIUM (district code),Uncertain/unlikely/no-exact-date records must NOT become negative examples; absence of a record is not evidence of no flood.
1751,103,FLOOD,2011,year,Central,Mkushi,MILOMBWE ,ZMB-D-0108,district,,,HEAVY RAIN | REHABILITATION OF MILOMBWE VENTED DRIFT. WASHED AWAY BY HEAVY RAIN,MR B. SIYANGA DMMU,explicit_flood_text,NO EXACT DATE,MEDIUM (district code),Uncertain/unlikely/no-exact-date records must NOT become negative examples; absence of a record is not evidence of no flood.
1752,104,FLOOD,2011,year,Central,Serenje,AKASEBA ,ZMB-D-0111,district,,,HEAVY RAIN | REHABILITATION OF AKASEBA BRIDGE. WASHED AWAY BY HEAVY RAIN IN SERENJE,,explicit_flood_text,NO EXACT DATE,MEDIUM (district code),Uncertain/unlikely/no-exact-date records must NOT become negative examples; absence of a record is not evidence of no flood.
1753,105,FLOOD,2012-01-16,day,Central,Kabwe,MAKULULU ,ZMB-D-0103,district,,,HEAVY RAIN | CONSTRUCTION OF DRAINAGE'S IN MAKULULU KABWE DUE TO HEAVY RAIN IN MAKULULU  COMPOUND LEFT HOUSES COLLAPSED.,MR B. SIYANGA DMMU,rain_or_water_text,UNCERTAIN EVENT DATE,MEDIUM (district code),Uncertain/unlikely/no-exact-date records must NOT become negative examples; absence of a record is not evidence of no flood.
1754,106,FLOOD,2011,year,Central,Kabwe,BWACHA AND KABWE ,ZMB-D-0103,district,,,"HEAVY RAIN | REHABILITATION OF MULTIPLE (5)CROSSING POINTS (BRIDGES/CULVERT'S) IN KABWE. KALIMA, CHITAKATA,ZAMBEZI,CHINYANJA AND ONE BRIDGE ON FRA ROAD PLUS CULVERT CONSTRUCTION.",RDA/DMMU,rain_or_water_text,NO EXACT DATE,MEDIUM (district code),Uncertain/unlikely/no-exact-date records must NOT become negative examples; absence of a record is not evidence of no flood.
1755,107,FLOOD,2014-10-28,day,Central,Luano,KAMPOKO ,ZMB-D-0106,district,,,"CONSTRUCTION OF A BRIDGE KAMPOKO CROSSING IN LUANO DISTRICT. DURING RAIN SEASON, THE KAMPOKO RIVER GETS FULL AND THE CROSSING REPORTED CUT OFF FROM GOING TO AND COMING.",MR DAVIES CHISOPA (MP),rain_or_water_text,UNLIKELY EVENT DATE,MEDIUM (district code),Uncertain/unlikely/no-exact-date records must NOT become negative examples; absence of a record is not evidence of no flood.
1756,108,FLOOD,2010-11-22,day,Western,Mongu,LIANDE,ZMB-D-1003,district,,,HEAVY RAIN | CONSTRUCTION OF REINFORCED/LAYING CULVERT'S AND BACK FILLING NAMUSHAKENDE ROAD ( CONCRETE FOUNDATION),RDA/DMMU,rain_or_water_text,UNCERTAIN EVENT DATE,MEDIUM (district code),Uncertain/unlikely/no-exact-date records must NOT become negative examples; absence of a record is not evidence of no flood.
1757,109,FLOOD,2010-11-22,day,Western,Mongu,LITAWA ,ZMB-D-1003,district,,,HEAVY RAIN | REHABILITATION OF LITAWA/CONSTRUCTION OF REINFORCED CONCRETE FOUNDATION AND LAYING CULVERT'S BACK FILLING.,RDA/DMMU,rain_or_water_text,UNCERTAIN EVENT DATE,MEDIUM (district code),Uncertain/unlikely/no-exact-date records must NOT become negative examples; absence of a record is not evidence of no flood.
1758,110,FLOOD,2010-11-22,day,Western,Mongu,NAKANYA NAMAUMBA ROAD ,ZMB-D-1003,district,,,"HEAVY RAIN | CONSTRUCTION OF REINFORCED CONCRETE FOUNDATION, LAYING CULVERT'S AND BACK FILLING ON NALIKWANDA NAMAUMBA ROAD. (ROAD AND CULVERT'S)",RDA/DMMU,rain_or_water_text,UNCERTAIN EVENT DATE,MEDIUM (district code),Uncertain/unlikely/no-exact-date records must NOT become negative examples; absence of a record is not evidence of no flood.
1759,111,FLOOD,2009-02-11,day,Luapula,Mansa,KATUNGULU/LUENA,ZMB-D-0403,district,,,HEAVY RAIN | RESURFACE THE ROAD WITH GRAVEL AND REPLACING SMALL CULVERT'S WITH LARGE ONES. HEAVY RAIN DAMAGE MANSA ROAD AND KAWAMBWA MPOROKOSO ROAD.,DMMU,rain_or_water_text,UNCERTAIN EVENT DATE,MEDIUM (district code),Uncertain/unlikely/no-exact-date records must NOT become negative examples; absence of a record is not evidence of no flood.
1760,112,FLOOD,2009-02-11,day,Luapula,Kawambwa,CHINANI  MULUNDA WARD,ZMB-D-0405,district,,,HEAVY RAIN | MUPOSOSHI RIVER BRIDGE SWEPT AWAY BY HEAVY RAIN. REPORTED THAT 406 PEOPLE AFFECTED AND NO ACCESS TO CHAINANI RURAL HEALTH POST. NOTE: REQUESTED K1000 TO CONSTRUCT A DUG OUT CANOE FOR FERRYING PEOPLE.,DMMU,rain_or_water_text,UNCERTAIN EVENT DATE,MEDIUM (district code),Uncertain/unlikely/no-exact-date records must NOT become negative examples; absence of a record is not evidence of no flood.
1761,113,FLOOD,2009-02-11,day,Luapula,Kawambwa,CHIPILI/LUWINGU ,ZMB-D-0405,district,,,HEAVY RAIN | REHABILITATION OF THE ROAD LINKING CHIPILI TO LUWINGU. BADLY DAMAGED.,DISTRIC COMMISSIONER KAWAMBWA,rain_or_water_text,UNCERTAIN EVENT DATE,MEDIUM (district code),Uncertain/unlikely/no-exact-date records must NOT become negative examples; absence of a record is not evidence of no flood.
1762,114,FLOOD,2009-02-11,day,Luapula,Kawambwa,PAMBASHE ,ZMB-D-0405,district,,,HEAVY RAIN | RE-ENFORCEMENT OF THE EMBANKMENT AND FITTING OF MORE CULVERT'S . CHISEMBE TURN OFF ROAD DAMAGED.,DISTRIC COMMISSIONER KAWAMBWA,rain_or_water_text,UNCERTAIN EVENT DATE,MEDIUM (district code),Uncertain/unlikely/no-exact-date records must NOT become negative examples; absence of a record is not evidence of no flood.
1763,115,FLOOD,2009-02-11,day,Luapula,Kawambwa,CHISEMBE-CHIBO TE,ZMB-D-0405,district,,,HEAVY RAIN | REPLACEMENT OF CULVERT'S ON THE BRIDGE LUFUBU BRIDGE DAMAGED BY HEAVY RAIN.,DISTRIC COMMISSIONER KAWAMBWA,rain_or_water_text,UNCERTAIN EVENT DATE,MEDIUM (district code),Uncertain/unlikely/no-exact-date records must NOT become negative examples; absence of a record is not evidence of no flood.
1764,116,FLOOD,2011-10-04,day,Central,Serenje,MAILO ,ZMB-D-0111,district,,,HEAVY RAIN | REHABILITATION OF LUSIWASI CULVERT'S WASHED AWAY BY HEAVY RAIN IN SERENJE (BRIDGES DAMAGED),DMMU,explicit_flood_text,UNLIKELY EVENT DATE,MEDIUM (district code),Uncertain/unlikely/no-exact-date records must NOT become negative examples; absence of a record is not evidence of no flood.
1765,117,FLOOD,2011-11-03,day,Eastern,Chipata,MAGWERO ,ZMB-D-0305,district,,,HEAVY RAIN | CONSTRUCTION OF ROAD CULVERT'S READING TO MAGWERO SCHOOL FOR BLIND AND DEAF IN CHIPATA TEN (10) CROSSING POINTS,DMMU,rain_or_water_text,UNCERTAIN EVENT DATE,MEDIUM (district code),Uncertain/unlikely/no-exact-date records must NOT become negative examples; absence of a record is not evidence of no flood.
1766,118,FLOOD,2011-12-05,day,Western,Sesheke,SICHILILO ,ZMB-D-1007,district,,,"HEAVY RAIN | REHABILITATION OF KANYIMBA BRIDGE IN SESHEKE, CULVERT'S WASHED AWAY DUE TO HEAVY RAIN AND COLLAPSING OF AN EARTH DAM.",DMMU,explicit_flood_text,UNCERTAIN EVENT DATE,MEDIUM (district code),Uncertain/unlikely/no-exact-date records must NOT become negative examples; absence of a record is not evidence of no flood.
1779,132,FLOOD,2001-02-03,day,Central,Serenje,CHITAMBO ,ZMB-D-0111,district,,,"HEAVY RAIN | RELIEF FOOD DUE TO HIGH FLOODS CAUSED HOSES TO COLLAPSED, CROPS DAMAGED. CASSAVA, GROUNDNUTS, MAIZE. A 1*1 CLASSROOM COLLAPSED AT KATOBA PRIMARY SCHOOL INCLUDING ONE CHURCH.",MNL MALAMBO DMMU,explicit_flood_text,UNCERTAIN EVENT DATE,MEDIUM (district code),Uncertain/unlikely/no-exact-date records must NOT become negative examples; absence of a record is not evidence of no flood.
1790,143,FLOOD,2004-03-31,day,North-Western,Chavuma,CHAVUMA,ZMB-D-0702,district,,,HEAVY RAIN | CHAVUMA EAS AFFECTED BY FLOODS DUE TO HEAVY RAIN. CROPS SUCH AS MAIZE AND CASSAVA SUBMERGED. 75% AFFECTED 25% HOUSEHOLDS AFFECTED REPRESENTING 1575 NUMBER OF HOUSEHOLDS IN CHAVUMA.,DMMU,explicit_flood_text,UNCERTAIN EVENT DATE,MEDIUM (district code),Uncertain/unlikely/no-exact-date records must NOT become negative examples; absence of a record is not evidence of no flood.
1791,144,FLOOD,2014-03-31,day,North-Western,Zambezi,ZAMBEZI,ZMB-D-0701,district,,,HEAVY RAIN | ZAMBEZI WAS AFFECTED BY FLOODS DUE HEAVY RAIN. CROPS SUBMERGED MAIZE AND CASSAVA 75% AFFECTED 20% HOUSEHOLDS AFFECTED REPRESENTING 2540 NUMBER OF HOUSEHOLDS.,DMMU,explicit_flood_text,HIGH-CONFIDENCE EVENT DATE,MEDIUM (district code),Uncertain/unlikely/no-exact-date records must NOT become negative examples; absence of a record is not evidence of no flood.
1792,145,FLOOD,2004-03-31,day,Western,Senanga,SENANGA,ZMB-D-1002,district,,,HEAVY RAIN | SENANGA WAS AFFECTED BY FLOODS DUE TO HEAVY RAI. CROPS SUBMERGED CASSAVA AND MAIZE. 10% AFFECTED 25% HOUSEHOLDS AFFECTED REPRESENTING 5239 NUMBER OF HOUSEHOLDS.,DMMU,explicit_flood_text,UNCERTAIN EVENT DATE,MEDIUM (district code),Uncertain/unlikely/no-exact-date records must NOT become negative examples; absence of a record is not evidence of no flood.
1793,146,FLOOD,2004-03-31,day,Western,Mongu,MONGU ,ZMB-D-1003,district,,,HEAVY RAIN | MONGU WAS AFFECTED BY FLOODS DUE TO HEAVY RAIN. CROPS SUBMERGED SUCH AS CASSAVA AND MAIZE 5% AFFECTED 10% REPRESENTING 3205 NUMBER OF HOUSEHOLDS.,DMMU,explicit_flood_text,UNCERTAIN EVENT DATE,MEDIUM (district code),Uncertain/unlikely/no-exact-date records must NOT become negative examples; absence of a record is not evidence of no flood.
1794,147,FLOOD,2004-03-31,day,Western,Lukulu,LUKULU ,ZMB-D-1006,district,,,"HEAVY RAIN | LUKULU WAS AFFECTED BY HEAVY RAIN. CROPS SUCH AS CASSAVA AND MAIZE SUBMERGED, 75% AFFECTED, HOUSEHOLDS 65% WAS AFFECTED REPRESENTING 8741 NUMBER OF HOUSEHOLDS.",DMMU,explicit_flood_text,UNCERTAIN EVENT DATE,MEDIUM (district code),Uncertain/unlikely/no-exact-date records must NOT become negative examples; absence of a record is not evidence of no flood.
1795,148,FLOOD,2004-03-31,day,Western,Kalabo,KALABO,ZMB-D-1004,district,,,"HEAVY RAIN | KALABO DISTRICT WAS AFFECTED BY HEAVY RAIN AND CASSAVA, MAIZE CROP SUBMERGED. 50% AFFECTED 75% HOUSEHOLD AFFECTED REPRESENTING 17978 NUMBER OF HOUSEHOLDS AFFECTED .",DMMU,explicit_flood_text,UNCERTAIN EVENT DATE,MEDIUM (district code),Uncertain/unlikely/no-exact-date records must NOT become negative examples; absence of a record is not evidence of no flood.
1797,150,FLOOD,2000-04-13,day,Central,Mumbwa,MWANACHIYANDA ,ZMB-D-0104,district,,,HEAVY RAIN | HEAVY RAIN RECORDED IN MWANACHIYANDA RESULTYS CHOLERA OUTBREAK DUE TO LACK OF WATER SUPPLY. WATER AFFAIRS DEP. RECOMMENDED TO DRILLED 100 BOREHOLES IN MUMBWA DISTRICT.,MR MNL MALAMBO DMMU,rain_or_water_text,HIGH-CONFIDENCE EVENT DATE,MEDIUM (district code),Uncertain/unlikely/no-exact-date records must NOT become negative examples; absence of a record is not evidence of no flood.
1800,153,FLOOD,2013-01-27,day,Lusaka,Lusaka,CHANDWE MUSONDA ,ZMB-D-0501,district,,,POOR DRANAGE | ROCK BLASTING WORKS FOR THE CONSTRUCTION OF LUMUMBA DRAW SITE/ DRAINAGE IN LUSAKA.,DMMU ,rain_or_water_text,UNCERTAIN EVENT DATE,MEDIUM (district code),Uncertain/unlikely/no-exact-date records must NOT become negative examples; absence of a record is not evidence of no flood.
1803,162,FLOOD,2006-03-14,day,North-Western,Mufumbwe,MUFUMBWE,ZMB-D-0703,district,,,HEAVY RAIN | 75 HOUSES IN KIFWE COLLAPSED 348 PEOPLE AFFECTED. IT WAS REPORTED THAT 48.3 HECTARES OF CASSAVA AND GROUNDNUTS SUBMERGED IN WATER.,DMMU,explicit_flood_text,HIGH-CONFIDENCE EVENT DATE,MEDIUM (district code),Uncertain/unlikely/no-exact-date records must NOT become negative examples; absence of a record is not evidence of no flood.
1807,166,FLOOD,2012-02-09,day,Central,Kabwe,KABWE ,ZMB-D-0103,district,,,"HEAVY RAIN | POOR CONSTRUCTION OF DRAINAGE'S CAUSED BLOCKAGES OF THE AFFECTED AREA SUCH AS ZAMBEZI, MOOMBA, CHIMIALA,MAKULULU, MAIPAMBE. REQUEST FOR INTERVENTION.",MR B. SIYANGA DMMU,rain_or_water_text,UNCERTAIN EVENT DATE,MEDIUM (district code),Uncertain/unlikely/no-exact-date records must NOT become negative examples; absence of a record is not evidence of no flood.
1810,169,FLOOD,2001-01-23,day,Central,Serenje,KATONGA ,ZMB-D-0111,district,,,HEAVY RAIN | HEAVY RAIN IN KATONGA COMPOUND LEFT FAMILIES DISPLACED IN SERENJE AND BRIDGES SUBMERGED AS WELL AS CROPS.,G MWENYA DACO ,explicit_flood_text,HIGH-CONFIDENCE EVENT DATE,MEDIUM (district code),Uncertain/unlikely/no-exact-date records must NOT become negative examples; absence of a record is not evidence of no flood.
1811,170,FLOOD,2001-02-08,day,Central,Kapiri Mposhi,"NDEKE,MUTILILO, SOWETO ..",ZMB-D-0110,district,,,"HEAVY RAIN | DUE TO HEAVY RAIN IN KAPIRI, 6 COMPUND WAS AFFECTED, NDEKE, MATILILO, SOWETO, ZAMBIA, KAWAMA AND MAFWA. THIS WAS POOR CONSTRUCTION (MUD-BUILT)",MR MNL MALAMBO DMMU,rain_or_water_text,UNCERTAIN EVENT DATE,MEDIUM (district code),Uncertain/unlikely/no-exact-date records must NOT become negative examples; absence of a record is not evidence of no flood.
1812,171,FLOOD,2017-05-09,day,Lusaka,Shibuyunji,NAKABA FISHING CAMP ,ZMB-D-0508,district,,,"HEAVY RAIN | 9 FISHING CAMPS ALONG KAFUE RIVER, REMAINED DISPLACED, ANIMAL HAVE NO GRAZING AREA. SCHOOLS REMAINED CLOSED DUE TO IMMERSED IN WATER. 7 PEOPLE DIED BECAUSE OF AN OUTBREAK OF DIARRHEA, MEASLES AND POOR SANITATION IN SHIBUYUNJI.",EMMUNYANGA SPOKESMAN ,rain_or_water_text,UNCERTAIN EVENT DATE,MEDIUM (district code),Uncertain/unlikely/no-exact-date records must NOT become negative examples; absence of a record is not evidence of no flood.
1813,174,FLOOD,2007-01-29,day,Western,Mongu,MUKUKUTU AND SONGA,ZMB-D-1003,district,,,HEAVY RAIN | MULTIPLE AREAS IN WESTERN PROVINCE AFFECTED FLOOD VICTIMS DUE TO HEAVY RAIN IN MONGU. 7000 HOUSEHOLDS AFFECTED, SITUMBEKO NALISHEBO ,explicit_flood_text,HIGH-CONFIDENCE EVENT DATE,MEDIUM (district code),Uncertain/unlikely/no-exact-date records must NOT become negative examples; absence of a record is not evidence of no flood.
1814,176,FLOOD,2015-11-15,day,Luapula,Samfya,SAMFYA,ZMB-D-0402,district,,,"HEAVY RAIN | HEAVY RAIN IN SAMFYA DISTRICT DAMAGED STRUCTURES (HOUSES), ZAWA OFFICES, DISTRICT COMMISSIONERS HOUSE AND A 1*2 CLASSROOM BLOCK.",NASON BWALYA DISTRICT COMMISIONER ,rain_or_water_text,HIGH-CONFIDENCE EVENT DATE,MEDIUM (district code),Uncertain/unlikely/no-exact-date records must NOT become negative examples; absence of a record is not evidence of no flood.
1815,177,FLOOD,2014,year,Southern,Livingstone,MULALA,ZMB-D-0901,district,,,HEAVY RAIN | REHABILITATION OF MULALA BRIDGE IN LIVINGSTON. MULALA BRIDGE WASHED AWAY AND DAMAGED DURING THE 2013-2014 RAIN SEASON.,EDWINB J. PETELI DMMU ,explicit_flood_text,NO EXACT DATE,MEDIUM (district code),Uncertain/unlikely/no-exact-date records must NOT become negative examples; absence of a record is not evidence of no flood.
1816,178,FLOOD,2016-02-25,day,North-Western,Solwezi,KANDUNDU MUSHITALA ,ZMB-D-0705,district,,,HEAVY RAIN | CONSTRUCTION OF STRATEGIC CROSSING POINT: KANDUNDU MUSHITALA BRIDGE WASHED AWAY BY HEAVY RAIN.,PETER KABASO DMMU,explicit_flood_text,UNCERTAIN EVENT DATE,MEDIUM (district code),Uncertain/unlikely/no-exact-date records must NOT become negative examples; absence of a record is not evidence of no flood.
1819,181,FLOOD,2015-09-11,day,Western,Lukulu,LUANCHUMA ,ZMB-D-1006,district,,,CONSTRUCTION OF SMALL BRIDGES AT LUANCHUMA,CHRISTOPHER KALULA MP,category_only,UNLIKELY EVENT DATE,MEDIUM (district code),Uncertain/unlikely/no-exact-date records must NOT become negative examples; absence of a record is not evidence of no flood.
1830,192,FLOOD,2012-06-26,day,Luapula,Lunga,LUNGA ,ZMB-D-0409,district,,,"HEAVY RAIN | CONSRUCTION OF DRAINAGE SYSTEM IN LUNGA AT COST ESTIMATED OF 160,000",DMMU,rain_or_water_text,UNCERTAIN EVENT DATE,MEDIUM (district code),Uncertain/unlikely/no-exact-date records must NOT become negative examples; absence of a record is not evidence of no flood.
1831,194,FLOOD,2015-07-11,day,Muchinga,Mpika,KANCHIBIYA ,ZMB-D-0601,district,,,"HEAVY RAIN | CONSTRUCTION OF RILUNGA CULVERT'S IN KANCHIBIYA BRIDGE AT A COST ESTIMATED OF 1,833,734.75. IT WAS COLLAPSED DURING HEAVY RAIN IN 2013.",OLIVER CHISOLA DMMU ,rain_or_water_text,UNLIKELY EVENT DATE,MEDIUM (district code),Uncertain/unlikely/no-exact-date records must NOT become negative examples; absence of a record is not evidence of no flood.
1832,195,FLOOD,2012-07-15,day,Muchinga,Mpika,MPIKA ,ZMB-D-0601,district,,,"HEAVY RAIN | CONSTRUCTION OF KANCHIBIYA BRIDGE IN MPIKA AT A COST ESTIMATED OF 2,730,852.71",OLIVER CHISOLA DMMU,rain_or_water_text,UNLIKELY EVENT DATE,MEDIUM (district code),Uncertain/unlikely/no-exact-date records must NOT become negative examples; absence of a record is not evidence of no flood.
1833,198,FLOOD,2009-03-27,day,Eastern,Chipata,MSIMA ,ZMB-D-0305,district,,,"REQUEST FOR FUNDING TO RECONSTRUCT/REPAIR DRAINAGE OF MSIMA DRIFT NO. 2 IN NYIMBA. K 202,237.89",MR EULARIAS ZULU PERMANENT SECRETARY ,rain_or_water_text,UNCERTAIN EVENT DATE,MEDIUM (district code),Uncertain/unlikely/no-exact-date records must NOT become negative examples; absence of a record is not evidence of no flood.
1834,199,FLOOD,2009-03-27,day,Eastern,Chipata,MSIMA,ZMB-D-0305,district,,,"HEAVY RAIN | REQUEST FOR FUNDING TO RECONSTRUCT/REPAIR DRAINAGE  OF MSIMA DRFT NO. 1 IN NYIMBA. K477,217.13",MR EULARIAS ZULU PERMANENT SECRETARY,rain_or_water_text,UNCERTAIN EVENT DATE,MEDIUM (district code),Uncertain/unlikely/no-exact-date records must NOT become negative examples; absence of a record is not evidence of no flood.
1835,200,FLOOD,2009-03-27,day,Eastern,Chipata,MANCHEULA ,ZMB-D-0305,district,,,"HEAVY RAIN | REQUEST FOR FUNDING TO RECONSTRUCT/REPAIR DRAINAGE MANCHEULA DRIFT IN KATETE AT A COST ESTIMATED OF K 413,967.53",MR EULARIAS ZULU PERMANENT SECRETARY,rain_or_water_text,UNCERTAIN EVENT DATE,MEDIUM (district code),Uncertain/unlikely/no-exact-date records must NOT become negative examples; absence of a record is not evidence of no flood.
1836,201,FLOOD,2009-03-27,day,Eastern,Chipata,MZIMA ,ZMB-D-0305,district,,,"HEAVY RAIN | REQUEST FOR FUNDING TO RECONSTRUCT/REPAIR DRAINAGE IN MZIMA DRIFT IN KATETE AT AN ESTIMATED COST OF K 74,525.96",MR EULARIAS ZULU PERMANENT SECRETARY,rain_or_water_text,UNCERTAIN EVENT DATE,MEDIUM (district code),Uncertain/unlikely/no-exact-date records must NOT become negative examples; absence of a record is not evidence of no flood.
1837,202,FLOOD,2009-03-27,day,Eastern,Chipata,KATETE ,ZMB-D-0305,district,,,"HEAVY RAIN | REQUEST FOR FUNDING TO RECONSTRUCT/DRAINAGE IN KATETE AT AN ESTIMATED COST OF K 531,507.05",MR EULARIAS ZULU PERMANENT SECRETARY,rain_or_water_text,UNCERTAIN EVENT DATE,MEDIUM (district code),Uncertain/unlikely/no-exact-date records must NOT become negative examples; absence of a record is not evidence of no flood.
1838,203,FLOOD,2008-03-23,day,Luapula,Nchelenge,MUNUNGA ,ZMB-D-0406,district,,,"HEAVY RAIN | REQUEST FOR REHABILITATION OF 40 HOUSES DAMAGED IN MUNUNGA VILLAGE DUE TO DOWN POUR OF RAIN. ESTIMATED COST K 71,842.7",HAMBAI F MWEETWA DMMU,rain_or_water_text,UNCERTAIN EVENT DATE,MEDIUM (district code),Uncertain/unlikely/no-exact-date records must NOT become negative examples; absence of a record is not evidence of no flood.
1840,205,FLOOD,2009,year,Western,Kalabo,LIUWA,ZMB-D-1004,district,,,"HEAVY RAIN | A 1*2 CLASSROOM BLOCK DAMAGED LIBILINGOMA BASIC SCHOOL DUE TO HEAVY RAIN. REQUESTED FOR FOR FUNDS AT A COST OF ESTIMATED K 18,000 FOR REHABILITATION.",IMASIKU KN ,rain_or_water_text,NO EXACT DATE,MEDIUM (district code),Uncertain/unlikely/no-exact-date records must NOT become negative examples; absence of a record is not evidence of no flood.
1841,206,FLOOD,2017-05-23,day,Western,Kalabo,LIUWA ,ZMB-D-1004,district,,,"HEAVY RAIN | MUNDE SCHOOL CLASSROOM SUBMERGED IN LIUWA REQUEST FUNDS FOR REHABILITATION AT A COST ESTIMATED OF K 8,000.",LUBINDA H IMASIKU MP,explicit_flood_text,UNLIKELY EVENT DATE,MEDIUM (district code),Uncertain/unlikely/no-exact-date records must NOT become negative examples; absence of a record is not evidence of no flood.
1842,207,FLOOD,2009,year,Western,Kalabo,LIUWA,ZMB-D-1004,district,,,"HEAVY RAIN/STORM | LUKOKO SCHOOL AND STAFF HOUSES FLOODED BUILT OF POLES AND MUD. REQUEST FOR FUNDS AT A COST OF K 300,000 TO CONSTRUCT A PERMANENT BUILDING.",LUBINDA H IMASIKU MP,explicit_flood_text,NO EXACT DATE,MEDIUM (district code),Uncertain/unlikely/no-exact-date records must NOT become negative examples; absence of a record is not evidence of no flood.
1843,208,FLOOD,2009,year,Western,Kalabo,LIUWA ,ZMB-D-1004,district,,,"HEAVY RAIN / WIND | MUTAA SCHOOL CLASSROOM AND TEACHERS HOUSES SUBMERGED. REQUEST FOR FUNDING AT A AN ESTIMATED COST OF K 250,000 TO CONSTRUCT A PERMANENT BUILDING.",LUBINDA H IMASIKU MP,explicit_flood_text,NO EXACT DATE,MEDIUM (district code),Uncertain/unlikely/no-exact-date records must NOT become negative examples; absence of a record is not evidence of no flood.
1844,209,FLOOD,2017-05-23,day,Western,Kalabo,LIUWA,ZMB-D-1004,district,,,"HEAVY RAIN/WIND STORM | MUCHICHA SCHOOL CLASSROOM BLOCK AND TEACHERS HOUSES BUILT BY USING POLES AND MUD FLOODED ON THE VERGE OF COLLAPSING. REQUEST FOR FUNDS TO CONSTRUCT OF A PERMANENT BUILDING AT A COST OF K 250,000",LUBINDA H IMASIKU MP,explicit_flood_text,UNLIKELY EVENT DATE,MEDIUM (district code),Uncertain/unlikely/no-exact-date records must NOT become negative examples; absence of a record is not evidence of no flood.
1845,210,FLOOD,2009,year,Western,Kalabo,LIUWA ,ZMB-D-1004,district,,,"HEAVY RAIN/WIND STORM | 1 KATULAMWA SCHOOL COMPLETELY SUBMERGED. REQUEST FOR RELOCATION OF THE SCHOOL TO A HIGHER LAND FOR CONSTRUCTION AT COST OF K250,000",LUBINDA H IMASIKU MP,explicit_flood_text,NO EXACT DATE,MEDIUM (district code),Uncertain/unlikely/no-exact-date records must NOT become negative examples; absence of a record is not evidence of no flood.
1846,211,FLOOD,2017-05-23,day,Western,Kalabo,LIUWA,ZMB-D-1004,district,,,"HEAVY RAIN/ WIND STORM | A 1*3 CLASSROOM BLOCK COLLAPSED AND STAFF HOUSES IN LIBILI NGOMA DUE TO HEAVY RAIN. REQUEST FOR FUNDS FOR REHABILITATION AT COST OF K 250,000.",LUBINDA H IMASIKU MP,rain_or_water_text,UNLIKELY EVENT DATE,MEDIUM (district code),Uncertain/unlikely/no-exact-date records must NOT become negative examples; absence of a record is not evidence of no flood.
1848,213,FLOOD,2009-05-19,day,Western,Kalabo,LIUWA,ZMB-D-1004,district,,,"REQUEST FOR FUND AT A COST OF K 440,000 FOR REPLACEMENT OF COLLAPSED CLASSROOM BLOCK AND STAFF HOUSES. A 1*2 CLASSROOM BLOCK AND 1*STAFF HOUSES 6*VIP LATRINES COLLAPSED DUE TO HEAVY RAIN.",LUBINDA H IMASIKU MP,rain_or_water_text,UNLIKELY EVENT DATE,MEDIUM (district code),Uncertain/unlikely/no-exact-date records must NOT become negative examples; absence of a record is not evidence of no flood.
1850,220,FLOOD,2017,year,Luapula,Lunga,KALIMANKONDE ,ZMB-D-0409,district,,,"HEAVY RAIN | 1 STAFF HOUSE CRACKED, WATER LOGGED DISPOSAL FACILITY AND CONTAMINATED WATER POINT. DISPOSAL FACILITY 1.",VAC,rain_or_water_text,NO EXACT DATE,MEDIUM (district code),Uncertain/unlikely/no-exact-date records must NOT become negative examples; absence of a record is not evidence of no flood.
1851,221,FLOOD,2014,year,Luapula,Lunga,KASOMALUNGA,ZMB-D-0409,district,,,HEAVY RAIN | WATER LOGGED DISPOSAL FACILITY AND CONTAMINATED WATER POINT AFFECTED IN KASOMALUNGA DUE HEAVY RAIN.,VAC,rain_or_water_text,NO EXACT DATE,MEDIUM (district code),Uncertain/unlikely/no-exact-date records must NOT become negative examples; absence of a record is not evidence of no flood.
1852,222,FLOOD,2014,year,Luapula,Lunga,NSALUSHI ,ZMB-D-0409,district,,,HEAVY RAIN | WATER POINT DAMAGED BY HEAVY RAIN IN NSALUSHI LUNGA DISTRICT,VAC,rain_or_water_text,NO EXACT DATE,MEDIUM (district code),Uncertain/unlikely/no-exact-date records must NOT become negative examples; absence of a record is not evidence of no flood.
1855,225,FLOOD,2014,year,Luapula,Nchelenge,KILWA ,ZMB-D-0406,district,,,HEAVY RAIN /WIND | ONE STAFF HOUSE AT KILWA RURAL HEALTH POST  WALL CRACKS DUE TO HEAVY RAIN/WIND,ZVAC ,rain_or_water_text,NO EXACT DATE,MEDIUM (district code),Uncertain/unlikely/no-exact-date records must NOT become negative examples; absence of a record is not evidence of no flood.
1270,81,FLOOD,2013-10-13,day,Lusaka,Lusaka,CHANDWE MUSONDA,ZMB-D-0501,district,,,HEAVY DOWN POUR OF RAINS | DRANAINAGE IMPROVEMENT WORKS ALONG CHANDWE MUSOND AND PART OF LUMUMBA DUE TO FLOOD DISASTERS,MOSES MWELWA,explicit_flood_text,UNCERTAIN EVENT DATE,MEDIUM (district code),Uncertain/unlikely/no-exact-date records must NOT become negative examples; absence of a record is not evidence of no flood.
1809,168,FLOOD,2001-02-07,day,Central,Kabwe,KAPUTULA ,ZMB-D-0103,district,,,HEAVY RAIN | HEAVY  RAIN LEFT 100 HOUSE COLLAPSED IN KABWE KAPUTULA COMPOUND .,MR MNL MALAMBO DMMU,rain_or_water_text,HIGH-CONFIDENCE EVENT DATE,MEDIUM (district code),Uncertain/unlikely/no-exact-date records must NOT become negative examples; absence of a record is not evidence of no flood.
2233,2252,FLOOD,2025-01-25,day,Lusaka,Lusaka,"Mandevu, Kanyama, Chawama",ZMB-D-0501,district,,,Heavy Rainfall | Heavy rains resulted in evacuation of some households to temporal shelters.,Disaster Management and Mitigation Unit,rain_or_water_text,HIGH-CONFIDENCE EVENT DATE,MEDIUM (district code),Uncertain/unlikely/no-exact-date records must NOT become negative examples; absence of a record is not evidence of no flood.
2238,2259,FLASH FLOODS,2026-01-17,day,Lusaka,Luangwa,"Const: Feira Wards: Mburuma, Dzalo, Kabowo, Katondwe",ZMB-D-0503,district,,,"Water levels in Luangwa and Zambezi rivers rise, crop damage | •	Water levels in Luangwa and Zambezi rivers have risen as a result of rain, and this has resulted in floods at an estimated 1m height into crop fields.
•	Crop Damage of upland and lowland fields estimated at 319 hectares.
•	As the rain ",Disaster Management and Mitigation Unit,explicit_flood_text,HIGH-CONFIDENCE EVENT DATE,MEDIUM (district code),Uncertain/unlikely/no-exact-date records must NOT become negative examples; absence of a record is not evidence of no flood.
2239,2260,FLASH FLOODS,2026-01-18,day,Lusaka,Rufunsa,"Const:Rufunsa Wards: Shikabeta, ",ZMB-D-0504,district,,,"Water levels at the Mwateshi stream have risen | •	Water levels at the mwateshi stream have risen as a result of continued heavy rainfall which exceeded 47mm, and this has resulted in flash floods.
•	Crop Damage of wetland and dambo fields.
•	A cumulative estimate of 150Ha of wetlands crops damaged.",Disaster Management and Mitigation Unit,explicit_flood_text,HIGH-CONFIDENCE EVENT DATE,MEDIUM (district code),Uncertain/unlikely/no-exact-date records must NOT become negative examples; absence of a record is not evidence of no flood.
2240,2261,FLASH FLOODS,2026-01-18,day,Lusaka,Chongwe,Const: Chongwe Wards: Madido •	Kapwayambale,ZMB-D-0506,district,,,The area experienced heavy rainfall on 17th and 18th January | The area experienced heavy rainfall on 17th and 18th January 2026. The affected families are not involved in any agriculture activities.,Disaster Management and Mitigation Unit,rain_or_water_text,HIGH-CONFIDENCE EVENT DATE,MEDIUM (district code),Uncertain/unlikely/no-exact-date records must NOT become negative examples; absence of a record is not evidence of no flood.
2234,2253,FLASH FLOODS,2025-01-23,day,Southern,Gwembe,"Gwembe, Lufwa River",ZMB-D-0903,district,,,Flash floods due to heavy rainfall. | Fields washed away due to heavy rains resulting in flash floods,Disaster Management and Mitigation Unit,explicit_flood_text,HIGH-CONFIDENCE EVENT DATE,MEDIUM (district code),Uncertain/unlikely/no-exact-date records must NOT become negative examples; absence of a record is not evidence of no flood.
2236,2256,FLASH FLOODS,2026-01-23,day,Central,Kabwe,"Bwacha Constituency, Chinyanja Ward",ZMB-D-0103,district,,,Mazimba dam burst due to heavy rainfall. | The number of affected households were 34. The hectarage affected is not yet known.,Disas,rain_or_water_text,HIGH-CONFIDENCE EVENT DATE,MEDIUM (district code),Uncertain/unlikely/no-exact-date records must NOT become negative examples; absence of a record is not evidence of no flood.
2241,2263,FLASH FLOODS,2026-01-18,day,Lusaka,Kafue,"Const: KAFUE  Wards:  Kafue,  Matanda, Malundu ",ZMB-D-0502,district,,,Heavy rainfall causing Flash Floods,Disaster Management and Mitigation Unit,explicit_flood_text,HIGH-CONFIDENCE EVENT DATE,MEDIUM (district code),Uncertain/unlikely/no-exact-date records must NOT become negative examples; absence of a record is not evidence of no flood.
