serial,level0,level1,level2,name0,name1,name2,evento,lugar,fechano,fechames,fechadia,muertos,heridos,desaparece,afectados,vivdest,vivafec,otros,fuentes,valorloc,valorus,fechapor,fechafec,hay_muertos,hay_heridos,hay_deasparece,hay_afectados,hay_vivdest,hay_vivafec,hay_otros,socorro,salud,educacion,agropecuario,industrias,acueducto,alcantarillado,energia,comunicaciones,causa,descausa,transporte,magnitud2,nhospitales,nescuelas,nhectareas,cabezas,kmvias,duracion,damnificados,evacuados,hay_damnificados,hay_evacuados,hay_reubicados,reubicados,clave,glide,defaultab,approved,latitude,longitude,uu_id,di_comments,clave_ext,bridges_damaged,bus_terminals_affected,children_injured,children_killed,clinics_damaged,clinics_destroyed,cows_lost,cultural_centers_museums_damag,cultural_centers_museums_destr,distribution_lines_damaged,estimated_agricultural_losses,ferry_terminals_affected,goats_lost,hospitals_damaged,hospitals_destroyed,maize_crops_lost,men_injured,men_killed,national_monuments_damaged,other_education_centers_damage,other_eductation_centers_destr,pipelines_damaged,pipelines_destroyed,ports_affected,power_stations_damaged,primary_schools_damaged,primary_schools_destroyed,rice_crops_lost,rural_water_supply_damaged,rural_water_supply_destroyed,secondary_schools_damaged,secondary_schools_destroyed,temples_damaged,temples_destroyed,tertiary_schools_damaged,tertiary_schools_destroyed,transmission_lines_damaged,unesco_designated_areas,urban_water_supply_damaged,urban_water_supply_destroyed,women_injured,women_killed,deaths_female,deaths_male,deaths_children,deaths_adults,deaths_elder,deaths_disabled,deaths_poor,missing_female,missing_male,missing_children,missing_adults,missing_elder,missing_disabled,missing_poor,injured_female,injured_male,injured_children,injured_adults,injured_elder,injured_disabled,injured_poor,living_dmgd_dwellings,living_dmgd_dwellings_female,living_dmgd_dwellings_male,living_dmgd_dwellings_children,living_dmgd_dwellings_adults,living_dmgd_dwellings_elder,living_dmgd_dwellings_disabled,living_dmgd_dwellings_poor,living_dstr_dwellings,living_dstr_dwellings_female,living_dstr_dwellings_male,living_dstr_dwellings_children,living_dstr_dwellings_adults,living_dstr_dwellings_elder,living_dstr_dwellings_disabled,living_dstr_dwellings_poor,livelihood_afctd,livelihoods_female,livelihoods_male,livelihoods_children,livelihoods_adults,livelihoods_elder,livelihoods_disabled,livelihoods_poor,ha_dmgd,ha_dstr,loss_crops,livestock_total,livestock_dmgd,loss_livestock_total,ha_forest_total,ha_forest_dmgd,ha_forest_dstr,loss_forest_total,ha_aquaculture_total,ha_aquaculture_dmgd,ha_aquaculture_dstr,loss_aquaculture_total,vessels_total,vessels_dmgd,vessels_dstr,loss_vessels_total,stock_facilities_afctd,stock_facilities_dmgd,stock_facilities_dstr,stock_loss_afctd,agri_assets_afctd,agri_assets_dmgd,agri_assets_dstr,agri_assets_loss_afctd,productive_assets_afctd,productive_assets_dmgd,productive_assets_dstr,productive_assets_loss_afctd,houses_total,loss_dwellings,loss_dwellings_dmgd,loss__dwellingsdstr,health_facilities_dmgd,health_facilities_dstr,loss_health_facilities,education_dmgd,education_dstr,loss_education,number_infrastructures,number_dmgd_infrastructures,number_dstr_infrastructures,loss_infrastructures,loss_cultural_fixed,loss_cultural_mobile_dmgd,loss_cultural_mobile_dstr,cultural_fixed_dmgd,cultural_fixed_dstr,cultural_mobile_dmgd,cultural_mobile_dstr,loss_357,total_357,damaged_357,destryd_357,a_1,a_2,a_3,b_1,b_1a,c_1,c_1a,economic_loss_c2,economic_loss_c3,economic_loss_c4,economic_loss_c4dm,economic_loss_c4dy,economic_loss_c5,economic_loss_health,economic_loss_edu,economic_loss_c6,public_admin_service,solid_waste_service,loss_363,total_363,damaged_363,destryd_363,loss_51,total_51,damaged_51,destryd_51,loss_63,total_63,damaged_63,destryd_63,loss_131,total_131,damaged_131,destryd_131,loss_28,total_28,damaged_28,destryd_28,loss_5,total_5,damaged_5,destryd_5,loss_82,total_82,damaged_82,destryd_82,loss_9,total_9,damaged_9,destryd_9,loss_176,total_176,damaged_176,destryd_176,loss_437,total_437,damaged_437,destryd_437,event_start_date,date_precision,date_quality_flag,event_end_date_from_duration,province_original,district_original,location_original,retrieved_utc,source
97,05,0506,,Lusaka,Chongwe,,FLOOD,chongwe,211,2,9,0,0,0,0,0,0,,National Coordinator DMMU,0,0,KARSON,2017-05-04,0,0,0,0,0,0,0,0,0,0,0,0,0,0,0,0,,Heavy rain,1,,0,0,0,0,0,0,0,0,0,0,0,0,60,,0,2,0,0,b3d1f3a5-8b6f-495d-97a7-a2e55081985c,Construction of the bridge on the chibombe river crossing to Kutemwa Ndi Kusamala  ,60,0,0,0,0,0,0,0,0,0,0,0,0,0,0,0,0,0,0,0,0,0,0,0,0,0,0,0,0,0,0,0,0,0,0,0,0,0,0,0,0,0,0,0,0,0,0,0,0,0,0,0,0,0,0,0,0,0,0,0,0,0,0,0,0,0,0,0,0,0,0,0,0,0,0,0,0,0,0,0,0,0,0,0,0,0,0,0,0,0,0,0,0,0,0,0,0,0,0,0,0,0,0,0,0,0,0,0,0,0,0,0,0,0,0,0,0,0,0,0,0,0,0,0,0,0,0,0,0,0,0,0,0,0,0,0,0,0,0,0,0,0,0,0,0,0,0,0,0,0,0,0,0,0,0,0,0,0,0,,,,,,,,,,,,,,,,,,,,,,,,,,,,,,,,,,,,,,,,,,,,invalid,implausible_year:211,,Lusaka,Chongwe,chongwe,2026-10-06T12:29:33+00:00,DesInventar Zambia (UNDRR) — DI_export_zmb.zip
82,05,0501,,Lusaka,Lusaka,,FLOOD,LUSAKA,2013,10,13,0,0,0,0,0,0,NIL,MOSES MWELWA,0,0,C.KATUTA,2017-05-03,0,0,0,0,0,0,0,0,0,0,0,0,0,0,0,0,,Heavy rainfall,1,,0,0,0,0,0,0,0,0,0,0,0,0,1271,,0,0,-15.3875259,28.322816500000044,809ba26f-e2b8-4159-9bb1-e72a2262fc86,NEW AND OLD SOWETO MARKET/DRAINAGE SYSTEMS DUE TO FLOOD DISASTER.,1271,0,0,0,0,0,0,0,0,0,0,0,0,0,0,0,0,0,0,0,0,0,0,0,0,0,0,0,0,0,0,0,0,0,0,0,0,0,0,0,0,0,0,0,0,0,0,0,0,0,0,0,0,0,0,0,0,0,0,0,0,0,0,0,0,0,0,0,0,0,0,0,0,0,0,0,0,0,0,0,0,0,0,0,0,0,0,0,0,0,0,0,0,0,0,0,0,0,0,0,0,0,0,0,0,0,0,0,0,0,0,0,0,0,0,0,0,0,0,0,0,0,0,0,0,0,0,0,0,0,0,0,0,0,0,0,0,0,0,,,,,0,0,0,0,0,0,0,0,0,0,0,0,0,0,0,0,,,,,,,,,,,,,,,,,,,,,,,,,,,,,,,,,,,,,,,,,,,2013-10-13,day,,,Lusaka,Lusaka,LUSAKA,2026-10-06T12:29:33+00:00,DesInventar Zambia (UNDRR) — DI_export_zmb.zip
46,02,0202,,Copperbelt,Kitwe,,FLOOD,kitwe,2017,5,3,0,0,0,3000,0,0,NIL,hon. M chishimba,0,0,c.katuta,2017-05-03,0,0,0,-1,0,0,0,0,0,0,0,0,0,0,0,0,,Heavy rainfall,0,,0,0,0,0,0,0,3000,0,-1,0,0,0,1237,,0,0,0,0,8253633c-d326-4476-a6cd-0ae23b6a7f71,chipashichakamu and masula bridge in kanfisa,1237,3,0,0,0,0,0,0,0,0,0,0,0,0,0,0,0,0,0,0,0,0,0,0,0,0,0,0,0,0,0,0,0,0,0,0,0,0,0,0,0,0,0,0,0,0,0,0,0,0,0,0,0,0,0,0,0,0,0,0,0,0,0,0,0,0,0,0,0,0,0,0,0,0,0,0,0,0,0,0,0,0,0,0,0,0,0,0,0,0,0,0,0,0,0,0,0,0,0,0,0,0,0,0,0,0,0,0,0,0,0,0,0,0,0,0,0,0,0,0,0,0,0,0,0,0,0,0,0,0,0,0,0,0,0,0,0,0,0,0,0,0,0,0,0,0,0,0,0,0,0,0,0,0,0,0,0,0,0,,,,,,,,,,,,,,,,,,,,,,,,,,,,,,,,,,,,,,,,,,,2017-05-03,day,,,Copperbelt,Kitwe,kitwe,2026-10-06T12:29:33+00:00,DesInventar Zambia (UNDRR) — DI_export_zmb.zip
155,06,0603,,Muchinga,Shiwang&#39;andu,,FLOOD,Sele primary school ,2015,6,14,0,0,0,0,0,0,,DMMU,0,0,KARSON,2017-05-08,0,0,0,0,0,0,0,0,0,1,0,0,0,0,0,0,,pool bulding materials used,0,,0,0,0,0,0,0,0,0,0,0,0,0,114,,,0,0,0,b88ee9bb-a0ce-4b18-bea0-89b9e98720a9,Construction of 1*3 class room block at sele primary school in shiwangandu,114,0,0,0,0,0,0,0,0,0,0,0,0,0,0,0,0,0,0,0,0,0,0,0,0,0,0,0,0,0,0,0,0,0,0,0,0,0,0,0,0,0,0,,,,,,,,,,,,,,,,,,,,,,,,,,,,,,,,,,,,,,,,,,,,,,,,,,,,,,,,,,,,,,,,,,,,,,,,,,,,,,,,,,,,,,,,,,,,,,,,,,,,,0,0,0,0,0,0,0,0,0,0,0,0,0,0,0,0,,,,,,,,,,,,,,,,,,,,,,,,,,,,,,,,,,,,,,,,,,,2015-06-14,day,,,Muchinga,Shiwang&#39;andu,Sele primary school ,2026-10-06T12:29:33+00:00,DesInventar Zambia (UNDRR) — DI_export_zmb.zip
278,06,0603,,Muchinga,Shiwang&#39;andu,,FLOOD,SELE,2013,6,6,0,0,0,256,0,0,INFRASTRUCTURES,assessment report,0,0,chris katuta,2017-06-06,0,0,0,-1,0,0,0,0,0,1,0,0,0,0,0,0,,Heavy rainfall,0,,0,1,0,0,0,1,256,0,-1,0,0,0,1447,,,0,0,0,84235f76-c70b-4339-bcea-1fca82f239f8,SELE PRIMARY SCHOOL INFRASTRUCTURE DAMAGED DUE TO FLOODS AND OVER 256 PUPILS WERE AFFECTED,1447,0,0,0,0,0,0,0,0,0,0,0,0,0,0,0,0,0,0,0,0,0,0,0,0,0,1,0,0,0,0,0,0,0,0,0,0,0,0,0,0,0,0,,,,,,,,,,,,,,,,,,,,,,,,,,,,,,,,,,,,,,,,,,,,,,,,,,,,,,,,,,,,,,,,,,,,,,,,,,,,,,,,,,,,,,,,,,,,,,,,,,,,,0,0,0,0,0,1.64e-06,45936,0,0,0,0,0,45936,0,45936,0,,,,,,,,,,,,,,,,,,,,,,,,,,,,,,,,,,,,,,,,,,,2013-06-06,day,,2013-06-06,Muchinga,Shiwang&#39;andu,SELE,2026-10-06T12:29:33+00:00,DesInventar Zambia (UNDRR) — DI_export_zmb.zip
82,06,0603,,Muchinga,Shiwang&#39;andu,,FLOOD,SHIWANG'ANDU ,2015,5,11,0,0,0,0,0,0,,DMMU ,0,0,Anonimous,2017-05-03,0,0,0,0,0,0,0,0,0,0,0,0,0,0,0,0,,HEAVY RAIN WASHED AWAY CULVERTS,1,,0,0,0,0,0,0,0,0,0,0,0,0,1731,,,0,0,0,14f71ff9-3c19-4757-9e94-292dce862269,1-REHABILITATION OF 2011 MILITARY CROSSING 2- REHABILITATION OF MUKUBWE BRIDGE IN SHIWANG'ANDU  ,1731,2,0,0,0,0,0,0,0,0,0,0,0,0,0,0,0,0,0,0,0,0,0,0,0,0,0,0,0,0,0,0,0,0,0,0,0,0,0,0,0,0,0,,,,,,,,,,,,,,,,,,,,,,,,,,,,,,,,,,,,,,,,,,,,,,,,,,,,,,,,,,,,,,,,,,,,,,,,,,,,,,,,,,,,,,,,,,,,,,,,,,,,,0,0,0,0,0,0,0,0,0,0,0,0,0,0,0,0,,,,,,,,,,,,,,,,,,,,,,,,,,,,,,,,,,,,,,,,,,,2015-05-11,day,,,Muchinga,Shiwang&#39;andu,SHIWANG'ANDU ,2026-10-06T12:29:33+00:00,DesInventar Zambia (UNDRR) — DI_export_zmb.zip
94,03,0305,,Eastern,Chipata,,FLOOD,kapalo,2011,1,7,0,0,0,0,0,0,,National Coordinator DMMU,0,0,KARSON,2017-05-04,0,0,0,0,0,0,0,0,0,0,0,0,0,0,0,0,,Heavy rain,1,,0,0,0,0,0,0,0,0,0,0,0,0,57,,,0,0,0,aa3ebc99-1e78-4c09-ba52-b4f48554128b,Construction works at mambwe and chipata crossing points ,57,1,0,0,0,0,0,0,0,0,0,0,0,0,0,0,0,0,0,0,0,0,0,0,0,0,0,0,0,0,0,0,0,0,0,0,0,0,0,0,0,0,0,,,,,,,,,,,,,,,,,,,,,,,,,,,,,,,,,,,,,,,,,,,,,,,,,,,,,,,,,,,,,,,,,,,,,,,,,,,,,,,,,,,,,,,,,,,,,,,,,,,,,0,0,0,0,0,0,0,0,0,0,0,0,0,0,0,0,,,,,,,,,,,,,,,,,,,,,,,,,,,,,,,,,,,,,,,,,,,2011-01-07,day,,,Eastern,Chipata,kapalo,2026-10-06T12:29:33+00:00,DesInventar Zambia (UNDRR) — DI_export_zmb.zip
2197,05,0501,,Lusaka,Lusaka,,FLASH FLOODS,Matero,2023,11,22,0,0,0,0,0,20,,REGIONAL COORDINATOR - LUSAKA PROVINCE,0,0,Virginia,22/11/2023,0,0,0,-1,0,-1,0,0,0,0,0,0,0,0,0,0,,Heavy rains due to ineffevtice drainage system,0,,0,0,0,0,0,1,0,0,0,0,0,0,2189,,0,0,0,0,31acd417-1bb9-45b8-b971-dce1d5de9b16,"The Flash floods affected a total of 20 Households, destroying household goods and foodstuff. ",2189,0,0,0,0,0,0,0,0,0,0,0,0,0,0,0,0,0,0,0,0,0,0,0,0,0,0,0,0,0,0,0,0,0,0,0,0,0,0,0,0,0,0,0,0,0,0,0,0,0,0,0,0,0,0,0,0,0,0,0,0,0,0,0,120,0,0,0,0,0,0,0,0,0,0,0,0,0,0,0,0,0,0,0,0,0,0,0,0,0,0,0,0,0,0,0,0,0,0,0,0,0,0,0,0,0,0,0,0,0,0,0,0,0,0,0,0,0,20,0,0,0,0,0,0,0,0,0,0,0,0,0,0,0,0,0,0,0,0,0,0,0,0,0,0,0,0,0,0,0,0,0,0,0,0,0,0,0,0,0,0,,,,,,,,,,,,,,,,,,,,,,,,,,,,,,,,,,,,,,,,,2023-11-22,day,,2023-11-22,Lusaka,Lusaka,Matero,2026-10-06T12:29:33+00:00,DesInventar Zambia (UNDRR) — DI_export_zmb.zip
2199,10,1003,,Western,Mongu,,FLASH FLOODS,"Nakanya Ward, Nalikwanda Constituency",2022,2,14,0,0,0,0,0,0,,REGIONAL COORDINATOR  - WESTERN PROVINCE,0,0,,23/11/2023,0,0,0,0,0,0,0,0,0,0,0,0,0,0,0,0,,Flash Floods and Heavy Rains,1,,0,0,0,0,0,1,0,0,0,0,0,0,2191,,0,0,0,0,264506f2-c945-4890-afed-6d94a3c82532,"Damaged bridge, affecting 350 households that use it for transportation",2191,1,0,0,0,0,0,0,0,0,0,0,0,0,0,0,0,0,0,0,0,0,0,0,0,0,0,0,0,0,0,0,0,0,0,0,0,0,0,0,0,0,0,0,0,0,0,0,0,0,0,0,0,0,0,0,0,0,0,0,0,0,0,0,0,0,0,0,0,0,0,0,0,0,0,0,0,0,0,0,0,0,0,0,0,0,0,0,0,0,0,0,0,0,0,0,0,0,0,0,0,0,0,0,0,0,0,0,0,0,0,0,0,0,0,0,0,0,0,0,0,0,0,0,0,0,0,0,0,0,0,0,0,0,0,0,0,0,0,0,0,0,0,0,0,0,0,0,0,0,0,0,0,0,0,0,0,0,0,0,0,0,0,0,0,0,0,0,0,0,0,0,0,0,0,0,0,0,0,0,0,0,0,0,0,0,0,0,0,0,0,0,0,,,,,,,,,2022-02-14,day,,2022-02-14,Western,Mongu,"Nakanya Ward, Nalikwanda Constituency",2026-10-06T12:29:33+00:00,DesInventar Zambia (UNDRR) — DI_export_zmb.zip
198,10,1014,,Western,Limulunga,,FLOOD,Limulunga primary school,2013,0,0,0,0,0,0,0,0,,ZVAC/ Assessment report,0,0,Anonimous,2017-06-06,0,0,0,0,0,0,0,0,0,0,0,0,0,0,0,0,,school infrustructure damaged due to floods,0,,0,0,0,0,0,0,0,0,0,0,0,0,765,,,0,0,0,968c4f04-3b0a-4bbf-bf66-bde9dd93d790,,765,0,0,0,0,0,0,0,0,0,0,0,0,0,0,0,0,0,0,0,0,0,0,0,0,0,0,0,0,0,0,0,0,0,0,0,0,0,0,0,0,0,0,,,,,,,,,,,,,,,,,,,,,,,,,,,,,,,,,,,,,,,,,,,,,,,,,,,,,,,,,,,,,,,,,,,,,,,,,,,,,,,,,,,,,,,,,,,,,,,,,,,,,0,0,0,0,0,0,0,0,0,0,0,0,0,0,0,0,,,,,,,,,,,,,,,,,,,,,,,,,,,,,,,,,,,,,,,,,,,2013,year,,,Western,Limulunga,Limulunga primary school,2026-10-06T12:29:33+00:00,DesInventar Zambia (UNDRR) — DI_export_zmb.zip
48,04,,,Luapula,,,FLOOD,,201,8,21,0,0,0,0,0,0,,,0,0,Anonimous,2017-05-03,0,0,0,0,0,0,0,0,0,0,0,0,0,0,0,0,,,0,,0,0,0,0,0,0,0,0,0,0,0,0,1700,,0,2,0,0,2c6e3422-3a9a-4d04-84dc-6b737ffd1a64,,1700,0,0,0,0,0,0,0,0,0,0,0,0,0,0,0,0,0,0,0,0,0,0,0,0,0,0,0,0,0,0,0,0,0,0,0,0,0,0,0,0,0,0,0,0,0,0,0,0,0,0,0,0,0,0,0,0,0,0,0,0,0,0,0,0,0,0,0,0,0,0,0,0,0,0,0,0,0,0,0,0,0,0,0,0,0,0,0,0,0,0,0,0,0,0,0,0,0,0,0,0,0,0,0,0,0,0,0,0,0,0,0,0,0,0,0,0,0,0,0,0,0,0,0,0,0,0,0,0,0,0,0,0,0,0,0,0,0,0,0,0,0,0,0,0,0,0,0,0,0,0,0,0,0,0,0,0,0,0,,,,,,,,,,,,,,,,,,,,,,,,,,,,,,,,,,,,,,,,,,,,invalid,implausible_year:201,,Luapula,,,2026-10-06T12:29:33+00:00,DesInventar Zambia (UNDRR) — DI_export_zmb.zip
179,10,1006,,Western,Lukulu,,FLOOD,LIPEHO ,2017,5,11,0,0,0,0,0,0,,CHRISTOPHER KALULA MP,0,0,SAMUEL C,2017-05-11,0,0,0,0,0,0,0,0,0,0,0,0,0,0,0,0,,HEAVY RAIN,1,,0,0,0,0,0,0,0,0,0,0,0,0,1817,,,0,0,0,5d8861d0-cf61-40fa-819c-bce65cc6a592,CONSTRUCTION OF SMAALL BRIDGE TWO CELLS CULVERT'S ,1817,1,0,0,0,0,0,0,0,0,0,0,0,0,0,0,0,0,0,0,0,0,0,0,0,0,0,0,0,0,0,0,0,0,0,0,0,0,0,0,0,0,0,,,,,,,,,,,,,,,,,,,,,,,,,,,,,,,,,,,,,,,,,,,,,,,,,,,,,,,,,,,,,,,,,,,,,,,,,,,,,,,,,,,,,,,,,,,,,,,,,,,,,0,0,0,0,0,0,0,0,0,0,0,0,0,0,0,0,,,,,,,,,,,,,,,,,,,,,,,,,,,,,,,,,,,,,,,,,,,2017-05-11,day,,,Western,Lukulu,LIPEHO ,2026-10-06T12:29:33+00:00,DesInventar Zambia (UNDRR) — DI_export_zmb.zip
35,07,0706,,North-Western,Mwinilunga,,FLOOD,Nswena bridge-Kanyama chiefdom,2014,5,2,0,0,0,0,0,0,,Satellite Disaster Management Committee,0,0,naomy,2016-09-26,0,0,0,0,0,0,0,0,0,0,0,0,0,0,0,0,,heavy storm,1,,0,0,0,0,0,0,0,0,0,0,0,0,7,,,0,0,0,ac4c4c3e-fd34-4b44-bae2-84c7a1179b22,,7,1,0,0,0,0,0,0,0,0,0,0,0,0,0,0,0,0,0,0,0,0,0,0,0,0,0,0,0,0,0,0,0,0,0,0,0,0,0,0,0,0,0,,,,,,,,,,,,,,,,,,,,,,,,,,,,,,,,,,,,,,,,,,,,,,,,,,,,,,,,,,,,,,,,,,,,,,,,,,,,,,,,,,,,,,,,,,,,,,,,,,,,,0,0,0,0,0,0,0,0,0,0,0,0,0,0,0,0,,,,,,,,,,,,,,,,,,,,,,,,,,,,,,,,,,,,,,,,,,,2014-05-02,day,,,North-Western,Mwinilunga,Nswena bridge-Kanyama chiefdom,2026-10-06T12:29:33+00:00,DesInventar Zambia (UNDRR) — DI_export_zmb.zip
46,02,0202,,Copperbelt,Kitwe,,FLOOD,kanfinsa,2012,0,0,0,0,0,0,0,0,,kitwe city councle,0,0,Karson G,2017/05/03,0,0,0,0,0,0,0,0,0,0,0,0,0,0,0,0,,heavy rain,1,,0,0,0,0,0,0,0,0,0,0,0,0,11,,,0,0,0,612ad933-0469-4ab7-96c1-74febbbc7eff,Request for funds to construct bridge at Chipashi Chankalamu in kanfinsa area which was washed away,11,1,0,0,0,0,0,0,0,0,0,0,0,0,0,0,0,0,0,0,0,0,0,0,0,0,0,0,0,0,0,0,0,0,0,0,0,0,0,0,0,0,0,,,,,,,,,,,,,,,,,,,,,,,,,,,,,,,,,,,,,,,,,,,,,,,,,,,,,,,,,,,,,,,,,,,,,,,,,,,,,,,,,,,,,,,,,,,,,,,,,,,,,0,0,0,0,0,0,0,0,0,0,0,0,0,0,0,0,,,,,,,,,,,,,,,,,,,,,,,,,,,,,,,,,,,,,,,,,,,2012,year,,,Copperbelt,Kitwe,kanfinsa,2026-10-06T12:29:33+00:00,DesInventar Zambia (UNDRR) — DI_export_zmb.zip
47,02,0209,,Copperbelt,Luanshya,,FLOOD,,2011,0,0,0,0,0,0,0,0,,National Coordinator DMMU,0,0,Karson G,2017/05/03,0,0,0,0,0,0,0,0,0,0,0,0,0,0,0,0,,Poor drainage system,1,,0,0,0,0,0,0,0,0,0,0,0,0,12,,,0,0,0,948e758e-5dd0-426a-ad04-a69b88aa8870,Request for funds for the construction of blind center stream crossing point which was washed away.,12,1,0,0,0,0,0,0,0,0,0,0,0,0,0,0,0,0,0,0,0,0,0,0,0,0,0,0,0,0,0,0,0,0,0,0,0,0,0,0,0,0,0,,,,,,,,,,,,,,,,,,,,,,,,,,,,,,,,,,,,,,,,,,,,,,,,,,,,,,,,,,,,,,,,,,,,,,,,,,,,,,,,,,,,,,,,,,,,,,,,,,,,,0,0,0,0,0,0,0,0,0,0,0,0,0,0,0,0,,,,,,,,,,,,,,,,,,,,,,,,,,,,,,,,,,,,,,,,,,,2011,year,,,Copperbelt,Luanshya,,2026-10-06T12:29:33+00:00,DesInventar Zambia (UNDRR) — DI_export_zmb.zip
48,02,0209,,Copperbelt,Luanshya,,FLOOD,luanshya area,2017,5,3,0,0,0,0,0,0,,National Coordinator DMMU,0,0,KARSON,2017/05/03,0,0,0,0,0,0,0,0,0,0,0,0,0,0,0,0,,No proper drainage ,1,,0,0,0,0,0,0,0,0,0,0,0,0,13,,,0,0,0,409080e9-303f-402b-803b-24a7f72990ba,Request for fund to construct Chitwa stream crossing point which was washed away during 2011/2012 rain season ,13,1,0,0,0,0,0,0,0,0,0,0,0,0,0,0,0,0,0,0,0,0,0,0,0,0,0,0,0,0,0,0,0,0,0,0,0,0,0,0,0,0,0,,,,,,,,,,,,,,,,,,,,,,,,,,,,,,,,,,,,,,,,,,,,,,,,,,,,,,,,,,,,,,,,,,,,,,,,,,,,,,,,,,,,,,,,,,,,,,,,,,,,,0,0,0,0,0,0,0,0,0,0,0,0,0,0,0,0,,,,,,,,,,,,,,,,,,,,,,,,,,,,,,,,,,,,,,,,,,,2017-05-03,day,,,Copperbelt,Luanshya,luanshya area,2026-10-06T12:29:33+00:00,DesInventar Zambia (UNDRR) — DI_export_zmb.zip
49,02,0209,,Copperbelt,Luanshya,,FLOOD,luanshya area,2011,0,0,0,0,0,0,0,0,,National Coordinator DMMU,233183,0,KARSON,2017/05/03,0,0,0,0,0,0,0,0,0,0,0,0,0,0,0,0,,Heavy rain,1,,0,0,0,0,0,0,0,0,0,0,0,0,14,,,0,0,0,eca7957a-4542-4360-84c2-630638df98ac,Request for KR233183 for the Construction of Butungwa crossing point in luanshya during 2011/2012 rains  ,14,1,0,0,0,0,0,0,0,0,0,0,0,0,0,0,0,0,0,0,0,0,0,0,0,0,0,0,0,0,0,0,0,0,0,0,0,0,0,0,0,0,0,,,,,,,,,,,,,,,,,,,,,,,,,,,,,,,,,,,,,,,,,,,,,,,,,,,,,,,,,,,,,,,,,,,,,,,,,,,,,,,,,,,,,,,,,,,,,,,,,,,,,0,0,0,0,0,0,0,0,0,0,0,0,0,0,0,0,,,,,,,,,,,,,,,,,,,,,,,,,,,,,,,,,,,,,,,,,,,2011,year,,,Copperbelt,Luanshya,luanshya area,2026-10-06T12:29:33+00:00,DesInventar Zambia (UNDRR) — DI_export_zmb.zip
50,08,0803,,Northern,Kasama,,FLOOD,kasama area,2011,0,0,0,0,0,0,0,0,,National Coordinator DMMU,0,0,Karson G,2017/05/03,0,0,0,0,0,0,0,0,0,0,0,0,0,0,0,0,,Heavy rain,1,,0,0,0,0,0,0,0,0,0,0,0,0,15,,,0,0,0,c7678eb8-f71a-4069-8551-8775220eab66,Construction of Mwamba bridge which was washed away during 2011/2012 rainy season,15,1,0,0,0,0,0,0,0,0,0,0,0,0,0,0,0,0,0,0,0,0,0,0,0,0,0,0,0,0,0,0,0,0,0,0,0,0,0,0,0,0,0,,,,,,,,,,,,,,,,,,,,,,,,,,,,,,,,,,,,,,,,,,,,,,,,,,,,,,,,,,,,,,,,,,,,,,,,,,,,,,,,,,,,,,,,,,,,,,,,,,,,,0,0,0,0,0,0,0,0,0,0,0,0,0,0,0,0,,,,,,,,,,,,,,,,,,,,,,,,,,,,,,,,,,,,,,,,,,,2011,year,,,Northern,Kasama,kasama area,2026-10-06T12:29:33+00:00,DesInventar Zambia (UNDRR) — DI_export_zmb.zip
51,02,0209,,Copperbelt,Luanshya,,FLOOD,,2011,0,0,0,0,0,0,0,0,,National Coordinator DMMU,233183,0,Karson G,2017/05/03,0,0,0,0,0,0,0,0,0,0,0,0,0,0,0,0,,Poor drainage system,1,,0,0,0,0,0,0,0,0,0,0,0,0,16,,,0,0,0,e2583b9a-2df8-4727-9f2e-3652a6069a07,Construction of Butungwa crossing point which was washed away during the 2011/2012 rain season. ,16,1,0,0,0,0,0,0,0,0,0,0,0,0,0,0,0,0,0,0,0,0,0,0,0,0,0,0,0,0,0,0,0,0,0,0,0,0,0,0,0,0,0,,,,,,,,,,,,,,,,,,,,,,,,,,,,,,,,,,,,,,,,,,,,,,,,,,,,,,,,,,,,,,,,,,,,,,,,,,,,,,,,,,,,,,,,,,,,,,,,,,,,,0,0,0,0,0,0,0,0,0,0,0,0,0,0,0,0,,,,,,,,,,,,,,,,,,,,,,,,,,,,,,,,,,,,,,,,,,,2011,year,,,Copperbelt,Luanshya,,2026-10-06T12:29:33+00:00,DesInventar Zambia (UNDRR) — DI_export_zmb.zip
52,05,0501,,Lusaka,Lusaka,,FLOOD,Emmasdale,2012,11,30,0,0,0,0,0,0,,Town clerk,0,0,Karson G,2017-05-03,0,0,0,0,0,0,0,0,0,0,0,0,0,0,0,0,,,1,,0,0,0,0,0,0,0,0,0,0,0,0,17,,,0,0,0,a5481d39-9035-4d89-990d-181f914b5a1c,Construction of chandwe musonda-lumumba-Great north road drainages ,17,0,0,0,0,0,0,0,0,0,0,0,0,0,0,0,0,0,0,0,0,0,0,0,0,0,0,0,0,0,0,0,0,0,0,0,0,0,0,0,0,0,0,,,,,,,,,,,,,,,,,,,,,,,,,,,,,,,,,,,,,,,,,,,,,,,,,,,,,,,,,,,,,,,,,,,,,,,,,,,,,,,,,,,,,,,,,,,,,,,,,,,,,0,0,0,0,0,0,0,0,0,0,0,0,0,0,0,0,,,,,,,,,,,,,,,,,,,,,,,,,,,,,,,,,,,,,,,,,,,2012-11-30,day,,,Lusaka,Lusaka,Emmasdale,2026-10-06T12:29:33+00:00,DesInventar Zambia (UNDRR) — DI_export_zmb.zip
53,08,0803,,Northern,Kasama,,FLOOD,,2011,0,0,0,0,0,0,0,0,,National Coordinator DMMU,0,0,Karson G,2017-05-03,0,0,0,0,0,0,0,0,0,0,0,0,0,0,0,0,,Heavy rain,1,,0,0,0,0,0,0,0,0,0,0,0,0,18,,,0,0,0,fe54ada0-0504-445b-b50d-458b9dbd1651,Construction of Mbesha bridge which was washed away during 2011/2012 rain season ,18,1,0,0,0,0,0,0,0,0,0,0,0,0,0,0,0,0,0,0,0,0,0,0,0,0,0,0,0,0,0,0,0,0,0,0,0,0,0,0,0,0,0,,,,,,,,,,,,,,,,,,,,,,,,,,,,,,,,,,,,,,,,,,,,,,,,,,,,,,,,,,,,,,,,,,,,,,,,,,,,,,,,,,,,,,,,,,,,,,,,,,,,,0,0,0,0,0,0,0,0,0,0,0,0,0,0,0,0,,,,,,,,,,,,,,,,,,,,,,,,,,,,,,,,,,,,,,,,,,,2011,year,,,Northern,Kasama,,2026-10-06T12:29:33+00:00,DesInventar Zambia (UNDRR) — DI_export_zmb.zip
55,06,0601,,Muchinga,Mpika,,FLOOD,,2011,0,0,0,0,0,0,0,0,,Road Devevelopment Agency Chinsali,0,0,Karson G,2017-05-03,0,0,0,0,0,0,0,0,0,0,0,0,0,0,0,0,,Heavy rains,1,,0,0,0,0,0,0,0,0,0,0,0,0,19,,,0,0,0,7af8c215-e9de-49bf-8aea-d01bdf1dfaae,Construction of a bridge at kanchibeya crossing piont,19,1,0,0,0,0,0,0,0,0,0,0,0,0,0,0,0,0,0,0,0,0,0,0,0,0,0,0,0,0,0,0,0,0,0,0,0,0,0,0,0,0,0,,,,,,,,,,,,,,,,,,,,,,,,,,,,,,,,,,,,,,,,,,,,,,,,,,,,,,,,,,,,,,,,,,,,,,,,,,,,,,,,,,,,,,,,,,,,,,,,,,,,,0,0,0,0,0,0,0,0,0,0,0,0,0,0,0,0,,,,,,,,,,,,,,,,,,,,,,,,,,,,,,,,,,,,,,,,,,,2011,year,,,Muchinga,Mpika,,2026-10-06T12:29:33+00:00,DesInventar Zambia (UNDRR) — DI_export_zmb.zip
56,02,0205,,Copperbelt,Lufwanyama,,FLOOD,lufwanyama constituency,2010,0,0,0,0,0,0,0,0,,District Planning officer ,0,0,Karson G,2017-05-03,0,0,0,0,0,0,0,0,0,0,0,0,0,0,0,0,,No proper drainage system,1,,0,0,0,0,0,0,0,0,0,0,0,0,20,,,0,0,0,c6151843-0f2e-47ec-ba28-ecb0aa9636c5,Repair of chifumpa bridge,20,1,0,0,0,0,0,0,0,0,0,0,0,0,0,0,0,0,0,0,0,0,0,0,0,0,0,0,0,0,0,0,0,0,0,0,0,0,0,0,0,0,0,,,,,,,,,,,,,,,,,,,,,,,,,,,,,,,,,,,,,,,,,,,,,,,,,,,,,,,,,,,,,,,,,,,,,,,,,,,,,,,,,,,,,,,,,,,,,,,,,,,,,0,0,0,0,0,0,0,0,0,0,0,0,0,0,0,0,,,,,,,,,,,,,,,,,,,,,,,,,,,,,,,,,,,,,,,,,,,2010,year,,,Copperbelt,Lufwanyama,lufwanyama constituency,2026-10-06T12:29:33+00:00,DesInventar Zambia (UNDRR) — DI_export_zmb.zip
57,08,0803,,Northern,Kasama,,FLOOD,,2011,0,0,0,0,0,0,0,0,,National Coordinator DMMU,0,0,Karson G,2017-05-03,0,0,0,0,0,0,0,0,0,0,0,0,0,0,0,0,,Poor Rord Sector,1,,0,0,0,0,0,0,0,0,0,0,0,0,21,,,0,0,0,14a1f21e-d44f-41c0-9457-12e59c641d53,Construction of Mumbi Mfumu bridge which was washed away during the 2011/2012 rain season ,21,1,0,0,0,0,0,0,0,0,0,0,0,0,0,0,0,0,0,0,0,0,0,0,0,0,0,0,0,0,0,0,0,0,0,0,0,0,0,0,0,0,0,,,,,,,,,,,,,,,,,,,,,,,,,,,,,,,,,,,,,,,,,,,,,,,,,,,,,,,,,,,,,,,,,,,,,,,,,,,,,,,,,,,,,,,,,,,,,,,,,,,,,0,0,0,0,0,0,0,0,0,0,0,0,0,0,0,0,,,,,,,,,,,,,,,,,,,,,,,,,,,,,,,,,,,,,,,,,,,2011,year,,,Northern,Kasama,,2026-10-06T12:29:33+00:00,DesInventar Zambia (UNDRR) — DI_export_zmb.zip
58,02,0205,,Copperbelt,Lufwanyama,,FLOOD,,2012,0,0,0,0,0,0,0,0,,Road Superintendent,0,0,Karson G,2017-05-03,0,0,0,0,0,0,0,0,0,0,0,0,0,0,0,0,,Poor Road sector,1,,0,0,0,0,0,0,0,0,0,0,0,0,22,,,0,0,0,a3820e2e-97f5-4f2b-9a59-fc37a8134036,Installation of culverts to the road leading to Kambilombilo Resettlement scheme,22,0,0,0,0,0,0,0,0,0,0,0,0,0,0,0,0,0,0,0,0,0,0,0,0,0,0,0,0,0,0,0,0,0,0,0,0,0,0,0,0,0,0,,,,,,,,,,,,,,,,,,,,,,,,,,,,,,,,,,,,,,,,,,,,,,,,,,,,,,,,,,,,,,,,,,,,,,,,,,,,,,,,,,,,,,,,,,,,,,,,,,,,,0,0,0,0,0,0,0,0,0,0,0,0,0,0,0,0,,,,,,,,,,,,,,,,,,,,,,,,,,,,,,,,,,,,,,,,,,,2012,year,,,Copperbelt,Lufwanyama,,2026-10-06T12:29:33+00:00,DesInventar Zambia (UNDRR) — DI_export_zmb.zip
59,01,0108,,Central,Mkushi,,FLOOD,,2011,0,0,0,0,0,0,0,0,,MP Mkushi south constituency,0,0,Anonimous,2017-05-03,0,0,0,0,0,0,0,0,0,0,0,0,0,0,0,0,,Heavy rain,1,,0,0,0,0,0,0,0,0,0,0,0,0,23,,,0,0,0,df232af5-21f1-4980-8d59-bcfaa63ea49c,Urgent Construction of a washed away bridge at kapoko river connecting plateau in mkushi,23,0,0,0,0,0,0,0,0,0,0,0,0,0,0,0,0,0,0,0,0,0,0,0,0,0,0,0,0,0,0,0,0,0,0,0,0,0,0,0,0,0,0,,,,,,,,,,,,,,,,,,,,,,,,,,,,,,,,,,,,,,,,,,,,,,,,,,,,,,,,,,,,,,,,,,,,,,,,,,,,,,,,,,,,,,,,,,,,,,,,,,,,,0,0,0,0,0,0,0,0,0,0,0,0,0,0,0,0,,,,,,,,,,,,,,,,,,,,,,,,,,,,,,,,,,,,,,,,,,,2011,year,,,Central,Mkushi,,2026-10-06T12:29:33+00:00,DesInventar Zambia (UNDRR) — DI_export_zmb.zip
60,01,0103,,Central,Kabwe,,FLOOD,kabwe area,2015,0,0,0,0,0,0,0,0,,National Coordinator DMMU,0,0,Karson G,2017-05-03,0,0,0,0,0,0,0,0,0,1,0,0,0,0,0,0,,Heavy rains,1,,0,1,0,0,0,0,0,0,0,0,0,0,24,,,0,0,0,af8ceebb-032e-4f61-9680-424433a57155,"DAMAGED INFRASTRUCTURE:Danford chirwa secondary school,chitaka crossing point,kalwelwe and munyama bridges in kabwe   ",24,3,0,0,0,0,0,0,0,0,0,0,0,0,0,0,0,0,0,0,0,0,0,0,0,0,0,0,0,0,0,0,0,0,0,0,0,0,0,0,0,0,0,,,,,,,,,,,,,,,,,,,,,,,,,,,,,,,,,,,,,,,,,,,,,,,,,,,,,,,,,,,,,,,,,,,,,,,,,,,,,,,,,,,,,,,,,,,,,,,,,,,,,0,0,0,0,0,2.13e-06,45078,0,0,0,0,0,45078,0,45078,0,,,,,,,,,,,,,,,,,,,,,,,,,,,,,,,,,,,,,,,,,,,2015,year,,,Central,Kabwe,kabwe area,2026-10-06T12:29:33+00:00,DesInventar Zambia (UNDRR) — DI_export_zmb.zip
61,05,0504,,Lusaka,Rufunsa,,FLOOD,,2014,0,0,0,0,0,0,0,0,,Area MP,0,0,KARSON ,2017-05-03,0,0,0,0,0,0,0,0,0,0,0,0,0,0,0,0,,Heavy rains,0,,0,0,0,0,0,0,0,0,0,0,0,0,25,,,0,0,0,ba0d02b9-a3ca-4455-ac37-00e6406943ea,Urgent Construction of kanyonja bridge which washed away ,25,1,0,0,0,0,0,0,0,0,0,0,0,0,0,0,0,0,0,0,0,0,0,0,0,0,0,0,0,0,0,0,0,0,0,0,0,0,0,0,0,0,0,,,,,,,,,,,,,,,,,,,,,,,,,,,,,,,,,,,,,,,,,,,,,,,,,,,,,,,,,,,,,,,,,,,,,,,,,,,,,,,,,,,,,,,,,,,,,,,,,,,,,0,0,0,0,0,0,0,0,0,0,0,0,0,0,0,0,,,,,,,,,,,,,,,,,,,,,,,,,,,,,,,,,,,,,,,,,,,2014,year,,,Lusaka,Rufunsa,,2026-10-06T12:29:33+00:00,DesInventar Zambia (UNDRR) — DI_export_zmb.zip
62,03,0308,,Eastern,Sinda,,FLOOD,kasangazi area,2011,0,0,0,0,0,0,0,0,,Regional Coordinator,0,0,KARSON,2017-05-03,0,0,0,0,0,0,0,0,0,0,0,0,0,0,0,0,,Heavy rains,1,,0,0,0,0,0,0,0,0,0,0,0,0,26,,,0,0,0,b1559738-a01d-4dfb-acc0-ead643a3769e,Request for funds for the construction of Kasangazi crossing point which was washed away,26,1,0,0,0,0,0,0,0,0,0,0,0,0,0,0,0,0,0,0,0,0,0,0,0,0,0,0,0,0,0,0,0,0,0,0,0,0,0,0,0,0,0,,,,,,,,,,,,,,,,,,,,,,,,,,,,,,,,,,,,,,,,,,,,,,,,,,,,,,,,,,,,,,,,,,,,,,,,,,,,,,,,,,,,,,,,,,,,,,,,,,,,,0,0,0,0,0,0,0,0,0,0,0,0,0,0,0,0,,,,,,,,,,,,,,,,,,,,,,,,,,,,,,,,,,,,,,,,,,,2011,year,,,Eastern,Sinda,kasangazi area,2026-10-06T12:29:33+00:00,DesInventar Zambia (UNDRR) — DI_export_zmb.zip
63,10,1004,,Western,Kalabo,,FLOOD,Nalolo,2011,0,0,0,0,0,0,0,0,,Western Regional officer,0,0,KARSON,2017-05-03,0,0,0,0,0,0,0,0,0,0,0,0,0,0,0,0,,Heavy rain,1,,0,0,0,0,0,0,0,0,0,0,0,0,27,,,0,0,0,fb91c703-03b6-4c61-b01e-0b71aac01634,For the construction of Kaunga Lueti bridge,27,1,0,0,0,0,0,0,0,0,0,0,0,0,0,0,0,0,0,0,0,0,0,0,0,0,0,0,0,0,0,0,0,0,0,0,0,0,0,0,0,0,0,,,,,,,,,,,,,,,,,,,,,,,,,,,,,,,,,,,,,,,,,,,,,,,,,,,,,,,,,,,,,,,,,,,,,,,,,,,,,,,,,,,,,,,,,,,,,,,,,,,,,0,0,0,0,0,0,0,0,0,0,0,0,0,0,0,0,,,,,,,,,,,,,,,,,,,,,,,,,,,,,,,,,,,,,,,,,,,2011,year,,,Western,Kalabo,Nalolo,2026-10-06T12:29:33+00:00,DesInventar Zambia (UNDRR) — DI_export_zmb.zip
64,01,0103,,Central,Kabwe,,FLOOD,kabwe area,2014,3,8,0,0,0,0,0,0,,District Commissioner,0,0,KARSON,2017-05-03,0,0,0,0,0,0,0,0,0,0,0,0,0,0,0,0,,No proper drainage system,1,,0,0,0,0,0,0,0,0,0,0,0,0,28,,,0,0,0,4bdf24b1-f76c-414c-943b-ff5b2da53338,Construction of a bridge at munyama which was washed away,28,1,0,0,0,0,0,0,0,0,0,0,0,0,0,0,0,0,0,0,0,0,0,0,0,0,0,0,0,0,0,0,0,0,0,0,0,0,0,0,0,0,0,,,,,,,,,,,,,,,,,,,,,,,,,,,,,,,,,,,,,,,,,,,,,,,,,,,,,,,,,,,,,,,,,,,,,,,,,,,,,,,,,,,,,,,,,,,,,,,,,,,,,0,0,0,0,0,0,0,0,0,0,0,0,0,0,0,0,,,,,,,,,,,,,,,,,,,,,,,,,,,,,,,,,,,,,,,,,,,2014-03-08,day,,,Central,Kabwe,kabwe area,2026-10-06T12:29:33+00:00,DesInventar Zambia (UNDRR) — DI_export_zmb.zip
65,07,0701,,North-Western,Zambezi,,FLOOD,Zambezi west ,2015,0,0,0,0,0,0,0,0,,Regional Coordinator,0,0,KARSON,2017-05-03,0,0,0,0,0,0,0,0,0,0,0,0,0,0,0,0,,,1,,0,0,0,0,0,0,0,0,0,0,0,0,29,,,0,0,0,92fe1ce5-197f-4f78-847b-08ba2c766491,"PROPOSED BRIDGES TO BE CONSTRUCTED:Zambezi west and 
                                  :Mwenilunga Ntambu kasanjiko ",29,0,0,0,0,0,0,0,0,0,0,0,0,0,0,0,0,0,0,0,0,0,0,0,0,0,0,0,0,0,0,0,0,0,0,0,0,0,0,0,0,0,0,,,,,,,,,,,,,,,,,,,,,,,,,,,,,,,,,,,,,,,,,,,,,,,,,,,,,,,,,,,,,,,,,,,,,,,,,,,,,,,,,,,,,,,,,,,,,,,,,,,,,0,0,0,0,0,0,0,0,0,0,0,0,0,0,0,0,,,,,,,,,,,,,,,,,,,,,,,,,,,,,,,,,,,,,,,,,,,2015,year,,,North-Western,Zambezi,Zambezi west ,2026-10-06T12:29:33+00:00,DesInventar Zambia (UNDRR) — DI_export_zmb.zip
66,03,0305,,Eastern,Chipata,,FLOOD,Mtenguleni Road,2015,9,24,3,0,0,0,0,0,,PERMANENT SECRETRAY,0,0,KARSON,2017-05-03,-1,0,0,0,0,0,0,0,0,0,0,0,0,0,0,0,,Poor drainages ,1,,0,0,0,0,0,0,0,0,0,0,0,0,30,,,0,0,0,0977d2e0-912f-40ba-9f36-b381de92d7d8,Three (3) people lost their lives after the bus thy were traveling in was swept away by the flooding water on Makungwa bridge,30,1,0,0,0,0,0,0,0,0,0,0,0,0,0,0,0,0,0,0,0,0,0,0,0,0,0,0,0,0,0,0,0,0,0,0,0,0,0,0,0,0,0,,,,,,,,,,,,,,,,,,,,,,,,,,,,,,,,,,,,,,,,,,,,,,,,,,,,,,,,,,,,,,,,,,,,,,,,,,,,,,,,,,,,,,,,,,,,,,,,,,,,,0.01863286,0.01863286,0,0,0,0,0,0,0,0,0,0,0,0,0,0,,,,,,,,,,,,,,,,,,,,,,,,,,,,,,,,,,,,,,,,,,,2015-09-24,day,,,Eastern,Chipata,Mtenguleni Road,2026-10-06T12:29:33+00:00,DesInventar Zambia (UNDRR) — DI_export_zmb.zip
67,07,0705,,North-Western,Solwezi,,FLOOD,solwezi,2015,8,27,0,0,0,0,0,0,,Regional Coordinator DMMU,0,0,KARSON,2017/05/03,0,0,0,0,0,0,0,0,0,0,0,0,0,0,0,0,,,1,,0,0,0,0,0,0,0,0,0,0,0,0,31,,,0,0,0,9d6e2029-e354-4783-a13b-28a462ec63c8,"For the Construction of two bridges namely:Magrade Saviye and 
                                          :faith kimale bridges ",31,2,0,0,0,0,0,0,0,0,0,0,0,0,0,0,0,0,0,0,0,0,0,0,0,0,0,0,0,0,0,0,0,0,0,0,0,0,0,0,0,0,0,,,,,,,,,,,,,,,,,,,,,,,,,,,,,,,,,,,,,,,,,,,,,,,,,,,,,,,,,,,,,,,,,,,,,,,,,,,,,,,,,,,,,,,,,,,,,,,,,,,,,0,0,0,0,0,0,0,0,0,0,0,0,0,0,0,0,,,,,,,,,,,,,,,,,,,,,,,,,,,,,,,,,,,,,,,,,,,2015-08-27,day,,,North-Western,Solwezi,solwezi,2026-10-06T12:29:33+00:00,DesInventar Zambia (UNDRR) — DI_export_zmb.zip
68,07,0708,,North-Western,Kabompo,,FLOOD,Kabompo area,2015,8,7,0,0,0,0,0,0,,Regional Coordinator,0,0,KARSON,2017-05-03,0,0,0,0,0,0,0,0,0,0,0,0,0,0,0,0,,Heavy rain,1,,0,0,0,0,0,0,0,0,0,0,0,0,32,,,0,0,0,19a3fe41-32e3-480d-bdc6-2837d6bc7b35,For the Rehabilitation of Nyela Bridge in kapompo,32,1,0,0,0,0,0,0,0,0,0,0,0,0,0,0,0,0,0,0,0,0,0,0,0,0,0,0,0,0,0,0,0,0,0,0,0,0,0,0,0,0,0,,,,,,,,,,,,,,,,,,,,,,,,,,,,,,,,,,,,,,,,,,,,,,,,,,,,,,,,,,,,,,,,,,,,,,,,,,,,,,,,,,,,,,,,,,,,,,,,,,,,,0,0,0,0,0,0,0,0,0,0,0,0,0,0,0,0,,,,,,,,,,,,,,,,,,,,,,,,,,,,,,,,,,,,,,,,,,,2015-08-07,day,,,North-Western,Kabompo,Kabompo area,2026-10-06T12:29:33+00:00,DesInventar Zambia (UNDRR) — DI_export_zmb.zip
69,03,0304,,Eastern,Petauke,,FLOOD,singozi ward ,2011,0,0,0,0,0,0,0,0,,Acting National Coordinator,0,0,KARSON,2017-05-03,0,0,0,0,0,0,0,0,1,1,0,0,0,0,0,0,,Excessive Weight of Vehicles ,1,,0,0,0,0,0,0,0,0,0,0,0,0,33,,,0,0,0,24fd61cc-dd9e-4a3c-a000-196a1a7e0b96,People have been cut off from accessing healthy centers and school because of a damaged bridge,33,1,0,0,0,0,0,0,0,0,0,0,0,0,0,0,0,0,0,0,0,0,0,0,0,0,0,0,0,0,0,0,0,0,0,0,0,0,0,0,0,0,0,,,,,,,,,,,,,,,,,,,,,,,,,,,,,,,,,,,,,,,,,,,,,,,,,,,,,,,,,,,,,,,,,,,,,,,,,,,,,,,,,,,,,,,,,,,,,,,,,,,,,0,0,0,0,0,0,0,0,0,0,0,0,0,0,0,0,,,,,,,,,,,,,,,,,,,,,,,,,,,,,,,,,,,,,,,,,,,2011,year,,,Eastern,Petauke,singozi ward ,2026-10-06T12:29:33+00:00,DesInventar Zambia (UNDRR) — DI_export_zmb.zip
70,08,0807,,Northern,Mpulungu,,FLOOD,kapata village ,2011,0,0,0,0,0,0,0,0,,DMMU Northern,0,0,KARSON,2017-05-03,0,0,0,0,0,0,0,0,0,0,0,0,0,0,0,0,,Wash away by lake Tanganyika,1,,0,0,0,0,0,0,0,0,0,0,0,0,34,,,0,0,0,df45a6ec-6dde-492c-8ad9-b29468a83055,Construction of kapata foot bridge,34,1,0,0,0,0,0,0,0,0,0,0,0,0,0,0,0,0,0,0,0,0,0,0,0,0,0,0,0,0,0,0,0,0,0,0,0,0,0,0,0,0,0,,,,,,,,,,,,,,,,,,,,,,,,,,,,,,,,,,,,,,,,,,,,,,,,,,,,,,,,,,,,,,,,,,,,,,,,,,,,,,,,,,,,,,,,,,,,,,,,,,,,,0,0,0,0,0,0,0,0,0,0,0,0,0,0,0,0,,,,,,,,,,,,,,,,,,,,,,,,,,,,,,,,,,,,,,,,,,,2011,year,,,Northern,Mpulungu,kapata village ,2026-10-06T12:29:33+00:00,DesInventar Zambia (UNDRR) — DI_export_zmb.zip
71,04,0406,,Luapula,Nchelenge,,FLOOD,Nchelenge area ,2014,12,13,0,0,0,0,0,0,,Regional Manager RDA,0,0,KARSON,2017-05-04,0,0,0,0,0,0,0,0,0,0,0,0,0,0,0,0,,washed away,1,,0,0,0,0,0,0,0,0,0,0,0,0,35,,,0,0,0,60266538-72f8-4377-8acc-b3ef70186ba0,Proposed budget for Construction and repair of seven (7) crossing points which were washes away during the 2013/2014 rain season,35,7,0,0,0,0,0,0,0,0,0,0,0,0,0,0,0,0,0,0,0,0,0,0,0,0,0,0,0,0,0,0,0,0,0,0,0,0,0,0,0,0,0,,,,,,,,,,,,,,,,,,,,,,,,,,,,,,,,,,,,,,,,,,,,,,,,,,,,,,,,,,,,,,,,,,,,,,,,,,,,,,,,,,,,,,,,,,,,,,,,,,,,,0,0,0,0,0,0,0,0,0,0,0,0,0,0,0,0,,,,,,,,,,,,,,,,,,,,,,,,,,,,,,,,,,,,,,,,,,,2014-12-13,day,,,Luapula,Nchelenge,Nchelenge area ,2026-10-06T12:29:33+00:00,DesInventar Zambia (UNDRR) — DI_export_zmb.zip
72,07,0705,,North-Western,Solwezi,,FLOOD,Solwezi area ,2011,0,0,0,0,0,0,0,0,,National Coordinator DMMU,0,0,KARSON,2017-05-04,0,0,0,0,0,0,0,0,0,0,0,0,0,0,0,0,,washed away,1,,0,0,0,0,0,0,0,0,0,0,0,0,36,,,0,0,0,4eab3a7b-bc71-4f5b-90d6-51f63997723f,Construction of Kandundu Mashitala crossing point,36,1,0,0,0,0,0,0,0,0,0,0,0,0,0,0,0,0,0,0,0,0,0,0,0,0,0,0,0,0,0,0,0,0,0,0,0,0,0,0,0,0,0,,,,,,,,,,,,,,,,,,,,,,,,,,,,,,,,,,,,,,,,,,,,,,,,,,,,,,,,,,,,,,,,,,,,,,,,,,,,,,,,,,,,,,,,,,,,,,,,,,,,,0,0,0,0,0,0,0,0,0,0,0,0,0,0,0,0,,,,,,,,,,,,,,,,,,,,,,,,,,,,,,,,,,,,,,,,,,,2011,year,,,North-Western,Solwezi,Solwezi area ,2026-10-06T12:29:33+00:00,DesInventar Zambia (UNDRR) — DI_export_zmb.zip
73,01,0106,,Central,Luano,,FLOOD,Mkushi south Constituency,2015,0,0,0,0,0,0,0,0,,Regional Coordinator DMMU,0,0,KARSON,2017-05-04,0,0,0,0,0,0,0,0,0,0,0,0,0,0,0,0,,Heavy rain,1,,0,0,0,0,0,0,0,0,0,0,0,0,37,,,0,0,0,2ae91a9d-e630-4fce-bc37-be0436715428,Urgent construction of a washed away bridge at Kampoko river which has cut off people from accessing health facilities.,37,1,0,0,0,0,0,0,0,0,0,0,0,0,0,0,0,0,0,0,0,0,0,0,0,0,0,0,0,0,0,0,0,0,0,0,0,0,0,0,0,0,0,,,,,,,,,,,,,,,,,,,,,,,,,,,,,,,,,,,,,,,,,,,,,,,,,,,,,,,,,,,,,,,,,,,,,,,,,,,,,,,,,,,,,,,,,,,,,,,,,,,,,0,0,0,0,0,0,0,0,0,0,0,0,0,0,0,0,,,,,,,,,,,,,,,,,,,,,,,,,,,,,,,,,,,,,,,,,,,2015,year,,,Central,Luano,Mkushi south Constituency,2026-10-06T12:29:33+00:00,DesInventar Zambia (UNDRR) — DI_export_zmb.zip
74,03,0301,,Eastern,Chadiza,,FLOOD,Mtwalo school,2012,0,0,0,0,0,0,0,0,,Area MP,0,0,KARSON,2017-05-04,0,0,0,0,0,0,0,0,0,0,0,0,0,0,0,0,,Heavy rain,1,,0,0,0,0,0,0,0,0,0,0,0,0,38,,,0,0,0,814bf6ae-6751-40d1-aed8-9814dfa9c6f9,Construction of Lumbwa bridge also known as Mtwalo bridge,38,1,0,0,0,0,0,0,0,0,0,0,0,0,0,0,0,0,0,0,0,0,0,0,0,0,0,0,0,0,0,0,0,0,0,0,0,0,0,0,0,0,0,,,,,,,,,,,,,,,,,,,,,,,,,,,,,,,,,,,,,,,,,,,,,,,,,,,,,,,,,,,,,,,,,,,,,,,,,,,,,,,,,,,,,,,,,,,,,,,,,,,,,0,0,0,0,0,0,0,0,0,0,0,0,0,0,0,0,,,,,,,,,,,,,,,,,,,,,,,,,,,,,,,,,,,,,,,,,,,2012,year,,,Eastern,Chadiza,Mtwalo school,2026-10-06T12:29:33+00:00,DesInventar Zambia (UNDRR) — DI_export_zmb.zip
75,03,0307,,Eastern,Lundazi,,FLOOD,Swamp area,2011,0,0,0,0,0,0,0,0,,Regional Coordinator DMMU,0,0,KARSON,2017-05-04,0,0,0,0,0,0,0,0,0,0,0,0,0,0,0,0,,No existing drainages,1,,0,0,0,0,0,0,0,0,0,0,0,0,39,,,0,0,0,9e7c91aa-89e6-4a91-8012-4fe23a33ddc8,For the construction of Chamsebe bridge,39,1,0,0,0,0,0,0,0,0,0,0,0,0,0,0,0,0,0,0,0,0,0,0,0,0,0,0,0,0,0,0,0,0,0,0,0,0,0,0,0,0,0,,,,,,,,,,,,,,,,,,,,,,,,,,,,,,,,,,,,,,,,,,,,,,,,,,,,,,,,,,,,,,,,,,,,,,,,,,,,,,,,,,,,,,,,,,,,,,,,,,,,,0,0,0,0,0,0,0,0,0,0,0,0,0,0,0,0,,,,,,,,,,,,,,,,,,,,,,,,,,,,,,,,,,,,,,,,,,,2011,year,,,Eastern,Lundazi,Swamp area,2026-10-06T12:29:33+00:00,DesInventar Zambia (UNDRR) — DI_export_zmb.zip
76,03,0307,,Eastern,Lundazi,,FLOOD,Kamzoole Egichikeni,2011,0,0,0,0,0,0,0,0,,Regional Coordinator DMMU,0,0,KARSON,2017-05-04,0,0,0,0,0,0,0,0,0,0,0,0,0,0,0,0,,Heavy rain,1,,0,0,0,0,0,0,0,0,0,0,0,0,40,,,0,0,0,b8e0ca2f-2553-4819-8ed8-bba5a5f331ab,Construction of Khumbilo bridge in Lundazi district,40,1,0,0,0,0,0,0,0,0,0,0,0,0,0,0,0,0,0,0,0,0,0,0,0,0,0,0,0,0,0,0,0,0,0,0,0,0,0,0,0,0,0,,,,,,,,,,,,,,,,,,,,,,,,,,,,,,,,,,,,,,,,,,,,,,,,,,,,,,,,,,,,,,,,,,,,,,,,,,,,,,,,,,,,,,,,,,,,,,,,,,,,,0,0,0,0,0,0,0,0,0,0,0,0,0,0,0,0,,,,,,,,,,,,,,,,,,,,,,,,,,,,,,,,,,,,,,,,,,,2011,year,,,Eastern,Lundazi,Kamzoole Egichikeni,2026-10-06T12:29:33+00:00,DesInventar Zambia (UNDRR) — DI_export_zmb.zip
77,03,0307,,Eastern,Lundazi,,FLOOD,Katete sream ,2017,0,0,0,0,0,0,0,0,,Regional Coordinator DMMU,0,0,KARSON,2017-05-04,0,0,0,0,0,0,0,0,0,0,0,0,0,0,0,0,,Heavy rain,1,,0,0,0,0,0,0,0,0,0,0,0,0,41,,,0,0,0,f82e01ea-274f-44fa-8e99-c3f1a04e6d14,Proposed to be constructed is Katete bridge and the rehabilitation 50*6m road in the same area of lundazi district  ,41,1,0,0,0,0,0,0,0,0,0,0,0,0,0,0,0,0,0,0,0,0,0,0,0,0,0,0,0,0,0,0,0,0,0,0,0,0,0,0,0,0,0,,,,,,,,,,,,,,,,,,,,,,,,,,,,,,,,,,,,,,,,,,,,,,,,,,,,,,,,,,,,,,,,,,,,,,,,,,,,,,,,,,,,,,,,,,,,,,,,,,,,,0,0,0,0,0,0,0,0,0,0,0,0,0,0,0,0,,,,,,,,,,,,,,,,,,,,,,,,,,,,,,,,,,,,,,,,,,,2017,year,,,Eastern,Lundazi,Katete sream ,2026-10-06T12:29:33+00:00,DesInventar Zambia (UNDRR) — DI_export_zmb.zip
78,03,0307,,Eastern,Lundazi,,FLOOD,Lundazi Chasefu Costituency,2012,0,0,0,0,0,0,0,0,,National Coordinator DMMU,0,0,KARSON,2017-05-04,0,0,0,0,0,0,0,0,0,0,0,0,0,0,0,0,,Heavy rain,1,,0,0,0,0,0,0,0,0,0,0,0,0,42,,,0,0,0,5f5934d3-aa14-4f13-be9a-b9e5bfb37f46,Five (5) bridges were proposed to be constructed  ,42,5,0,0,0,0,0,0,0,0,0,0,0,0,0,0,0,0,0,0,0,0,0,0,0,0,0,0,0,0,0,0,0,0,0,0,0,0,0,0,0,0,0,,,,,,,,,,,,,,,,,,,,,,,,,,,,,,,,,,,,,,,,,,,,,,,,,,,,,,,,,,,,,,,,,,,,,,,,,,,,,,,,,,,,,,,,,,,,,,,,,,,,,0,0,0,0,0,0,0,0,0,0,0,0,0,0,0,0,,,,,,,,,,,,,,,,,,,,,,,,,,,,,,,,,,,,,,,,,,,2012,year,,,Eastern,Lundazi,Lundazi Chasefu Costituency,2026-10-06T12:29:33+00:00,DesInventar Zambia (UNDRR) — DI_export_zmb.zip
79,03,0305,,Eastern,Chipata,,FLOOD,Mpamba Nyalubanga road,2011,0,0,0,0,0,0,0,0,,Regional Coordinator DMMU,0,0,KARSON,2017-05-04,0,0,0,0,0,0,0,0,0,0,0,0,0,0,0,0,,No existing drainages,1,,0,0,0,0,0,0,0,0,0,0,0,0,43,,,0,0,0,ca9448cd-3d6d-4f98-8566-7ea09d0cb071,"Construction of Boyole bridge and the rehabilitation of 38km road in Chipata,Chasefu constituency  ",43,1,0,0,0,0,0,0,0,0,0,0,0,0,0,0,0,0,0,0,0,0,0,0,0,0,0,0,0,0,0,0,0,0,0,0,0,0,0,0,0,0,0,,,,,,,,,,,,,,,,,,,,,,,,,,,,,,,,,,,,,,,,,,,,,,,,,,,,,,,,,,,,,,,,,,,,,,,,,,,,,,,,,,,,,,,,,,,,,,,,,,,,,0,0,0,0,0,0,0,0,0,0,0,0,0,0,0,0,,,,,,,,,,,,,,,,,,,,,,,,,,,,,,,,,,,,,,,,,,,2011,year,,,Eastern,Chipata,Mpamba Nyalubanga road,2026-10-06T12:29:33+00:00,DesInventar Zambia (UNDRR) — DI_export_zmb.zip
80,03,0307,,Eastern,Lundazi,,FLOOD,Kamzoole Egichikeni,2011,0,0,0,0,0,0,0,0,,Regional Coordinator DMMU,0,0,KARSON,2017-05-04,0,0,0,0,0,0,0,0,0,0,0,0,0,0,0,0,,Heavy rain,1,,0,0,0,0,0,0,0,0,0,0,0,0,44,,,0,0,0,a190147a-964a-48c9-9700-510c1c587658,Construction of Kamusole bridge in chasefu constituency  ,44,1,0,0,0,0,0,0,0,0,0,0,0,0,0,0,0,0,0,0,0,0,0,0,0,0,0,0,0,0,0,0,0,0,0,0,0,0,0,0,0,0,0,,,,,,,,,,,,,,,,,,,,,,,,,,,,,,,,,,,,,,,,,,,,,,,,,,,,,,,,,,,,,,,,,,,,,,,,,,,,,,,,,,,,,,,,,,,,,,,,,,,,,0,0,0,0,0,0,0,0,0,0,0,0,0,0,0,0,,,,,,,,,,,,,,,,,,,,,,,,,,,,,,,,,,,,,,,,,,,2011,year,,,Eastern,Lundazi,Kamzoole Egichikeni,2026-10-06T12:29:33+00:00,DesInventar Zambia (UNDRR) — DI_export_zmb.zip
81,09,0910,,Southern,Mazabuka,,FLOOD,Magoye constituency,2012,0,0,0,0,0,0,0,0,,MP Magoye,0,0,KARSON,2017-05-04,0,0,0,0,0,0,0,0,0,0,0,0,0,0,0,0,,Heavy rain,1,,0,0,0,0,0,0,0,0,0,0,0,0,45,,,0,0,0,1d2754b8-a931-4c93-a1ef-c7c7a9f3c945,Construction works of Maunda bridge in chavuma constituency 5.5*30m ,45,0,0,0,0,0,0,0,0,0,0,0,0,0,0,0,0,0,0,0,0,0,0,0,0,0,0,0,0,0,0,0,0,0,0,0,0,0,0,0,0,0,0,,,,,,,,,,,,,,,,,,,,,,,,,,,,,,,,,,,,,,,,,,,,,,,,,,,,,,,,,,,,,,,,,,,,,,,,,,,,,,,,,,,,,,,,,,,,,,,,,,,,,0,0,0,0,0,0,0,0,0,0,0,0,0,0,0,0,,,,,,,,,,,,,,,,,,,,,,,,,,,,,,,,,,,,,,,,,,,2012,year,,,Southern,Mazabuka,Magoye constituency,2026-10-06T12:29:33+00:00,DesInventar Zambia (UNDRR) — DI_export_zmb.zip
82,06,0605,,Muchinga,Nakonde,,FLOOD,Stevenson township,2012,0,0,0,0,0,0,0,0,,RDA Chinsali,0,0,KARSON,2017-05-04,0,0,0,0,0,0,0,0,0,0,0,0,0,0,0,0,,No proper drainage system,1,,0,0,0,0,0,0,0,0,0,0,0,0,46,,,0,0,0,317efa98-8aed-4baa-bf8d-887744d3b556,Construction of Iyolo crossing point which was made of low quality wooden logs,46,1,0,0,0,0,0,0,0,0,0,0,0,0,0,0,0,0,0,0,0,0,0,0,0,0,0,0,0,0,0,0,0,0,0,0,0,0,0,0,0,0,0,,,,,,,,,,,,,,,,,,,,,,,,,,,,,,,,,,,,,,,,,,,,,,,,,,,,,,,,,,,,,,,,,,,,,,,,,,,,,,,,,,,,,,,,,,,,,,,,,,,,,0,0,0,0,0,0,0,0,0,0,0,0,0,0,0,0,,,,,,,,,,,,,,,,,,,,,,,,,,,,,,,,,,,,,,,,,,,2012,year,,,Muchinga,Nakonde,Stevenson township,2026-10-06T12:29:33+00:00,DesInventar Zambia (UNDRR) — DI_export_zmb.zip
83,03,0307,,Eastern,Lundazi,,FLOOD,Dambo ,2011,0,0,0,0,0,0,0,0,,Regional Coordinator DMMU,0,0,KARSON,2017-05-04,0,0,0,0,0,0,0,0,0,0,0,0,0,0,0,0,,Heavy rain,1,,0,0,0,0,0,0,0,0,0,0,0,0,47,,,0,0,0,46ac44e4-f4b0-41b4-ab5f-043022bab549,Installation of new culverts in chasefu constituency  ,47,0,0,0,0,0,0,0,0,0,0,0,0,0,0,0,0,0,0,0,0,0,0,0,0,0,0,0,0,0,0,0,0,0,0,0,0,0,0,0,0,0,0,,,,,,,,,,,,,,,,,,,,,,,,,,,,,,,,,,,,,,,,,,,,,,,,,,,,,,,,,,,,,,,,,,,,,,,,,,,,,,,,,,,,,,,,,,,,,,,,,,,,,0,0,0,0,0,0,0,0,0,0,0,0,0,0,0,0,,,,,,,,,,,,,,,,,,,,,,,,,,,,,,,,,,,,,,,,,,,2011,year,,,Eastern,Lundazi,Dambo ,2026-10-06T12:29:33+00:00,DesInventar Zambia (UNDRR) — DI_export_zmb.zip
85,03,0307,,Eastern,Lundazi,,FLOOD,Kamzoole ,2011,0,0,0,0,0,0,0,0,,Regional Coordinator DMMU,0,0,KARSON,2017-05-04,0,0,0,0,0,0,0,0,0,0,0,0,0,0,0,0,,No proper bridges ,1,,0,0,0,0,0,0,0,0,0,0,0,0,48,,,0,0,0,a36cf73a-e8c7-4cf8-b673-405456bd2668,Installation of culverts,48,0,0,0,0,0,0,0,0,0,0,0,0,0,0,0,0,0,0,0,0,0,0,0,0,0,0,0,0,0,0,0,0,0,0,0,0,0,0,0,0,0,0,,,,,,,,,,,,,,,,,,,,,,,,,,,,,,,,,,,,,,,,,,,,,,,,,,,,,,,,,,,,,,,,,,,,,,,,,,,,,,,,,,,,,,,,,,,,,,,,,,,,,0,0,0,0,0,0,0,0,0,0,0,0,0,0,0,0,,,,,,,,,,,,,,,,,,,,,,,,,,,,,,,,,,,,,,,,,,,2011,year,,,Eastern,Lundazi,Kamzoole ,2026-10-06T12:29:33+00:00,DesInventar Zambia (UNDRR) — DI_export_zmb.zip
86,03,0307,,Eastern,Lundazi,,FLOOD,Mpakamalaza road,2011,0,0,0,0,0,0,0,0,,Regional Coordinator DMMU,0,0,KARSON,2017-05-04,0,0,0,0,0,0,0,0,0,0,0,0,0,0,0,0,,The road is not shaped,1,,0,0,0,0,0,0,0,0,0,0,0,0,49,,,0,0,0,c5bf1151-b9cb-41e5-8027-df45c775b05c,Installation of culverts in Mphikamalaza road ,49,0,0,0,0,0,0,0,0,0,0,0,0,0,0,0,0,0,0,0,0,0,0,0,0,0,0,0,0,0,0,0,0,0,0,0,0,0,0,0,0,0,0,,,,,,,,,,,,,,,,,,,,,,,,,,,,,,,,,,,,,,,,,,,,,,,,,,,,,,,,,,,,,,,,,,,,,,,,,,,,,,,,,,,,,,,,,,,,,,,,,,,,,0,0,0,0,0,0,0,0,0,0,0,0,0,0,0,0,,,,,,,,,,,,,,,,,,,,,,,,,,,,,,,,,,,,,,,,,,,2011,year,,,Eastern,Lundazi,Mpakamalaza road,2026-10-06T12:29:33+00:00,DesInventar Zambia (UNDRR) — DI_export_zmb.zip
87,03,0307,,Eastern,Lundazi,,FLOOD,Khumbilo,2011,0,0,0,0,0,0,0,0,,Regional Coordinator DMMU,0,0,KARSON,2017-05-04,0,0,0,0,0,0,0,0,0,0,0,0,0,0,0,0,,Heavy rain,1,,0,0,0,0,0,0,0,0,0,0,0,0,50,,,0,0,0,aa17b4a2-4db2-4e40-a7de-a316eb777aa6,Construction of Kamzunga culvert,50,0,0,0,0,0,0,0,0,0,0,0,0,0,0,0,0,0,0,0,0,0,0,0,0,0,0,0,0,0,0,0,0,0,0,0,0,0,0,0,0,0,0,,,,,,,,,,,,,,,,,,,,,,,,,,,,,,,,,,,,,,,,,,,,,,,,,,,,,,,,,,,,,,,,,,,,,,,,,,,,,,,,,,,,,,,,,,,,,,,,,,,,,0,0,0,0,0,0,0,0,0,0,0,0,0,0,0,0,,,,,,,,,,,,,,,,,,,,,,,,,,,,,,,,,,,,,,,,,,,2011,year,,,Eastern,Lundazi,Khumbilo,2026-10-06T12:29:33+00:00,DesInventar Zambia (UNDRR) — DI_export_zmb.zip
88,03,0307,,Eastern,Lundazi,,FLOOD,Rusayila and Gumbo,2017,0,0,0,0,0,0,0,0,,Regional Coordinator DMMU,0,0,KARSON,2017-05-04,0,0,0,0,0,0,0,0,0,0,0,0,0,0,0,0,,No proper drainage system,1,,0,0,0,0,0,0,0,0,0,0,0,0,51,,,0,0,0,efa08e65-4898-415f-8c95-0fb8dd7e255d,Construction of Gumbo bridge linking kasayila village which was was away by heavy rains,51,0,0,0,0,0,0,0,0,0,0,0,0,0,0,0,0,0,0,0,0,0,0,0,0,0,0,0,0,0,0,0,0,0,0,0,0,0,0,0,0,0,0,,,,,,,,,,,,,,,,,,,,,,,,,,,,,,,,,,,,,,,,,,,,,,,,,,,,,,,,,,,,,,,,,,,,,,,,,,,,,,,,,,,,,,,,,,,,,,,,,,,,,0,0,0,0,0,0,0,0,0,0,0,0,0,0,0,0,,,,,,,,,,,,,,,,,,,,,,,,,,,,,,,,,,,,,,,,,,,2017,year,,,Eastern,Lundazi,Rusayila and Gumbo,2026-10-06T12:29:33+00:00,DesInventar Zambia (UNDRR) — DI_export_zmb.zip
89,03,0307,,Eastern,Lundazi,,FLOOD,magodi ward,2011,0,0,0,0,0,0,0,0,,Regional Coordinator DMMU,0,0,KARSON,2017-05-04,0,0,0,0,0,0,0,0,0,0,0,0,0,0,0,0,,Heavy rain,1,,0,0,0,0,0,0,0,0,0,0,0,0,52,,,0,0,0,01585f3b-bc3f-4771-a698-01b0c52b6a10,Construction of a new Luzi bridge,52,0,0,0,0,0,0,0,0,0,0,0,0,0,0,0,0,0,0,0,0,0,0,0,0,0,0,0,0,0,0,0,0,0,0,0,0,0,0,0,0,0,0,,,,,,,,,,,,,,,,,,,,,,,,,,,,,,,,,,,,,,,,,,,,,,,,,,,,,,,,,,,,,,,,,,,,,,,,,,,,,,,,,,,,,,,,,,,,,,,,,,,,,0,0,0,0,0,0,0,0,0,0,0,0,0,0,0,0,,,,,,,,,,,,,,,,,,,,,,,,,,,,,,,,,,,,,,,,,,,2011,year,,,Eastern,Lundazi,magodi ward,2026-10-06T12:29:33+00:00,DesInventar Zambia (UNDRR) — DI_export_zmb.zip
90,01,0110,,Central,Kapiri Mposhi,,FLOOD,kapili mposhi constituency,2011,0,0,0,0,0,0,0,0,,District Commissioner,0,0,KARSON,2017-05-04,0,0,0,0,0,0,0,0,0,0,0,0,0,0,0,0,,heay rain,1,,0,0,0,0,0,0,0,0,0,0,0,0,53,,,0,0,0,547d4689-01f9-4103-8b45-8f0532be4e48,Request for funds to construct bridges and crossing points  ,53,0,0,0,0,0,0,0,0,0,0,0,0,0,0,0,0,0,0,0,0,0,0,0,0,0,0,0,0,0,0,0,0,0,0,0,0,0,0,0,0,0,0,,,,,,,,,,,,,,,,,,,,,,,,,,,,,,,,,,,,,,,,,,,,,,,,,,,,,,,,,,,,,,,,,,,,,,,,,,,,,,,,,,,,,,,,,,,,,,,,,,,,,0,0,0,0,0,0,0,0,0,0,0,0,0,0,0,0,,,,,,,,,,,,,,,,,,,,,,,,,,,,,,,,,,,,,,,,,,,2011,year,,,Central,Kapiri Mposhi,kapili mposhi constituency,2026-10-06T12:29:33+00:00,DesInventar Zambia (UNDRR) — DI_export_zmb.zip
91,02,0203,,Copperbelt,Kalulushi,,FLOOD,Chambeshi area,2012,0,0,0,0,0,0,0,0,,Regional Coordinator,0,0,KARSON,2017-05-04,0,0,0,0,0,0,0,0,0,0,0,0,0,0,0,0,,Heavy rain,1,,0,0,0,0,0,0,0,0,0,0,0,0,54,,,0,0,0,326d0187-b004-4fb9-83ce-d1ab417a5969,Construction of Lukoshi bridge which was washed away during the 2011/2012 rain season,54,1,0,0,0,0,0,0,0,0,0,0,0,0,0,0,0,0,0,0,0,0,0,0,0,0,0,0,0,0,0,0,0,0,0,0,0,0,0,0,0,0,0,,,,,,,,,,,,,,,,,,,,,,,,,,,,,,,,,,,,,,,,,,,,,,,,,,,,,,,,,,,,,,,,,,,,,,,,,,,,,,,,,,,,,,,,,,,,,,,,,,,,,0,0,0,0,0,0,0,0,0,0,0,0,0,0,0,0,,,,,,,,,,,,,,,,,,,,,,,,,,,,,,,,,,,,,,,,,,,2012,year,,,Copperbelt,Kalulushi,Chambeshi area,2026-10-06T12:29:33+00:00,DesInventar Zambia (UNDRR) — DI_export_zmb.zip
92,01,0110,,Central,Kapiri Mposhi,,FLOOD,kapili Mposhi area,2006,0,0,0,0,0,0,0,0,,District Commissioner,0,0,KARSON,2017-05-04,0,0,0,0,0,0,0,0,0,0,0,0,0,0,0,0,,Poor drainage system,1,,0,0,0,0,0,0,0,0,0,0,0,0,55,,,0,0,0,f4a7649e-d2fb-4e65-b4bd-3b906dd48ca0,Request for funds for construction of Kamboshya/mukonchi road linking Kapili Mposhi road which was washed away ,55,0,0,0,0,0,0,0,0,0,0,0,0,0,0,0,0,0,0,0,0,0,0,0,0,0,0,0,0,0,0,0,0,0,0,0,0,0,0,0,0,0,0,,,,,,,,,,,,,,,,,,,,,,,,,,,,,,,,,,,,,,,,,,,,,,,,,,,,,,,,,,,,,,,,,,,,,,,,,,,,,,,,,,,,,,,,,,,,,,,,,,,,,0,0,0,0,0,0,0,0,0,0,0,0,0,0,0,0,,,,,,,,,,,,,,,,,,,,,,,,,,,,,,,,,,,,,,,,,,,2006,year,,,Central,Kapiri Mposhi,kapili Mposhi area,2026-10-06T12:29:33+00:00,DesInventar Zambia (UNDRR) — DI_export_zmb.zip
93,01,0110,,Central,Kapiri Mposhi,,FLOOD,kapili mposhi,2011,0,0,0,0,0,0,0,0,,Regional Coordinator,0,0,KARSON,2017-05-04,0,0,0,0,0,0,0,0,0,0,0,0,0,0,0,0,,Heavy rain,1,,0,0,0,0,0,0,0,0,0,0,0,0,56,,,0,0,0,b943a902-1425-4783-aa64-bfdb1a161cce,Request for funds for the construction of Kakoma stream bridge linking Ngabwe which was washed away..,56,1,0,0,0,0,0,0,0,0,0,0,0,0,0,0,0,0,0,0,0,0,0,0,0,0,0,0,0,0,0,0,0,0,0,0,0,0,0,0,0,0,0,,,,,,,,,,,,,,,,,,,,,,,,,,,,,,,,,,,,,,,,,,,,,,,,,,,,,,,,,,,,,,,,,,,,,,,,,,,,,,,,,,,,,,,,,,,,,,,,,,,,,0,0,0,0,0,0,0,0,0,0,0,0,0,0,0,0,,,,,,,,,,,,,,,,,,,,,,,,,,,,,,,,,,,,,,,,,,,2011,year,,,Central,Kapiri Mposhi,kapili mposhi,2026-10-06T12:29:33+00:00,DesInventar Zambia (UNDRR) — DI_export_zmb.zip
95,03,0305,,Eastern,Chipata,,FLOOD,katete and Nyanje,2011,1,18,0,0,0,0,0,0,,PERMANENT SECRETRAY,0,0,KARSON,2017-05-04,0,0,0,0,0,0,0,0,0,0,0,0,0,0,0,0,,Heavy rain,1,,0,0,0,0,0,0,0,0,0,0,0,0,58,,,0,0,0,3d1ef808-da26-41b1-b8df-816085902046,"Construction of two (2) crossing points namely: Maela and 
                                              :kapoche",58,2,0,0,0,0,0,0,0,0,0,0,0,0,0,0,0,0,0,0,0,0,0,0,0,0,0,0,0,0,0,0,0,0,0,0,0,0,0,0,0,0,0,,,,,,,,,,,,,,,,,,,,,,,,,,,,,,,,,,,,,,,,,,,,,,,,,,,,,,,,,,,,,,,,,,,,,,,,,,,,,,,,,,,,,,,,,,,,,,,,,,,,,0,0,0,0,0,0,0,0,0,0,0,0,0,0,0,0,,,,,,,,,,,,,,,,,,,,,,,,,,,,,,,,,,,,,,,,,,,2011-01-18,day,,,Eastern,Chipata,katete and Nyanje,2026-10-06T12:29:33+00:00,DesInventar Zambia (UNDRR) — DI_export_zmb.zip
96,09,0911,,Southern,Zimba,,FLOOD,Maamba Batoka,2011,1,17,0,0,0,0,0,0,,Acting Director RDA,0,0,KARSON,2017-05-04,0,0,0,0,0,0,0,0,0,0,0,0,0,0,0,0,,Heavy rain,1,,0,0,0,0,0,0,0,0,0,0,0,0,59,,,0,0,0,2bd1e3fe-5f80-4044-87ad-621a0b06e90a,Repair works of the Maamba-Batoka road D775 ,59,0,0,0,0,0,0,0,0,0,0,0,0,0,0,0,0,0,0,0,0,0,0,0,0,0,0,0,0,0,0,0,0,0,0,0,0,0,0,0,0,0,0,,,,,,,,,,,,,,,,,,,,,,,,,,,,,,,,,,,,,,,,,,,,,,,,,,,,,,,,,,,,,,,,,,,,,,,,,,,,,,,,,,,,,,,,,,,,,,,,,,,,,0,0,0,0,0,0,0,0,0,0,0,0,0,0,0,0,,,,,,,,,,,,,,,,,,,,,,,,,,,,,,,,,,,,,,,,,,,2011-01-17,day,,,Southern,Zimba,Maamba Batoka,2026-10-06T12:29:33+00:00,DesInventar Zambia (UNDRR) — DI_export_zmb.zip
98,09,0904,,Southern,Kalomo,,FLOOD,kalomo Road,2011,0,0,0,0,0,0,0,0,,DIRECTOR OF WORKS FOR COUNCIL,0,0,KARSON,2017-05-04,0,0,0,0,0,0,0,0,0,0,0,0,0,0,0,0,,Poor drainage system,1,,0,0,0,0,0,0,0,0,0,0,0,0,61,,,0,0,0,d04b3625-e3c3-4f2f-896b-93539f8aa604,Chifusa bridge construction ,61,1,0,0,0,0,0,0,0,0,0,0,0,0,0,0,0,0,0,0,0,0,0,0,0,0,0,0,0,0,0,0,0,0,0,0,0,0,0,0,0,0,0,,,,,,,,,,,,,,,,,,,,,,,,,,,,,,,,,,,,,,,,,,,,,,,,,,,,,,,,,,,,,,,,,,,,,,,,,,,,,,,,,,,,,,,,,,,,,,,,,,,,,0,0,0,0,0,0,0,0,0,0,0,0,0,0,0,0,,,,,,,,,,,,,,,,,,,,,,,,,,,,,,,,,,,,,,,,,,,2011,year,,,Southern,Kalomo,kalomo Road,2026-10-06T12:29:33+00:00,DesInventar Zambia (UNDRR) — DI_export_zmb.zip
99,08,0803,,Northern,Kasama,,FLOOD,Mpolokoso,2011,0,0,0,0,0,0,0,0,,Regional Coordinator DMMU,0,0,KARSON,2017-05-04,0,0,0,0,0,0,0,0,0,0,0,0,0,0,0,0,,Heavy rain,1,,0,0,0,0,0,0,0,0,0,0,0,0,62,,,0,0,0,aa10bc7e-7253-4ed3-a75c-b90f2ae57a82,Estimated cost for Mwiiluzi maute bridge,62,0,0,0,0,0,0,0,0,0,0,0,0,0,0,0,0,0,0,0,0,0,0,0,0,0,0,0,0,0,0,0,0,0,0,0,0,0,0,0,0,0,0,,,,,,,,,,,,,,,,,,,,,,,,,,,,,,,,,,,,,,,,,,,,,,,,,,,,,,,,,,,,,,,,,,,,,,,,,,,,,,,,,,,,,,,,,,,,,,,,,,,,,0,0,0,0,0,0,0,0,0,0,0,0,0,0,0,0,,,,,,,,,,,,,,,,,,,,,,,,,,,,,,,,,,,,,,,,,,,2011,year,,,Northern,Kasama,Mpolokoso,2026-10-06T12:29:33+00:00,DesInventar Zambia (UNDRR) — DI_export_zmb.zip
100,01,0102,,Central,Chibombo,,FLOOD,Keembe constituency,2011,9,2,0,0,0,0,0,0,,Regional Engineer,0,0,KARSON,2017-05-04,0,0,0,0,0,0,0,0,0,0,0,0,0,0,0,0,,Heavy rain,1,,0,0,0,0,0,0,0,0,0,0,0,0,63,,,0,0,0,a594f3b7-c4a9-4245-a8c6-ce9feb912123,Request for funds to repair 5km road which was washed away ,63,0,0,0,0,0,0,0,0,0,0,0,0,0,0,0,0,0,0,0,0,0,0,0,0,0,0,0,0,0,0,0,0,0,0,0,0,0,0,0,0,0,0,,,,,,,,,,,,,,,,,,,,,,,,,,,,,,,,,,,,,,,,,,,,,,,,,,,,,,,,,,,,,,,,,,,,,,,,,,,,,,,,,,,,,,,,,,,,,,,,,,,,,0,0,0,0,0,0,0,0,0,0,0,0,0,0,0,0,,,,,,,,,,,,,,,,,,,,,,,,,,,,,,,,,,,,,,,,,,,2011-09-02,day,,,Central,Chibombo,Keembe constituency,2026-10-06T12:29:33+00:00,DesInventar Zambia (UNDRR) — DI_export_zmb.zip
101,04,0407,,Luapula,Chiengi,,FLOOD,Mansa,2011,0,0,0,0,0,0,0,0,,Regional Coordinator,0,0,KARSON,2017-05-04,0,0,0,0,0,0,0,0,0,0,0,0,0,0,0,0,,Heavy rain,1,,0,0,0,0,0,4,0,0,0,0,0,0,64,,,0,0,0,e11ec36a-fb3b-49b1-915a-de713010955d,For the construction of washed away Kashikishi-Luchinde road 70km,64,0,0,0,0,0,0,0,0,0,0,0,0,0,0,0,0,0,0,0,0,0,0,0,0,0,0,0,0,0,0,0,0,0,0,0,0,0,0,0,0,0,0,,,,,,,,,,,,,,,,,,,,,,,,,,,,,,,,,,,,,,,,,,,,,,,,,,,,,,,,,,,,,,,,,,,,,,,,,,,,,,,,,,,,,,,,,,,,,,,,,,,,,0,0,0,0,0,0,0,0,0,0,0,0,0,0,0,0,,,,,,,,,,,,,,,,,,,,,,,,,,,,,,,,,,,,,,,,,,,2011,year,,,Luapula,Chiengi,Mansa,2026-10-06T12:29:33+00:00,DesInventar Zambia (UNDRR) — DI_export_zmb.zip
102,02,0205,,Copperbelt,Lufwanyama,,FLOOD,Mpompo,2011,1,11,0,0,0,0,0,0,,DMMU Coordinator,0,0,KARSON,2017-05-04,0,0,0,0,0,0,0,0,0,0,0,0,0,0,0,0,,Heavy rain,1,,0,0,0,0,0,0,0,0,0,0,0,0,65,,,0,0,0,c04691e7-93f8-43a2-8bec-52b7cbd0bdc2,Instillation of culverts at Mpompo stream which was damaged ,65,0,0,0,0,0,0,0,0,0,0,0,0,0,0,0,0,0,0,0,0,0,0,0,0,0,0,0,0,0,0,0,0,0,0,0,0,0,0,0,0,0,0,,,,,,,,,,,,,,,,,,,,,,,,,,,,,,,,,,,,,,,,,,,,,,,,,,,,,,,,,,,,,,,,,,,,,,,,,,,,,,,,,,,,,,,,,,,,,,,,,,,,,0,0,0,0,0,0,0,0,0,0,0,0,0,0,0,0,,,,,,,,,,,,,,,,,,,,,,,,,,,,,,,,,,,,,,,,,,,2011-01-11,day,,,Copperbelt,Lufwanyama,Mpompo,2026-10-06T12:29:33+00:00,DesInventar Zambia (UNDRR) — DI_export_zmb.zip
103,01,0102,,Central,Chibombo,,FLOOD,Chief chamuka,2011,0,0,0,0,0,0,0,0,,Regional Coordinator ,0,0,KARSON,2017-05-04,0,0,0,0,0,0,0,0,0,0,0,0,0,0,0,0,,Heavy rain,1,,0,0,0,0,0,0,0,0,0,0,0,0,66,,,0,0,0,6ec66561-adc7-4532-9606-447a9d16cfa4,Construction works at Muswishi crossing point,66,0,0,0,0,0,0,0,0,0,0,0,0,0,0,0,0,0,0,0,0,0,0,0,0,0,0,0,0,0,0,0,0,0,0,0,0,0,0,0,0,0,0,,,,,,,,,,,,,,,,,,,,,,,,,,,,,,,,,,,,,,,,,,,,,,,,,,,,,,,,,,,,,,,,,,,,,,,,,,,,,,,,,,,,,,,,,,,,,,,,,,,,,0,0,0,0,0,0,0,0,0,0,0,0,0,0,0,0,,,,,,,,,,,,,,,,,,,,,,,,,,,,,,,,,,,,,,,,,,,2011,year,,,Central,Chibombo,Chief chamuka,2026-10-06T12:29:33+00:00,DesInventar Zambia (UNDRR) — DI_export_zmb.zip
104,04,0403,,Luapula,Mansa,,FLOOD,mansa area,2011,0,0,0,0,0,0,0,0,,DMMU Luapula Province,0,0,KARSON,2017-05-04,0,0,0,0,0,0,0,0,0,0,0,0,0,0,0,0,,Heavy rain,1,,0,0,0,0,0,0,0,0,0,0,0,0,67,,,0,0,0,b67c36f4-d016-4fc0-b7d4-bf0bbeb0d0fc,"Rehabilitation works of Road shoulders,Humps and three(3) bridges namely:Namwande stream
                                                                         :Airport Namwandwa and 
                                                                         :Mutende school bridges  ",67,3,0,0,0,0,0,0,0,0,0,0,0,0,0,0,0,0,0,0,0,0,0,0,0,0,0,0,0,0,0,0,0,0,0,0,0,0,0,0,0,0,0,,,,,,,,,,,,,,,,,,,,,,,,,,,,,,,,,,,,,,,,,,,,,,,,,,,,,,,,,,,,,,,,,,,,,,,,,,,,,,,,,,,,,,,,,,,,,,,,,,,,,0,0,0,0,0,0,0,0,0,0,0,0,0,0,0,0,,,,,,,,,,,,,,,,,,,,,,,,,,,,,,,,,,,,,,,,,,,2011,year,,,Luapula,Mansa,mansa area,2026-10-06T12:29:33+00:00,DesInventar Zambia (UNDRR) — DI_export_zmb.zip
105,05,0501,,Lusaka,Lusaka,,FLOOD,,2012,0,0,0,0,0,0,0,0,,Director National Road fund Agency,0,0,KARSON,2017-05-04,0,0,0,0,0,0,0,0,0,0,0,0,0,0,0,0,,Heavy rain,1,,0,0,0,0,0,0,0,0,0,0,0,0,68,,,0,0,0,1786c22e-2675-4d9d-ab69-c9bffedf0db6,Payment for the successful completion of abridge by Messrs Tomorrow Investment ,68,1,0,0,0,0,0,0,0,0,0,0,0,0,0,0,0,0,0,0,0,0,0,0,0,0,0,0,0,0,0,0,0,0,0,0,0,0,0,0,0,0,0,,,,,,,,,,,,,,,,,,,,,,,,,,,,,,,,,,,,,,,,,,,,,,,,,,,,,,,,,,,,,,,,,,,,,,,,,,,,,,,,,,,,,,,,,,,,,,,,,,,,,0,0,0,0,0,0,0,0,0,0,0,0,0,0,0,0,,,,,,,,,,,,,,,,,,,,,,,,,,,,,,,,,,,,,,,,,,,2012,year,,,Lusaka,Lusaka,,2026-10-06T12:29:33+00:00,DesInventar Zambia (UNDRR) — DI_export_zmb.zip
106,02,0202,,Copperbelt,Kitwe,,FLOOD,kitwe area,2012,0,0,0,0,0,0,0,0,,Regional Engineer,0,0,KARSON,2017-05-04,0,0,0,0,0,0,0,0,0,0,0,0,0,0,0,0,,Heavy rain,1,,0,0,0,0,0,0,0,0,0,0,0,0,69,,,0,0,0,9b3eb8f5-78b4-40ca-9345-f98b075ed12d,For the construction of the Presidential Guest house access bridge which was washed away,69,0,0,0,0,0,0,0,0,0,0,0,0,0,0,0,0,0,0,0,0,0,0,0,0,0,0,0,0,0,0,0,0,0,0,0,0,0,0,0,0,0,0,,,,,,,,,,,,,,,,,,,,,,,,,,,,,,,,,,,,,,,,,,,,,,,,,,,,,,,,,,,,,,,,,,,,,,,,,,,,,,,,,,,,,,,,,,,,,,,,,,,,,0,0,0,0,0,0,0,0,0,0,0,0,0,0,0,0,,,,,,,,,,,,,,,,,,,,,,,,,,,,,,,,,,,,,,,,,,,2012,year,,,Copperbelt,Kitwe,kitwe area,2026-10-06T12:29:33+00:00,DesInventar Zambia (UNDRR) — DI_export_zmb.zip
107,10,1001,,Western,Shangombo,,FLOOD,Mambolomoka,2009,0,0,2,0,0,0,0,0,Drainages were washed away ,School of mines UNZA,0,0,KARSON,2017-05-04,-1,0,0,0,0,0,0,0,0,0,0,0,0,0,0,0,,Heavy rain,1,,0,0,0,0,0,0,0,0,0,0,0,0,70,,,0,0,0,e3adb2e6-12eb-4fb3-b05a-bee6bd93b21b,"Two (2) lost their lives when the Siyanda likuma,Shangombo and Senanga-sesheck road was submerged during the 2009/2010 rain season ",70,0,0,0,0,0,0,0,0,0,0,0,0,0,0,0,0,0,0,0,0,0,0,0,0,0,0,0,0,0,0,0,0,0,0,0,0,0,0,0,0,0,0,,,,,,,,,,,,,,,,,,,,,,,,,,,,,,,,,,,,,,,,,,,,,,,,,,,,,,,,,,,,,,,,,,,,,,,,,,,,,,,,,,,,,,,,,,,,,,,,,,,,,0.0148628,0.0148628,0,0,0,0,0,0,0,0,0,0,0,0,0,0,,,,,,,,,,,,,,,,,,,,,,,,,,,,,,,,,,,,,,,,,,,2009,year,,,Western,Shangombo,Mambolomoka,2026-10-06T12:29:33+00:00,DesInventar Zambia (UNDRR) — DI_export_zmb.zip
108,10,1001,,Western,Shangombo,,FLOOD,Nanjucha ward ,2009,0,0,0,0,0,0,0,0,,School of mines UNZA,0,0,KARSON,2017-05-04,0,0,0,0,0,0,0,0,0,0,0,0,0,0,0,0,,Heavy rain,1,,0,0,0,0,0,0,0,0,0,0,0,0,71,,,0,0,0,7b783b49-4100-4a5b-b73b-9c834ac3904d,Request for funds for the construction of Sipumo and Mabele bridges which were completely damaged  ,71,0,0,0,0,0,0,0,0,0,0,0,0,0,0,0,0,0,0,0,0,0,0,0,0,0,0,0,0,0,0,0,0,0,0,0,0,0,0,0,0,0,0,,,,,,,,,,,,,,,,,,,,,,,,,,,,,,,,,,,,,,,,,,,,,,,,,,,,,,,,,,,,,,,,,,,,,,,,,,,,,,,,,,,,,,,,,,,,,,,,,,,,,0,0,0,0,0,0,0,0,0,0,0,0,0,0,0,0,,,,,,,,,,,,,,,,,,,,,,,,,,,,,,,,,,,,,,,,,,,2009,year,,,Western,Shangombo,Nanjucha ward ,2026-10-06T12:29:33+00:00,DesInventar Zambia (UNDRR) — DI_export_zmb.zip
109,05,0506,,Lusaka,Chongwe,,FLOOD,chongwe,2012,0,0,0,0,0,0,0,0,,Regional Coordinator Lusaka,0,0,KARSON,2017-05-04,0,0,0,0,0,0,0,0,0,0,0,0,0,0,0,0,,Poor drainage system,1,,0,0,0,0,0,0,0,0,0,0,0,0,72,,,0,0,0,b6edc128-12d2-44ab-aebc-6b05e2691507,Rehabilitation of Matwanshiba Bridge ,72,1,0,0,0,0,0,0,0,0,0,0,0,0,0,0,0,0,0,0,0,0,0,0,0,0,0,0,0,0,0,0,0,0,0,0,0,0,0,0,0,0,0,,,,,,,,,,,,,,,,,,,,,,,,,,,,,,,,,,,,,,,,,,,,,,,,,,,,,,,,,,,,,,,,,,,,,,,,,,,,,,,,,,,,,,,,,,,,,,,,,,,,,0,0,0,0,0,0,0,0,0,0,0,0,0,0,0,0,,,,,,,,,,,,,,,,,,,,,,,,,,,,,,,,,,,,,,,,,,,2012,year,,,Lusaka,Chongwe,chongwe,2026-10-06T12:29:33+00:00,DesInventar Zambia (UNDRR) — DI_export_zmb.zip
110,05,0501,,Lusaka,Lusaka,,FLOOD,chongwe,2012,0,0,0,0,0,0,0,0,,Regional Coordinator,0,0,KARSON,2017-05-04,0,0,0,0,0,0,0,0,0,0,0,0,0,0,0,0,,Poor drainage system,1,,0,0,0,0,0,0,0,0,0,0,0,0,73,,,0,0,0,b978bd46-d24e-405c-acf2-6fb7cc45621c,Rehabilitation of water green crossing point which was washed away during the 2011/2012 rains  ,73,1,0,0,0,0,0,0,0,0,0,0,0,0,0,0,0,0,0,0,0,0,0,0,0,0,0,0,0,0,0,0,0,0,0,0,0,0,0,0,0,0,0,,,,,,,,,,,,,,,,,,,,,,,,,,,,,,,,,,,,,,,,,,,,,,,,,,,,,,,,,,,,,,,,,,,,,,,,,,,,,,,,,,,,,,,,,,,,,,,,,,,,,0,0,0,0,0,0,0,0,0,0,0,0,0,0,0,0,,,,,,,,,,,,,,,,,,,,,,,,,,,,,,,,,,,,,,,,,,,2012,year,,,Lusaka,Lusaka,chongwe,2026-10-06T12:29:33+00:00,DesInventar Zambia (UNDRR) — DI_export_zmb.zip
111,09,0901,,Southern,Livingstone,,FLOOD,livingstone area,2012,0,0,0,0,0,0,0,0,,Regional Coordinator,0,0,KARSON,2017-05-04,0,0,0,0,0,0,0,0,0,0,0,0,0,0,0,0,,Heavy rain,1,,0,0,0,0,0,0,0,0,0,0,0,0,74,,,0,0,0,898f983d-1251-4884-89d2-aa80901d4897,Construction of Kayambe bridge along Sichili road which was Eroded ,74,0,0,0,0,0,0,0,0,0,0,0,0,0,0,0,0,0,0,0,0,0,0,0,0,0,0,0,0,0,0,0,0,0,0,0,0,0,0,0,0,0,0,,,,,,,,,,,,,,,,,,,,,,,,,,,,,,,,,,,,,,,,,,,,,,,,,,,,,,,,,,,,,,,,,,,,,,,,,,,,,,,,,,,,,,,,,,,,,,,,,,,,,0,0,0,0,0,0,0,0,0,0,0,0,0,0,0,0,,,,,,,,,,,,,,,,,,,,,,,,,,,,,,,,,,,,,,,,,,,2012,year,,,Southern,Livingstone,livingstone area,2026-10-06T12:29:33+00:00,DesInventar Zambia (UNDRR) — DI_export_zmb.zip
112,03,0304,,Eastern,Petauke,,FLOOD,petauke area,2012,0,0,0,0,0,0,0,0,,Regional Coordinator,0,0,KARSON,2017-05-04,0,0,0,0,0,0,0,0,0,0,0,0,0,0,0,0,,Heavy rain,1,,0,0,0,0,0,0,0,0,0,0,0,0,75,,,0,0,0,15db9686-6d6c-43f8-a6ee-916ebccf6ca9,Request for funds for the Construction of Kasangazi bridge along Chilongozi (D134) which was washed away ,75,1,0,0,0,0,0,0,0,0,0,0,0,0,0,0,0,0,0,0,0,0,0,0,0,0,0,0,0,0,0,0,0,0,0,0,0,0,0,0,0,0,0,,,,,,,,,,,,,,,,,,,,,,,,,,,,,,,,,,,,,,,,,,,,,,,,,,,,,,,,,,,,,,,,,,,,,,,,,,,,,,,,,,,,,,,,,,,,,,,,,,,,,0,0,0,0,0,0,0,0,0,0,0,0,0,0,0,0,,,,,,,,,,,,,,,,,,,,,,,,,,,,,,,,,,,,,,,,,,,2012,year,,,Eastern,Petauke,petauke area,2026-10-06T12:29:33+00:00,DesInventar Zambia (UNDRR) — DI_export_zmb.zip
113,03,0306,,Eastern,Mambwe,,FLOOD,Mambwe area,2012,0,0,0,0,0,0,0,0,,Regional Coordinator DMMU,0,0,KARSON,2017-05-04,0,0,0,0,0,0,0,0,0,0,0,0,0,0,0,0,,Poor drainage system,1,,0,0,0,0,0,0,0,0,0,0,0,0,76,,,0,0,0,d8487e3a-6561-4f26-aa5f-152416597dcb,Rehabilitation works on the Ukwimi-Sandwa Road ,76,0,0,0,0,0,0,0,0,0,0,0,0,0,0,0,0,0,0,0,0,0,0,0,0,0,0,0,0,0,0,0,0,0,0,0,0,0,0,0,0,0,0,,,,,,,,,,,,,,,,,,,,,,,,,,,,,,,,,,,,,,,,,,,,,,,,,,,,,,,,,,,,,,,,,,,,,,,,,,,,,,,,,,,,,,,,,,,,,,,,,,,,,0,0,0,0,0,0,0,0,0,0,0,0,0,0,0,0,,,,,,,,,,,,,,,,,,,,,,,,,,,,,,,,,,,,,,,,,,,2012,year,,,Eastern,Mambwe,Mambwe area,2026-10-06T12:29:33+00:00,DesInventar Zambia (UNDRR) — DI_export_zmb.zip
115,09,0901,,Southern,Livingstone,,FLOOD,livingstone area,2012,0,0,0,0,0,0,0,0,,Regional Coordinator,0,0,KARSON,2017-05-04,0,0,0,0,0,0,0,0,0,0,0,0,0,0,0,0,,Heavy rain,1,,0,0,0,0,0,0,0,0,0,0,0,0,77,,,0,0,0,799826ba-bb77-4390-b268-7269ff0e4f22,Construction of a Sesheke/Silili crossing point ,77,1,0,0,0,0,0,0,0,0,0,0,0,0,0,0,0,0,0,0,0,0,0,0,0,0,0,0,0,0,0,0,0,0,0,0,0,0,0,0,0,0,0,,,,,,,,,,,,,,,,,,,,,,,,,,,,,,,,,,,,,,,,,,,,,,,,,,,,,,,,,,,,,,,,,,,,,,,,,,,,,,,,,,,,,,,,,,,,,,,,,,,,,0,0,0,0,0,0,0,0,0,0,0,0,0,0,0,0,,,,,,,,,,,,,,,,,,,,,,,,,,,,,,,,,,,,,,,,,,,2012,year,,,Southern,Livingstone,livingstone area,2026-10-06T12:29:33+00:00,DesInventar Zambia (UNDRR) — DI_export_zmb.zip
116,03,0305,,Eastern,Chipata,,FLOOD,,2012,0,0,0,0,0,0,0,0,,Regional Coordinator,0,0,KARSON,2017-05-04,0,0,0,0,0,0,0,0,0,0,0,0,0,0,0,0,,,1,,0,0,0,0,0,0,0,0,0,0,0,0,78,,,0,0,0,8f5483c1-20fd-44c3-b073-a42ad84d41ec,Planned but not funded project Magwero crossing point,78,0,0,0,0,0,0,0,0,0,0,0,0,0,0,0,0,0,0,0,0,0,0,0,0,0,0,0,0,0,0,0,0,0,0,0,0,0,0,0,0,0,0,,,,,,,,,,,,,,,,,,,,,,,,,,,,,,,,,,,,,,,,,,,,,,,,,,,,,,,,,,,,,,,,,,,,,,,,,,,,,,,,,,,,,,,,,,,,,,,,,,,,,0,0,0,0,0,0,0,0,0,0,0,0,0,0,0,0,,,,,,,,,,,,,,,,,,,,,,,,,,,,,,,,,,,,,,,,,,,2012,year,,,Eastern,Chipata,,2026-10-06T12:29:33+00:00,DesInventar Zambia (UNDRR) — DI_export_zmb.zip
117,01,0108,,Central,Mkushi,,FLOOD,Chief Chitina area ,2012,0,0,0,0,0,0,0,0,,Regional Office Kabwe,0,0,KARSON,2017-05-04,0,0,0,0,0,0,0,0,0,0,0,0,0,0,0,0,,Heavy rain,1,,0,0,0,0,0,0,0,0,0,0,0,0,79,,,0,0,0,944b3878-97af-4f51-9b45-272a0bceb902,"The road connects Musofu in chief Chitina area in Mkushi,about 13km road was washed away ",79,0,0,0,0,0,0,0,0,0,0,0,0,0,0,0,0,0,0,0,0,0,0,0,0,0,0,0,0,0,0,0,0,0,0,0,0,0,0,0,0,0,0,,,,,,,,,,,,,,,,,,,,,,,,,,,,,,,,,,,,,,,,,,,,,,,,,,,,,,,,,,,,,,,,,,,,,,,,,,,,,,,,,,,,,,,,,,,,,,,,,,,,,0,0,0,0,0,0,0,0,0,0,0,0,0,0,0,0,,,,,,,,,,,,,,,,,,,,,,,,,,,,,,,,,,,,,,,,,,,2012,year,,,Central,Mkushi,Chief Chitina area ,2026-10-06T12:29:33+00:00,DesInventar Zambia (UNDRR) — DI_export_zmb.zip
118,01,0103,,Central,Kabwe,,FLOOD,Great North ,2012,0,0,0,0,0,0,0,0,,Regional Engineer Central,0,0,KARSON,2017-05-04,0,0,0,0,0,0,0,0,0,0,0,0,0,0,0,0,,,1,,0,0,0,0,0,0,0,0,0,0,0,0,80,,,0,0,0,42d9e881-bbc8-4ba7-8101-ec8e8e508de6,Repairs of vandalized culvert between Ndabala and Serenje ,80,0,0,0,0,0,0,0,0,0,0,0,0,0,0,0,0,0,0,0,0,0,0,0,0,0,0,0,0,0,0,0,0,0,0,0,0,0,0,0,0,0,0,,,,,,,,,,,,,,,,,,,,,,,,,,,,,,,,,,,,,,,,,,,,,,,,,,,,,,,,,,,,,,,,,,,,,,,,,,,,,,,,,,,,,,,,,,,,,,,,,,,,,0,0,0,0,0,0,0,0,0,0,0,0,0,0,0,0,,,,,,,,,,,,,,,,,,,,,,,,,,,,,,,,,,,,,,,,,,,2012,year,,,Central,Kabwe,Great North ,2026-10-06T12:29:33+00:00,DesInventar Zambia (UNDRR) — DI_export_zmb.zip
119,10,1003,,Western,Mongu,,FLOOD,Chief Mwanangumune ,2012,0,0,0,0,0,0,0,0,,Mongu regional Office ,0,0,KARSON,2017-05-04,0,0,0,0,0,0,0,0,0,0,0,0,0,0,0,0,,,1,,0,0,0,0,0,0,0,0,0,0,0,0,81,,,0,0,0,b3e04454-d599-4ceb-b8bb-a38fe02c2724,Request for funds for the construction of litawa crossing point which was washed away  ,81,1,0,0,0,0,0,0,0,0,0,0,0,0,0,0,0,0,0,0,0,0,0,0,0,0,0,0,0,0,0,0,0,0,0,0,0,0,0,0,0,0,0,,,,,,,,,,,,,,,,,,,,,,,,,,,,,,,,,,,,,,,,,,,,,,,,,,,,,,,,,,,,,,,,,,,,,,,,,,,,,,,,,,,,,,,,,,,,,,,,,,,,,0,0,0,0,0,0,0,0,0,0,0,0,0,0,0,0,,,,,,,,,,,,,,,,,,,,,,,,,,,,,,,,,,,,,,,,,,,2012,year,,,Western,Mongu,Chief Mwanangumune ,2026-10-06T12:29:33+00:00,DesInventar Zambia (UNDRR) — DI_export_zmb.zip
120,08,0809,,Northern,Kaputa,,FLOOD,Kaputa road ,2012,0,0,0,0,0,0,0,0,,Road Development Agency,0,0,KARSON,2017-05-04,0,0,0,0,0,0,0,0,0,0,0,0,0,0,0,0,,Poor Road sector,1,,0,0,0,0,0,0,0,0,0,0,0,0,82,,,0,0,0,c04949db-bd0b-41d9-b865-2f59c74fef6a,The Mpolokoso-Kaputa road was washed away ,82,0,0,0,0,0,0,0,0,0,0,0,0,0,0,0,0,0,0,0,0,0,0,0,0,0,0,0,0,0,0,0,0,0,0,0,0,0,0,0,0,0,0,,,,,,,,,,,,,,,,,,,,,,,,,,,,,,,,,,,,,,,,,,,,,,,,,,,,,,,,,,,,,,,,,,,,,,,,,,,,,,,,,,,,,,,,,,,,,,,,,,,,,0,0,0,0,0,0,0,0,0,0,0,0,0,0,0,0,,,,,,,,,,,,,,,,,,,,,,,,,,,,,,,,,,,,,,,,,,,2012,year,,,Northern,Kaputa,Kaputa road ,2026-10-06T12:29:33+00:00,DesInventar Zambia (UNDRR) — DI_export_zmb.zip
121,10,1003,,Western,Mongu,,FLOOD,Mayukwayukwa luena river,2012,0,0,0,0,0,0,0,0,,Regional Coordinator Mungu,0,0,KARSON,2017-05-04,0,0,0,0,0,0,0,0,0,0,0,0,0,0,0,0,,,1,,0,0,0,0,0,0,0,0,0,0,0,0,83,,,0,0,0,0a6d15c3-6ccd-49ad-9a70-827d7a2502e6,Purchase of materials/Equipment for the completion of the Mayukwayukwa Bailey bridge ,83,0,0,0,0,0,0,0,0,0,0,0,0,0,0,0,0,0,0,0,0,0,0,0,0,0,0,0,0,0,0,0,0,0,0,0,0,0,0,0,0,0,0,,,,,,,,,,,,,,,,,,,,,,,,,,,,,,,,,,,,,,,,,,,,,,,,,,,,,,,,,,,,,,,,,,,,,,,,,,,,,,,,,,,,,,,,,,,,,,,,,,,,,0,0,0,0,0,0,0,0,0,0,0,0,0,0,0,0,,,,,,,,,,,,,,,,,,,,,,,,,,,,,,,,,,,,,,,,,,,2012,year,,,Western,Mongu,Mayukwayukwa luena river,2026-10-06T12:29:33+00:00,DesInventar Zambia (UNDRR) — DI_export_zmb.zip
122,02,0210,,Copperbelt,Ndola,,FLOOD,Ndola,2012,0,0,0,0,0,0,0,0,,Regional Engineer,0,0,KARSON,2017-05-04,0,0,0,0,0,0,0,0,0,0,0,0,0,0,0,0,,Heavy rain,1,,0,0,0,0,0,0,0,0,0,0,0,0,84,,,0,0,0,184046b6-4d0a-43ca-aa79-58223171f512,Rehabilitation of Chifubu bridge ,84,0,0,0,0,0,0,0,0,0,0,0,0,0,0,0,0,0,0,0,0,0,0,0,0,0,0,0,0,0,0,0,0,0,0,0,0,0,0,0,0,0,0,,,,,,,,,,,,,,,,,,,,,,,,,,,,,,,,,,,,,,,,,,,,,,,,,,,,,,,,,,,,,,,,,,,,,,,,,,,,,,,,,,,,,,,,,,,,,,,,,,,,,0,0,0,0,0,0,0,0,0,0,0,0,0,0,0,0,,,,,,,,,,,,,,,,,,,,,,,,,,,,,,,,,,,,,,,,,,,2012,year,,,Copperbelt,Ndola,Ndola,2026-10-06T12:29:33+00:00,DesInventar Zambia (UNDRR) — DI_export_zmb.zip
123,08,0803,,Northern,Kasama,,FLOOD,Mwamba road ,2014,0,0,0,0,0,0,0,0,,District Commissioner,0,0,KARSON,2017-05-04,0,0,0,0,0,0,0,0,0,0,0,0,0,0,0,0,,Poor Road sector,1,,0,0,0,0,0,0,0,0,0,0,0,0,85,,,0,0,0,4dad3998-3e56-4d73-aec0-672f7ecb85f6,Maintenance of the 5km Chief Mwambo Road  ,85,0,0,0,0,0,0,0,0,0,0,0,0,0,0,0,0,0,0,0,0,0,0,0,0,0,0,0,0,0,0,0,0,0,0,0,0,0,0,0,0,0,0,,,,,,,,,,,,,,,,,,,,,,,,,,,,,,,,,,,,,,,,,,,,,,,,,,,,,,,,,,,,,,,,,,,,,,,,,,,,,,,,,,,,,,,,,,,,,,,,,,,,,0,0,0,0,0,0,0,0,0,0,0,0,0,0,0,0,,,,,,,,,,,,,,,,,,,,,,,,,,,,,,,,,,,,,,,,,,,2014,year,,,Northern,Kasama,Mwamba road ,2026-10-06T12:29:33+00:00,DesInventar Zambia (UNDRR) — DI_export_zmb.zip
124,08,0803,,Northern,Kasama,,FLOOD,CHamfubu Resettlement Scheme,2017,5,29,0,0,0,0,0,0,,Regional Coordinator Kasama,0,0,KARSON,2017-05-04,0,0,0,0,0,0,0,0,0,0,0,0,0,0,0,0,,Heavy rain,1,,0,0,0,0,0,0,0,0,0,0,0,0,86,,,0,0,0,f0339d66-54f0-4dff-a342-3295707f70e3,Construction of culvert bridge and 10km road,86,0,0,0,0,0,0,0,0,0,0,0,0,0,0,0,0,0,0,0,0,0,0,0,0,0,0,0,0,0,0,0,0,0,0,0,0,0,0,0,0,0,0,,,,,,,,,,,,,,,,,,,,,,,,,,,,,,,,,,,,,,,,,,,,,,,,,,,,,,,,,,,,,,,,,,,,,,,,,,,,,,,,,,,,,,,,,,,,,,,,,,,,,0,0,0,0,0,0,0,0,0,0,0,0,0,0,0,0,,,,,,,,,,,,,,,,,,,,,,,,,,,,,,,,,,,,,,,,,,,2017-05-29,day,,,Northern,Kasama,CHamfubu Resettlement Scheme,2026-10-06T12:29:33+00:00,DesInventar Zambia (UNDRR) — DI_export_zmb.zip
125,03,0302,,Eastern,Nyimba,,FLOOD,,2007,0,0,0,0,0,0,0,0,,Provincial Disaster Management Committee,0,0,KARSON,2017-05-04,0,0,0,0,0,0,0,0,0,0,0,0,0,0,0,0,,Poor drainage system,1,,0,0,0,0,0,0,0,0,0,0,0,0,87,,,0,0,0,78ad4a04-9acc-4e27-b406-1a888249a662,Request for funds for the construction of Mvuvye bridge along Great East road in chief Luembae's Chiefdom which Eroded due to heavy floods ,87,1,0,0,0,0,0,0,0,0,0,0,0,0,0,0,0,0,0,0,0,0,0,0,0,0,0,0,0,0,0,0,0,0,0,0,0,0,0,0,0,0,0,,,,,,,,,,,,,,,,,,,,,,,,,,,,,,,,,,,,,,,,,,,,,,,,,,,,,,,,,,,,,,,,,,,,,,,,,,,,,,,,,,,,,,,,,,,,,,,,,,,,,0,0,0,0,0,0,0,0,0,0,0,0,0,0,0,0,,,,,,,,,,,,,,,,,,,,,,,,,,,,,,,,,,,,,,,,,,,2007,year,,,Eastern,Nyimba,,2026-10-06T12:29:33+00:00,DesInventar Zambia (UNDRR) — DI_export_zmb.zip
126,05,0507,,Lusaka,Chilanga,,FLOOD,Petroda falling station ,2014,0,0,0,0,0,0,0,0,,Regional Coordinator DMMU,0,0,KARSON,2017-05-04,0,0,0,0,0,0,0,0,0,0,0,0,0,0,0,0,,It was in a bad state,1,,0,0,0,0,0,0,0,0,0,0,0,0,88,,,0,0,0,41d49df5-2af6-4c68-a645-97b7f80ae1b6,Rehabilitation of T2 Petroda falling Station road,88,0,0,0,0,0,0,0,0,0,0,0,0,0,0,0,0,0,0,0,0,0,0,0,0,0,0,0,0,0,0,0,0,0,0,0,0,0,0,0,0,0,0,,,,,,,,,,,,,,,,,,,,,,,,,,,,,,,,,,,,,,,,,,,,,,,,,,,,,,,,,,,,,,,,,,,,,,,,,,,,,,,,,,,,,,,,,,,,,,,,,,,,,0,0,0,0,0,0,0,0,0,0,0,0,0,0,0,0,,,,,,,,,,,,,,,,,,,,,,,,,,,,,,,,,,,,,,,,,,,2014,year,,,Lusaka,Chilanga,Petroda falling station ,2026-10-06T12:29:33+00:00,DesInventar Zambia (UNDRR) — DI_export_zmb.zip
138,10,1001,,Western,Shangombo,,FLOOD,Simu ward,2009,0,0,0,0,0,0,0,0,,School of mines UNZA,0,0,KARSON,2017-05-05,0,0,0,0,0,0,0,0,1,0,0,0,0,0,0,0,,Heavy rains,0,,1,0,0,0,0,0,0,0,0,0,0,0,98,,,0,0,0,aec14202-fce0-42e7-a990-94c3fc74e072,Katukule Primary health center suffered complete damage due to floods,98,0,0,0,0,0,0,0,0,0,0,0,0,0,1,0,0,0,0,0,0,0,0,0,0,0,0,0,0,0,0,0,0,0,0,0,0,0,0,0,0,0,0,,,,,,,,,,,,,,,,,,,,,,,,,,,,,,,,,,,,,,,,,,,,,,,,,,,,,,,,,,,,,,,,,,,,,,,,,,,,,,,,,,,,,,,,,,,,,,,,,,,,,0,0,0,0,0,3.65e-06,55968,0,0,0,0,0,55968,55968,0,0,,,,,,,,,,,,,,,,,,,,,,,,,,,,,,,,,,,,,,,,,,,2009,year,,,Western,Shangombo,Simu ward,2026-10-06T12:29:33+00:00,DesInventar Zambia (UNDRR) — DI_export_zmb.zip
139,10,1001,,Western,Shangombo,,FLOOD,Sipuma ward,2009,0,0,0,0,0,0,0,0,,School of mines UNZA,0,0,KARSON,2017-05-05,0,0,0,0,0,0,0,0,1,0,0,0,0,0,0,0,,Heavy rains,0,,1,0,0,0,0,0,0,0,0,0,0,0,99,,,0,0,0,9b73ec15-8528-44b8-a74f-bfab77660837,Lupuka Primary heath center was submerged and finally it collapsed,99,0,0,0,0,0,0,0,0,0,0,0,0,0,0,1,0,0,0,0,0,0,0,0,0,0,0,0,0,0,0,0,0,0,0,0,0,0,0,0,0,0,0,,,,,,,,,,,,,,,,,,,,,,,,,,,,,,,,,,,,,,,,,,,,,,,,,,,,,,,,,,,,,,,,,,,,,,,,,,,,,,,,,,,,,,,,,,,,,,,,,,,,,0,0,0,0,0,3.65e-06,55968,0,0,0,0,0,55968,55968,0,0,,,,,,,,,,,,,,,,,,,,,,,,,,,,,,,,,,,,,,,,,,,2009,year,,,Western,Shangombo,Sipuma ward,2026-10-06T12:29:33+00:00,DesInventar Zambia (UNDRR) — DI_export_zmb.zip
141,10,1001,,Western,Shangombo,,FLOOD,Sipuma ward,2009,0,0,2,0,0,0,0,0,3 Houses were Submerged ,School of mines UNZA,0,0,KARSON,2017-05-05,-1,0,0,0,0,0,0,0,0,1,0,0,0,0,0,0,,No proper drainage system poor road sector,0,,0,1,0,0,0,0,0,0,0,0,0,0,101,,,0,0,0,5f41b909-0c1f-4342-959c-3204d6e07fd7,"Two (2) people died ,a class room had its roof blown off and three (3) teacher's houses were completely submerged ",101,0,0,0,0,0,0,0,0,0,0,0,0,0,0,0,0,0,0,0,0,0,0,0,0,0,1,0,0,0,0,0,0,0,0,0,0,0,0,0,0,0,0,,,,,,,,,,,,,,,,,,,,,,,,,,,,,,,,,,,,,,,,,,,,,,,,,,,,,,,,,,,,,,,,,,,,,,,,,,,,,,,,,,,,,,,,,,,,,,,,,,,,,0.0148628,0.0148628,0,0,0,2.92e-06,44748,0,0,0,0,0,44748,0,44748,0,,,,,,,,,,,,,,,,,,,,,,,,,,,,,,,,,,,,,,,,,,,2009,year,,,Western,Shangombo,Sipuma ward,2026-10-06T12:29:33+00:00,DesInventar Zambia (UNDRR) — DI_export_zmb.zip
142,04,0403,,Luapula,Mansa,,FLOOD,St.Clement Secondary school,2012,0,0,0,0,0,0,0,0,,PERMANENT SECRETRAY,0,0,KARSON,2017-05-05,0,0,0,0,0,0,0,0,0,1,0,0,0,0,0,0,,,0,,0,1,0,0,0,0,0,0,0,0,0,0,102,,,0,0,0,1055abd4-3925-425a-9ab6-c988149c8f55,Rehabilitation of three(3) ablution blocks at st.clement secondary school,102,0,0,0,0,0,0,0,0,0,0,0,0,0,0,0,0,0,0,0,0,0,0,0,0,0,1,0,0,0,0,0,0,0,0,0,0,0,0,0,0,0,0,,,,,,,,,,,,,,,,,,,,,,,,,,,,,,,,,,,,,,,,,,,,,,,,,,,,,,,,,,,,,,,,,,,,,,,,,,,,,,,,,,,,,,,,,,,,,,,,,,,,,0,0,0,0,0,1.79e-06,45738,0,0,0,0,0,45738,0,45738,0,,,,,,,,,,,,,,,,,,,,,,,,,,,,,,,,,,,,,,,,,,,2012,year,,,Luapula,Mansa,St.Clement Secondary school,2026-10-06T12:29:33+00:00,DesInventar Zambia (UNDRR) — DI_export_zmb.zip
143,03,0306,,Eastern,Mambwe,,FLOOD,Deporable state ,2014,0,0,0,0,0,0,0,0,,PERMANENT SECRETRAY,0,0,KARSON,2017-05-05,0,0,0,0,0,0,0,0,0,1,0,0,0,0,0,0,,,0,,0,2,0,0,0,0,0,0,0,0,0,0,103,,,0,0,0,d7205ac0-04d1-4494-85eb-9de13a7f4c0e,Rehabilitation of two (2) schools namely Ncheka and Jumbo,103,0,0,0,0,0,0,0,0,0,0,0,0,0,0,0,0,0,0,0,0,0,0,0,0,0,2,0,0,0,0,0,0,0,0,0,0,0,0,0,0,0,0,,,,,,,,,,,,,,,,,,,,,,,,,,,,,,,,,,,,,,,,,,,,,,,,,,,,,,,,,,,,,,,,,,,,,,,,,,,,,,,,,,,,,,,,,,,,,,,,,,,,,0,0,0,0,0,3.37e-06,91608,0,0,0,0,0,91608,0,91608,0,,,,,,,,,,,,,,,,,,,,,,,,,,,,,,,,,,,,,,,,,,,2014,year,,,Eastern,Mambwe,Deporable state ,2026-10-06T12:29:33+00:00,DesInventar Zambia (UNDRR) — DI_export_zmb.zip
144,01,0111,,Central,Serenje,,FLOOD,Chief Chisomo village,2010,0,0,0,0,0,0,0,1,,Royal Highness Chief Chisomo,0,0,KARSON,2017-05-05,0,0,0,0,0,-1,0,0,0,0,0,0,0,0,0,0,,,0,,0,0,0,0,0,0,0,0,0,0,0,0,104,,,0,0,0,96ca54f4-b32f-40b4-90a6-0fcf4e6fe61d,Construction of a house for his royal Highness chief chisomo,104,0,0,0,0,0,0,0,0,0,0,0,0,0,0,0,0,0,0,0,0,0,0,0,0,0,0,0,0,0,0,0,0,0,0,0,0,0,0,0,0,0,0,,,,,,,,,,,,,,,,,,,,,,,,,,,,,,,,,,,,,,,,,,,,,,,,,,,,,,,,,,,,,,,,,,,,,,,,,,,,,,,,,,,,,,,,,,,,,,,,,,,,,0,0,0,0.03978092,5.50967034,2.8e-07,5775,0,0,5775,5775,0,0,0,0,0,,,,,,,,,,,,,,,,,,,,,,,,,,,,,,,,,,,,,,,,,,,2010,year,,,Central,Serenje,Chief Chisomo village,2026-10-06T12:29:33+00:00,DesInventar Zambia (UNDRR) — DI_export_zmb.zip
145,02,0202,,Copperbelt,Kitwe,,FLOOD,kawama and twatasha,2014,2,27,0,0,0,0,40,0,,Regional Coordinator Copperbelt,0,0,KARSON,2017-05-05,0,0,0,0,-1,0,0,0,0,0,0,0,0,0,0,0,,No drainage to control the passege of water,0,,0,0,0,0,0,0,0,0,0,0,0,0,105,,,0,0,0,6268e878-29a4-444a-b65d-944a79788dac,Houses in two (2) towns were completely destroyed,105,0,0,0,0,0,0,0,0,0,0,0,0,0,0,0,0,0,0,0,0,0,0,0,0,0,0,0,0,0,0,0,0,0,0,0,0,0,0,0,0,0,0,,,,,,,,,,,,,,,,,,,,,,,,,,,,,,,,,,,,,,,,,,,,,,,,,,,,,,,,,,,,,,,,,,,,,,,,,,,,,,,,,,,,,,,,,,,,,,,,,,,,,0,0,0,1.41083913,220.38681374,3.447e-05,936000,0,0,936000,0,936000,0,0,0,0,,,,,,,,,,,,,,,,,,,,,,,,,,,,,,,,,,,,,,,,,,,2014-02-27,day,,,Copperbelt,Kitwe,kawama and twatasha,2026-10-06T12:29:33+00:00,DesInventar Zambia (UNDRR) — DI_export_zmb.zip
148,08,0803,,Northern,Kasama,,FLOOD,Luyeye primary school,2015,0,0,0,0,0,0,0,0,,PERMANENT SECRETRAY,0,0,KARSON,2017-05-08,0,0,0,0,0,0,0,0,0,1,0,0,0,0,0,0,,Heavy rains,0,,0,1,0,0,0,0,0,0,0,0,0,0,108,,,0,0,0,73a773a3-4eaa-444f-b8bd-df0fe94cd03c,Construction of a one by three(3) classroom block,108,0,0,0,0,0,0,0,0,0,0,0,0,0,0,0,0,0,0,0,0,0,0,0,0,0,1,0,0,0,0,0,0,0,0,0,0,0,0,0,0,0,0,,,,,,,,,,,,,,,,,,,,,,,,,,,,,,,,,,,,,,,,,,,,,,,,,,,,,,,,,,,,,,,,,,,,,,,,,,,,,,,,,,,,,,,,,,,,,,,,,,,,,0,0,0,0,0,2.13e-06,45078,0,0,0,0,0,45078,0,45078,0,,,,,,,,,,,,,,,,,,,,,,,,,,,,,,,,,,,,,,,,,,,2015,year,,,Northern,Kasama,Luyeye primary school,2026-10-06T12:29:33+00:00,DesInventar Zambia (UNDRR) — DI_export_zmb.zip
149,08,0805,,Northern,Mporokoso,,FLOOD,Chitoshi primary school,2015,0,0,0,0,0,0,0,0,,DMMU,0,0,KARSON,2017-05-08,0,0,0,0,0,0,0,0,0,1,0,0,0,0,0,0,,blown off ,0,,0,1,0,0,0,0,0,0,0,0,0,0,109,,,0,0,0,34ecf2f5-cba1-409a-96f8-d4667b2989e8,Report on the blown off 1*2 classroom block and VIP toilet at Chitoshi primary school ,109,0,0,0,0,0,0,0,0,0,0,0,0,0,0,0,0,0,0,0,0,0,0,0,0,0,1,0,0,0,0,0,0,0,0,0,0,0,0,0,0,0,0,,,,,,,,,,,,,,,,,,,,,,,,,,,,,,,,,,,,,,,,,,,,,,,,,,,,,,,,,,,,,,,,,,,,,,,,,,,,,,,,,,,,,,,,,,,,,,,,,,,,,0,0,0,0,0,2.13e-06,45078,0,0,0,0,0,45078,0,45078,0,,,,,,,,,,,,,,,,,,,,,,,,,,,,,,,,,,,,,,,,,,,2015,year,,,Northern,Mporokoso,Chitoshi primary school,2026-10-06T12:29:33+00:00,DesInventar Zambia (UNDRR) — DI_export_zmb.zip
150,08,0805,,Northern,Mporokoso,,FLOOD,Luli primary school,2015,0,0,0,0,0,0,0,0,,DMMU,0,0,KARSON,2017-05-08,0,0,0,0,0,0,0,0,0,1,0,0,0,0,0,0,,blown off,0,,0,1,0,0,0,0,0,0,0,0,0,0,110,,,0,0,0,59ff2b23-ce39-42f6-a3ce-f65c5ffb7994,Report of the rehabilitation of 1*3 class room block which had its roof blown off  ,110,0,0,0,0,0,0,0,0,0,0,0,0,0,0,0,0,0,0,0,0,0,0,0,0,0,1,0,0,0,0,0,0,0,0,0,0,0,0,0,0,0,0,,,,,,,,,,,,,,,,,,,,,,,,,,,,,,,,,,,,,,,,,,,,,,,,,,,,,,,,,,,,,,,,,,,,,,,,,,,,,,,,,,,,,,,,,,,,,,,,,,,,,0,0,0,0,0,2.13e-06,45078,0,0,0,0,0,45078,0,45078,0,,,,,,,,,,,,,,,,,,,,,,,,,,,,,,,,,,,,,,,,,,,2015,year,,,Northern,Mporokoso,Luli primary school,2026-10-06T12:29:33+00:00,DesInventar Zambia (UNDRR) — DI_export_zmb.zip
152,04,0402,,Luapula,Samfya,,FLOOD,Chitondo primary school,2015,0,0,0,0,0,0,0,0,,Regional Coordinator,0,0,KARSON,2017-05-08,0,0,0,0,0,0,0,0,0,1,0,0,0,0,0,0,,Heavy rains,0,,0,0,0,0,0,0,0,0,0,0,0,0,111,,,0,0,0,e3f4aa28-cfa3-46c0-9175-b2a281d34be3,This is the payment of rehabilitation works done on the Chitondo primary school,111,0,0,0,0,0,0,0,0,0,0,0,0,0,0,0,0,0,0,0,0,0,0,0,0,0,0,0,0,0,0,0,0,0,0,0,0,0,0,0,0,0,0,,,,,,,,,,,,,,,,,,,,,,,,,,,,,,,,,,,,,,,,,,,,,,,,,,,,,,,,,,,,,,,,,,,,,,,,,,,,,,,,,,,,,,,,,,,,,,,,,,,,,0,0,0,0,0,0,0,0,0,0,0,0,0,0,0,0,,,,,,,,,,,,,,,,,,,,,,,,,,,,,,,,,,,,,,,,,,,2015,year,,,Luapula,Samfya,Chitondo primary school,2026-10-06T12:29:33+00:00,DesInventar Zambia (UNDRR) — DI_export_zmb.zip
153,04,0404,,Luapula,Chipili,,FLOOD,Chinshinki primary school,2015,0,0,0,0,0,0,0,0,,Regional Coordinator,0,0,KARSON,2017-05-08,0,0,0,0,0,0,0,0,0,1,0,0,0,0,0,0,,Heavy rains,0,,0,1,0,0,0,0,0,0,0,0,0,0,112,,,0,0,0,09e5d95a-2d26-4256-88b8-22ef5cf21995,Being payment for the rehabilitation works done on the Chinshinki primary school ,112,0,0,0,0,0,0,0,0,0,0,0,0,0,0,0,0,0,0,0,0,0,0,0,0,0,1,0,0,0,0,0,0,0,0,0,0,0,0,0,0,0,0,,,,,,,,,,,,,,,,,,,,,,,,,,,,,,,,,,,,,,,,,,,,,,,,,,,,,,,,,,,,,,,,,,,,,,,,,,,,,,,,,,,,,,,,,,,,,,,,,,,,,0,0,0,0,0,2.13e-06,45078,0,0,0,0,0,45078,0,45078,0,,,,,,,,,,,,,,,,,,,,,,,,,,,,,,,,,,,,,,,,,,,2015,year,,,Luapula,Chipili,Chinshinki primary school,2026-10-06T12:29:33+00:00,DesInventar Zambia (UNDRR) — DI_export_zmb.zip
154,04,0404,,Luapula,Chipili,,FLOOD,Mulundu primary school,2015,0,0,0,0,0,0,0,0,,Regional Coordinator,0,0,KARSON,2017-05-08,0,0,0,0,0,0,0,0,0,1,0,0,0,0,0,0,,haevy rainfall,0,,0,1,0,0,0,0,0,0,0,0,0,0,113,,,0,0,0,b9a67d8f-630b-473c-99f9-33331d333a5f,Construction of 1*2 classroom block as recommended after being blown off by heavy rains,113,0,0,0,0,0,0,0,0,0,0,0,0,0,0,0,0,0,0,0,0,0,0,0,0,0,1,0,0,0,0,0,0,0,0,0,0,0,0,0,0,0,0,,,,,,,,,,,,,,,,,,,,,,,,,,,,,,,,,,,,,,,,,,,,,,,,,,,,,,,,,,,,,,,,,,,,,,,,,,,,,,,,,,,,,,,,,,,,,,,,,,,,,0,0,0,0,0,2.13e-06,45078,0,0,0,0,0,45078,0,45078,0,,,,,,,,,,,,,,,,,,,,,,,,,,,,,,,,,,,,,,,,,,,2015,year,,,Luapula,Chipili,Mulundu primary school,2026-10-06T12:29:33+00:00,DesInventar Zambia (UNDRR) — DI_export_zmb.zip
156,07,0705,,North-Western,Solwezi,,FLOOD,lubinga primary school,2015,6,16,0,0,0,0,0,0,,DMMU,0,0,KARSON,2017-05-08,0,0,0,0,0,0,0,0,0,0,0,0,0,0,0,0,,blown off,0,,0,0,0,0,0,0,0,0,0,0,0,0,115,,,0,0,0,eb6048c2-9ec9-456d-953f-c9fc8b0981a2,1*3 class room block was blown off Lubinga primary school in solwezi,115,0,0,0,0,0,0,0,0,0,0,0,0,0,0,0,0,0,0,0,0,0,0,0,0,0,1,0,0,0,0,0,0,0,0,0,0,0,0,0,0,0,0,,,,,,,,,,,,,,,,,,,,,,,,,,,,,,,,,,,,,,,,,,,,,,,,,,,,,,,,,,,,,,,,,,,,,,,,,,,,,,,,,,,,,,,,,,,,,,,,,,,,,0,0,0,0,0,0,0,0,0,0,0,0,0,0,0,0,,,,,,,,,,,,,,,,,,,,,,,,,,,,,,,,,,,,,,,,,,,2015-06-16,day,,,North-Western,Solwezi,lubinga primary school,2026-10-06T12:29:33+00:00,DesInventar Zambia (UNDRR) — DI_export_zmb.zip
157,02,0208,,Copperbelt,Masaiti,,FLOOD,Ipusukilo ,2014,0,0,0,0,0,0,15,45,household goods were damaged,Regional Coordinator Copperbelt,0,0,KARSON,2017-05-08,0,0,0,0,-1,-1,0,1,0,0,0,0,0,0,0,0,,Unplanned settlement,0,,0,0,0,0,0,0,0,0,0,0,0,0,116,,,0,0,0,295afa15-cf3b-4085-9f73-1eb2417b36b8,Number of housed were damaged in ipusukilo Copperbelt province,116,0,0,0,0,0,0,0,0,0,0,0,0,0,0,0,0,0,0,0,0,0,0,0,0,0,0,0,0,0,0,0,0,0,0,0,0,0,0,0,0,0,0,,,,,,,,,,,,,,,,,,,,,,,,,,,,,,,,,,,,,,,,,,,,,,,,,,,,,,,,,,,,,,,,,,,,,,,,,,,,,,,,,,,,,,,,,,,,,,,,,,,,,0,0,0,2.1162587,330.58022061,2.262e-05,614250,0,0,614250,263250,351000,0,0,0,0,,,,,,,,,,,,,,,,,,,,,,,,,,,,,,,,,,,,,,,,,,,2014,year,,,Copperbelt,Masaiti,Ipusukilo ,2026-10-06T12:29:33+00:00,DesInventar Zambia (UNDRR) — DI_export_zmb.zip
196,10,1006,,Western,Lukulu,,FLOOD,lukulu area ,2010,0,0,0,0,0,0,0,0,maternity ward (1) one ,ZVAC ASSESMENT REPORT,0,0,KARSON,2017-06-06,0,0,0,0,0,0,0,0,1,0,0,0,0,0,0,0,,Heavy rain,0,,0,0,0,0,0,0,0,0,0,0,0,0,150,,,0,0,0,eb8a9f6c-534c-4ee3-83b1-639c8f5479b6,Mbanga RHC was damaged ,150,0,0,0,0,0,0,0,0,0,0,0,0,0,1,0,0,0,0,0,0,0,0,0,0,0,0,0,0,0,0,0,0,0,0,0,0,0,0,0,0,0,0,,,,,,,,,,,,,,,,,,,,,,,,,,,,,,,,,,,,,,,,,,,,,,,,,,,,,,,,,,,,,,,,,,,,,,,,,,,,,,,,,,,,,,,,,,,,,,,,,,,,,0,0,0,0,0,0,0,0,0,0,0,0,0,0,0,0,,,,,,,,,,,,,,,,,,,,,,,,,,,,,,,,,,,,,,,,,,,2010,year,,,Western,Lukulu,lukulu area ,2026-10-06T12:29:33+00:00,DesInventar Zambia (UNDRR) — DI_export_zmb.zip
208,10,1015,,Western,Mitete,,FLOOD,NANGOMA,2013,10,31,0,0,0,0,0,0,,NELSON PHIRI,0,0,C.KATUTA,2017-05-11,0,0,0,0,0,0,0,0,0,1,0,0,0,0,0,0,,Heavy rainfall,0,,0,2,0,0,0,1,0,0,0,0,0,0,1386,,,0,0,0,6014080c-e2b1-49a4-9bf4-cfd66c2a19b0,MBANGWETA SCHOOLS INCLUDES NANGOMA PRIMARY SCHOOL DAMAGED DUE TO HEAVY RAINFALL.,1386,0,0,0,0,0,0,0,0,0,0,0,0,0,0,0,0,0,0,0,0,0,0,0,0,0,2,0,0,0,0,0,0,0,0,0,0,0,0,0,0,0,0,,,,,,,,,,,,,,,,,,,,,,,,,,,,,,,,,,,,,,,,,,,,,,,,,,,,,,,,,,,,,,,,,,,,,,,,,,,,,,,,,,,,,,,,,,,,,,,,,,,,,0,0,0,0,0,3.28e-06,91872,0,0,0,0,0,91872,0,91872,0,,,,,,,,,,,,,,,,,,,,,,,,,,,,,,,,,,,,,,,,,,,2013-10-31,day,,2013-10-31,Western,Mitete,NANGOMA,2026-10-06T12:29:33+00:00,DesInventar Zambia (UNDRR) — DI_export_zmb.zip
163,03,0304,,Eastern,Petauke,,FLOOD,juction of petauke-chipungu road,2015,4,18,0,0,0,0,0,0,,Senior Roads Inspecter,0,0,KARSON,2017-05-11,0,0,0,0,0,0,0,0,0,0,0,0,0,0,0,0,,washed away,1,,0,0,0,0,0,0,0,0,0,0,0,0,120,,,0,0,0,777a54a9-5893-4494-b685-6f4c76d5652b,Construction of a washed away lutwazi crossing point in petauke disrict,120,1,0,0,0,0,0,0,0,0,0,0,0,0,0,0,0,0,0,0,0,0,0,0,0,0,0,0,0,0,0,0,0,0,0,0,0,0,0,0,0,0,0,,,,,,,,,,,,,,,,,,,,,,,,,,,,,,,,,,,,,,,,,,,,,,,,,,,,,,,,,,,,,,,,,,,,,,,,,,,,,,,,,,,,,,,,,,,,,,,,,,,,,0,0,0,0,0,0,0,0,0,0,0,0,0,0,0,0,,,,,,,,,,,,,,,,,,,,,,,,,,,,,,,,,,,,,,,,,,,2015-04-18,day,,,Eastern,Petauke,juction of petauke-chipungu road,2026-10-06T12:29:33+00:00,DesInventar Zambia (UNDRR) — DI_export_zmb.zip
164,08,0807,,Northern,Mpulungu,,FLOOD,Robert village,2014,0,0,0,0,0,0,0,0,,Regional Manager RDA,0,0,KARSON,2017-05-11,0,0,0,0,0,0,0,0,0,0,0,0,0,0,0,0,,No existing strutures ,1,,0,0,0,0,0,0,0,0,0,0,0,0,121,,,0,0,0,5ca2f034-f588-48c4-b1c1-87fa7c182d70,Construction of Four (4) bridges which were washed away in mpulungu district,121,0,0,0,0,0,0,0,0,0,0,0,0,0,0,0,0,0,0,0,0,0,0,0,0,0,0,0,0,0,0,0,0,0,0,0,0,0,0,0,0,0,0,,,,,,,,,,,,,,,,,,,,,,,,,,,,,,,,,,,,,,,,,,,,,,,,,,,,,,,,,,,,,,,,,,,,,,,,,,,,,,,,,,,,,,,,,,,,,,,,,,,,,0,0,0,0,0,0,0,0,0,0,0,0,0,0,0,0,,,,,,,,,,,,,,,,,,,,,,,,,,,,,,,,,,,,,,,,,,,2014,year,,,Northern,Mpulungu,Robert village,2026-10-06T12:29:33+00:00,DesInventar Zambia (UNDRR) — DI_export_zmb.zip
165,07,0709,,North-Western,Manyinga,,FLOOD,Senior chief Sikufela,2014,2,7,0,0,0,0,0,0,,Regional Coordinator,0,0,KARSON,2017-05-11,0,0,0,0,0,0,0,1,0,0,0,0,0,0,0,0,,Heavy rains,0,,0,0,0,0,0,0,0,0,0,0,0,0,122,,,0,0,0,06132beb-6fad-45db-9ba5-0add74098d6c,BOQ for the rehabilitation of Senior chief Sikufela's Residence,122,0,0,0,0,0,0,0,0,0,0,0,0,0,0,0,0,0,0,0,0,0,0,0,0,0,0,0,0,0,0,0,0,0,0,0,0,0,0,0,0,0,0,,,,,,,,,,,,,,,,,,,,,,,,,,,,,,,,,,,,,,,,,,,,,,,,,,,,,,,,,,,,,,,,,,,,,,,,,,,,,,,,,,,,,,,,,,,,,,,,,,,,,0,0,0,0,0,0,0,0,0,0,0,0,0,0,0,0,,,,,,,,,,,,,,,,,,,,,,,,,,,,,,,,,,,,,,,,,,,2014-02-07,day,,,North-Western,Manyinga,Senior chief Sikufela,2026-10-06T12:29:33+00:00,DesInventar Zambia (UNDRR) — DI_export_zmb.zip
166,07,0709,,North-Western,Manyinga,,FLOOD,Senior Chief Sikufela's area,2014,2,7,0,0,0,0,0,0,,Regional Coordinator,0,0,KARSON,2017-05-11,0,0,0,0,0,0,0,0,0,1,0,0,0,0,0,0,,Heavy rains,0,,0,0,0,0,0,0,0,0,0,0,0,0,123,,,0,0,0,8add0012-94ab-4ff3-8d07-07aa4df0ecbf,BOQ for the construction of mufumbwe secondary school laboratory ,123,0,0,0,0,0,0,0,0,0,0,0,0,0,0,0,0,0,0,0,0,0,0,0,0,0,0,0,0,0,0,1,0,0,0,0,0,0,0,0,0,0,0,,,,,,,,,,,,,,,,,,,,,,,,,,,,,,,,,,,,,,,,,,,,,,,,,,,,,,,,,,,,,,,,,,,,,,,,,,,,,,,,,,,,,,,,,,,,,,,,,,,,,0,0,0,0,0,0,0,0,0,0,0,0,0,0,0,0,,,,,,,,,,,,,,,,,,,,,,,,,,,,,,,,,,,,,,,,,,,2014-02-07,day,,,North-Western,Manyinga,Senior Chief Sikufela's area,2026-10-06T12:29:33+00:00,DesInventar Zambia (UNDRR) — DI_export_zmb.zip
167,07,0709,,North-Western,Manyinga,,FLOOD,Senior Chief Sikufela's area,2014,3,5,0,0,0,0,0,0,,Regional Coordinator,0,0,KARSON,2017-05-11,0,0,0,0,0,0,0,0,0,0,0,0,0,0,0,0,,Heavy rains,1,,0,0,0,0,0,0,0,0,0,0,0,0,124,,,0,0,0,3a659b62-4e57-408a-bef1-ecd6dea3675f,Construction of the damaged Chilumba foot bridge due to have rains  ,124,1,0,0,0,0,0,0,0,0,0,0,0,0,0,0,0,0,0,0,0,0,0,0,0,0,0,0,0,0,0,0,0,0,0,0,0,0,0,0,0,0,0,,,,,,,,,,,,,,,,,,,,,,,,,,,,,,,,,,,,,,,,,,,,,,,,,,,,,,,,,,,,,,,,,,,,,,,,,,,,,,,,,,,,,,,,,,,,,,,,,,,,,0,0,0,0,0,0,0,0,0,0,0,0,0,0,0,0,,,,,,,,,,,,,,,,,,,,,,,,,,,,,,,,,,,,,,,,,,,2014-03-05,day,,,North-Western,Manyinga,Senior Chief Sikufela's area,2026-10-06T12:29:33+00:00,DesInventar Zambia (UNDRR) — DI_export_zmb.zip
168,08,0809,,Northern,Kaputa,,FLOOD,Nsama-nkhoshya roadb,2011,8,31,0,0,0,0,0,0,,Acting Regional Engineer,0,0,KARSON,2017-05-11,0,0,0,0,0,0,0,0,0,0,0,0,0,0,0,0,,washed away,1,,0,0,0,0,0,0,0,0,0,0,0,0,125,,,0,0,0,098b8636-f8f6-47ff-a99f-9266cbf61753,Rehabilitation of the Nkosha-Nsama road in kaputa northern ,125,0,0,0,0,0,0,0,0,0,0,0,0,0,0,0,0,0,0,0,0,0,0,0,0,0,0,0,0,0,0,0,0,0,0,0,0,0,0,0,0,0,0,,,,,,,,,,,,,,,,,,,,,,,,,,,,,,,,,,,,,,,,,,,,,,,,,,,,,,,,,,,,,,,,,,,,,,,,,,,,,,,,,,,,,,,,,,,,,,,,,,,,,0,0,0,0,0,0,0,0,0,0,0,0,0,0,0,0,,,,,,,,,,,,,,,,,,,,,,,,,,,,,,,,,,,,,,,,,,,2011-08-31,day,,,Northern,Kaputa,Nsama-nkhoshya roadb,2026-10-06T12:29:33+00:00,DesInventar Zambia (UNDRR) — DI_export_zmb.zip
172,05,0501,,Lusaka,Lusaka,,FLOOD,Garden house ,2013,9,16,0,0,0,0,0,0,,National Coordinator DMMU,0,0,KARSON,2017-05-11,0,0,0,0,0,0,0,0,0,0,0,0,0,0,0,0,,Heavy rains,1,,0,0,0,0,0,0,0,0,0,0,0,0,129,,,0,0,0,4b455af2-b604-4756-ab47-8330894b6e40,Rehabilitation works on the 2.2km road in garden house which was Partially washed away  ,129,0,0,0,0,0,0,0,0,0,0,0,0,0,0,0,0,0,0,0,0,0,0,0,0,0,0,0,0,0,0,0,0,0,0,0,0,0,0,0,0,0,0,,,,,,,,,,,,,,,,,,,,,,,,,,,,,,,,,,,,,,,,,,,,,,,,,,,,,,,,,,,,,,,,,,,,,,,,,,,,,,,,,,,,,,,,,,,,,,,,,,,,,0,0,0,0,0,0,0,0,0,0,0,0,0,0,0,0,,,,,,,,,,,,,,,,,,,,,,,,,,,,,,,,,,,,,,,,,,,2013-09-16,day,,,Lusaka,Lusaka,Garden house ,2026-10-06T12:29:33+00:00,DesInventar Zambia (UNDRR) — DI_export_zmb.zip
173,06,0605,,Muchinga,Nakonde,,FLOOD,kanchibeya constituency ,2012,11,16,0,0,0,0,0,0,,Regional Engineer RDA,0,0,KARSON,2017-05-11,0,0,0,0,0,0,0,0,0,0,0,0,0,0,0,0,,Heavy rains,1,,0,0,0,0,0,0,0,0,0,0,0,0,130,,,0,0,0,8fc40e51-6a5b-458e-9789-87081abbe35b,Estimated amount for the construction of two (2)crossing point namely kanchibeya and iyolo which were washed away in kanchibeya constituency ,130,2,0,0,0,0,0,0,0,0,0,0,0,0,0,0,0,0,0,0,0,0,0,0,0,0,0,0,0,0,0,0,0,0,0,0,0,0,0,0,0,0,0,,,,,,,,,,,,,,,,,,,,,,,,,,,,,,,,,,,,,,,,,,,,,,,,,,,,,,,,,,,,,,,,,,,,,,,,,,,,,,,,,,,,,,,,,,,,,,,,,,,,,0,0,0,0,0,0,0,0,0,0,0,0,0,0,0,0,,,,,,,,,,,,,,,,,,,,,,,,,,,,,,,,,,,,,,,,,,,2012-11-16,day,,,Muchinga,Nakonde,kanchibeya constituency ,2026-10-06T12:29:33+00:00,DesInventar Zambia (UNDRR) — DI_export_zmb.zip
177,08,0809,,Northern,Kaputa,,FLOOD,kaputa area,2015,4,10,0,0,0,0,0,0,,Regional Coordinator DMMU,0,0,KARSON,2017-05-11,0,0,0,0,0,0,0,0,0,0,0,0,0,0,0,0,,Heavy rains,1,,0,0,0,0,0,0,0,0,0,0,0,0,132,,,0,0,0,784394f1-8547-4e0b-aa2c-f956b165e357,Estimated amount for the rehabilitation works on the munkonge crossing point ,132,0,0,0,0,0,0,0,0,0,0,0,0,0,0,0,0,0,0,0,0,0,0,0,0,0,0,0,0,0,0,0,0,0,0,0,0,0,0,0,0,0,0,,,,,,,,,,,,,,,,,,,,,,,,,,,,,,,,,,,,,,,,,,,,,,,,,,,,,,,,,,,,,,,,,,,,,,,,,,,,,,,,,,,,,,,,,,,,,,,,,,,,,0,0,0,0,0,0,0,0,0,0,0,0,0,0,0,0,,,,,,,,,,,,,,,,,,,,,,,,,,,,,,,,,,,,,,,,,,,2015-04-10,day,,,Northern,Kaputa,kaputa area,2026-10-06T12:29:33+00:00,DesInventar Zambia (UNDRR) — DI_export_zmb.zip
178,04,0410,,Luapula,Mwense,,FLOOD,Mwense constituency,2014,4,10,0,0,0,0,0,0,,Road Development Agency,0,0,KARSON,2017-05-11,0,0,0,0,0,0,0,0,0,0,0,0,0,0,0,0,,Heavy rains,1,,0,0,0,0,0,0,0,0,0,0,0,0,133,,,0,0,0,4a736543-8185-44a9-aacd-46ebc2e1f212,Construction of mukata crossing point which was washed away ,133,1,0,0,0,0,0,0,0,0,0,0,0,0,0,0,0,0,0,0,0,0,0,0,0,0,0,0,0,0,0,0,0,0,0,0,0,0,0,0,0,0,0,,,,,,,,,,,,,,,,,,,,,,,,,,,,,,,,,,,,,,,,,,,,,,,,,,,,,,,,,,,,,,,,,,,,,,,,,,,,,,,,,,,,,,,,,,,,,,,,,,,,,0,0,0,0,0,0,0,0,0,0,0,0,0,0,0,0,,,,,,,,,,,,,,,,,,,,,,,,,,,,,,,,,,,,,,,,,,,2014-04-10,day,,,Luapula,Mwense,Mwense constituency,2026-10-06T12:29:33+00:00,DesInventar Zambia (UNDRR) — DI_export_zmb.zip
181,04,0406,,Luapula,Nchelenge,,FLOOD,Nchelenge area,2014,0,0,0,0,0,0,0,0,,The director RDA luapula,0,0,KARSON,2017-05-11,0,0,0,0,0,0,0,0,0,0,0,0,0,0,0,0,,Heavy rains,1,,0,0,0,0,0,0,0,0,0,0,0,0,135,,,0,0,0,0f2eca64-a35c-4de6-9ea1-f15852fe9743,"Request for funds for the construction/repair of seven (7) Nchelenge district wash away amounting to k1,412,069  ",135,7,0,0,0,0,0,0,0,0,0,0,0,0,0,0,0,0,0,0,0,0,0,0,0,0,0,0,0,0,0,0,0,0,0,0,0,0,0,0,0,0,0,,,,,,,,,,,,,,,,,,,,,,,,,,,,,,,,,,,,,,,,,,,,,,,,,,,,,,,,,,,,,,,,,,,,,,,,,,,,,,,,,,,,,,,,,,,,,,,,,,,,,0,0,0,0,0,0,0,0,0,0,0,0,0,0,0,0,,,,,,,,,,,,,,,,,,,,,,,,,,,,,,,,,,,,,,,,,,,2014,year,,,Luapula,Nchelenge,Nchelenge area,2026-10-06T12:29:33+00:00,DesInventar Zambia (UNDRR) — DI_export_zmb.zip
183,07,0705,,North-Western,Solwezi,,FLOOD,Chief Mumena's area ,2010,0,0,0,0,0,0,110,0,,DMMU OFFICE ,0,0,KARSON,2017-05-24,0,0,0,0,-1,0,0,1,0,0,0,0,0,0,0,0,,Excessive rainfull and walls being soaked,0,,0,0,0,0,0,0,0,0,0,0,0,0,137,,,0,0,0,5da09efe-1a80-4b66-8901-62a7e7b0c750,"110 houses in two(2)areas collapsed,80 in tundula and 30 houses in konkwa  ",137,0,0,0,0,0,0,0,0,0,0,0,0,0,0,0,0,0,0,0,0,0,0,0,0,0,0,0,0,0,0,0,0,0,0,0,0,0,0,0,0,0,0,,,,,,,,,,,,,,,,,,,,,,,,,,,,,,,,,,,,,,,,,,,,,,,,,,,,,,,,,,,,,,,,,,,,,,,,,,,,,,,,,,,,,,,,,,,,,,,,,,,,,0,0,0,4.37590104,606.06373778,0.00012539,2541000,0,0,2541000,0,2541000,0,0,0,0,,,,,,,,,,,,,,,,,,,,,,,,,,,,,,,,,,,,,,,,,,,2010,year,,,North-Western,Solwezi,Chief Mumena's area ,2026-10-06T12:29:33+00:00,DesInventar Zambia (UNDRR) — DI_export_zmb.zip
184,04,0403,,Luapula,Mansa,,FLOOD,heavy rains,2010,0,0,0,0,0,0,0,0,,Regional Coordinator,0,0,KARSON,2017-05-24,0,0,0,0,0,0,0,0,0,0,0,0,0,0,0,0,,milenge constituency ,1,,0,0,0,0,0,0,0,0,0,0,0,0,138,,,0,0,0,af136a62-d8c8-4b76-9ed3-ace491b74f26,About 4km stretch road damaged due to heavy rainfall kansanka-milenge road ,138,0,0,0,0,0,0,0,0,0,0,0,0,0,0,0,0,0,0,0,0,0,0,0,0,0,0,0,0,0,0,0,0,0,0,0,0,0,0,0,0,0,0,,,,,,,,,,,,,,,,,,,,,,,,,,,,,,,,,,,,,,,,,,,,,,,,,,,,,,,,,,,,,,,,,,,,,,,,,,,,,,,,,,,,,,,,,,,,,,,,,,,,,0,0,0,0,0,0,0,0,0,0,0,0,0,0,0,0,,,,,,,,,,,,,,,,,,,,,,,,,,,,,,,,,,,,,,,,,,,2010,year,,,Luapula,Mansa,heavy rains,2026-10-06T12:29:33+00:00,DesInventar Zambia (UNDRR) — DI_export_zmb.zip
186,01,0111,,Central,Serenje,,FLOOD,lulimala ward,2009,0,0,0,0,0,1050,150,0,,District Disaster management committee ,0,0,KARSON,2017-05-24,0,0,0,-1,-1,0,0,1,0,1,0,0,0,0,0,0,,heavy rains experienced in the area ,1,,0,0,0,0,0,0,0,0,0,0,0,0,140,,,0,0,0,71de830e-74e0-4f59-9ff8-edc7b46865c0,"*150 houses collapsed 
*All school toilets at katonga basic school were submerged 
*three churches collapsed 
*main road to Katonga was submerged  ",140,0,0,0,0,0,0,0,0,0,0,0,0,0,0,0,0,0,0,0,0,0,0,0,0,0,0,0,0,0,0,0,0,0,0,0,0,0,0,0,0,0,0,,,,,,,,,,,,,,,,,,,,,,,,,,,,,,,,,,,,,,,,,,,,,,,,,,,,,,,,,,,,,,,,,,,,,,,,,,,,,,,,,,,,,,,,,,,,,,,,,,,,,0,0,0,6.14168357,826.45055152,0.00022458,3442500,0,0,3442500,0,3442500,0,0,0,0,,,,,,,,,,,,,,,,,,,,,,,,,,,,,,,,,,,,,,,,,,,2009,year,,,Central,Serenje,lulimala ward,2026-10-06T12:29:33+00:00,DesInventar Zambia (UNDRR) — DI_export_zmb.zip
187,07,0703,,North-Western,Mufumbwe,,FLOOD,kalambo,2016,0,0,0,0,0,0,0,0,,Regional Coordinator,0,0,KARSON,2017-05-24,0,0,0,0,0,0,0,1,0,0,0,0,0,0,0,0,,Heavy rains,0,,0,0,0,0,0,0,0,0,0,0,0,0,141,,,0,0,0,4fd984cb-0637-420f-9c9d-b7e6ceeb27af,Request for sixty (60) tents to support the kabompo families which had their houses collapsed completely .others had their roofs blown off ,141,0,0,0,0,0,0,0,0,0,0,0,0,0,0,0,0,0,0,0,0,0,0,0,0,0,0,0,0,0,0,0,0,0,0,0,0,0,0,0,0,0,0,,,,,,,,,,,,,,,,,,,,,,,,,,,,,,,,,,,,,,,,,,,,,,,,,,,,,,,,,,,,,,,,,,,,,,,,,,,,,,,,,,,,,,,,,,,,,,,,,,,,,0,0,0,0,0,0,0,0,0,0,0,0,0,0,0,0,,,,,,,,,,,,,,,,,,,,,,,,,,,,,,,,,,,,,,,,,,,2016,year,,,North-Western,Mufumbwe,kalambo,2026-10-06T12:29:33+00:00,DesInventar Zambia (UNDRR) — DI_export_zmb.zip
189,01,0111,,Central,Serenje,,FLOOD,Serenje area,2010,0,0,0,0,0,0,0,0,,ZVAC ASSESMENT REPORT,0,0,KARSON,2017-06-05,0,0,0,0,0,0,0,0,1,0,0,0,0,0,0,0,,Heavy rains,0,,0,0,0,0,0,0,0,0,0,0,0,0,143,,,0,0,0,a98c361c-54c3-4c6e-9ae2-cdc5a036022c,Mpelembe Healthy facility was damaged due to heavy rains experienced in the area  ,143,0,0,0,0,0,0,0,0,0,0,0,0,0,1,0,0,0,0,0,0,0,0,0,0,0,0,0,0,0,0,0,0,0,0,0,0,0,0,0,0,0,0,,,,,,,,,,,,,,,,,,,,,,,,,,,,,,,,,,,,,,,,,,,,,,,,,,,,,,,,,,,,,,,,,,,,,,,,,,,,,,,,,,,,,,,,,,,,,,,,,,,,,0,0,0,0,0,0,0,0,0,0,0,0,0,0,0,0,,,,,,,,,,,,,,,,,,,,,,,,,,,,,,,,,,,,,,,,,,,2010,year,,,Central,Serenje,Serenje area,2026-10-06T12:29:33+00:00,DesInventar Zambia (UNDRR) — DI_export_zmb.zip
190,01,0111,,Central,Serenje,,FLOOD,muchinka,2010,0,0,0,0,0,0,0,0,,ZVAC ASSESMENT REPORT,0,0,KARSON,2017-06-05,0,0,0,0,0,0,0,0,1,0,0,0,0,0,0,0,,Heavy rains,0,,0,0,0,0,0,0,0,0,0,0,0,0,144,,,0,0,0,05099a11-503a-4ca8-8052-ebfa3656676f,Muchinka healthy post was damaged due to heavy rains experienced in the area  ,144,0,0,0,0,0,0,0,0,0,0,0,0,0,1,0,0,0,0,0,0,0,0,0,0,0,0,0,0,0,0,0,0,0,0,0,0,0,0,0,0,0,0,,,,,,,,,,,,,,,,,,,,,,,,,,,,,,,,,,,,,,,,,,,,,,,,,,,,,,,,,,,,,,,,,,,,,,,,,,,,,,,,,,,,,,,,,,,,,,,,,,,,,0,0,0,0,0,0,0,0,0,0,0,0,0,0,0,0,,,,,,,,,,,,,,,,,,,,,,,,,,,,,,,,,,,,,,,,,,,2010,year,,,Central,Serenje,muchinka,2026-10-06T12:29:33+00:00,DesInventar Zambia (UNDRR) — DI_export_zmb.zip
191,07,0702,,North-Western,Chavuma,,FLOOD,Nyantanda healthy post ,2010,0,0,0,0,0,0,0,0,,ZVAC ASSESMENT REPORT,0,0,KARSON,2017-06-05,0,0,0,0,0,0,0,0,1,0,0,0,0,0,0,0,,Heavy rains,0,,0,0,0,0,0,0,0,0,0,0,0,0,145,,,0,0,0,9454adf6-1c65-4f22-bde0-4aa921cf38d0,"Nyantanda Healthy post was badly damaged due to heavy rains.Others things that were damaged were 1 incinerator,1 mothers shelter, 1 lab,1 water point and 1 staff house ",145,0,0,0,0,0,0,0,0,0,0,0,0,0,1,0,0,0,0,0,0,0,0,0,0,0,0,0,0,0,0,0,0,0,0,0,0,0,0,0,0,0,0,,,,,,,,,,,,,,,,,,,,,,,,,,,,,,,,,,,,,,,,,,,,,,,,,,,,,,,,,,,,,,,,,,,,,,,,,,,,,,,,,,,,,,,,,,,,,,,,,,,,,0,0,0,0,0,0,0,0,0,0,0,0,0,0,0,0,,,,,,,,,,,,,,,,,,,,,,,,,,,,,,,,,,,,,,,,,,,2010,year,,,North-Western,Chavuma,Nyantanda healthy post ,2026-10-06T12:29:33+00:00,DesInventar Zambia (UNDRR) — DI_export_zmb.zip
192,09,0903,,Southern,Gwembe,,FLOOD,Gwembe area ,2010,0,0,0,0,0,0,0,0,,ZVAC ASSESMENT REPORT,0,0,KARSON,2017-06-05,0,0,0,0,0,0,0,0,1,0,0,0,0,0,0,0,,Heavy rains,0,,0,0,0,0,0,0,0,0,0,0,0,0,146,,,0,0,0,bff52a64-f58b-4356-9119-c672c19ea914,Choboboma healthy post was damaged in the 2009-2010 rain season ,146,0,0,0,0,0,0,0,0,0,0,0,0,0,1,0,0,0,0,0,0,0,0,0,0,0,0,0,0,0,0,0,0,0,0,0,0,0,0,0,0,0,0,,,,,,,,,,,,,,,,,,,,,,,,,,,,,,,,,,,,,,,,,,,,,,,,,,,,,,,,,,,,,,,,,,,,,,,,,,,,,,,,,,,,,,,,,,,,,,,,,,,,,0,0,0,0,0,0,0,0,0,0,0,0,0,0,0,0,,,,,,,,,,,,,,,,,,,,,,,,,,,,,,,,,,,,,,,,,,,2010,year,,,Southern,Gwembe,Gwembe area ,2026-10-06T12:29:33+00:00,DesInventar Zambia (UNDRR) — DI_export_zmb.zip
193,09,0906,,Southern,Kazungula,,FLOOD,kazungula area ,2010,0,0,0,0,0,0,0,0,,ZVAC ASSESMENT REPORT,0,0,KARSON,2017-06-05,0,0,0,0,0,0,0,0,1,0,0,0,0,0,0,0,,Heavy rains,0,,0,0,0,0,0,0,0,0,0,0,0,0,147,,,0,0,0,1ad4c803-f080-44dd-b0e0-1243f0fad41a,Simango healthy post was damaged by the 2009-2010 rains,147,0,0,0,0,0,0,0,0,0,0,0,0,0,1,0,0,0,0,0,0,0,0,0,0,0,0,0,0,0,0,0,0,0,0,0,0,0,0,0,0,0,0,,,,,,,,,,,,,,,,,,,,,,,,,,,,,,,,,,,,,,,,,,,,,,,,,,,,,,,,,,,,,,,,,,,,,,,,,,,,,,,,,,,,,,,,,,,,,,,,,,,,,0,0,0,0,0,0,0,0,0,0,0,0,0,0,0,0,,,,,,,,,,,,,,,,,,,,,,,,,,,,,,,,,,,,,,,,,,,2010,year,,,Southern,Kazungula,kazungula area ,2026-10-06T12:29:33+00:00,DesInventar Zambia (UNDRR) — DI_export_zmb.zip
194,09,0909,,Southern,Namwala,,FLOOD,namwala area,2010,0,0,0,0,0,0,0,0,,ZVAC ASSESMENT REPORT,0,0,KARSON,2017-06-05,0,0,0,0,0,0,0,0,1,0,0,0,0,0,0,0,,heavy rains experienced in the area,0,,0,0,0,0,0,0,0,0,0,0,0,0,148,,,0,0,0,e4d08f07-6cb9-4a17-a309-99e79296f43e,Namachila healthy post was damaged in the 2009-2010 rain season ,148,0,0,0,0,0,0,0,0,0,0,0,0,0,1,0,0,0,0,0,0,0,0,0,0,0,0,0,0,0,0,0,0,0,0,0,0,0,0,0,0,0,0,,,,,,,,,,,,,,,,,,,,,,,,,,,,,,,,,,,,,,,,,,,,,,,,,,,,,,,,,,,,,,,,,,,,,,,,,,,,,,,,,,,,,,,,,,,,,,,,,,,,,0,0,0,0,0,0,0,0,0,0,0,0,0,0,0,0,,,,,,,,,,,,,,,,,,,,,,,,,,,,,,,,,,,,,,,,,,,2010,year,,,Southern,Namwala,namwala area,2026-10-06T12:29:33+00:00,DesInventar Zambia (UNDRR) — DI_export_zmb.zip
195,10,1004,,Western,Kalabo,,FLOOD,kalabo area ,2010,0,0,0,0,0,0,0,0,,ZVAC ASSESMENT REPORT,0,0,KARSON,2017-06-05,0,0,0,0,0,0,0,0,1,0,0,0,0,0,0,0,,Heavy rains,0,,0,0,0,0,0,0,0,0,0,0,0,0,149,,,0,0,0,f97518c9-ddef-432b-bb7e-1bfc53fbe0b7,Nagole RH post was damaged due to heavy rains experienced in the area ,149,0,0,0,0,0,0,0,0,0,0,0,0,0,1,0,0,0,0,0,0,0,0,0,0,0,0,0,0,0,0,0,0,0,0,0,0,0,0,0,0,0,0,,,,,,,,,,,,,,,,,,,,,,,,,,,,,,,,,,,,,,,,,,,,,,,,,,,,,,,,,,,,,,,,,,,,,,,,,,,,,,,,,,,,,,,,,,,,,,,,,,,,,0,0,0,0,0,0,0,0,0,0,0,0,0,0,0,0,,,,,,,,,,,,,,,,,,,,,,,,,,,,,,,,,,,,,,,,,,,2010,year,,,Western,Kalabo,kalabo area ,2026-10-06T12:29:33+00:00,DesInventar Zambia (UNDRR) — DI_export_zmb.zip
197,10,1006,,Western,Lukulu,,FLOOD,lukulu area,2010,0,0,0,0,0,0,0,0,,ZVAC ASSESMENT REPORT,0,0,KARSON,2017-06-06,0,0,0,0,0,0,0,0,1,0,0,0,0,0,0,0,,Heavy rains,0,,0,0,0,0,0,0,0,0,0,0,0,0,151,,,0,0,0,00e1326d-cbd4-45d9-93f2-3bfbc9a0599a,Lupai healthy post got damaged during the 2009-2010 rain season ,151,0,0,0,0,0,0,0,0,0,0,0,0,0,1,0,0,0,0,0,0,0,0,0,0,0,0,0,0,0,0,0,0,0,0,0,0,0,0,0,0,0,0,,,,,,,,,,,,,,,,,,,,,,,,,,,,,,,,,,,,,,,,,,,,,,,,,,,,,,,,,,,,,,,,,,,,,,,,,,,,,,,,,,,,,,,,,,,,,,,,,,,,,0,0,0,0,0,0,0,0,0,0,0,0,0,0,0,0,,,,,,,,,,,,,,,,,,,,,,,,,,,,,,,,,,,,,,,,,,,2010,year,,,Western,Lukulu,lukulu area,2026-10-06T12:29:33+00:00,DesInventar Zambia (UNDRR) — DI_export_zmb.zip
198,10,1003,,Western,Mongu,,FLOOD,mongu area ,2010,0,0,0,0,0,0,0,0,,ZVAC ASSESMENT REPORT,0,0,KARSON,2017-06-06,0,0,0,0,0,0,0,0,1,0,0,0,0,0,0,0,,heavy rains ,0,,0,0,0,0,0,0,0,0,0,0,0,0,152,,,0,0,0,56635b29-b88b-4437-a6d5-851a21552cf5,"Damaged healthy post Liyolelo RHC..Other damages were (1)maternity, (1)MCH,(1)lab,(1)water points and (1) staff house ",152,0,0,0,0,0,0,0,0,0,0,0,0,0,1,0,0,0,0,0,0,0,0,0,0,0,0,0,0,0,0,0,0,0,0,0,0,0,0,0,0,0,0,,,,,,,,,,,,,,,,,,,,,,,,,,,,,,,,,,,,,,,,,,,,,,,,,,,,,,,,,,,,,,,,,,,,,,,,,,,,,,,,,,,,,,,,,,,,,,,,,,,,,0,0,0,0,0,0,0,0,0,0,0,0,0,0,0,0,,,,,,,,,,,,,,,,,,,,,,,,,,,,,,,,,,,,,,,,,,,2010,year,,,Western,Mongu,mongu area ,2026-10-06T12:29:33+00:00,DesInventar Zambia (UNDRR) — DI_export_zmb.zip
199,10,1003,,Western,Mongu,,FLOOD,mongu area,2010,0,0,0,0,0,0,0,1,One staff house ,ZVAC ASSESMENT REPORT,0,0,KARSON,2017-06-06,0,0,0,0,0,-1,0,0,1,0,0,0,0,0,0,0,,heavy rains experienced in the area,0,,0,0,0,0,0,0,0,0,0,0,0,0,153,,,0,0,0,67ef52fe-cad7-44c0-8305-b6be206a6c82,Nomitume healthy post was damaged due to heavy rains ,153,0,0,0,0,0,0,0,0,0,0,0,0,0,1,0,0,0,0,0,0,0,0,0,0,0,0,0,0,0,0,0,0,0,0,0,0,0,0,0,0,0,0,,,,,,,,,,,,,,,,,,,,,,,,,,,,,,,,,,,,,,,,,,,,,,,,,,,,,,,,,,,,,,,,,,,,,,,,,,,,,,,,,,,,,,,,,,,,,,,,,,,,,0,0,0,0.03978092,5.50967034,2.8e-07,5775,0,0,5775,5775,0,0,0,0,0,,,,,,,,,,,,,,,,,,,,,,,,,,,,,,,,,,,,,,,,,,,2010,year,,,Western,Mongu,mongu area,2026-10-06T12:29:33+00:00,DesInventar Zambia (UNDRR) — DI_export_zmb.zip
200,10,1002,,Western,Senanga,,FLOOD,senanga area ,2010,0,0,0,0,0,0,0,0,One maternity ward ,ZVAC ASSESMENT REPORT,0,0,KARSON,2017-06-06,0,0,0,0,0,0,0,0,1,0,0,0,0,0,0,0,,heavy rains experienced in the area,0,,0,0,0,0,0,0,0,0,0,0,0,0,154,,,0,0,0,378c14f6-ed8b-4def-b995-e371f748e6cd,Nambwae Upper PHC was also damaged ,154,0,0,0,0,0,0,0,0,0,0,0,0,0,1,0,0,0,0,0,0,0,0,0,0,0,0,0,0,0,0,0,0,0,0,0,0,0,0,0,0,0,0,,,,,,,,,,,,,,,,,,,,,,,,,,,,,,,,,,,,,,,,,,,,,,,,,,,,,,,,,,,,,,,,,,,,,,,,,,,,,,,,,,,,,,,,,,,,,,,,,,,,,0,0,0,0,0,0,0,0,0,0,0,0,0,0,0,0,,,,,,,,,,,,,,,,,,,,,,,,,,,,,,,,,,,,,,,,,,,2010,year,,,Western,Senanga,senanga area ,2026-10-06T12:29:33+00:00,DesInventar Zambia (UNDRR) — DI_export_zmb.zip
201,10,1002,,Western,Senanga,,FLOOD,senanga area,2010,0,0,0,0,0,0,0,0,,ZVAC ASSESMENT REPORT,0,0,KARSON,2017-06-06,0,0,0,0,0,0,0,0,1,0,0,0,0,0,0,0,,heavy rains experienced in the area,0,,0,0,0,0,0,0,0,0,0,0,0,0,155,,,0,0,0,ee9665ea-2919-440a-b4b5-4b6e746819d9,"Affected infrastructure:1 healthy post, 1 maternity ward,1 MCH, 1 incinerator, 1 mothers shelter, 1 lab, 1 water point and 1 staff house.    ",155,0,0,0,0,0,0,0,0,0,0,0,0,0,1,0,0,0,0,0,0,0,0,0,0,0,0,0,0,0,0,0,0,0,0,0,0,0,0,0,0,0,0,,,,,,,,,,,,,,,,,,,,,,,,,,,,,,,,,,,,,,,,,,,,,,,,,,,,,,,,,,,,,,,,,,,,,,,,,,,,,,,,,,,,,,,,,,,,,,,,,,,,,0,0,0,0,0,0,0,0,0,0,0,0,0,0,0,0,,,,,,,,,,,,,,,,,,,,,,,,,,,,,,,,,,,,,,,,,,,2010,year,,,Western,Senanga,senanga area,2026-10-06T12:29:33+00:00,DesInventar Zambia (UNDRR) — DI_export_zmb.zip
202,10,1002,,Western,Senanga,,FLOOD,senanga area,2010,0,0,0,0,0,0,0,1,,ZVAC ASSESMENT REPORT,0,0,KARSON,2017-06-06,0,0,0,0,0,-1,0,0,1,0,0,0,0,0,0,0,,heavy rains experienced in the area,0,,0,0,0,0,0,0,0,0,0,0,0,0,156,,,0,0,0,21208b7a-21ce-4a4c-a024-d45c781b074a,"Affected infrastructure: Luiwanyau healthy post,maternity,MCH,incinerator,mothers shelter,lab,water point and staff house. ",156,0,0,0,0,0,0,0,0,0,0,0,0,0,1,0,0,0,0,0,0,0,0,0,0,0,0,0,0,0,0,0,0,0,0,0,0,0,0,0,0,0,0,,,,,,,,,,,,,,,,,,,,,,,,,,,,,,,,,,,,,,,,,,,,,,,,,,,,,,,,,,,,,,,,,,,,,,,,,,,,,,,,,,,,,,,,,,,,,,,,,,,,,0,0,0,0.03978092,5.50967034,2.8e-07,5775,0,0,5775,5775,0,0,0,0,0,,,,,,,,,,,,,,,,,,,,,,,,,,,,,,,,,,,,,,,,,,,2010,year,,,Western,Senanga,senanga area,2026-10-06T12:29:33+00:00,DesInventar Zambia (UNDRR) — DI_export_zmb.zip
203,10,1002,,Western,Senanga,,FLOOD,senanga area,2010,0,0,0,0,0,0,0,1,,ZVAC ASSESMENT REPORT,0,0,KARSON,2017-06-06,0,0,0,0,0,-1,0,0,1,0,0,0,0,0,0,0,,heavy rains experienced in the area,0,,0,0,0,0,0,0,0,0,0,0,0,0,157,,,0,0,0,7f2164ac-bc9f-41c4-97a7-61c4b7b14696,"Affected infrastructure:Nanjaka RHC,maternity,MCH,incinerator,mother shelter,lab,water points and staff house  ",157,0,0,0,0,0,0,0,0,0,0,0,0,0,1,0,0,0,0,0,0,0,0,0,0,0,0,0,0,0,0,0,0,0,0,0,0,0,0,0,0,0,0,,,,,,,,,,,,,,,,,,,,,,,,,,,,,,,,,,,,,,,,,,,,,,,,,,,,,,,,,,,,,,,,,,,,,,,,,,,,,,,,,,,,,,,,,,,,,,,,,,,,,0,0,0,0.03978092,5.50967034,2.8e-07,5775,0,0,5775,5775,0,0,0,0,0,,,,,,,,,,,,,,,,,,,,,,,,,,,,,,,,,,,,,,,,,,,2010,year,,,Western,Senanga,senanga area,2026-10-06T12:29:33+00:00,DesInventar Zambia (UNDRR) — DI_export_zmb.zip
204,09,0903,,Southern,Gwembe,,FLOOD,Gwembe area,2017,6,6,0,0,0,1,0,0,,ZVAC ASSESMENT REPORT,0,0,KARSON,2017-06-06,0,0,0,-1,0,0,0,1,0,0,0,0,0,0,0,0,,Heavy rains,0,,0,0,0,0,0,0,0,0,0,0,-1,1,158,,,0,0,0,4092fa2c-9a36-4b16-a3d8-49f1a153e61c,one household was misplaced due to floods in Gwenmbe area in southern province  ,158,0,0,0,0,0,0,0,0,0,0,0,0,0,0,0,0,0,0,0,0,0,0,0,0,0,0,0,0,0,0,0,0,0,0,0,0,0,0,0,0,0,0,,,,,,,,,,,,,,,,,,,,,,,,,,,,,,,,,,,,,,,,,,,,,,,,,,,,,,,,,,,,,,,,,,,,,,,,,,,,,,,,,,,,,,,,,,,,,,,,,,,,,0,0,0,0,0,0,0,0,0,0,0,0,0,0,0,0,,,,,,,,,,,,,,,,,,,,,,,,,,,,,,,,,,,,,,,,,,,2017-06-06,day,,,Southern,Gwembe,Gwembe area,2026-10-06T12:29:33+00:00,DesInventar Zambia (UNDRR) — DI_export_zmb.zip
205,09,0906,,Southern,Kazungula,,FLOOD,kazungula area,2010,0,0,0,0,0,1,0,0,,ZVAC ASSESMENT REPORT,0,0,KARSON,2017-06-06,0,0,0,-1,0,0,0,1,0,0,0,0,0,0,0,0,,Heavy rains,0,,0,0,0,0,0,0,0,0,0,0,-1,1,159,,,0,0,0,a29450a0-dc64-4f08-8292-38e1781fe028,One household was displaced by heavy rains ,159,0,0,0,0,0,0,0,0,0,0,0,0,0,0,0,0,0,0,0,0,0,0,0,0,0,0,0,0,0,0,0,0,0,0,0,0,0,0,0,0,0,0,,,,,,,,,,,,,,,,,,,,,,,,,,,,,,,,,,,,,,,,,,,,,,,,,,,,,,,,,,,,,,,,,,,,,,,,,,,,,,,,,,,,,,,,,,,,,,,,,,,,,0,0,0,0,0,0,0,0,0,0,0,0,0,0,0,0,,,,,,,,,,,,,,,,,,,,,,,,,,,,,,,,,,,,,,,,,,,2010,year,,,Southern,Kazungula,kazungula area,2026-10-06T12:29:33+00:00,DesInventar Zambia (UNDRR) — DI_export_zmb.zip
206,09,0909,,Southern,Namwala,,FLOOD,namwala area,2010,0,0,0,0,0,0,0,0,,ZVAC ASSESMENT REPORT,0,0,KARSON,2017-06-06,0,0,0,0,0,0,0,0,0,0,0,0,0,0,0,0,,washed away,0,,0,0,0,0,0,0,0,2,0,-1,-1,2,160,,,0,0,0,c6e17b7e-bb20-4df4-aab7-9e782239ffc8,Two households were displaced due to heavy rains that the area experienced ,160,0,0,0,0,0,0,0,0,0,0,0,0,0,0,0,0,0,0,0,0,0,0,0,0,0,0,0,0,0,0,0,0,0,0,0,0,0,0,0,0,0,0,,,,,,,,,,,,,,,,,,,,,,,,,,,,,,,,,,,,,,,,,,,,,,,,,,,,,,,,,,,,,,,,,,,,,,,,,,,,,,,,,,,,,,,,,,,,,,,,,,,,,0,0,0,0,0,0,0,0,0,0,0,0,0,0,0,0,,,,,,,,,,,,,,,,,,,,,,,,,,,,,,,,,,,,,,,,,,,2010,year,,,Southern,Namwala,namwala area,2026-10-06T12:29:33+00:00,DesInventar Zambia (UNDRR) — DI_export_zmb.zip
207,09,0902,,Southern,Sinazongwe,,FLOOD,sinazongwe area ,2010,0,0,0,0,0,11,0,0,,ZVAC ASSESMENT REPORT,0,0,KARSON,2017-06-06,0,0,0,-1,0,0,0,1,0,0,0,0,0,0,0,0,,Heavy rains,0,,0,0,0,0,0,0,0,0,0,0,-1,11,161,,,0,0,0,5eb942ea-3c0c-4602-8628-1788e092aebf,Eleven (11) households were displaced by heavy rains  ,161,0,0,0,0,0,0,0,0,0,0,0,0,0,0,0,0,0,0,0,0,0,0,0,0,0,0,0,0,0,0,0,0,0,0,0,0,0,0,0,0,0,0,,,,,,,,,,,,,,,,,,,,,,,,,,,,,,,,,,,,,,,,,,,,,,,,,,,,,,,,,,,,,,,,,,,,,,,,,,,,,,,,,,,,,,,,,,,,,,,,,,,,,0,0,0,0,0,0,0,0,0,0,0,0,0,0,0,0,,,,,,,,,,,,,,,,,,,,,,,,,,,,,,,,,,,,,,,,,,,2010,year,,,Southern,Sinazongwe,sinazongwe area ,2026-10-06T12:29:33+00:00,DesInventar Zambia (UNDRR) — DI_export_zmb.zip
208,10,1004,,Western,Kalabo,,FLOOD,kalabo area,2010,0,0,0,0,0,13,0,0,,ZVAC ASSESMENT REPORT,0,0,KARSON,2017-06-06,0,0,0,-1,0,0,0,1,0,0,0,0,0,0,0,0,,Heavy rains,0,,0,0,0,0,0,0,0,0,0,0,-1,13,162,,,0,0,0,fd20640c-c750-44ba-b4a1-7950c06d2f9c,"13 households were displaces in the 2009-2010 rain season  









",162,0,0,0,0,0,0,0,0,0,0,0,0,0,0,0,0,0,0,0,0,0,0,0,0,0,0,0,0,0,0,0,0,0,0,0,0,0,0,0,0,0,0,,,,,,,,,,,,,,,,,,,,,,,,,,,,,,,,,,,,,,,,,,,,,,,,,,,,,,,,,,,,,,,,,,,,,,,,,,,,,,,,,,,,,,,,,,,,,,,,,,,,,0,0,0,0,0,0,0,0,0,0,0,0,0,0,0,0,,,,,,,,,,,,,,,,,,,,,,,,,,,,,,,,,,,,,,,,,,,2010,year,,,Western,Kalabo,kalabo area,2026-10-06T12:29:33+00:00,DesInventar Zambia (UNDRR) — DI_export_zmb.zip
209,10,1006,,Western,Lukulu,,FLOOD,lukulu area,2010,0,0,0,0,0,16,0,0,,ZVAC ASSESMENT REPORT,0,0,KARSON,2017-06-06,0,0,0,-1,0,0,0,1,0,0,0,0,0,0,0,0,,Heavy rain,0,,0,0,0,0,0,0,0,0,0,0,-1,16,163,,,0,0,0,d1f6c4d2-998a-44dd-a5a8-8b69fedd50b9,16 households were displaces during the 2009-2010 rain season in lukulu area western province ,163,0,0,0,0,0,0,0,0,0,0,0,0,0,0,0,0,0,0,0,0,0,0,0,0,0,0,0,0,0,0,0,0,0,0,0,0,0,0,0,0,0,0,,,,,,,,,,,,,,,,,,,,,,,,,,,,,,,,,,,,,,,,,,,,,,,,,,,,,,,,,,,,,,,,,,,,,,,,,,,,,,,,,,,,,,,,,,,,,,,,,,,,,0,0,0,0,0,0,0,0,0,0,0,0,0,0,0,0,,,,,,,,,,,,,,,,,,,,,,,,,,,,,,,,,,,,,,,,,,,2010,year,,,Western,Lukulu,lukulu area,2026-10-06T12:29:33+00:00,DesInventar Zambia (UNDRR) — DI_export_zmb.zip
210,10,1003,,Western,Mongu,,FLOOD,mongu area,2010,0,0,0,0,0,19,0,0,,ZVAC ASSESMENT REPORT,0,0,KARSON,2017-06-06,0,0,0,-1,0,0,0,1,0,0,0,0,0,0,0,0,,Heavy rains,0,,0,0,0,0,0,0,0,0,0,0,-1,19,164,,,0,0,0,e24f05aa-4880-4aaf-bf41-92380a0c9fa9,19 households were displaced in mongu western province ,164,0,0,0,0,0,0,0,0,0,0,0,0,0,0,0,0,0,0,0,0,0,0,0,0,0,0,0,0,0,0,0,0,0,0,0,0,0,0,0,0,0,0,,,,,,,,,,,,,,,,,,,,,,,,,,,,,,,,,,,,,,,,,,,,,,,,,,,,,,,,,,,,,,,,,,,,,,,,,,,,,,,,,,,,,,,,,,,,,,,,,,,,,0,0,0,0,0,0,0,0,0,0,0,0,0,0,0,0,,,,,,,,,,,,,,,,,,,,,,,,,,,,,,,,,,,,,,,,,,,2010,year,,,Western,Mongu,mongu area,2026-10-06T12:29:33+00:00,DesInventar Zambia (UNDRR) — DI_export_zmb.zip
211,10,1002,,Western,Senanga,,FLOOD,senanga area,2010,0,0,0,0,0,21,0,0,,ZVAC ASSESMENT REPORT,0,0,KARSON,2017-06-06,0,0,0,-1,0,0,0,1,0,0,0,0,0,0,0,0,,heavy rains experienced in the area,0,,0,0,0,0,0,0,0,0,0,0,-1,21,165,,,0,0,0,70afdf82-6fea-4cb2-ba4d-e8950ad4d370,21 households were displaced in senanga area western province ,165,0,0,0,0,0,0,0,0,0,0,0,0,0,0,0,0,0,0,0,0,0,0,0,0,0,0,0,0,0,0,0,0,0,0,0,0,0,0,0,0,0,0,,,,,,,,,,,,,,,,,,,,,,,,,,,,,,,,,,,,,,,,,,,,,,,,,,,,,,,,,,,,,,,,,,,,,,,,,,,,,,,,,,,,,,,,,,,,,,,,,,,,,0,0,0,0,0,0,0,0,0,0,0,0,0,0,0,0,,,,,,,,,,,,,,,,,,,,,,,,,,,,,,,,,,,,,,,,,,,2010,year,,,Western,Senanga,senanga area,2026-10-06T12:29:33+00:00,DesInventar Zambia (UNDRR) — DI_export_zmb.zip
212,10,1001,,Western,Shangombo,,FLOOD,shangombo area ,2010,0,0,0,0,0,22,0,0,,ZVAC ASSESMENT REPORT,0,0,KARSON,2017-06-06,0,0,0,-1,0,0,0,1,0,0,0,0,0,0,0,0,,floods,0,,0,0,0,0,0,0,0,0,0,0,-1,22,166,,,0,0,0,3365d6ba-5a84-489b-9859-ce54fd183e63,22 households were displaced in western province ,166,0,0,0,0,0,0,0,0,0,0,0,0,0,0,0,0,0,0,0,0,0,0,0,0,0,0,0,0,0,0,0,0,0,0,0,0,0,0,0,0,0,0,,,,,,,,,,,,,,,,,,,,,,,,,,,,,,,,,,,,,,,,,,,,,,,,,,,,,,,,,,,,,,,,,,,,,,,,,,,,,,,,,,,,,,,,,,,,,,,,,,,,,0,0,0,0,0,0,0,0,0,0,0,0,0,0,0,0,,,,,,,,,,,,,,,,,,,,,,,,,,,,,,,,,,,,,,,,,,,2010,year,,,Western,Shangombo,shangombo area ,2026-10-06T12:29:33+00:00,DesInventar Zambia (UNDRR) — DI_export_zmb.zip
213,10,1007,,Western,Sesheke,,FLOOD,sesheke area ,2010,0,0,0,0,0,12,12,0,,ZVAC ASSESMENT REPORT,0,0,KARSON,2017-06-06,0,0,0,-1,-1,0,0,1,0,0,0,0,0,0,0,0,,,0,,0,0,0,0,0,0,0,0,0,0,-1,12,167,,,0,0,0,2a3f82d9-999f-46ef-940e-97baeca20097,12 households were displaced in sesheke western province ,167,0,0,0,0,0,0,0,0,0,0,0,0,0,0,0,0,0,0,0,0,0,0,0,0,0,0,0,0,0,0,0,0,0,0,0,0,0,0,0,0,0,0,,,,,,,,,,,,,,,,,,,,,,,,,,,,,,,,,,,,,,,,,,,,,,,,,,,,,,,,,,,,,,,,,,,,,,,,,,,,,,,,,,,,,,,,,,,,,,,,,,,,,0,0,0,0.47737102,66.11604412,1.368e-05,277200,0,0,277200,0,277200,0,0,0,0,,,,,,,,,,,,,,,,,,,,,,,,,,,,,,,,,,,,,,,,,,,2010,year,,,Western,Sesheke,sesheke area ,2026-10-06T12:29:33+00:00,DesInventar Zambia (UNDRR) — DI_export_zmb.zip
98,05,0501,,Lusaka,Lusaka,,FLOOD,NORTH GREAT ROAD,2008,3,8,0,0,0,0,0,0,NIL,TIMOTHY M. HAKUYU,0,0,C.KATUTA,2017-05-04,0,0,0,0,0,0,0,0,0,0,0,0,0,0,0,0,,Heavy rainfall,1,,0,0,0,0,0,0,0,0,0,0,0,0,1287,,,0,0,0,62077a9f-90a2-4bfc-93fa-3f32e4a9fb9d,LUMUMBA/MANDEVU JUNCTION,1287,0,1,0,0,0,0,0,0,0,0,0,1,0,0,0,0,0,0,0,0,0,0,0,0,0,0,0,0,0,0,0,0,0,0,0,0,0,0,0,0,0,0,,,,,,,,,,,,,,,,,,,,,,,,,,,,,,,,,,,,,,,,,,,,,,,,,,,,,,,,,,,,,,,,,,,,,,,,,,,,,,,,,,,,,,,,,,,,,,,,,,,,,0,0,0,0,0,0,0,0,0,0,0,0,0,0,0,0,,,,,,,,,,,,,,,,,,,,,,,,,,,,,,,,,,,,,,,,,,,2008-03-08,day,,,Lusaka,Lusaka,NORTH GREAT ROAD,2026-10-06T12:29:33+00:00,DesInventar Zambia (UNDRR) — DI_export_zmb.zip
194,01,0104,,Central,Mumbwa,,FLOOD,MWEMBESHI,2008,1,21,0,0,0,1000,0,0,,P.S,0,0,c. katuta,2017-05-08,0,0,0,-1,0,0,0,0,0,0,0,0,0,0,0,0,,Heavy rainfall,0,,0,0,0,0,0,0,1000,0,-1,0,0,0,1372,,,0,0,0,4027771d-f072-40d5-a7c4-8d42771948ef,,1372,0,0,0,0,0,0,0,0,0,0,0,0,0,0,0,0,0,0,0,0,0,0,0,0,0,0,0,0,0,0,0,0,0,0,0,0,0,0,0,0,0,0,,,,,,,,,,,,,,,,,,,,,,,,,,,,,,,,,,,,,,,,,,,,,,,,,,,,,,,,,,,,,,,,,,,,,,,,,,,,,,,,,,,,,,,,,,,,,,,,,,,,,0,0,0,0,0,0,0,0,0,0,0,0,0,0,0,0,,,,,,,,,,,,,,,,,,,,,,,,,,,,,,,,,,,,,,,,,,,2008-01-21,day,,,Central,Mumbwa,MWEMBESHI,2026-10-06T12:29:33+00:00,DesInventar Zambia (UNDRR) — DI_export_zmb.zip
47,08,0808,,Northern,Nsama,,FLOOD,MWEMBESHI,2014,4,8,0,0,0,0,0,0,,District Commisioner,0,0,Tinenenji,2017-05-03,0,0,0,0,0,0,0,0,0,0,0,0,0,0,0,0,,Bridge washed away due to heavy rains,1,,0,0,0,0,0,0,0,0,0,0,0,0,640,,,0,0,0,9c82f117-4757-444d-b988-d3f015f28a68,The only footbridge leading to the basic school in the area was washed away denying pupils access to the school.,640,1,0,0,0,0,0,0,0,0,0,0,0,0,0,0,0,0,0,0,0,0,0,0,0,0,0,0,0,0,0,0,0,0,0,0,0,0,0,0,0,0,0,,,,,,,,,,,,,,,,,,,,,,,,,,,,,,,,,,,,,,,,,,,,,,,,,,,,,,,,,,,,,,,,,,,,,,,,,,,,,,,,,,,,,,,,,,,,,,,,,,,,,0,0,0,0,0,0,0,0,0,0,0,0,0,0,0,0,,,,,,,,,,,,,,,,,,,,,,,,,,,,,,,,,,,,,,,,,,,2014-04-08,day,,,Northern,Nsama,MWEMBESHI,2026-10-06T12:29:33+00:00,DesInventar Zambia (UNDRR) — DI_export_zmb.zip
48,04,0410,,Luapula,Mwense,,FLOOD,Sesa-Chindoloma-Kapesa road,2017,5,3,0,0,0,0,0,0,,District Commisioner,6017928,0,Tinenenji,2017-05-03,0,0,0,0,0,0,0,0,0,0,0,0,0,0,0,0,,Bridge washed away due to heavy rains,1,,0,0,0,0,0,0,0,0,0,0,0,0,641,,,0,0,0,a229015b-459c-4951-9d5d-5be1514e82b9,Embankment at Mununshi stream has been washed away leaving the road completely cut and impassable to both motorists and pedestrians.,641,1,0,0,0,0,0,0,0,0,0,0,0,0,0,0,0,0,0,0,0,0,0,0,0,0,0,0,0,0,0,0,0,0,0,0,0,0,0,0,0,0,0,,,,,,,,,,,,,,,,,,,,,,,,,,,,,,,,,,,,,,,,,,,,,,,,,,,,,,,,,,,,,,,,,,,,,,,,,,,,,,,,,,,,,,,,,,,,,,,,,,,,,0,0,0,0,0,0,0,0,0,0,0,0,0,0,0,0,,,,,,,,,,,,,,,,,,,,,,,,,,,,,,,,,,,,,,,,,,,2017-05-03,day,,,Luapula,Mwense,Sesa-Chindoloma-Kapesa road,2026-10-06T12:29:33+00:00,DesInventar Zambia (UNDRR) — DI_export_zmb.zip
49,08,0804,,Northern,Mungwi,,FLOOD,MALOLE,2009,5,30,0,0,0,0,0,0,,Emmanuel Munaile (MP),0,0,Tinenenji,2017-05-03,0,0,0,0,0,0,0,0,0,0,0,0,0,0,0,0,,Brideg in a poor state due to heavy rains,1,,0,0,0,0,0,0,0,0,0,0,0,0,642,,,0,0,0,0db86442-d088-49af-af0f-4e8d889c326e,"Bridges on the Butele, Mpanda and Luchewe rivers on Kayambi-Nseluka road were damaged to the extent that kayambi mission and surrounding areas have been cut off",642,3,0,0,0,0,0,0,0,0,0,0,0,0,0,0,0,0,0,0,0,0,0,0,0,0,0,0,0,0,0,0,0,0,0,0,0,0,0,0,0,0,0,,,,,,,,,,,,,,,,,,,,,,,,,,,,,,,,,,,,,,,,,,,,,,,,,,,,,,,,,,,,,,,,,,,,,,,,,,,,,,,,,,,,,,,,,,,,,,,,,,,,,0,0,0,0,0,0,0,0,0,0,0,0,0,0,0,0,,,,,,,,,,,,,,,,,,,,,,,,,,,,,,,,,,,,,,,,,,,2009-05-30,day,,,Northern,Mungwi,MALOLE,2026-10-06T12:29:33+00:00,DesInventar Zambia (UNDRR) — DI_export_zmb.zip
50,01,0111,,Central,Serenje,,FLOOD,Chitambo,2009,4,3,0,0,0,0,0,0,,Ministry of lands,0,0,Tinenenji,2017-05-03,0,0,0,0,0,0,0,0,0,0,0,0,0,0,0,0,,Bridge washed away due to heavy rains,1,,0,0,0,0,0,0,0,0,0,0,0,0,643,,,0,0,0,8c8d6a7a-77f0-43d5-80ba-c3394de9c1e2,"Areas like Katikulula resettlement scheme, Kalumbi and Chipundu areas have been cut off as a result of the washed away bridges",643,3,0,0,0,0,0,0,0,0,0,0,0,0,0,0,0,0,0,0,0,0,0,0,0,0,0,0,0,0,0,0,0,0,0,0,0,0,0,0,0,0,0,,,,,,,,,,,,,,,,,,,,,,,,,,,,,,,,,,,,,,,,,,,,,,,,,,,,,,,,,,,,,,,,,,,,,,,,,,,,,,,,,,,,,,,,,,,,,,,,,,,,,0,0,0,0,0,0,0,0,0,0,0,0,0,0,0,0,,,,,,,,,,,,,,,,,,,,,,,,,,,,,,,,,,,,,,,,,,,2009-04-03,day,,,Central,Serenje,Chitambo,2026-10-06T12:29:33+00:00,DesInventar Zambia (UNDRR) — DI_export_zmb.zip
51,06,0601,,Muchinga,Mpika,,FLOOD,Kanchibiya,2009,3,27,0,0,0,0,0,0,Three quarters of maize and cassava were destroyed.,District Commisioner,0,0,Tinenenji,2017-05-03,0,0,0,0,0,0,0,0,0,0,0,0,0,0,0,0,,Bridges washed away due to heavy rains,1,,0,0,0,0,0,0,0,0,0,0,0,0,644,,,0,0,0,6a132137-0fe8-4378-991e-05b4acc86ac3,"Affected areas are Mwendachabe, Kanchibiya ressettlement, Mulila and Chilimambwe in Kanchibiya constituency.",644,4,0,0,0,0,0,0,0,0,0,0,0,0,0,0,0,0,0,0,0,0,0,0,0,0,0,0,0,0,0,0,0,0,0,0,0,0,0,0,0,0,0,,,,,,,,,,,,,,,,,,,,,,,,,,,,,,,,,,,,,,,,,,,,,,,,,,,,,,,,,,,,,,,,,,,,,,,,,,,,,,,,,,,,,,,,,,,,,,,,,,,,,0,0,0,0,0,0,0,0,0,0,0,0,0,0,0,0,,,,,,,,,,,,,,,,,,,,,,,,,,,,,,,,,,,,,,,,,,,2009-03-27,day,,,Muchinga,Mpika,Kanchibiya,2026-10-06T12:29:33+00:00,DesInventar Zambia (UNDRR) — DI_export_zmb.zip
52,01,0111,,Central,Serenje,,FLOOD,Chief Mailo's area,2009,0,0,0,0,0,0,0,0,,District Commisioner,0,0,Tinenenji,2017-05-03,0,0,0,0,0,0,0,0,0,0,0,0,0,0,0,0,,Bridge washed away due to heavy rains,1,,0,0,0,0,0,0,0,0,0,0,0,0,645,,,0,0,0,9225d71e-6b22-4b36-8e39-ab0b70c81677,Lusiwasi bridge in chief Mailo's area washed away due to heavy rains leading to Chibuye Saili upper basic school being cut off from the rest of the community,645,1,0,0,0,0,0,0,0,0,0,0,0,0,0,0,0,0,0,0,0,0,0,0,0,0,0,0,0,0,0,0,0,0,0,0,0,0,0,0,0,0,0,,,,,,,,,,,,,,,,,,,,,,,,,,,,,,,,,,,,,,,,,,,,,,,,,,,,,,,,,,,,,,,,,,,,,,,,,,,,,,,,,,,,,,,,,,,,,,,,,,,,,0,0,0,0,0,0,0,0,0,0,0,0,0,0,0,0,,,,,,,,,,,,,,,,,,,,,,,,,,,,,,,,,,,,,,,,,,,2009,year,,,Central,Serenje,Chief Mailo's area,2026-10-06T12:29:33+00:00,DesInventar Zambia (UNDRR) — DI_export_zmb.zip
53,10,1005,,Western,Kaoma,,FLOOD,Luampa,2017,5,3,0,0,0,0,0,0,,Moses Chinyama,0,0,Tinenenji,2017-05-03,0,0,0,0,0,0,0,0,0,0,0,0,0,0,0,0,,bridges damaged due to heavy rains,0,,0,0,0,0,0,0,0,0,0,0,0,0,646,,,0,0,0,ebc9e69b-3ea4-4049-b8d3-9da969e206de,"Destruction of Lushukwelo, Kanyenze and Mambalakata bridges rendered some communities impassable.",646,3,0,0,0,0,0,0,0,0,0,0,0,0,0,0,0,0,0,0,0,0,0,0,0,0,0,0,0,0,0,0,0,0,0,0,0,0,0,0,0,0,0,,,,,,,,,,,,,,,,,,,,,,,,,,,,,,,,,,,,,,,,,,,,,,,,,,,,,,,,,,,,,,,,,,,,,,,,,,,,,,,,,,,,,,,,,,,,,,,,,,,,,0,0,0,0,0,0,0,0,0,0,0,0,0,0,0,0,,,,,,,,,,,,,,,,,,,,,,,,,,,,,,,,,,,,,,,,,,,2017-05-03,day,,,Western,Kaoma,Luampa,2026-10-06T12:29:33+00:00,DesInventar Zambia (UNDRR) — DI_export_zmb.zip
54,10,1005,,Western,Kaoma,,FLOOD,Luampa,2017,5,3,0,0,0,0,0,0,,Moses Chinyama (DC),0,0,Tinenenji,2017-05-03,0,0,0,0,0,0,0,0,0,0,0,0,0,0,0,0,,Bridge damaged by floods due to heavy rains,0,,0,0,0,0,0,0,0,0,0,0,0,0,647,,,0,0,0,f1fe77ff-b832-4816-8489-3594f845d63c,"Destruction of Lushukwelo, Kanyenze and Mambalakata rendered some communities impassable",647,3,0,0,0,0,0,0,0,0,0,0,0,0,0,0,0,0,0,0,0,0,0,0,0,0,0,0,0,0,0,0,0,0,0,0,0,0,0,0,0,0,0,,,,,,,,,,,,,,,,,,,,,,,,,,,,,,,,,,,,,,,,,,,,,,,,,,,,,,,,,,,,,,,,,,,,,,,,,,,,,,,,,,,,,,,,,,,,,,,,,,,,,0,0,0,0,0,0,0,0,0,0,0,0,0,0,0,0,,,,,,,,,,,,,,,,,,,,,,,,,,,,,,,,,,,,,,,,,,,2017-05-03,day,,,Western,Kaoma,Luampa,2026-10-06T12:29:33+00:00,DesInventar Zambia (UNDRR) — DI_export_zmb.zip
55,10,1005,,Western,Kaoma,,FLOOD,Kaoma central constituency,2017,5,3,0,0,0,0,0,0,,Moses Chinyama (DC),0,0,Tinenenji,2017-05-03,0,0,0,0,0,0,0,0,0,0,0,0,0,0,0,0,,Bridges damaged by floods due to heavy rains,1,,0,0,0,0,0,0,0,0,0,0,0,0,648,,,0,0,0,9e64d061-d936-4f4a-9a4d-a3d767f6b50f,"Destruction of Miowa, Kapompo and Kalapo bridges rendered some communities impassable",648,3,0,0,0,0,0,0,0,0,0,0,0,0,0,0,0,0,0,0,0,0,0,0,0,0,0,0,0,0,0,0,0,0,0,0,0,0,0,0,0,0,0,,,,,,,,,,,,,,,,,,,,,,,,,,,,,,,,,,,,,,,,,,,,,,,,,,,,,,,,,,,,,,,,,,,,,,,,,,,,,,,,,,,,,,,,,,,,,,,,,,,,,0,0,0,0,0,0,0,0,0,0,0,0,0,0,0,0,,,,,,,,,,,,,,,,,,,,,,,,,,,,,,,,,,,,,,,,,,,2017-05-03,day,,,Western,Kaoma,Kaoma central constituency,2026-10-06T12:29:33+00:00,DesInventar Zambia (UNDRR) — DI_export_zmb.zip
56,10,1005,,Western,Kaoma,,FLOOD,Mangango,2017,5,3,0,0,0,0,0,0,,Moses Chinyama (DC),0,0,Tinenenji,2017-05-03,0,0,0,0,0,0,0,0,0,0,0,0,0,0,0,0,,Bridges damaged by floods due to heavy rains,1,,0,0,0,0,0,0,0,0,0,0,0,0,649,,,0,0,0,16b83348-7498-4eaa-917b-d98beef99658,"Destruction of Winda,Kafwasonyi and Namaloba bridges rendered some communities impassable",649,3,0,0,0,0,0,0,0,0,0,0,0,0,0,0,0,0,0,0,0,0,0,0,0,0,0,0,0,0,0,0,0,0,0,0,0,0,0,0,0,0,0,,,,,,,,,,,,,,,,,,,,,,,,,,,,,,,,,,,,,,,,,,,,,,,,,,,,,,,,,,,,,,,,,,,,,,,,,,,,,,,,,,,,,,,,,,,,,,,,,,,,,0,0,0,0,0,0,0,0,0,0,0,0,0,0,0,0,,,,,,,,,,,,,,,,,,,,,,,,,,,,,,,,,,,,,,,,,,,2017-05-03,day,,,Western,Kaoma,Mangango,2026-10-06T12:29:33+00:00,DesInventar Zambia (UNDRR) — DI_export_zmb.zip
57,07,0706,,North-Western,Mwinilunga,,FLOOD,chief Ntambu's area,2017,5,3,0,0,0,0,0,0,,,0,0,Tinenenji,2017-05-03,0,0,0,0,0,0,0,0,0,0,0,0,0,0,0,0,,Bridge damaged by floods due to heavy rains,0,,0,0,0,0,0,0,0,0,0,0,0,0,650,,,0,0,0,e3ab3a85-bbf8-46fa-9591-cf748a130755,Kabompo bridge linking chief Ntambu's area was damaged due to heavy rains.,650,1,0,0,0,0,0,0,0,0,0,0,0,0,0,0,0,0,0,0,0,0,0,0,0,0,0,0,0,0,0,0,0,0,0,0,0,0,0,0,0,0,0,,,,,,,,,,,,,,,,,,,,,,,,,,,,,,,,,,,,,,,,,,,,,,,,,,,,,,,,,,,,,,,,,,,,,,,,,,,,,,,,,,,,,,,,,,,,,,,,,,,,,0,0,0,0,0,0,0,0,0,0,0,0,0,0,0,0,,,,,,,,,,,,,,,,,,,,,,,,,,,,,,,,,,,,,,,,,,,2017-05-03,day,,,North-Western,Mwinilunga,chief Ntambu's area,2026-10-06T12:29:33+00:00,DesInventar Zambia (UNDRR) — DI_export_zmb.zip
58,07,0706,,North-Western,Mwinilunga,,FLOOD,chief Ntambu's area,2017,5,3,0,0,0,0,0,0,,,0,0,Tinenenji,2017-05-03,0,0,0,0,0,0,0,0,0,0,0,0,0,0,0,0,,Bridge damaged by floods due to heavy rains,1,,0,0,0,0,0,0,0,0,0,0,0,0,651,,,0,0,0,d7089be0-a171-4c58-b933-5c0f7d3fc855,Kansanjiko bridge in chief Ntambu's area was washed away resulting in people of that area being cut off from clinics and schools.,651,1,0,0,0,0,0,0,0,0,0,0,0,0,0,0,0,0,0,0,0,0,0,0,0,0,0,0,0,0,0,0,0,0,0,0,0,0,0,0,0,0,0,,,,,,,,,,,,,,,,,,,,,,,,,,,,,,,,,,,,,,,,,,,,,,,,,,,,,,,,,,,,,,,,,,,,,,,,,,,,,,,,,,,,,,,,,,,,,,,,,,,,,0,0,0,0,0,0,0,0,0,0,0,0,0,0,0,0,,,,,,,,,,,,,,,,,,,,,,,,,,,,,,,,,,,,,,,,,,,2017-05-03,day,,,North-Western,Mwinilunga,chief Ntambu's area,2026-10-06T12:29:33+00:00,DesInventar Zambia (UNDRR) — DI_export_zmb.zip
59,07,0705,,North-Western,Solwezi,,FLOOD,Solwezi East,2017,5,3,0,0,0,0,0,0,,District Commisioner,0,0,Tinenenji,2017-05-03,0,0,0,0,0,0,0,0,0,0,0,0,0,0,0,0,,Bridges washed away due to heavy rains,1,,0,0,0,0,0,0,0,0,0,0,0,0,652,,,0,0,0,886806e6-9a64-4d85-a612-50a1545b4bc0,"Four bridges namely:Kafwemba, Mfwembe, Maumbo and Mulalashi along the kalindi Kapako road connecting chief Chikola's area to the rest of the constituency have been washed away as a result of heavy rains.",652,4,0,0,0,0,0,0,0,0,0,0,0,0,0,0,0,0,0,0,0,0,0,0,0,0,0,0,0,0,0,0,0,0,0,0,0,0,0,0,0,0,0,,,,,,,,,,,,,,,,,,,,,,,,,,,,,,,,,,,,,,,,,,,,,,,,,,,,,,,,,,,,,,,,,,,,,,,,,,,,,,,,,,,,,,,,,,,,,,,,,,,,,0,0,0,0,0,0,0,0,0,0,0,0,0,0,0,0,,,,,,,,,,,,,,,,,,,,,,,,,,,,,,,,,,,,,,,,,,,2017-05-03,day,,,North-Western,Solwezi,Solwezi East,2026-10-06T12:29:33+00:00,DesInventar Zambia (UNDRR) — DI_export_zmb.zip
60,07,0706,,North-Western,Mwinilunga,,FLOOD,chief Ntambu's area,2009,2,6,0,0,0,0,0,0,,,0,0,Tinenenji,2017-05-03,0,0,0,0,0,0,0,0,0,0,0,0,0,0,0,0,,Bridge washed away due to heavy rains,1,,0,0,0,0,0,0,0,0,0,0,0,0,653,,,0,0,0,291a38a4-ad18-4f5d-bf9e-4ceb534d1907,"Kasanjiko brige in chief Ntambu's area was washed away resulting in people being cut off from clinics, schools and other social amenities.",653,1,0,0,0,0,0,0,0,0,0,0,0,0,0,0,0,0,0,0,0,0,0,0,0,0,0,0,0,0,0,0,0,0,0,0,0,0,0,0,0,0,0,,,,,,,,,,,,,,,,,,,,,,,,,,,,,,,,,,,,,,,,,,,,,,,,,,,,,,,,,,,,,,,,,,,,,,,,,,,,,,,,,,,,,,,,,,,,,,,,,,,,,0,0,0,0,0,0,0,0,0,0,0,0,0,0,0,0,,,,,,,,,,,,,,,,,,,,,,,,,,,,,,,,,,,,,,,,,,,2009-02-06,day,,,North-Western,Mwinilunga,chief Ntambu's area,2026-10-06T12:29:33+00:00,DesInventar Zambia (UNDRR) — DI_export_zmb.zip
61,05,0501,,Lusaka,Lusaka,,FLOOD,Matero,2012,4,0,0,0,0,0,0,0,,District Commisioner,0,0,Tinenenji,2017-05-03,0,0,0,0,0,0,0,0,0,0,0,0,0,0,0,0,,Road at the bridge damaged due to erosion by heavy rains,1,,0,0,0,0,0,0,0,0,0,0,0,0,654,,,0,0,0,67ea9651-c779-4836-95c2-22e5e2035189,Damaged road at Shadreck bridge along common wealth road due to erosion which begins somewhere in Lilanda.,654,1,0,0,0,0,0,0,0,0,0,0,0,0,0,0,0,0,0,0,0,0,0,0,0,0,0,0,0,0,0,0,0,0,0,0,0,0,0,0,0,0,0,,,,,,,,,,,,,,,,,,,,,,,,,,,,,,,,,,,,,,,,,,,,,,,,,,,,,,,,,,,,,,,,,,,,,,,,,,,,,,,,,,,,,,,,,,,,,,,,,,,,,0,0,0,0,0,0,0,0,0,0,0,0,0,0,0,0,,,,,,,,,,,,,,,,,,,,,,,,,,,,,,,,,,,,,,,,,,,2012-04,month,,,Lusaka,Lusaka,Matero,2026-10-06T12:29:33+00:00,DesInventar Zambia (UNDRR) — DI_export_zmb.zip
62,02,0203,,Copperbelt,Kalulushi,,FLOOD,Lukoshi,2013,3,0,0,0,0,0,0,0,,Joyce. B. Nsamba (DC),0,0,Tinenenji,2017-05-03,0,0,0,0,0,0,0,0,0,0,0,0,0,0,0,0,,damaged bridge due to heavy rains,1,,0,0,0,0,0,0,0,0,0,0,0,0,655,,,0,0,0,30259341-41a6-484f-bb30-e35daada8fb9,Lukoshi bridge was washed away due to heavy rains resulting in people of lukoshi area being c.ut off from Chambeshi.,655,1,0,0,0,0,0,0,0,0,0,0,0,0,0,0,0,0,0,0,0,0,0,0,0,0,0,0,0,0,0,0,0,0,0,0,0,0,0,0,0,0,0,,,,,,,,,,,,,,,,,,,,,,,,,,,,,,,,,,,,,,,,,,,,,,,,,,,,,,,,,,,,,,,,,,,,,,,,,,,,,,,,,,,,,,,,,,,,,,,,,,,,,0,0,0,0,0,0,0,0,0,0,0,0,0,0,0,0,,,,,,,,,,,,,,,,,,,,,,,,,,,,,,,,,,,,,,,,,,,2013-03,month,,,Copperbelt,Kalulushi,Lukoshi,2026-10-06T12:29:33+00:00,DesInventar Zambia (UNDRR) — DI_export_zmb.zip
63,01,0102,,Central,Chibombo,,FLOOD,Izovu,2013,12,25,0,0,0,0,0,0,,,0,0,Tinenenji,2017-05-03,0,0,0,0,0,0,0,0,0,0,0,0,0,0,0,0,,Izovu crossing partially washed away,1,,0,0,0,0,0,0,0,0,0,0,0,0,656,,,0,0,0,8c247637-c1b6-433a-9d04-ef515f761c26,"AS a consequence of heavy rains experienced on 25th and 26th December 2013, Izovu crossing was partially washed away.",656,1,0,0,0,0,0,0,0,0,0,0,0,0,0,0,0,0,0,0,0,0,0,0,0,0,1,0,0,0,0,0,0,0,0,0,0,0,0,0,0,0,0,,,,,,,,,,,,,,,,,,,,,,,,,,,,,,,,,,,,,,,,,,,,,,,,,,,,,,,,,,,,,,,,,,,,,,,,,,,,,,,,,,,,,,,,,,,,,,,,,,,,,0,0,0,0,0,0,0,0,0,0,0,0,0,0,0,0,,,,,,,,,,,,,,,,,,,,,,,,,,,,,,,,,,,,,,,,,,,2013-12-25,day,,,Central,Chibombo,Izovu,2026-10-06T12:29:33+00:00,DesInventar Zambia (UNDRR) — DI_export_zmb.zip
64,05,0506,,Lusaka,Chongwe,,FLOOD,Bunda Bunda,2007,0,0,0,0,0,0,0,0,,District Commisioner,0,0,Tinenenji,2017-05-03,0,0,0,0,0,0,0,0,0,0,0,0,0,0,0,0,,Bridge washed away,1,,0,0,0,0,0,0,0,0,0,0,0,0,657,,,0,0,0,b2cd8fe2-9335-4320-94d7-0178e9a75dde,Bridge washed away in 2007,657,1,0,0,0,0,0,0,0,0,0,0,0,0,0,0,0,0,0,0,0,0,0,0,0,0,0,0,0,0,0,0,0,0,0,0,0,0,0,0,0,0,0,,,,,,,,,,,,,,,,,,,,,,,,,,,,,,,,,,,,,,,,,,,,,,,,,,,,,,,,,,,,,,,,,,,,,,,,,,,,,,,,,,,,,,,,,,,,,,,,,,,,,0,0,0,0,0,0,0,0,0,0,0,0,0,0,0,0,,,,,,,,,,,,,,,,,,,,,,,,,,,,,,,,,,,,,,,,,,,2007,year,,,Lusaka,Chongwe,Bunda Bunda,2026-10-06T12:29:33+00:00,DesInventar Zambia (UNDRR) — DI_export_zmb.zip
65,07,0706,,North-Western,Mwinilunga,,FLOOD,Kasanjiko,2010,10,31,0,0,0,0,0,0,,Report by DMMU,0,0,Tinenenji,2017-05-03,0,0,0,0,0,0,0,0,0,0,0,0,0,0,0,0,,bridge damaged due to heavy rains,1,,0,0,0,0,0,0,0,0,0,0,0,0,658,,,0,0,0,ecfa6489-109a-41ca-bc99-53151e6922a1,Kasanjiko bridge damaged by consistent rains as well as normal wear and tear. Ksanjiko bridge links Mapalumba school and mapalumba clinic to the community.,658,1,0,0,0,0,0,0,0,0,0,0,0,0,0,0,0,0,0,0,0,0,0,0,0,0,0,0,0,0,0,0,0,0,0,0,0,0,0,0,0,0,0,,,,,,,,,,,,,,,,,,,,,,,,,,,,,,,,,,,,,,,,,,,,,,,,,,,,,,,,,,,,,,,,,,,,,,,,,,,,,,,,,,,,,,,,,,,,,,,,,,,,,0,0,0,0,0,0,0,0,0,0,0,0,0,0,0,0,,,,,,,,,,,,,,,,,,,,,,,,,,,,,,,,,,,,,,,,,,,2010-10-31,day,,,North-Western,Mwinilunga,Kasanjiko,2026-10-06T12:29:33+00:00,DesInventar Zambia (UNDRR) — DI_export_zmb.zip
66,07,0706,,North-Western,Mwinilunga,,FLOOD,Musangila,2010,10,31,0,0,0,0,0,0,, Report by DMMU,0,0,Tinenenji,2017-05-03,0,0,0,0,0,0,0,0,0,0,0,0,0,0,0,0,,bridge damaged due to heavy rains,1,,0,0,0,0,0,0,0,0,0,0,0,0,659,,,0,0,0,823f5dc5-7edc-4964-b7cd-2221167e7291,Timber deck was partly damaged by rains and high water levels though it had not completely collapsed. There was also evidence of soil erosion,659,1,0,0,0,0,0,0,0,0,0,0,0,0,0,0,0,0,0,0,0,0,0,0,0,0,0,0,0,0,0,0,0,0,0,0,0,0,0,0,0,0,0,,,,,,,,,,,,,,,,,,,,,,,,,,,,,,,,,,,,,,,,,,,,,,,,,,,,,,,,,,,,,,,,,,,,,,,,,,,,,,,,,,,,,,,,,,,,,,,,,,,,,0,0,0,0,0,0,0,0,0,0,0,0,0,0,0,0,,,,,,,,,,,,,,,,,,,,,,,,,,,,,,,,,,,,,,,,,,,2010-10-31,day,,,North-Western,Mwinilunga,Musangila,2026-10-06T12:29:33+00:00,DesInventar Zambia (UNDRR) — DI_export_zmb.zip
67,07,0706,,North-Western,Mwinilunga,,FLOOD,Kasanghezi,2010,10,31,0,0,0,0,0,0,,Report by DMMU,0,0,Tinenenji,2017-05-03,0,0,0,0,0,0,0,0,0,0,0,0,0,0,0,0,,Damage to bridge partly because of continous heavy rains,1,,0,0,0,0,0,0,0,0,0,0,0,0,660,,,0,0,0,6586704a-60d1-4fe3-9d9f-11bfbac812e1,Timber deck falling apart from wear and tear as well as rotting because the bridge overflows after heavy rains for between 3 to 4 days.,660,1,0,0,0,0,0,0,0,0,0,0,0,0,0,0,0,0,0,0,0,0,0,0,0,0,0,0,0,0,0,0,0,0,0,0,0,0,0,0,0,0,0,,,,,,,,,,,,,,,,,,,,,,,,,,,,,,,,,,,,,,,,,,,,,,,,,,,,,,,,,,,,,,,,,,,,,,,,,,,,,,,,,,,,,,,,,,,,,,,,,,,,,0,0,0,0,0,0,0,0,0,0,0,0,0,0,0,0,,,,,,,,,,,,,,,,,,,,,,,,,,,,,,,,,,,,,,,,,,,2010-10-31,day,,,North-Western,Mwinilunga,Kasanghezi,2026-10-06T12:29:33+00:00,DesInventar Zambia (UNDRR) — DI_export_zmb.zip
68,05,0503,,Lusaka,Luangwa,,FLOOD,Luangwa bridge,2010,4,26,0,0,0,0,0,0,,Zambia wildlife Authority,0,0,Tinenenji,2017-05-03,0,0,0,0,0,0,0,0,0,0,0,0,0,0,0,0,,Partial collapse of Gabions on the bridge,1,,0,0,0,0,0,0,0,0,0,0,0,0,661,,,0,0,0,84bcbfaf-2bb3-4dac-ba2c-23ee9c266937,The 2009/2010 rain season led to the partial collapse of the Gabions which were put in place during previous repairs.,661,1,0,0,0,0,0,0,0,0,0,0,0,0,0,0,0,0,0,0,0,0,0,0,0,0,0,0,0,0,0,0,0,0,0,0,0,0,0,0,0,0,0,,,,,,,,,,,,,,,,,,,,,,,,,,,,,,,,,,,,,,,,,,,,,,,,,,,,,,,,,,,,,,,,,,,,,,,,,,,,,,,,,,,,,,,,,,,,,,,,,,,,,0,0,0,0,0,0,0,0,0,0,0,0,0,0,0,0,,,,,,,,,,,,,,,,,,,,,,,,,,,,,,,,,,,,,,,,,,,2010-04-26,day,,,Lusaka,Luangwa,Luangwa bridge,2026-10-06T12:29:33+00:00,DesInventar Zambia (UNDRR) — DI_export_zmb.zip
69,03,0303,,Eastern,Katete,,FLOOD,Chichele,2010,4,0,0,0,0,0,0,0,,Zambia wildlife Authority,0,0,Tinenenji,2017-05-03,0,0,0,0,0,0,0,0,0,0,0,0,0,0,0,0,,,1,,0,0,0,0,0,0,0,0,0,0,0,0,662,,,0,0,0,65dedd09-2ea2-423b-8b65-b04eb7ccb67c,The material constituting the abutments of the bridge has been partially eroded due the eratic stream flow of the river,662,1,0,0,0,0,0,0,0,0,0,0,0,0,0,0,0,0,0,0,0,0,0,0,0,0,0,0,0,0,0,0,0,0,0,0,0,0,0,0,0,0,0,,,,,,,,,,,,,,,,,,,,,,,,,,,,,,,,,,,,,,,,,,,,,,,,,,,,,,,,,,,,,,,,,,,,,,,,,,,,,,,,,,,,,,,,,,,,,,,,,,,,,0,0,0,0,0,0,0,0,0,0,0,0,0,0,0,0,,,,,,,,,,,,,,,,,,,,,,,,,,,,,,,,,,,,,,,,,,,2010-04,month,,,Eastern,Katete,Chichele,2026-10-06T12:29:33+00:00,DesInventar Zambia (UNDRR) — DI_export_zmb.zip
70,07,0701,,North-Western,Zambezi,,FLOOD,Mize,2010,8,10,0,0,0,0,0,0,,DMMU Regional office,0,0,Tinenenji,2017-05-03,0,0,0,0,0,0,0,0,0,0,0,0,0,0,0,0,,Embankment damaged due to floods,1,,0,0,0,0,0,0,0,0,0,0,0,0,663,,,0,0,0,49f02037-97d2-4a82-88f9-9c484fb846d9,Mize embankment collapsed due to flooding experienced in the previous rain season.,663,1,0,0,0,0,0,0,0,0,0,0,0,0,0,0,0,0,0,0,0,0,0,0,0,0,0,0,0,0,0,0,0,0,0,0,0,0,0,0,0,0,0,,,,,,,,,,,,,,,,,,,,,,,,,,,,,,,,,,,,,,,,,,,,,,,,,,,,,,,,,,,,,,,,,,,,,,,,,,,,,,,,,,,,,,,,,,,,,,,,,,,,,0,0,0,0,0,0,0,0,0,0,0,0,0,0,0,0,,,,,,,,,,,,,,,,,,,,,,,,,,,,,,,,,,,,,,,,,,,2010-08-10,day,,,North-Western,Zambezi,Mize,2026-10-06T12:29:33+00:00,DesInventar Zambia (UNDRR) — DI_export_zmb.zip
71,02,0202,,Copperbelt,Kitwe,,FLOOD,Mwekere,2017,5,3,0,0,0,0,0,0,,District Commisioner,498352,0,Tinenenji,2017-05-03,0,0,0,0,0,0,0,0,0,0,0,0,0,0,0,0,,Bridges impassable due to heavy rains,1,,0,0,0,0,0,0,0,0,0,0,0,0,664,,,0,0,0,a04b5f7b-d9b7-4aea-862e-4d754b5ff7e1,Bridges at Mwekere and Chankalamu impassable due to heavy rains in the area. Space between the two culverts became weak and gravel completely weakened.,664,2,0,0,0,0,0,0,0,0,0,0,0,0,0,0,0,0,0,0,0,0,0,0,0,0,0,0,0,0,0,0,0,0,0,0,0,0,0,0,0,0,0,,,,,,,,,,,,,,,,,,,,,,,,,,,,,,,,,,,,,,,,,,,,,,,,,,,,,,,,,,,,,,,,,,,,,,,,,,,,,,,,,,,,,,,,,,,,,,,,,,,,,0,0,0,0,0,0,0,0,0,0,0,0,0,0,0,0,,,,,,,,,,,,,,,,,,,,,,,,,,,,,,,,,,,,,,,,,,,2017-05-03,day,,,Copperbelt,Kitwe,Mwekere,2026-10-06T12:29:33+00:00,DesInventar Zambia (UNDRR) — DI_export_zmb.zip
74,08,0808,,Northern,Nsama,,FLOOD,MWEMBESHI,2017,5,3,0,0,0,0,0,0,,District Commisioner,0,0,Tinenenji,2017-05-03,0,0,0,0,0,0,0,0,0,1,0,0,0,0,0,0,,Heavy rains caused flooding of pit latrines,0,,0,1,0,0,0,0,0,0,0,0,0,0,667,,,0,0,0,d1447c28-cf1e-406f-98bd-9c3b1c4dbd1d,one school was affected in which pit latrines were flooded.,667,0,0,0,0,0,0,0,0,0,0,0,0,0,0,0,0,0,0,0,0,0,0,0,0,0,1,0,0,0,0,0,0,0,0,0,0,0,0,0,0,0,0,,,,,,,,,,,,,,,,,,,,,,,,,,,,,,,,,,,,,,,,,,,,,,,,,,,,,,,,,,,,,,,,,,,,,,,,,,,,,,,,,,,,,,,,,,,,,,,,,,,,,0,0,0,0,0,1.76e-06,45408,0,0,0,0,0,45408,0,45408,0,,,,,,,,,,,,,,,,,,,,,,,,,,,,,,,,,,,,,,,,,,,2017-05-03,day,,,Northern,Nsama,MWEMBESHI,2026-10-06T12:29:33+00:00,DesInventar Zambia (UNDRR) — DI_export_zmb.zip
80,08,0808,,Northern,Nsama,,FLOOD,MWEMBESHI,2014,4,8,0,0,0,0,0,0,210 chickens were also lost,District Commisioner,0,0,Tinenenji,2017-05-03,0,0,0,0,0,0,0,0,0,0,1,0,0,0,0,0,,Large portions of crops submerged in water,0,,0,0,49.5,0,0,0,0,0,0,0,0,0,673,,,0,0,0,45bc3e44-e708-44bf-97fa-db146341eb36,"Crops such as cassava,maize and rice fields submerged in water due to heavy rains that caused flooding in the area.",673,0,0,0,0,0,0,0,0,0,0,0,0,1,0,0,26,0,0,0,0,0,0,0,0,0,0,0,0,0,0,0,0,0,0,0,0,0,0,0,0,0,0,,,,,,,,,,,,,,,,,,,,,,,,,,,,,,,,,,,,,,,,,,,,,,,,,,,,,,,,,,,,,,,,,,,,,,,,,,,,,,,,,,,,,,,,,,,,,,,,,,,,,0,0,0,0.31688165,49.5,1.04e-06,28199.4372,28199.4372,0,0,0,0,0,0,0,0,,,,,,,,,,,,,,,,,,,,,,,,,,,,,,,,,,,,,,,,,,,2014-04-08,day,,,Northern,Nsama,MWEMBESHI,2026-10-06T12:29:33+00:00,DesInventar Zambia (UNDRR) — DI_export_zmb.zip
84,01,0101,,Central,Itezhi-tezhi,,FLOOD,Lubanda,2017,5,4,0,0,0,0,0,0,,District Commisioner,0,0,Tinenenji,2017-05-04,0,0,0,0,0,0,0,0,0,0,1,0,0,0,0,0,,crops destroyed due to heavy rains,0,,0,0,310,0,0,0,0,0,0,0,0,0,676,,,0,0,0,f909c656-b966-41dc-9278-65f8852da017,"Areas affected include Lubanda,Buunga, Bauza, Basanga and Babizi.",676,0,0,0,0,0,0,0,0,0,0,0,0,0,0,0,310,0,0,0,0,0,0,0,0,0,0,0,0,0,0,0,0,0,0,0,0,0,0,0,0,0,0,,,,,,,,,,,,,,,,,,,,,,,,,,,,,,,,,,,,,,,,,,,,,,,,,,,,,,,,,,,,,,,,,,,,,,,,,,,,,,,,,,,,,,,,,,,,,,,,,,,,,0,0,0,1.86843899,310,5.72e-06,147957.172,147957.172,0,0,0,0,0,0,0,0,,,,,,,,,,,,,,,,,,,,,,,,,,,,,,,,,,,,,,,,,,,2017-05-04,day,,,Central,Itezhi-tezhi,Lubanda,2026-10-06T12:29:33+00:00,DesInventar Zambia (UNDRR) — DI_export_zmb.zip
87,05,0501,,Lusaka,Lusaka,,FLOOD,Mtendere,2014,11,3,0,0,0,0,0,0,,District Commisioner,0,0,Tinenenji,2017-05-04,0,0,0,0,0,0,0,0,0,1,0,0,0,0,0,0,,school infrasture damaged due to heavy rains,0,,0,3,0,0,0,0,0,0,0,0,0,0,679,,,0,0,0,02a85c4d-7f66-48ee-afc4-3e1d8033434c,"Part of the roof at Chitukuko primary school was blown off while at Mahatma Ghandi basic school the wall fence collapsed. Furthermore,12 panels of the wall fence at Mtendere primary school collasped",679,0,0,0,0,0,0,0,0,0,0,0,0,0,0,0,0,0,0,0,0,0,0,0,0,0,3,0,0,0,0,0,0,0,0,0,0,0,0,0,0,0,0,,,,,,,,,,,,,,,,,,,,,,,,,,,,,,,,,,,,,,,,,,,,,,,,,,,,,,,,,,,,,,,,,,,,,,,,,,,,,,,,,,,,,,,,,,,,,,,,,,,,,0,0,0,0,0,5.06e-06,137412,0,0,0,0,0,137412,0,137412,0,,,,,,,,,,,,,,,,,,,,,,,,,,,,,,,,,,,,,,,,,,,2014-11-03,day,,,Lusaka,Lusaka,Mtendere,2026-10-06T12:29:33+00:00,DesInventar Zambia (UNDRR) — DI_export_zmb.zip
98,05,0501,,Lusaka,Lusaka,,FLOOD,Kaunda Square stage1,2011,12,16,0,0,0,0,0,0,,District Commisioner,0,0,Tinenenji,2017-05-04,0,0,0,0,0,0,0,0,0,0,0,0,0,0,0,0,,Houses damaged due to floods,0,,0,0,0,0,0,0,0,0,0,0,0,0,680,,,0,0,0,1e63d229-c411-46a3-9478-e11cdb6098b5,Floods caused by the raised road on the northern side of Kaunda square. The road is higher than the ground on the southern side where flooding took place,680,0,0,0,0,0,0,0,0,0,0,0,0,0,0,0,0,0,0,0,0,0,0,0,0,0,0,0,0,0,0,0,0,0,0,0,0,0,0,0,0,0,0,,,,,,,,,,,,,,,,,,,,,,,,,,,,,,,,,,,,,,,,,,,,,,,,,,,,,,,,,,,,,,,,,,,,,,,,,,,,,,,,,,,,,,,,,,,,,,,,,,,,,0,0,0,0,0,0,0,0,0,0,0,0,0,0,0,0,,,,,,,,,,,,,,,,,,,,,,,,,,,,,,,,,,,,,,,,,,,2011-12-16,day,,,Lusaka,Lusaka,Kaunda Square stage1,2026-10-06T12:29:33+00:00,DesInventar Zambia (UNDRR) — DI_export_zmb.zip
103,08,0808,,Northern,Nsama,,FLOOD,MWEMBESHI,2014,4,8,0,0,0,0,15,20,,District Commisioner,0,0,Tinenenji,2017-05-04,0,0,0,0,-1,-1,0,0,0,0,0,0,0,0,0,0,,Houses damaged and destroyed due to heavy rains,0,,0,0,0,0,0,0,0,0,0,0,-1,25,684,,,0,0,0,aef5e05b-1652-4560-a5d7-93586ed6d6c4,35 houses were affected of which 20 have been partially damaged and 15 completely collapsed leaving some people homeless.,684,0,0,0,0,0,0,0,0,0,0,0,0,0,0,0,0,0,0,0,0,0,0,0,0,0,0,0,0,0,0,0,0,0,0,0,0,0,0,0,0,0,0,,,,,,,,,,,,,,,,,,,,,,,,,,,,,,,,,,,,,,,,,,,,,,,,,,,,,,,,,,,,,,,,,,,,,,,,,,,,,,,,,,,,,,,,,,,,,,,,,,,,,0,0,0,1.23448424,192.83846202,1.724e-05,468000,0,0,468000,117000,351000,0,0,0,0,,,,,,,,,,,,,,,,,,,,,,,,,,,,,,,,,,,,,,,,,,,2014-04-08,day,,,Northern,Nsama,MWEMBESHI,2026-10-06T12:29:33+00:00,DesInventar Zambia (UNDRR) — DI_export_zmb.zip
107,08,0808,,Northern,Nsama,,FLOOD,MWEMBESHI,2014,4,8,0,0,0,0,0,0,,District Commisioner,0,0,Tinenenji,2017-05-04,0,0,0,0,0,0,0,0,0,0,0,0,1,0,0,0,,water points under floods,0,,0,0,0,0,0,0,0,0,0,0,0,0,687,,,0,0,0,2075d4a4-26f1-470f-b2df-55f2b0ab6407,Water points in the area under floods as a result of high water levels.,687,0,0,0,0,0,0,0,0,0,0,0,0,0,0,0,0,0,0,0,0,0,0,0,0,0,0,0,0,0,0,0,0,0,0,0,0,0,0,0,0,0,0,,,,,,,,,,,,,,,,,,,,,,,,,,,,,,,,,,,,,,,,,,,,,,,,,,,,,,,,,,,,,,,,,,,,,,,,,,,,,,,,,,,,,,,,,,,,,,,,,,,,,0,0,0,0,0,0,0,0,0,0,0,0,0,0,0,0,,,,,,,,,,,,,,,,,,,,,,,,,,,,,,,,,,,,,,,,,,,2014-04-08,day,,,Northern,Nsama,MWEMBESHI,2026-10-06T12:29:33+00:00,DesInventar Zambia (UNDRR) — DI_export_zmb.zip
108,05,0501,,Lusaka,Lusaka,,FLOOD,Chawama,2017,5,4,0,0,0,0,0,0,,,0,0,Tinenenji,2017-05-04,0,0,0,0,0,0,0,0,0,0,0,0,0,0,0,0,,houses flooded due to heavy rains,0,,0,0,0,0,0,0,0,0,0,0,-1,987,688,,,0,0,0,7ed8c851-9d0d-4ee6-a56a-16f49323f333,,688,0,0,0,0,0,0,0,0,0,0,0,0,0,0,0,0,0,0,0,0,0,0,0,0,0,0,0,0,0,0,0,0,0,0,0,0,0,0,0,0,0,0,,,,,,,,,,,,,,,,,,,,,,,,,,,,,,,,,,,,,,,,,,,,,,,,,,,,,,,,,,,,,,,,,,,,,,,,,,,,,,,,,,,,,,,,,,,,,,,,,,,,,0,0,0,0,0,0,0,0,0,0,0,0,0,0,0,0,,,,,,,,,,,,,,,,,,,,,,,,,,,,,,,,,,,,,,,,,,,2017-05-04,day,,,Lusaka,Lusaka,Chawama,2026-10-06T12:29:33+00:00,DesInventar Zambia (UNDRR) — DI_export_zmb.zip
121,09,0908,,Southern,Monze,,FLOOD,Mabonde bridge,2008,1,3,0,0,0,0,0,0,,DMMU report,0,0,Tinenenji,2017-05-08,0,0,0,0,0,0,0,0,0,0,0,0,0,0,0,0,,Mabonde bridge washed away,1,,0,0,0,0,0,0,0,0,0,0,0,0,698,,,0,0,0,7bdd836c-4e14-4321-804e-72d0a7089886,Mabonde bridge washed away due to floods,698,1,0,0,0,0,0,0,0,0,0,0,0,0,0,0,0,0,0,0,0,0,0,0,0,0,0,0,0,0,0,0,0,0,0,0,0,0,0,0,0,0,0,,,,,,,,,,,,,,,,,,,,,,,,,,,,,,,,,,,,,,,,,,,,,,,,,,,,,,,,,,,,,,,,,,,,,,,,,,,,,,,,,,,,,,,,,,,,,,,,,,,,,0,0,0,0,0,0,0,0,0,0,0,0,0,0,0,0,,,,,,,,,,,,,,,,,,,,,,,,,,,,,,,,,,,,,,,,,,,2008-01-03,day,,,Southern,Monze,Mabonde bridge,2026-10-06T12:29:33+00:00,DesInventar Zambia (UNDRR) — DI_export_zmb.zip
122,09,0910,,Southern,Mazabuka,,FLOOD,Mazabuka central business area,2015,12,17,0,0,0,720,0,120,,DMMU report,0,0,Tinenenji,2017-05-08,0,0,0,-1,0,-1,0,0,0,0,0,0,0,0,0,0,,,0,,0,0,0,0,0,0,0,0,0,0,0,0,699,,,0,0,0,3069bcf3-5621-4ae0-93f4-90b0971e47c9,"120 houses were affected, these houses either collapsed or had roofs completely blown off.",699,0,0,0,0,0,0,0,0,0,0,0,0,0,0,0,0,0,0,0,0,0,0,0,0,0,0,0,0,0,0,0,0,0,0,0,0,0,0,0,0,0,0,,,,,,,,,,,,,,,,,,,,,,,,,,,,,,,,,,,,,,,,,,,,,,,,,,,,,,,,,,,,,,,,,,,,,,,,,,,,,,,,,,,,,,,,,,,,,,,,,,,,,0,0,0,4.10643687,661.16044122,3.276e-05,693000,0,0,693000,693000,0,0,0,0,0,,,,,,,,,,,,,,,,,,,,,,,,,,,,,,,,,,,,,,,,,,,2015-12-17,day,,,Southern,Mazabuka,Mazabuka central business area,2026-10-06T12:29:33+00:00,DesInventar Zambia (UNDRR) — DI_export_zmb.zip
139,07,0708,,North-Western,Kabompo,,FLOOD,Mishivi bridge,2013,1,20,0,0,0,0,0,0,,District administration office,0,0,Tinenenji,2017-05-11,0,0,0,0,0,0,0,0,0,0,0,0,0,0,0,0,,bridge damaged due to heavy rains,0,,0,0,0,0,0,0,0,0,0,0,0,0,713,,,0,0,0,4ca9f614-24de-415e-a08b-1025aeb1244a,The water flows over the bridge up to 80cm high. The embankments on the sides get washed away every year,713,1,0,0,0,0,0,0,0,0,0,0,0,0,0,0,0,0,0,0,0,0,0,0,0,0,0,0,0,0,0,0,0,0,0,0,0,0,0,0,0,0,0,,,,,,,,,,,,,,,,,,,,,,,,,,,,,,,,,,,,,,,,,,,,,,,,,,,,,,,,,,,,,,,,,,,,,,,,,,,,,,,,,,,,,,,,,,,,,,,,,,,,,0,0,0,0,0,0,0,0,0,0,0,0,0,0,0,0,,,,,,,,,,,,,,,,,,,,,,,,,,,,,,,,,,,,,,,,,,,2013-01-20,day,,,North-Western,Kabompo,Mishivi bridge,2026-10-06T12:29:33+00:00,DesInventar Zambia (UNDRR) — DI_export_zmb.zip
141,07,0708,,North-Western,Kabompo,,FLOOD,Maveve bridge,2013,1,20,0,0,0,0,0,0,,District administration office,0,0,Tinenenji,2017-05-11,0,0,0,0,0,0,0,0,0,0,0,0,0,0,0,0,,damaged bridge due to heavy rains,0,,0,0,0,0,0,0,0,0,0,0,0,0,715,,,0,0,0,2161251e-2299-4204-b645-b9f3a5d14df6,"One pillar broke and was washed away. Furthermore, the timber deck was rotten making it dangerous for use",715,1,0,0,0,0,0,0,0,0,0,0,0,0,0,0,0,0,0,0,0,0,0,0,0,0,0,0,0,0,0,0,0,0,0,0,0,0,0,0,0,0,0,,,,,,,,,,,,,,,,,,,,,,,,,,,,,,,,,,,,,,,,,,,,,,,,,,,,,,,,,,,,,,,,,,,,,,,,,,,,,,,,,,,,,,,,,,,,,,,,,,,,,0,0,0,0,0,0,0,0,0,0,0,0,0,0,0,0,,,,,,,,,,,,,,,,,,,,,,,,,,,,,,,,,,,,,,,,,,,2013-01-20,day,,,North-Western,Kabompo,Maveve bridge,2026-10-06T12:29:33+00:00,DesInventar Zambia (UNDRR) — DI_export_zmb.zip
142,07,0708,,North-Western,Kabompo,,FLOOD,Kasalya bridge,2013,1,20,0,0,0,0,0,0,,District administration office,0,0,Tinenenji,2017-05-11,0,0,0,0,0,0,0,0,0,0,0,0,0,0,0,0,,Damage to bridge due to heavy rains,0,,0,0,0,0,0,0,0,0,0,0,0,0,716,,,0,0,0,c2c05c15-5eec-4b80-b068-5e5780ab31bb,The head wall and the culvert to the outlet side of the middle water passage of the bridge collapsed. The water flows over the road after heavy rains. The strong current flowing in the river causes erosion of the soil at the end of the culvert,716,1,0,0,0,0,0,0,0,0,0,0,0,0,0,0,0,0,0,0,0,0,0,0,0,0,0,0,0,0,0,0,0,0,0,0,0,0,0,0,0,0,0,,,,,,,,,,,,,,,,,,,,,,,,,,,,,,,,,,,,,,,,,,,,,,,,,,,,,,,,,,,,,,,,,,,,,,,,,,,,,,,,,,,,,,,,,,,,,,,,,,,,,0,0,0,0,0,0,0,0,0,0,0,0,0,0,0,0,,,,,,,,,,,,,,,,,,,,,,,,,,,,,,,,,,,,,,,,,,,2013-01-20,day,,,North-Western,Kabompo,Kasalya bridge,2026-10-06T12:29:33+00:00,DesInventar Zambia (UNDRR) — DI_export_zmb.zip
158,06,0607,,Muchinga,Chinsali,,FLOOD,Mwalala primary school,2013,0,0,0,0,0,0,0,0,,District Education board,0,0,Tinenenji,2017-05-11,0,0,0,0,0,0,0,0,0,1,0,0,0,0,0,0,,Heavy rains caused damage in schools,0,,0,3,0,0,0,0,0,0,0,0,0,0,728,,,0,0,0,90b6f737-86e2-4c26-86aa-e8b0a3a3cf6c,"Damage in infrastructure caused by rains which had a negative impact on the effectiveness of school activities in schools namely: Mwalala, Namwenya and  Kasanta primary schools. These schools were found to be in a hazardous state and posed a risk to teachers and pupils.",728,0,0,0,0,0,0,0,0,0,0,0,0,0,0,0,0,0,0,0,0,0,0,0,0,0,3,0,0,0,0,0,0,0,0,0,0,0,0,0,0,0,0,,,,,,,,,,,,,,,,,,,,,,,,,,,,,,,,,,,,,,,,,,,,,,,,,,,,,,,,,,,,,,,,,,,,,,,,,,,,,,,,,,,,,,,,,,,,,,,,,,,,,0,0,0,0,0,4.91e-06,137808,0,0,0,0,0,137808,0,137808,0,,,,,,,,,,,,,,,,,,,,,,,,,,,,,,,,,,,,,,,,,,,2013,year,,,Muchinga,Chinsali,Mwalala primary school,2026-10-06T12:29:33+00:00,DesInventar Zambia (UNDRR) — DI_export_zmb.zip
159,04,0403,,Luapula,Mansa,,FLOOD,Musaila primary school,2011,0,0,0,0,0,0,0,0,,DMMU Regional office,0,0,Tinenenji,2017-05-11,0,0,0,0,0,0,0,0,0,1,0,0,0,0,0,0,,collapsed  classroom block due to heavy rains,0,,0,1,0,0,0,0,0,0,0,0,0,0,729,,,0,0,0,26df61a6-57c6-4b12-ab4a-d5ff85e5451d,A poorly constructed 1*2 classroom block at Musaila primary school collapsed during the 2011/2012 rain season.,729,0,0,0,0,0,0,0,0,0,0,0,0,0,0,0,0,0,0,0,0,0,0,0,0,0,1,0,0,0,0,0,0,0,0,0,0,0,0,0,0,0,0,,,,,,,,,,,,,,,,,,,,,,,,,,,,,,,,,,,,,,,,,,,,,,,,,,,,,,,,,,,,,,,,,,,,,,,,,,,,,,,,,,,,,,,,,,,,,,,,,,,,,0,0,0,0,0,1.94e-06,45606,0,0,0,0,0,45606,0,45606,0,,,,,,,,,,,,,,,,,,,,,,,,,,,,,,,,,,,,,,,,,,,2011,year,,,Luapula,Mansa,Musaila primary school,2026-10-06T12:29:33+00:00,DesInventar Zambia (UNDRR) — DI_export_zmb.zip
167,01,0102,,Central,Chibombo,,FLOOD,Itombwe,2013,0,0,0,0,0,0,0,1,42 school text books damaged.,ZVAC/ Assessment report,0,0,Tinenenji,2017-06-05,0,0,0,0,0,-1,0,0,0,1,0,0,0,0,0,0,,school infrustructure damaged due to floods,0,,0,1,0,0,0,0,0,0,0,0,0,0,736,,,0,0,0,c4af2f94-de43-48b6-a32f-d2a02f6ec711,"3 classrooms, 1 Teacher's house,staff room,2 recreational areas, 1 water point and 1 sanitation facility were damaged due to floods.",736,0,0,0,0,0,0,0,0,0,0,0,0,0,0,0,0,0,0,0,0,0,0,0,0,0,1,0,0,0,0,0,0,0,0,0,0,0,0,0,0,0,0,,,,,,,,,,,,,,,,,,,,,,,,,,,,,,,,,,,,,,,,,,,,,,,,,,,,,,,,,,,,,,,,,,,,,,,,,,,,,,,,,,,,,,,,,,,,,,,,,,,,,0,0,0,0.03635976,5.50967034,1.85e-06,51823.5,0,0,5887.5,5887.5,0,45936,0,45936,0,,,,,,,,,,,,,,,,,,,,,,,,,,,,,,,,,,,,,,,,,,,2013,year,,,Central,Chibombo,Itombwe,2026-10-06T12:29:33+00:00,DesInventar Zambia (UNDRR) — DI_export_zmb.zip
168,01,0102,,Central,Chibombo,,FLOOD,Kalala primary school,2013,0,0,0,0,0,0,0,2,,ZVAC/ Assessment report,0,0,Tinenenji,2017-06-05,0,0,0,0,0,-1,0,0,0,1,0,0,0,0,0,0,,school infrustructure damaged due to floods,0,,0,1,0,0,0,0,0,0,0,0,0,0,737,,,0,0,0,76536a54-b1ec-423d-ab64-fcebd2234313,"3 classrooms, 2 teacher's houses and 5 sanitation facilities damaged due to floods.",737,0,0,0,0,0,0,0,0,0,0,0,0,0,0,0,0,0,0,0,0,0,0,0,0,0,1,0,0,0,0,0,0,0,0,0,0,0,0,0,0,0,0,,,,,,,,,,,,,,,,,,,,,,,,,,,,,,,,,,,,,,,,,,,,,,,,,,,,,,,,,,,,,,,,,,,,,,,,,,,,,,,,,,,,,,,,,,,,,,,,,,,,,0,0,0,0.07271951,11.01934069,2.06e-06,57711,0,0,11775,11775,0,45936,0,45936,0,,,,,,,,,,,,,,,,,,,,,,,,,,,,,,,,,,,,,,,,,,,2013,year,,,Central,Chibombo,Kalala primary school,2026-10-06T12:29:33+00:00,DesInventar Zambia (UNDRR) — DI_export_zmb.zip
170,01,0102,,Central,Chibombo,,FLOOD,Kalebuka primary school,2013,0,0,0,0,0,0,0,0,,ZVAC/ Assessment report,0,0,Tinenenji,2017-06-05,0,0,0,0,0,0,0,0,0,1,0,0,0,0,0,0,,school infrustructure damaged due to floods,0,,0,1,0,0,0,0,0,0,0,0,0,0,738,,,0,0,0,d06418ca-6c42-4e8d-8279-dfa912f0620a,"2 classrooms, 1 water point, 4 sanitation facilities and 1 recreational area affected due to floods",738,0,0,0,0,0,0,0,0,0,0,0,0,0,0,0,0,0,0,0,0,0,0,0,0,0,1,0,0,0,0,0,0,0,0,0,0,0,0,0,0,0,0,,,,,,,,,,,,,,,,,,,,,,,,,,,,,,,,,,,,,,,,,,,,,,,,,,,,,,,,,,,,,,,,,,,,,,,,,,,,,,,,,,,,,,,,,,,,,,,,,,,,,0,0,0,0,0,1.64e-06,45936,0,0,0,0,0,45936,0,45936,0,,,,,,,,,,,,,,,,,,,,,,,,,,,,,,,,,,,,,,,,,,,2013,year,,,Central,Chibombo,Kalebuka primary school,2026-10-06T12:29:33+00:00,DesInventar Zambia (UNDRR) — DI_export_zmb.zip
171,01,0102,,Central,Chibombo,,FLOOD,Muwanju primary school,2013,0,0,0,0,0,0,0,0,,ZVAC/ Assessment reports,0,0,Tinenenji,2017-06-05,0,0,0,0,0,0,0,0,0,1,0,0,0,0,0,0,,school infrustructure damaged due to floods,0,,0,1,0,0,0,0,0,0,0,0,0,0,739,,,0,0,0,fc4f823e-953f-4c88-b300-13da49a3eecf,3 classrooms damaged due to floods caused by heavy rains.,739,0,0,0,0,0,0,0,0,0,0,0,0,0,0,0,0,0,0,0,0,0,0,0,0,0,1,0,0,0,0,0,0,0,0,0,0,0,0,0,0,0,0,,,,,,,,,,,,,,,,,,,,,,,,,,,,,,,,,,,,,,,,,,,,,,,,,,,,,,,,,,,,,,,,,,,,,,,,,,,,,,,,,,,,,,,,,,,,,,,,,,,,,0,0,0,0,0,1.64e-06,45936,0,0,0,0,0,45936,0,45936,0,,,,,,,,,,,,,,,,,,,,,,,,,,,,,,,,,,,,,,,,,,,2013,year,,,Central,Chibombo,Muwanju primary school,2026-10-06T12:29:33+00:00,DesInventar Zambia (UNDRR) — DI_export_zmb.zip
173,01,,,Central,,,FLOOD,,2017,6,5,0,0,0,0,0,0,,,0,0,Anonimous,2017-06-05,0,0,0,0,0,0,0,0,0,0,0,0,0,0,0,0,,,0,,0,0,0,0,0,0,0,0,0,0,0,0,740,,,0,0,0,3adeaf46-9886-428b-af6c-31c2b6d70cb6,,740,0,0,0,0,0,0,0,0,0,0,0,0,0,0,0,0,0,0,0,0,0,0,0,0,0,0,0,0,0,0,0,0,0,0,0,0,0,0,0,0,0,0,,,,,,,,,,,,,,,,,,,,,,,,,,,,,,,,,,,,,,,,,,,,,,,,,,,,,,,,,,,,,,,,,,,,,,,,,,,,,,,,,,,,,,,,,,,,,,,,,,,,,0,0,0,0,0,0,0,0,0,0,0,0,0,0,0,0,,,,,,,,,,,,,,,,,,,,,,,,,,,,,,,,,,,,,,,,,,,2017-06-05,day,,,Central,,,2026-10-06T12:29:33+00:00,DesInventar Zambia (UNDRR) — DI_export_zmb.zip
174,01,0102,,Central,Chibombo,,FLOOD,Shimbilo primary school,2013,0,0,0,0,0,0,0,0,,ZVAC/ Assessment report,0,0,Tinenenji,2017-06-05,0,0,0,0,0,0,0,0,0,1,0,0,0,0,0,0,,school infrustructure damaged due to floods,0,,0,1,0,0,0,0,0,0,0,0,0,0,741,,,0,0,0,b237c090-ce9e-40f5-82ed-5666e70ef330,2 sanitation facilities affected due to floods caused by heavy rains.,741,0,0,0,0,0,0,0,0,0,0,0,0,0,0,0,0,0,0,0,0,0,0,0,0,0,1,0,0,0,0,0,0,0,0,0,0,0,0,0,0,0,0,,,,,,,,,,,,,,,,,,,,,,,,,,,,,,,,,,,,,,,,,,,,,,,,,,,,,,,,,,,,,,,,,,,,,,,,,,,,,,,,,,,,,,,,,,,,,,,,,,,,,0,0,0,0,0,1.64e-06,45936,0,0,0,0,0,45936,0,45936,0,,,,,,,,,,,,,,,,,,,,,,,,,,,,,,,,,,,,,,,,,,,2013,year,,,Central,Chibombo,Shimbilo primary school,2026-10-06T12:29:33+00:00,DesInventar Zambia (UNDRR) — DI_export_zmb.zip
175,01,0101,,Central,Itezhi-tezhi,,FLOOD,Baanga primary school,2013,0,0,0,0,0,0,0,1,,ZVAC/ Assessment report,0,0,Tinenenji,2017-06-05,0,0,0,0,0,-1,0,0,0,1,0,0,0,0,0,0,,school infrustructure damaged due to floods,0,,0,1,0,0,0,0,0,0,0,0,0,0,742,,,0,0,0,535e52a5-d43b-4610-9581-59eb8206ae68,2 classrooms and  1 teacher's house damaged due to floods caused by heavy rains.,742,0,0,0,0,0,0,0,0,0,0,0,0,0,0,0,0,0,0,0,0,0,0,0,0,0,1,0,0,0,0,0,0,0,0,0,0,0,0,0,0,0,0,,,,,,,,,,,,,,,,,,,,,,,,,,,,,,,,,,,,,,,,,,,,,,,,,,,,,,,,,,,,,,,,,,,,,,,,,,,,,,,,,,,,,,,,,,,,,,,,,,,,,0,0,0,0.03635976,5.50967034,1.85e-06,51823.5,0,0,5887.5,5887.5,0,45936,0,45936,0,,,,,,,,,,,,,,,,,,,,,,,,,,,,,,,,,,,,,,,,,,,2013,year,,,Central,Itezhi-tezhi,Baanga primary school,2026-10-06T12:29:33+00:00,DesInventar Zambia (UNDRR) — DI_export_zmb.zip
176,01,0101,,Central,Itezhi-tezhi,,FLOOD,Babizhi,2013,0,0,0,0,0,0,0,1,,ZVAC/ Assessment report,0,0,Tinenenji,2017-06-05,0,0,0,0,0,-1,0,0,0,1,0,0,0,0,0,0,,school infrustructure damaged due to floods,0,,0,1,0,0,0,0,0,0,0,0,0,0,743,,,0,0,0,57f75a2b-ab23-49bc-b42b-3fcc24b96555,"5 classrooms, 1 teacher's house, 1 water point, 7 sanitation facilities and 3 recreational areas damaged due to floods caused by heavy rains.",743,0,0,0,0,0,0,0,0,0,0,0,0,0,0,0,0,0,0,0,0,0,0,0,0,0,1,0,0,0,0,0,0,0,0,0,0,0,0,0,0,0,0,,,,,,,,,,,,,,,,,,,,,,,,,,,,,,,,,,,,,,,,,,,,,,,,,,,,,,,,,,,,,,,,,,,,,,,,,,,,,,,,,,,,,,,,,,,,,,,,,,,,,0,0,0,0.03635976,5.50967034,1.85e-06,51823.5,0,0,5887.5,5887.5,0,45936,0,45936,0,,,,,,,,,,,,,,,,,,,,,,,,,,,,,,,,,,,,,,,,,,,2013,year,,,Central,Itezhi-tezhi,Babizhi,2026-10-06T12:29:33+00:00,DesInventar Zambia (UNDRR) — DI_export_zmb.zip
177,01,0101,,Central,Itezhi-tezhi,,FLOOD,Yomena primary school,2013,0,0,0,0,0,0,0,3,,ZVAC/ Assessment report,0,0,Tinenenji,2017-06-05,0,0,0,0,0,-1,0,0,0,1,0,0,0,0,0,0,,school infrustructure damaged due to floods,0,,0,1,0,0,0,0,0,0,0,0,0,0,744,,,0,0,0,a8a0bf38-c0d8-4b96-a8c0-b80162ad4c14,"5 classrooms, 3 teacher's houses and 1 water point damaged due to floods caused by heavy rains.",744,0,0,0,0,0,0,0,0,0,0,0,0,0,0,0,0,0,0,0,0,0,0,0,0,0,1,0,0,0,0,0,0,0,0,0,0,0,0,0,0,0,0,,,,,,,,,,,,,,,,,,,,,,,,,,,,,,,,,,,,,,,,,,,,,,,,,,,,,,,,,,,,,,,,,,,,,,,,,,,,,,,,,,,,,,,,,,,,,,,,,,,,,0,0,0,0.10907927,16.52901103,2.27e-06,63598.5,0,0,17662.5,17662.5,0,45936,0,45936,0,,,,,,,,,,,,,,,,,,,,,,,,,,,,,,,,,,,,,,,,,,,2013,year,,,Central,Itezhi-tezhi,Yomena primary school,2026-10-06T12:29:33+00:00,DesInventar Zambia (UNDRR) — DI_export_zmb.zip
178,01,0108,,Central,Mkushi,,FLOOD,Shamboze primary school,2013,0,0,0,0,0,0,0,0,,ZVAC/ Assessment report,0,0,Tinenenji,2017-06-05,0,0,0,0,0,0,0,0,0,1,0,0,0,0,0,0,,school infrustructure damaged due to floods,0,,0,1,0,0,0,0,0,0,0,0,0,0,745,,,0,0,0,e18d2d14-45e6-4a9a-8029-18692139aabd,"2 classrooms,1 water point and 2 recreational areas damaged due to floods caused by heavy rains",745,0,0,0,0,0,0,0,0,0,0,0,0,0,0,0,0,0,0,0,0,0,0,0,0,0,1,0,0,0,0,0,0,0,0,0,0,0,0,0,0,0,0,,,,,,,,,,,,,,,,,,,,,,,,,,,,,,,,,,,,,,,,,,,,,,,,,,,,,,,,,,,,,,,,,,,,,,,,,,,,,,,,,,,,,,,,,,,,,,,,,,,,,0,0,0,0,0,1.64e-06,45936,0,0,0,0,0,45936,0,45936,0,,,,,,,,,,,,,,,,,,,,,,,,,,,,,,,,,,,,,,,,,,,2013,year,,,Central,Mkushi,Shamboze primary school,2026-10-06T12:29:33+00:00,DesInventar Zambia (UNDRR) — DI_export_zmb.zip
179,01,0108,,Central,Mkushi,,FLOOD,Lukunka primary school,2013,0,0,0,0,0,0,0,0,,ZVAC/ Assessment report,0,0,Tinenenji,2017-06-05,0,0,0,0,0,0,0,0,0,1,0,0,0,0,0,0,,school infrustructure damaged due to floods,0,,0,1,0,0,0,0,0,0,0,0,0,0,746,,,0,0,0,4e26c4a7-cd5b-4bee-9aa2-2789b70531f5,2 classrooms damaged due to floods caused by heavy rains.,746,0,0,0,0,0,0,0,0,0,0,0,0,0,0,0,0,0,0,0,0,0,0,0,0,0,1,0,0,0,0,0,0,0,0,0,0,0,0,0,0,0,0,,,,,,,,,,,,,,,,,,,,,,,,,,,,,,,,,,,,,,,,,,,,,,,,,,,,,,,,,,,,,,,,,,,,,,,,,,,,,,,,,,,,,,,,,,,,,,,,,,,,,0,0,0,0,0,1.64e-06,45936,0,0,0,0,0,45936,0,45936,0,,,,,,,,,,,,,,,,,,,,,,,,,,,,,,,,,,,,,,,,,,,2013,year,,,Central,Mkushi,Lukunka primary school,2026-10-06T12:29:33+00:00,DesInventar Zambia (UNDRR) — DI_export_zmb.zip
180,01,0104,,Central,Mumbwa,,FLOOD,Kabulwe bulwe,2013,0,0,0,0,0,0,0,1,,ZVAC/ Assessment report,0,0,Tinenenji,2017-06-05,0,0,0,0,0,-1,0,0,0,1,0,0,0,0,0,0,,school infrustructure damaged due to floods,0,,0,1,0,0,0,0,0,0,0,0,0,0,747,,,0,0,0,a2dec558-e376-4086-8779-71d5fb777d9f,"3 classrooms, 1 teacher's house and  5 sanitation facilities damaged due to floods caused by heavy rains.",747,0,0,0,0,0,0,0,0,0,0,0,0,0,0,0,0,0,0,0,0,0,0,0,0,0,1,0,0,0,0,0,0,0,0,0,0,0,0,0,0,0,0,,,,,,,,,,,,,,,,,,,,,,,,,,,,,,,,,,,,,,,,,,,,,,,,,,,,,,,,,,,,,,,,,,,,,,,,,,,,,,,,,,,,,,,,,,,,,,,,,,,,,0,0,0,0.03635976,5.50967034,1.85e-06,51823.5,0,0,5887.5,5887.5,0,45936,0,45936,0,,,,,,,,,,,,,,,,,,,,,,,,,,,,,,,,,,,,,,,,,,,2013,year,,,Central,Mumbwa,Kabulwe bulwe,2026-10-06T12:29:33+00:00,DesInventar Zambia (UNDRR) — DI_export_zmb.zip
181,05,0508,,Lusaka,Shibuyunji,,FLOOD,Munyati primary school,2013,0,0,0,0,0,0,0,0,,ZVAC/ Assessment report,0,0,Tinenenji,2017-06-05,0,0,0,0,0,0,0,0,0,1,0,0,0,0,0,0,,school infrustructure damaged due to floods,0,,0,1,0,0,0,0,0,0,0,0,0,0,748,,,0,0,0,27a34b1a-dce9-4b41-9f2c-c2d845d6d737,1 sanitation facility damaged due to floods caused by heavy rains,748,0,0,0,0,0,0,0,0,0,0,0,0,0,0,0,0,0,0,0,0,0,0,0,0,0,1,0,0,0,0,0,0,0,0,0,0,0,0,0,0,0,0,,,,,,,,,,,,,,,,,,,,,,,,,,,,,,,,,,,,,,,,,,,,,,,,,,,,,,,,,,,,,,,,,,,,,,,,,,,,,,,,,,,,,,,,,,,,,,,,,,,,,0,0,0,0,0,1.64e-06,45936,0,0,0,0,0,45936,0,45936,0,,,,,,,,,,,,,,,,,,,,,,,,,,,,,,,,,,,,,,,,,,,2013,year,,,Lusaka,Shibuyunji,Munyati primary school,2026-10-06T12:29:33+00:00,DesInventar Zambia (UNDRR) — DI_export_zmb.zip
182,05,0508,,Lusaka,Shibuyunji,,FLOOD,Nampundwe,2013,0,0,0,0,0,0,0,0,,ZVAC/ Assessment report,0,0,Tinenenji,2017-06-05,0,0,0,0,0,0,0,0,0,1,0,0,0,0,0,0,,school infrustructure damaged due to floods,0,,0,1,0,0,0,0,0,0,0,0,0,0,749,,,0,0,0,63fb2af1-bff3-4ed6-aea1-225a3c450cae,8 sanitation facilities and 3 staff rooms damage due to heavy rains caused by floods,749,0,0,0,0,0,0,0,0,0,0,0,0,0,0,0,0,0,0,0,0,0,0,0,0,0,1,0,0,0,0,0,0,0,0,0,0,0,0,0,0,0,0,,,,,,,,,,,,,,,,,,,,,,,,,,,,,,,,,,,,,,,,,,,,,,,,,,,,,,,,,,,,,,,,,,,,,,,,,,,,,,,,,,,,,,,,,,,,,,,,,,,,,0,0,0,0,0,1.64e-06,45936,0,0,0,0,0,45936,0,45936,0,,,,,,,,,,,,,,,,,,,,,,,,,,,,,,,,,,,,,,,,,,,2013,year,,,Lusaka,Shibuyunji,Nampundwe,2026-10-06T12:29:33+00:00,DesInventar Zambia (UNDRR) — DI_export_zmb.zip
183,05,0508,,Lusaka,Shibuyunji,,FLOOD,Shabaso primary school,2013,0,0,0,0,0,0,0,0,,ZVAC/ Assessment report,0,0,Tinenenji,2017-06-05,0,0,0,0,0,0,0,0,0,1,0,0,0,0,0,0,,school infrustructure damaged due to floods,0,,0,1,0,0,0,0,0,0,0,0,0,0,750,,,0,0,0,2cdd2013-b2c3-44cb-8ad4-47af3f7eb9cc,2 classrooms and 4 Sanitation facilities damaged due to floods caused by heavy rains.,750,0,0,0,0,0,0,0,0,0,0,0,0,0,0,0,0,0,0,0,0,0,0,0,0,0,1,0,0,0,0,0,0,0,0,0,0,0,0,0,0,0,0,,,,,,,,,,,,,,,,,,,,,,,,,,,,,,,,,,,,,,,,,,,,,,,,,,,,,,,,,,,,,,,,,,,,,,,,,,,,,,,,,,,,,,,,,,,,,,,,,,,,,0,0,0,0,0,1.64e-06,45936,0,0,0,0,0,45936,0,45936,0,,,,,,,,,,,,,,,,,,,,,,,,,,,,,,,,,,,,,,,,,,,2013,year,,,Lusaka,Shibuyunji,Shabaso primary school,2026-10-06T12:29:33+00:00,DesInventar Zambia (UNDRR) — DI_export_zmb.zip
184,03,0305,,Eastern,Chipata,,FLOOD,Kapita primary school,2013,0,0,0,0,0,0,0,0,,ZVAC/ Assessment report,0,0,Tinenenji,2017-06-05,0,0,0,0,0,0,0,0,0,1,0,0,0,0,0,0,,school infrustructure damaged due to floods,0,,0,1,0,0,0,0,0,0,0,0,0,0,751,,,0,0,0,bff538d5-c1f6-4531-a32c-4e926020f107,2 classrooms damaged due to floods caused by heavy rains.,751,0,0,0,0,0,0,0,0,0,0,0,0,0,0,0,0,0,0,0,0,0,0,0,0,0,1,0,0,0,0,0,0,0,0,0,0,0,0,0,0,0,0,,,,,,,,,,,,,,,,,,,,,,,,,,,,,,,,,,,,,,,,,,,,,,,,,,,,,,,,,,,,,,,,,,,,,,,,,,,,,,,,,,,,,,,,,,,,,,,,,,,,,0,0,0,0,0,1.64e-06,45936,0,0,0,0,0,45936,0,45936,0,,,,,,,,,,,,,,,,,,,,,,,,,,,,,,,,,,,,,,,,,,,2013,year,,,Eastern,Chipata,Kapita primary school,2026-10-06T12:29:33+00:00,DesInventar Zambia (UNDRR) — DI_export_zmb.zip
200,10,1014,,Western,Limulunga,,FLOOD,Mabili community school,2013,0,0,0,0,0,0,0,0,,ZVAC/ Assessment report,0,0,Tinenenji,2017-06-06,0,0,0,0,0,0,0,0,0,1,0,0,0,0,0,0,,school infrustructure damaged due to floods,0,,0,1,0,0,0,0,0,0,0,0,0,0,767,,,0,0,0,8645d147-0725-4b56-ade2-5ff6949f5b93,2 classrooms damaged by floods due to heavy rains.,767,0,0,0,0,0,0,0,0,0,0,0,0,0,0,0,0,0,0,0,0,0,0,0,0,0,1,0,0,0,0,0,0,0,0,0,0,0,0,0,0,0,0,,,,,,,,,,,,,,,,,,,,,,,,,,,,,,,,,,,,,,,,,,,,,,,,,,,,,,,,,,,,,,,,,,,,,,,,,,,,,,,,,,,,,,,,,,,,,,,,,,,,,0,0,0,0,0,1.64e-06,45936,0,0,0,0,0,45936,0,45936,0,,,,,,,,,,,,,,,,,,,,,,,,,,,,,,,,,,,,,,,,,,,2013,year,,,Western,Limulunga,Mabili community school,2026-10-06T12:29:33+00:00,DesInventar Zambia (UNDRR) — DI_export_zmb.zip
185,07,0701,,North-Western,Zambezi,,FLOOD,Kalengwa primary school,2013,0,0,0,0,0,0,0,0,,ZVAC/ Assessment report,0,0,Tinenenji,2017-06-05,0,0,0,0,0,0,0,0,0,1,0,0,0,0,0,0,,school infrustructure damaged due to floods,0,,0,1,0,0,0,0,0,0,0,0,0,0,752,,,0,0,0,de2af9d5-926a-4877-a7fc-d2eb8f19fa5a,"2 classrooms, 2 water points,3 sanitation facilities, 1 staff room and 2 recreational areas damaged due to floods caused by heavy rains.",752,0,0,0,0,0,0,0,0,0,0,0,0,0,0,0,0,0,0,0,0,0,0,0,0,0,1,0,0,0,0,0,0,0,0,0,0,0,0,0,0,0,0,,,,,,,,,,,,,,,,,,,,,,,,,,,,,,,,,,,,,,,,,,,,,,,,,,,,,,,,,,,,,,,,,,,,,,,,,,,,,,,,,,,,,,,,,,,,,,,,,,,,,0,0,0,0,0,1.64e-06,45936,0,0,0,0,0,45936,0,45936,0,,,,,,,,,,,,,,,,,,,,,,,,,,,,,,,,,,,,,,,,,,,2013,year,,,North-Western,Zambezi,Kalengwa primary school,2026-10-06T12:29:33+00:00,DesInventar Zambia (UNDRR) — DI_export_zmb.zip
186,09,0904,,Southern,Kalomo,,FLOOD,Maramba primary school,2013,0,0,0,0,0,0,0,0,,ZVAC/ Assessment report,0,0,Tinenenji,2017-06-05,0,0,0,0,0,0,0,0,0,1,0,0,0,0,0,0,,school infrustructure damaged due to floods,0,,0,1,0,0,0,0,0,0,0,0,0,0,753,,,0,0,0,0377257f-281e-4880-8931-84715a9501a6,3 classrooms damaged due to floods caused by heavy rains.,753,0,0,0,0,0,0,0,0,0,0,0,0,0,0,0,0,0,0,0,0,0,0,0,0,0,1,0,0,0,0,0,0,0,0,0,0,0,0,0,0,0,0,,,,,,,,,,,,,,,,,,,,,,,,,,,,,,,,,,,,,,,,,,,,,,,,,,,,,,,,,,,,,,,,,,,,,,,,,,,,,,,,,,,,,,,,,,,,,,,,,,,,,0,0,0,0,0,1.64e-06,45936,0,0,0,0,0,45936,0,45936,0,,,,,,,,,,,,,,,,,,,,,,,,,,,,,,,,,,,,,,,,,,,2013,year,,,Southern,Kalomo,Maramba primary school,2026-10-06T12:29:33+00:00,DesInventar Zambia (UNDRR) — DI_export_zmb.zip
187,09,0908,,Southern,Monze,,FLOOD,Hakunkula primary school,2013,0,0,0,0,0,0,0,0,,ZVAC/ Assessment report,0,0,Tinenenji,2017-06-05,0,0,0,0,0,0,0,0,0,1,0,0,0,0,0,0,,school infrustructure damaged due to floods,0,,0,1,0,0,0,0,0,0,0,0,0,0,754,,,0,0,0,b8ac01af-a715-4bea-aac2-3ca27c07fb76,3 classrooms and 1 staff room damaged due floods caused by heavy rains,754,0,0,0,0,0,0,0,0,0,0,0,0,0,0,0,0,0,0,0,0,0,0,0,0,0,1,0,0,0,0,0,0,0,0,0,0,0,0,0,0,0,0,,,,,,,,,,,,,,,,,,,,,,,,,,,,,,,,,,,,,,,,,,,,,,,,,,,,,,,,,,,,,,,,,,,,,,,,,,,,,,,,,,,,,,,,,,,,,,,,,,,,,0,0,0,0,0,1.64e-06,45936,0,0,0,0,0,45936,0,45936,0,,,,,,,,,,,,,,,,,,,,,,,,,,,,,,,,,,,,,,,,,,,2013,year,,,Southern,Monze,Hakunkula primary school,2026-10-06T12:29:33+00:00,DesInventar Zambia (UNDRR) — DI_export_zmb.zip
188,09,0909,,Southern,Namwala,,FLOOD,Nakaunda primary school,2013,0,0,0,0,0,0,0,0,,ZVAC/ Assessment report,0,0,Tinenenji,2017-06-05,0,0,0,0,0,0,0,0,0,1,0,0,0,0,0,0,,school infrustructure damaged due to floods,0,,0,1,0,0,0,0,0,0,0,0,0,0,755,,,0,0,0,94bf88fd-02c0-4a33-9731-41def1c45255,2 classrooms damaged by floods caused by heavy rains,755,0,0,0,0,0,0,0,0,0,0,0,0,0,0,0,0,0,0,0,0,0,0,0,0,0,1,0,0,0,0,0,0,0,0,0,0,0,0,0,0,0,0,,,,,,,,,,,,,,,,,,,,,,,,,,,,,,,,,,,,,,,,,,,,,,,,,,,,,,,,,,,,,,,,,,,,,,,,,,,,,,,,,,,,,,,,,,,,,,,,,,,,,0,0,0,0,0,1.64e-06,45936,0,0,0,0,0,45936,0,45936,0,,,,,,,,,,,,,,,,,,,,,,,,,,,,,,,,,,,,,,,,,,,2013,year,,,Southern,Namwala,Nakaunda primary school,2026-10-06T12:29:33+00:00,DesInventar Zambia (UNDRR) — DI_export_zmb.zip
189,09,0909,,Southern,Namwala,,FLOOD,Tapa primary school,2013,0,0,0,0,0,0,0,1,,ZVAC/ Assessment report,0,0,Tinenenji,2017-06-05,0,0,0,0,0,-1,0,0,0,1,0,0,0,0,0,0,,school infrustructure damaged due to floods,0,,0,1,0,0,0,0,0,0,0,0,0,0,756,,,0,0,0,eca7e3ae-e92c-46c4-bf86-7023b9441b32,"4 classrooms and 1 teacher's house damaged due to floods caused by heavy rains,",756,0,0,0,0,0,0,0,0,0,0,0,0,0,0,0,0,0,0,0,0,0,0,0,0,0,1,0,0,0,0,0,0,0,0,0,0,0,0,0,0,0,0,,,,,,,,,,,,,,,,,,,,,,,,,,,,,,,,,,,,,,,,,,,,,,,,,,,,,,,,,,,,,,,,,,,,,,,,,,,,,,,,,,,,,,,,,,,,,,,,,,,,,0,0,0,0.03635976,5.50967034,1.85e-06,51823.5,0,0,5887.5,5887.5,0,45936,0,45936,0,,,,,,,,,,,,,,,,,,,,,,,,,,,,,,,,,,,,,,,,,,,2013,year,,,Southern,Namwala,Tapa primary school,2026-10-06T12:29:33+00:00,DesInventar Zambia (UNDRR) — DI_export_zmb.zip
190,09,0909,,Southern,Namwala,,FLOOD,Kasonkomwa community school,2013,0,0,0,0,0,0,0,0,,ZVAC/ Assessment report,0,0,Tinenenji,2017-06-05,0,0,0,0,0,0,0,0,0,1,0,0,0,0,0,0,,school infrustructure damaged due to floods,0,,0,1,0,0,0,0,0,0,0,0,0,0,757,,,0,0,0,0be4ac12-4961-47c4-adbf-d7a28d3ad4a7,2 classrooms damaged due to floods caused by heavy rains.,757,0,0,0,0,0,0,0,0,0,0,0,0,0,0,0,0,0,0,0,0,0,0,0,0,0,1,0,0,0,0,0,0,0,0,0,0,0,0,0,0,0,0,,,,,,,,,,,,,,,,,,,,,,,,,,,,,,,,,,,,,,,,,,,,,,,,,,,,,,,,,,,,,,,,,,,,,,,,,,,,,,,,,,,,,,,,,,,,,,,,,,,,,0,0,0,0,0,1.64e-06,45936,0,0,0,0,0,45936,0,45936,0,,,,,,,,,,,,,,,,,,,,,,,,,,,,,,,,,,,,,,,,,,,2013,year,,,Southern,Namwala,Kasonkomwa community school,2026-10-06T12:29:33+00:00,DesInventar Zambia (UNDRR) — DI_export_zmb.zip
191,10,1004,,Western,Kalabo,,FLOOD,Ikatulamwa community school,2013,0,0,0,0,0,0,0,2,,ZVAC/ Assessment report,0,0,Tinenenji,2017-06-05,0,0,0,0,0,-1,0,0,0,1,0,0,0,0,0,0,,school infrustructure damaged due to floods,0,,0,1,0,0,0,0,0,0,0,0,0,0,758,,,0,0,0,ca74ed95-bf2b-4faf-91e2-30e441f05f49,"1 classroom, 2 teacher's houses and 4 sanitation facilities damaged by floods due to heavy rains.",758,0,0,0,0,0,0,0,0,0,0,0,0,0,0,0,0,0,0,0,0,0,0,0,0,0,1,0,0,0,0,0,0,0,0,0,0,0,0,0,0,0,0,,,,,,,,,,,,,,,,,,,,,,,,,,,,,,,,,,,,,,,,,,,,,,,,,,,,,,,,,,,,,,,,,,,,,,,,,,,,,,,,,,,,,,,,,,,,,,,,,,,,,0,0,0,0.07271951,11.01934069,2.06e-06,57711,0,0,11775,11775,0,45936,0,45936,0,,,,,,,,,,,,,,,,,,,,,,,,,,,,,,,,,,,,,,,,,,,2013,year,,,Western,Kalabo,Ikatulamwa community school,2026-10-06T12:29:33+00:00,DesInventar Zambia (UNDRR) — DI_export_zmb.zip
192,10,1004,,Western,Kalabo,,FLOOD,Nangole primary school,2013,0,0,0,0,0,0,0,0,,ZVAC/ Assessment report,0,0,Tinenenji,2017-06-06,0,0,0,0,0,0,0,0,0,1,0,0,0,0,0,0,,school infrustructure damaged due to floods,0,,0,1,0,0,0,0,0,0,0,0,0,0,759,,,0,0,0,05c6261a-bc3d-4ff1-9d1d-4713bfa357d7,"2 classrooms, teacher's houses and 2 recreational areas damaged due floods caused by to heavy rains",759,0,0,0,0,0,0,0,0,0,0,0,0,0,0,0,0,0,0,0,0,0,0,0,0,0,1,0,0,0,0,0,0,0,0,0,0,0,0,0,0,0,0,,,,,,,,,,,,,,,,,,,,,,,,,,,,,,,,,,,,,,,,,,,,,,,,,,,,,,,,,,,,,,,,,,,,,,,,,,,,,,,,,,,,,,,,,,,,,,,,,,,,,0,0,0,0,0,1.64e-06,45936,0,0,0,0,0,45936,0,45936,0,,,,,,,,,,,,,,,,,,,,,,,,,,,,,,,,,,,,,,,,,,,2013,year,,,Western,Kalabo,Nangole primary school,2026-10-06T12:29:33+00:00,DesInventar Zambia (UNDRR) — DI_export_zmb.zip
193,10,1004,,Western,Kalabo,,FLOOD,Silanda primary school,2013,0,0,0,0,0,0,0,0,,ZVAC/ Assessment report,0,0,Tinenenji,2017-06-06,0,0,0,0,0,0,0,0,0,1,0,0,0,0,0,0,,school infrustructure damaged due to floods,0,,0,1,0,0,0,0,0,0,0,0,0,0,760,,,0,0,0,2ee887b5-2935-48ea-8b7b-4b1e9e56d6a1,5 water points damaged due to floods caused by heavy rains,760,0,0,0,0,0,0,0,0,0,0,0,0,0,0,0,0,0,0,0,0,0,0,0,0,0,1,0,0,0,0,0,0,0,0,0,0,0,0,0,0,0,0,,,,,,,,,,,,,,,,,,,,,,,,,,,,,,,,,,,,,,,,,,,,,,,,,,,,,,,,,,,,,,,,,,,,,,,,,,,,,,,,,,,,,,,,,,,,,,,,,,,,,0,0,0,0,0,1.64e-06,45936,0,0,0,0,0,45936,0,45936,0,,,,,,,,,,,,,,,,,,,,,,,,,,,,,,,,,,,,,,,,,,,2013,year,,,Western,Kalabo,Silanda primary school,2026-10-06T12:29:33+00:00,DesInventar Zambia (UNDRR) — DI_export_zmb.zip
194,10,1004,,Western,Kalabo,,FLOOD,Muchicha primary school,2013,0,0,0,0,0,0,0,3,,ZVAC/ Assessment report,0,0,Tinenenji,2017-06-06,0,0,0,0,0,-1,0,0,0,1,0,0,0,0,0,0,,school infrustructure damaged due to floods,0,,0,1,0,0,0,0,0,0,0,0,0,0,761,,,0,0,0,db2a5386-d0ed-4b43-8081-10df6b6e64b4,"3 classrooms, 3 teacher's houses, 1 water point,4 sanitation facilities and 2 recreational areas damaged by floods caused by heavy rains.",761,0,0,0,0,0,0,0,0,0,0,0,0,0,0,0,0,0,0,0,0,0,0,0,0,0,1,0,0,0,0,0,0,0,0,0,0,0,0,0,0,0,0,,,,,,,,,,,,,,,,,,,,,,,,,,,,,,,,,,,,,,,,,,,,,,,,,,,,,,,,,,,,,,,,,,,,,,,,,,,,,,,,,,,,,,,,,,,,,,,,,,,,,0,0,0,0.10907927,16.52901103,2.27e-06,63598.5,0,0,17662.5,17662.5,0,45936,0,45936,0,,,,,,,,,,,,,,,,,,,,,,,,,,,,,,,,,,,,,,,,,,,2013,year,,,Western,Kalabo,Muchicha primary school,2026-10-06T12:29:33+00:00,DesInventar Zambia (UNDRR) — DI_export_zmb.zip
195,10,1004,,Western,Kalabo,,FLOOD,Salunda primary school,2013,0,0,0,0,0,0,0,0,,ZVAC/ Assessment report,0,0,Tinenenji,2017-06-06,0,0,0,0,0,0,0,0,0,1,0,0,0,0,0,0,,school infrustructure damaged due to floods,0,,0,1,0,0,0,0,0,0,0,0,0,0,762,,,0,0,0,1676b9a6-44c1-471c-88da-5d7992467a36,1 water point and 2 recreational facilities damaged by floods due to heavy rains.,762,0,0,0,0,0,0,0,0,0,0,0,0,0,0,0,0,0,0,0,0,0,0,0,0,0,1,0,0,0,0,0,0,0,0,0,0,0,0,0,0,0,0,,,,,,,,,,,,,,,,,,,,,,,,,,,,,,,,,,,,,,,,,,,,,,,,,,,,,,,,,,,,,,,,,,,,,,,,,,,,,,,,,,,,,,,,,,,,,,,,,,,,,0,0,0,0,0,1.64e-06,45936,0,0,0,0,0,45936,0,45936,0,,,,,,,,,,,,,,,,,,,,,,,,,,,,,,,,,,,,,,,,,,,2013,year,,,Western,Kalabo,Salunda primary school,2026-10-06T12:29:33+00:00,DesInventar Zambia (UNDRR) — DI_export_zmb.zip
196,10,1004,,Western,Kalabo,,FLOOD,Muweshi primary school,2013,0,0,0,0,0,0,0,0,,ZVAC/ Assessment report,0,0,Tinenenji,2017-06-06,0,0,0,0,0,0,0,0,0,1,0,0,0,0,0,0,,school infrustructure damaged due to floods,0,,0,1,0,0,0,0,0,0,0,0,0,0,763,,,0,0,0,10a15282-80f8-4f72-974b-d039e3065057,"3 classrooms,1 water point, 10 sanitation facilities and 2 recreational areas damaged due to floods caused by heavy rains.",763,0,0,0,0,0,0,0,0,0,0,0,0,0,0,0,0,0,0,0,0,0,0,0,0,0,1,0,0,0,0,0,0,0,0,0,0,0,0,0,0,0,0,,,,,,,,,,,,,,,,,,,,,,,,,,,,,,,,,,,,,,,,,,,,,,,,,,,,,,,,,,,,,,,,,,,,,,,,,,,,,,,,,,,,,,,,,,,,,,,,,,,,,0,0,0,0,0,1.64e-06,45936,0,0,0,0,0,45936,0,45936,0,,,,,,,,,,,,,,,,,,,,,,,,,,,,,,,,,,,,,,,,,,,2013,year,,,Western,Kalabo,Muweshi primary school,2026-10-06T12:29:33+00:00,DesInventar Zambia (UNDRR) — DI_export_zmb.zip
197,10,1004,,Western,Kalabo,,FLOOD,Nguluma primary school,2013,0,0,0,0,0,0,0,4,,ZVAC/ Assessment report,0,0,Tinenenji,2017-06-06,0,0,0,0,0,-1,0,0,0,1,0,0,0,0,0,0,,school infrustructure damaged due to floods,0,,0,1,0,0,0,0,0,0,0,0,0,0,764,,,0,0,0,258019a5-2d27-4085-8705-0f5ee83cd637,"3 classrooms,4 teacher's houses, 13 sanitation points and 2 recreational areas damaged by floods caused by heavy rains.",764,0,0,0,0,0,0,0,0,0,0,0,0,0,0,0,0,0,0,0,0,0,0,0,0,0,1,0,0,0,0,0,0,0,0,0,0,0,0,0,0,0,0,,,,,,,,,,,,,,,,,,,,,,,,,,,,,,,,,,,,,,,,,,,,,,,,,,,,,,,,,,,,,,,,,,,,,,,,,,,,,,,,,,,,,,,,,,,,,,,,,,,,,0,0,0,0.14543903,22.03868137,2.48e-06,69486,0,0,23550,23550,0,45936,0,45936,0,,,,,,,,,,,,,,,,,,,,,,,,,,,,,,,,,,,,,,,,,,,2013,year,,,Western,Kalabo,Nguluma primary school,2026-10-06T12:29:33+00:00,DesInventar Zambia (UNDRR) — DI_export_zmb.zip
199,10,1014,,Western,Limulunga,,FLOOD,Limulunga primary school,2013,0,0,0,0,0,0,0,0,,ZVAC/ Assessment report,0,0,Anonimous,2017-06-06,0,0,0,0,0,0,0,0,0,1,0,0,0,0,0,0,,school infrustructure damaged due to floods,0,,0,1,0,0,0,0,0,0,0,0,0,0,766,,,0,0,0,94f8243c-a7bb-45d2-b952-c0a4169b892c,,766,0,0,0,0,0,0,0,0,0,0,0,0,0,0,0,0,0,0,0,0,0,0,0,0,0,1,0,0,0,0,0,0,0,0,0,0,0,0,0,0,0,0,,,,,,,,,,,,,,,,,,,,,,,,,,,,,,,,,,,,,,,,,,,,,,,,,,,,,,,,,,,,,,,,,,,,,,,,,,,,,,,,,,,,,,,,,,,,,,,,,,,,,0,0,0,0,0,1.64e-06,45936,0,0,0,0,0,45936,0,45936,0,,,,,,,,,,,,,,,,,,,,,,,,,,,,,,,,,,,,,,,,,,,2013,year,,,Western,Limulunga,Limulunga primary school,2026-10-06T12:29:33+00:00,DesInventar Zambia (UNDRR) — DI_export_zmb.zip
201,10,1015,,Western,Mitete,,FLOOD,Lwambi primary school,2013,0,0,0,0,0,0,0,0,,ZVAC/ Assessment report,0,0,Tinenenji,2017-06-06,0,0,0,0,0,0,0,0,0,1,0,0,0,0,0,0,,school infrustructure damaged due to floods,0,,0,1,0,0,0,0,0,0,0,0,0,0,768,,,0,0,0,07e2894e-8cb7-43c1-9ae6-2d31ff6632a9,2 classrooms and 6 sanitation facilities damaged by floods due to heavy rains,768,0,0,0,0,0,0,0,0,0,0,0,0,0,0,0,0,0,0,0,0,0,0,0,0,0,1,0,0,0,0,0,0,0,0,0,0,0,0,0,0,0,0,,,,,,,,,,,,,,,,,,,,,,,,,,,,,,,,,,,,,,,,,,,,,,,,,,,,,,,,,,,,,,,,,,,,,,,,,,,,,,,,,,,,,,,,,,,,,,,,,,,,,0,0,0,0,0,1.64e-06,45936,0,0,0,0,0,45936,0,45936,0,,,,,,,,,,,,,,,,,,,,,,,,,,,,,,,,,,,,,,,,,,,2013,year,,,Western,Mitete,Lwambi primary school,2026-10-06T12:29:33+00:00,DesInventar Zambia (UNDRR) — DI_export_zmb.zip
202,10,1008,,Western,Mwandi,,FLOOD,Mande primary school,2013,0,0,0,0,0,0,0,0,,ZVAC/ Assessment report,0,0,Tinenenji,2017-06-06,0,0,0,0,0,0,0,0,0,1,0,0,0,0,0,0,,school infrustructure damaged due to floods,0,,0,1,0,0,0,0,0,0,0,0,0,0,769,,,0,0,0,c373546a-43a2-4915-aa2b-56824e2d3e7f,3 classrooms damaged by floods due to heavy rains.,769,0,0,0,0,0,0,0,0,0,0,0,0,0,0,0,0,0,0,0,0,0,0,0,0,0,1,0,0,0,0,0,0,0,0,0,0,0,0,0,0,0,0,,,,,,,,,,,,,,,,,,,,,,,,,,,,,,,,,,,,,,,,,,,,,,,,,,,,,,,,,,,,,,,,,,,,,,,,,,,,,,,,,,,,,,,,,,,,,,,,,,,,,0,0,0,0,0,1.64e-06,45936,0,0,0,0,0,45936,0,45936,0,,,,,,,,,,,,,,,,,,,,,,,,,,,,,,,,,,,,,,,,,,,2013,year,,,Western,Mwandi,Mande primary school,2026-10-06T12:29:33+00:00,DesInventar Zambia (UNDRR) — DI_export_zmb.zip
203,10,1008,,Western,Mwandi,,FLOOD,Mangwanyi primary school,2013,0,0,0,0,0,0,0,0,,ZVAC/ Assessment report,0,0,Tinenenji,2017-06-06,0,0,0,0,0,0,0,0,0,1,0,0,0,0,0,0,,school infrustructure damaged due to floods,0,,0,1,0,0,0,0,0,0,0,0,0,0,770,,,0,0,0,558cbd2f-d7d6-4264-a3b4-1370f0c38521,3 classrooms damaged by floods due to heavy rains,770,0,0,0,0,0,0,0,0,0,0,0,0,0,0,0,0,0,0,0,0,0,0,0,0,0,1,0,0,0,0,0,0,0,0,0,0,0,0,0,0,0,0,,,,,,,,,,,,,,,,,,,,,,,,,,,,,,,,,,,,,,,,,,,,,,,,,,,,,,,,,,,,,,,,,,,,,,,,,,,,,,,,,,,,,,,,,,,,,,,,,,,,,0,0,0,0,0,1.64e-06,45936,0,0,0,0,0,45936,0,45936,0,,,,,,,,,,,,,,,,,,,,,,,,,,,,,,,,,,,,,,,,,,,2013,year,,,Western,Mwandi,Mangwanyi primary school,2026-10-06T12:29:33+00:00,DesInventar Zambia (UNDRR) — DI_export_zmb.zip
45,08,0802,,Northern,Luwingu,,FLOOD,KALOMBOSHI,2012,3,12,0,0,0,3660,0,0,crops and trees,MAMBWE KATONTOKA,0,0,c. katuta,2017-05-03,0,0,0,-1,0,0,0,0,0,0,0,0,0,0,0,0,,Heavy rainfall,0,,0,0,0,0,0,2,3660,0,-1,0,0,0,1236,,,0,0,0,3939456d-9bc5-4008-8821-e05222ae4766,"kalomboshi bridge and other six villages were affected.
over 61 household per family were affected.
total number of victims were 3660.",1236,0,0,0,0,0,0,0,0,0,0,0,0,0,0,0,0,0,0,0,0,0,0,0,0,0,0,0,0,0,0,0,0,0,0,0,0,0,0,0,0,0,0,,,,,,,,,,,,,,,,,,,,,,,,,,,,,,,,,,,,,,,,,,,,,,,,,,,,,,,,,,,,,,,,,,,,,,,,,,,,,,,,,,,,,,,,,,,,,,,,,,,,,0,0,0,0,0,0,0,0,0,0,0,0,0,0,0,0,,,,,,,,,,,,,,,,,,,,,,,,,,,,,,,,,,,,,,,,,,,2012-03-12,day,,2012-03-13,Northern,Luwingu,KALOMBOSHI,2026-10-06T12:29:33+00:00,DesInventar Zambia (UNDRR) — DI_export_zmb.zip
48,04,0403,,Luapula,Mansa,,FLOOD,LUAMFUMU,2012,3,29,0,0,0,0,0,0,CROPS,MFUTA.K. CHRISTOPHER,0,0,c.katuta,2017-05-03,0,0,0,0,0,0,1,0,0,0,0,0,0,0,0,0,,Heavy rainfall,1,,0,0,0,0,0,1,0,0,0,0,0,0,1238,,,0,0,0,314395a6-d3a8-45a1-bfda-46a95eee2b89,LUAMFUMU BRIDGE,1238,1,0,0,0,0,0,0,0,0,0,0,0,0,0,0,0,0,0,0,0,0,0,0,0,0,0,0,0,0,0,0,0,0,0,0,0,0,0,0,0,0,0,,,,,,,,,,,,,,,,,,,,,,,,,,,,,,,,,,,,,,,,,,,,,,,,,,,,,,,,,,,,,,,,,,,,,,,,,,,,,,,,,,,,,,,,,,,,,,,,,,,,,0,0,0,0,0,0,0,0,0,0,0,0,0,0,0,0,,,,,,,,,,,,,,,,,,,,,,,,,,,,,,,,,,,,,,,,,,,2012-03-29,day,,2012-03-29,Luapula,Mansa,LUAMFUMU,2026-10-06T12:29:33+00:00,DesInventar Zambia (UNDRR) — DI_export_zmb.zip
49,04,0401,,Luapula,Milengi,,FLOOD,MILENGI,2012,12,3,0,0,0,500,0,0,NIL,H. KALABA,0,0,c.katuta,2017-05-03,0,0,0,-1,0,0,1,0,0,0,0,0,0,0,0,0,,Heavy rainfall,1,,0,0,0,0,0,1,500,0,-1,0,0,0,1239,,,0,0,0,ee9bff2e-96d5-4a99-9281-a9594875d132,MWINGI MILONGA BRIDGE,1239,0,0,0,0,0,0,0,0,0,0,0,0,0,0,0,0,0,0,0,0,0,0,0,0,0,0,0,0,0,0,0,0,0,0,0,0,0,0,0,0,0,0,,,,,,,,,,,,,,,,,,,,,,,,,,,,,,,,,,,,,,,,,,,,,,,,,,,,,,,,,,,,,,,,,,,,,,,,,,,,,,,,,,,,,,,,,,,,,,,,,,,,,0,0,0,0,0,0,0,0,0,0,0,0,0,0,0,0,,,,,,,,,,,,,,,,,,,,,,,,,,,,,,,,,,,,,,,,,,,2012-12-03,day,,2012-12-03,Luapula,Milengi,MILENGI,2026-10-06T12:29:33+00:00,DesInventar Zambia (UNDRR) — DI_export_zmb.zip
50,06,0601,,Muchinga,Mpika,,FLOOD,MPIKA,2012,11,3,0,0,0,4,0,0,CROPS,HON. MALAMA,0,0,C.KATUTA,2017-05-03,0,0,0,-1,0,0,0,0,0,0,0,0,0,0,0,0,,HEAVY DOWNFALL OF RAINS,1,,0,0,0,0,0,0,0,0,0,0,0,0,1240,,,0,0,0,6241304a-4f8b-4dd2-867c-b666970cbd2f,"AFFECTED BRIDGES ARE;-MWALESHI BRIDGE,KAPAMBA BRIDGE,NAKABWE AND MPAMAZI BRIDGE",1240,4,1,0,0,0,0,0,0,0,0,0,0,0,0,0,0,0,0,0,0,0,0,0,0,0,0,0,0,0,0,0,0,0,0,0,0,0,0,0,0,0,0,,,,,,,,,,,,,,,,,,,,,,,,,,,,,,,,,,,,,,,,,,,,,,,,,,,,,,,,,,,,,,,,,,,,,,,,,,,,,,,,,,,,,,,,,,,,,,,,,,,,,0,0,0,0,0,0,0,0,0,0,0,0,0,0,0,0,,,,,,,,,,,,,,,,,,,,,,,,,,,,,,,,,,,,,,,,,,,2012-11-03,day,,,Muchinga,Mpika,MPIKA,2026-10-06T12:29:33+00:00,DesInventar Zambia (UNDRR) — DI_export_zmb.zip
56,04,0405,,Luapula,Kawambwa,,FLOOD,CHAMBESHI,2009,2,18,0,0,0,0,0,0,CROPS,ELIZABETH CHITIKA,0,0,C.KATUTA,2017-05-03,0,0,0,0,0,0,1,0,0,0,0,0,0,0,0,0,,Heavy rainfall,1,,0,0,0,0,0,0,0,0,0,0,0,0,1246,,,0,0,0,a7a0b938-e4b6-49c4-a7fb-6342af4c396a,KAWAMBWA MANSA ROAD-CHAMBESHI BRIDGE,1246,1,0,0,0,0,0,0,0,0,0,0,0,0,0,0,0,0,0,0,0,0,0,0,0,0,0,0,0,0,0,0,0,0,0,0,0,0,0,0,0,0,0,,,,,,,,,,,,,,,,,,,,,,,,,,,,,,,,,,,,,,,,,,,,,,,,,,,,,,,,,,,,,,,,,,,,,,,,,,,,,,,,,,,,,,,,,,,,,,,,,,,,,0,0,0,0,0,0,0,0,0,0,0,0,0,0,0,0,,,,,,,,,,,,,,,,,,,,,,,,,,,,,,,,,,,,,,,,,,,2009-02-18,day,,,Luapula,Kawambwa,CHAMBESHI,2026-10-06T12:29:33+00:00,DesInventar Zambia (UNDRR) — DI_export_zmb.zip
57,01,0103,,Central,Kabwe,,FLOOD,LUSIWASI,2009,3,9,0,0,0,0,0,0,CROPS,GEORGE KUNDA,0,0,C.KATUTA,2017-05-03,0,0,0,0,0,0,1,0,0,0,0,0,0,0,0,0,,Heavy rainfall,1,,0,0,0,0,0,0,0,0,0,0,0,0,1247,,,0,0,0,36b8f836-c37e-48f8-b4d4-a4ad6126de11,LUSIWASI BRIDGE,1247,1,0,0,0,0,0,0,0,0,0,0,0,0,0,0,0,0,0,0,0,0,0,0,0,0,0,0,0,0,0,0,0,0,0,0,0,0,0,0,0,0,0,,,,,,,,,,,,,,,,,,,,,,,,,,,,,,,,,,,,,,,,,,,,,,,,,,,,,,,,,,,,,,,,,,,,,,,,,,,,,,,,,,,,,,,,,,,,,,,,,,,,,0,0,0,0,0,0,0,0,0,0,0,0,0,0,0,0,,,,,,,,,,,,,,,,,,,,,,,,,,,,,,,,,,,,,,,,,,,2009-03-09,day,,,Central,Kabwe,LUSIWASI,2026-10-06T12:29:33+00:00,DesInventar Zambia (UNDRR) — DI_export_zmb.zip
58,01,0111,,Central,Serenje,,FLOOD,SERENJE,2006,5,6,0,0,0,0,0,0,NIL,MAKOYE CHISUTA,0,0,C.KATUTA,2017-05-03,0,0,0,0,0,0,1,0,0,0,0,0,0,0,0,0,,Heavy rainfall,1,,0,0,0,0,0,0,0,0,0,0,0,0,1248,,,0,0,0,b723ce76-9f5a-4b65-9a19-ea74c9d18b44,"CHISOMO, CHIMBAYA,FUKWE,KAOMBE AND KASANDA BRIDGES WASHED AWAY ",1248,5,0,0,0,0,0,0,0,0,0,0,0,0,0,0,0,0,0,0,0,0,0,0,0,0,0,0,0,0,0,0,0,0,0,0,0,0,0,0,0,0,0,,,,,,,,,,,,,,,,,,,,,,,,,,,,,,,,,,,,,,,,,,,,,,,,,,,,,,,,,,,,,,,,,,,,,,,,,,,,,,,,,,,,,,,,,,,,,,,,,,,,,0,0,0,0,0,0,0,0,0,0,0,0,0,0,0,0,,,,,,,,,,,,,,,,,,,,,,,,,,,,,,,,,,,,,,,,,,,2006-05-06,day,,,Central,Serenje,SERENJE,2026-10-06T12:29:33+00:00,DesInventar Zambia (UNDRR) — DI_export_zmb.zip
59,01,0110,,Central,Kapiri Mposhi,,FLOOD,KAPIRI,2007,8,20,0,0,0,0,0,0,CROPS,JESTON.D. MULANDO,0,0,C.KATUTA,2017-05-03,0,0,0,0,0,0,1,0,0,0,0,0,0,0,0,0,,Heavy rainfall,1,,0,0,0,0,0,0,0,0,0,0,0,0,1249,,,0,0,0,6b6d7c89-d9e9-40d0-8519-4202da16abd5,"KAKOMA, MUKUBWE AND MPONGWE WERE AFFECTED DUE TO FLOOD",1249,3,0,0,0,0,0,0,0,0,0,0,0,0,0,0,0,0,0,0,0,0,0,0,0,0,0,0,0,0,0,0,0,0,0,0,0,0,0,0,0,0,0,,,,,,,,,,,,,,,,,,,,,,,,,,,,,,,,,,,,,,,,,,,,,,,,,,,,,,,,,,,,,,,,,,,,,,,,,,,,,,,,,,,,,,,,,,,,,,,,,,,,,0,0,0,0,0,0,0,0,0,0,0,0,0,0,0,0,,,,,,,,,,,,,,,,,,,,,,,,,,,,,,,,,,,,,,,,,,,2007-08-20,day,,,Central,Kapiri Mposhi,KAPIRI,2026-10-06T12:29:33+00:00,DesInventar Zambia (UNDRR) — DI_export_zmb.zip
60,09,0907,,Southern,Siavonga,,FLOOD,SIAVONGA,2016,1,16,0,0,0,0,0,0,NIL,CAROL C NKANDAWIRE,0,0,C.KATUTA,2017-05-03,0,0,0,0,0,-1,0,0,0,0,0,0,0,0,0,0,,Heavy rainfall,1,,0,0,0,0,0,0,0,0,0,0,0,0,1250,,,0,0,0,2bdfd9ab-3ac2-4c82-b109-55f9c595003f,DAMBWE SIYANYOLO ROAD IN SINADAMBWE WERE FLOODED,1250,0,0,0,0,0,0,0,0,0,0,0,0,0,0,0,0,0,0,0,0,0,0,0,0,0,0,0,0,0,0,0,0,0,0,0,0,0,0,0,0,0,0,,,,,,,,,,,,,,,,,,,,,,,,,,,,,,,,,,,,,,,,,,,,,,,,,,,,,,,,,,,,,,,,,,,,,,,,,,,,,,,,,,,,,,,,,,,,,,,,,,,,,0,0,0,0,0,0,0,0,0,0,0,0,0,0,0,0,,,,,,,,,,,,,,,,,,,,,,,,,,,,,,,,,,,,,,,,,,,2016-01-16,day,,,Southern,Siavonga,SIAVONGA,2026-10-06T12:29:33+00:00,DesInventar Zambia (UNDRR) — DI_export_zmb.zip
62,06,0605,,Muchinga,Nakonde,,FLOOD,ISOKA,2014,3,30,0,0,0,0,0,0,NIL,BERNARD CHIWALA,0,0,C.KATUTA,2017-05-03,0,0,0,-1,-1,0,0,0,0,0,0,0,0,0,0,0,,Heavy rainfall,0,,0,0,0,0,0,0,0,0,0,0,0,0,1251,,,0,0,0,8146d837-3f2a-46c6-bd99-bcbf6bf427c5,ISOKA-NAKONDE ROAD,1251,0,1,0,0,0,0,0,0,0,0,0,0,0,0,0,0,0,0,0,0,0,0,0,0,0,0,0,0,0,0,0,0,0,0,0,0,0,0,0,0,0,0,,,,,,,,,,,,,,,,,,,,,,,,,,,,,,,,,,,,,,,,,,,,,,,,,,,,,,,,,,,,,,,,,,,,,,,,,,,,,,,,,,,,,,,,,,,,,,,,,,,,,0,0,0,0,0,0,0,0,0,0,0,0,0,0,0,0,,,,,,,,,,,,,,,,,,,,,,,,,,,,,,,,,,,,,,,,,,,2014-03-30,day,,,Muchinga,Nakonde,ISOKA,2026-10-06T12:29:33+00:00,DesInventar Zambia (UNDRR) — DI_export_zmb.zip
63,09,0908,,Southern,Monze,,FLOOD,MONZE,2014,3,14,0,0,0,0,0,0,NIL,EDWIN.J. PETER,0,0,C.KATUTA,2017-05-03,0,0,0,0,-1,-1,0,0,0,0,0,0,0,0,0,0,,Heavy rainfall,0,,0,0,0,0,0,1,0,0,0,-1,-1,0,1252,,,0,0,0,99dca57f-0f1d-4e21-9027-cedebd1e7ed5,"DAMAGED BRIDGES IN BWEENGWA ARE;-NACHIBULI, CHIBUYU, HIKAUNE AND CHUNGU",1252,4,0,0,0,0,0,0,0,0,0,0,0,0,0,0,0,0,0,0,0,0,0,0,0,0,0,0,0,0,0,0,0,0,0,0,0,0,0,0,0,0,0,,,,,,,,,,,,,,,,,,,,,,,,,,,,,,,,,,,,,,,,,,,,,,,,,,,,,,,,,,,,,,,,,,,,,,,,,,,,,,,,,,,,,,,,,,,,,,,,,,,,,0,0,0,0,0,0,0,0,0,0,0,0,0,0,0,0,,,,,,,,,,,,,,,,,,,,,,,,,,,,,,,,,,,,,,,,,,,2014-03-14,day,,2014-03-14,Southern,Monze,MONZE,2026-10-06T12:29:33+00:00,DesInventar Zambia (UNDRR) — DI_export_zmb.zip
64,08,0803,,Northern,Kasama,,FLOOD,KASAMA,2014,3,1,0,0,0,0,0,0,NIL,Simon chimwando,0,0,C.KATUTA,2017-05-03,0,0,0,0,0,0,0,0,0,0,0,0,0,0,0,0,,Heavy rainfall,1,,0,0,0,0,0,0,0,0,0,0,0,0,1253,,,0,0,0,108cf34e-0c03-4275-bd60-878a97f78098,MWAMBA ROAD,1253,1,1,0,0,0,0,0,0,0,0,0,0,0,0,0,0,0,0,0,0,0,0,0,0,0,0,0,0,0,0,0,0,0,0,0,0,0,0,0,0,0,0,,,,,,,,,,,,,,,,,,,,,,,,,,,,,,,,,,,,,,,,,,,,,,,,,,,,,,,,,,,,,,,,,,,,,,,,,,,,,,,,,,,,,,,,,,,,,,,,,,,,,0,0,0,0,0,0,0,0,0,0,0,0,0,0,0,0,,,,,,,,,,,,,,,,,,,,,,,,,,,,,,,,,,,,,,,,,,,2014-03-01,day,,,Northern,Kasama,KASAMA,2026-10-06T12:29:33+00:00,DesInventar Zambia (UNDRR) — DI_export_zmb.zip
65,03,0305,,Eastern,Chipata,,FLOOD,CHIPATA,2014,3,5,0,0,0,0,0,0,NIL,INGRIBET BONDO,0,0,C.KATUTA,2017-05-03,0,0,0,-1,0,0,0,0,0,0,0,0,0,0,0,0,,Heavy rainfall,1,,0,0,0,0,0,0,0,0,0,0,0,0,1254,,,0,0,0,ad2bd8bb-c884-46bc-a8df-caaa84b67088,CHIWAYO CULVERTS.,1254,0,1,0,0,0,0,0,0,0,0,0,0,0,0,0,0,0,0,0,0,0,0,0,0,0,0,0,0,0,0,0,0,0,0,0,0,0,0,0,0,0,0,,,,,,,,,,,,,,,,,,,,,,,,,,,,,,,,,,,,,,,,,,,,,,,,,,,,,,,,,,,,,,,,,,,,,,,,,,,,,,,,,,,,,,,,,,,,,,,,,,,,,0,0,0,0,0,0,0,0,0,0,0,0,0,0,0,0,,,,,,,,,,,,,,,,,,,,,,,,,,,,,,,,,,,,,,,,,,,2014-03-05,day,,,Eastern,Chipata,CHIPATA,2026-10-06T12:29:33+00:00,DesInventar Zambia (UNDRR) — DI_export_zmb.zip
66,02,0207,,Copperbelt,Chililabombwe,,FLOOD,CHILILABOMBWE,2014,1,14,0,0,0,0,0,0,NIL,EDWIN. M,0,0,C.KATUTA,2017-05-03,0,0,0,-1,0,0,0,0,0,0,0,0,0,0,0,0,,Heavy rainfall,1,,0,0,0,0,0,0,0,0,0,0,0,0,1255,,,0,0,0,d842f9df-5226-4c49-87d8-cea874d44bf3,CHIFUNSHI ROAD WASHED AWAY.,1255,0,1,0,0,0,0,0,0,0,0,0,0,0,0,0,0,0,0,0,0,0,0,0,0,0,0,0,0,0,0,0,0,0,0,0,0,0,0,0,0,0,0,,,,,,,,,,,,,,,,,,,,,,,,,,,,,,,,,,,,,,,,,,,,,,,,,,,,,,,,,,,,,,,,,,,,,,,,,,,,,,,,,,,,,,,,,,,,,,,,,,,,,0,0,0,0,0,0,0,0,0,0,0,0,0,0,0,0,,,,,,,,,,,,,,,,,,,,,,,,,,,,,,,,,,,,,,,,,,,2014-01-14,day,,,Copperbelt,Chililabombwe,CHILILABOMBWE,2026-10-06T12:29:33+00:00,DesInventar Zambia (UNDRR) — DI_export_zmb.zip
67,07,0706,,North-Western,Mwinilunga,,FLOOD,MWINILUNGA,2017,4,9,0,0,0,0,0,0,NIL,PETER KABASO,0,0,C.KATUTA,2017-05-03,0,0,0,0,0,0,0,0,0,0,0,0,0,0,0,0,,HEAVY DOWN POUR OF RAINS,1,,0,0,0,0,0,0,0,0,0,0,0,0,1256,,,0,0,0,01d0a534-ff34-47be-b179-a65309fdc8c2,CHIBWIKA KAMAPANANDA ROAD,1256,0,1,0,0,0,0,0,0,0,0,0,0,0,0,0,0,0,0,0,0,0,0,0,0,0,0,0,0,0,0,0,0,0,0,0,0,0,0,0,0,0,0,,,,,,,,,,,,,,,,,,,,,,,,,,,,,,,,,,,,,,,,,,,,,,,,,,,,,,,,,,,,,,,,,,,,,,,,,,,,,,,,,,,,,,,,,,,,,,,,,,,,,0,0,0,0,0,0,0,0,0,0,0,0,0,0,0,0,,,,,,,,,,,,,,,,,,,,,,,,,,,,,,,,,,,,,,,,,,,2017-04-09,day,,,North-Western,Mwinilunga,MWINILUNGA,2026-10-06T12:29:33+00:00,DesInventar Zambia (UNDRR) — DI_export_zmb.zip
68,02,0206,,Copperbelt,Chingola,,FLOOD,CHINGOLA,2017,5,3,0,0,0,0,0,0,CROPS,MARY.N. CHIBESA,0,0,C.KATUTA,2017-05-03,0,0,0,-1,0,0,0,0,0,0,0,0,0,0,0,0,,HEAVY DOWN POUR OF RAINS,1,,0,0,0,0,0,0,0,0,0,0,0,0,1257,,,0,0,0,302352bb-abe5-4d79-bee4-4a92c6c90837,"THE FOLLOWING BRIDGES;-MUNTIPA,KAKUNDWE, MWAMBASHI,KAKALO,KANDUMBA, MIMBULA AND CHABANYAMA BRIDGE",1257,7,0,0,0,0,0,0,0,0,0,0,0,0,0,0,0,0,0,0,0,0,0,0,0,0,0,0,0,0,0,0,0,0,0,0,0,0,0,0,0,0,0,,,,,,,,,,,,,,,,,,,,,,,,,,,,,,,,,,,,,,,,,,,,,,,,,,,,,,,,,,,,,,,,,,,,,,,,,,,,,,,,,,,,,,,,,,,,,,,,,,,,,0,0,0,0,0,0,0,0,0,0,0,0,0,0,0,0,,,,,,,,,,,,,,,,,,,,,,,,,,,,,,,,,,,,,,,,,,,2017-05-03,day,,,Copperbelt,Chingola,CHINGOLA,2026-10-06T12:29:33+00:00,DesInventar Zambia (UNDRR) — DI_export_zmb.zip
69,01,0102,,Central,Chibombo,,FLOOD,CHIBOMBO,2013,12,25,0,0,0,0,0,0,NIL,BOYD SIYANGA,0,0,C.KATUTA,2017-05-03,0,0,0,-1,0,0,0,0,0,0,0,0,0,0,0,0,,HEAVY DOWN POUR OF RAINS,1,,0,0,0,0,0,2,0,0,0,0,-1,0,1258,,,0,0,0,f6a15b35-2102-464d-96b7-c09f261f2e90,IZOVU CROSSING ALONG CHIYUNI,1258,0,1,0,0,0,0,0,0,0,0,0,0,0,0,0,0,0,0,0,0,0,0,0,0,0,0,0,0,0,0,0,0,0,0,0,0,0,0,0,0,0,0,,,,,,,,,,,,,,,,,,,,,,,,,,,,,,,,,,,,,,,,,,,,,,,,,,,,,,,,,,,,,,,,,,,,,,,,,,,,,,,,,,,,,,,,,,,,,,,,,,,,,0,0,0,0,0,0,0,0,0,0,0,0,0,0,0,0,,,,,,,,,,,,,,,,,,,,,,,,,,,,,,,,,,,,,,,,,,,2013-12-25,day,,2013-12-26,Central,Chibombo,CHIBOMBO,2026-10-06T12:29:33+00:00,DesInventar Zambia (UNDRR) — DI_export_zmb.zip
70,02,0209,,Copperbelt,Luanshya,,FLOOD,CHITWE,2013,12,13,0,0,0,0,0,0,NIL,EDWIN. MUYUNDA,0,0,c.katuta,2017-05-03,0,0,0,0,0,-1,0,0,0,0,0,0,0,0,0,0,,HEAVY DOWN POUR OF RAINS,1,,0,0,0,0,0,0,0,0,0,0,0,0,1259,,,0,0,0,03cdc435-eee9-45c7-afb4-b3059fa134aa,CHITWE BRIDGE WASHED AWAY.,1259,1,1,0,0,0,0,0,0,0,0,0,0,0,0,0,0,0,0,0,0,0,0,0,0,0,0,0,0,0,0,0,0,0,0,0,0,0,0,0,0,0,0,,,,,,,,,,,,,,,,,,,,,,,,,,,,,,,,,,,,,,,,,,,,,,,,,,,,,,,,,,,,,,,,,,,,,,,,,,,,,,,,,,,,,,,,,,,,,,,,,,,,,0,0,0,0,0,0,0,0,0,0,0,0,0,0,0,0,,,,,,,,,,,,,,,,,,,,,,,,,,,,,,,,,,,,,,,,,,,2013-12-13,day,,,Copperbelt,Luanshya,CHITWE,2026-10-06T12:29:33+00:00,DesInventar Zambia (UNDRR) — DI_export_zmb.zip
71,02,0202,,Copperbelt,Kitwe,,FLOOD,MUTUPA,2013,12,13,0,0,0,1,0,0,CROPS,EDWIN. MUYUNDA,0,0,C.KATUTA,2017-05-03,0,0,0,-1,0,0,0,0,0,0,0,0,0,0,0,0,,HEAVY DOWN POUR OF RAINS,1,,0,0,0,0,0,0,0,0,-1,0,0,0,1260,,,0,0,0,56b85416-6526-4b43-9d5a-8b5193c38e09,MUTUPA BRIDGE-PROGRESS REPORT,1260,1,1,0,0,0,0,0,0,0,0,0,0,0,0,0,0,0,0,0,0,0,0,0,0,0,0,0,0,0,0,0,0,0,0,0,0,0,0,0,0,0,0,,,,,,,,,,,,,,,,,,,,,,,,,,,,,,,,,,,,,,,,,,,,,,,,,,,,,,,,,,,,,,,,,,,,,,,,,,,,,,,,,,,,,,,,,,,,,,,,,,,,,0,0,0,0,0,0,0,0,0,0,0,0,0,0,0,0,,,,,,,,,,,,,,,,,,,,,,,,,,,,,,,,,,,,,,,,,,,2013-12-13,day,,,Copperbelt,Kitwe,MUTUPA,2026-10-06T12:29:33+00:00,DesInventar Zambia (UNDRR) — DI_export_zmb.zip
72,02,0209,,Copperbelt,Luanshya,,FLOOD,LUANSHYA,2013,12,13,0,0,0,1,0,0,NIL,EDWIN. MUYUNDA,0,0,C.KATUTA,2017-05-03,0,0,0,-1,0,0,0,0,0,0,0,0,0,0,0,0,,HEAVY DOWN POUR OF RAINS,1,,0,0,0,0,0,0,0,0,0,0,0,0,1261,,,0,0,0,bcca7022-9f10-4934-a4f7-169c4e2f4f80,BLIN CENTRE BRIDGE WASHED AWAY IN LUANSHYA.,1261,1,0,0,0,0,0,0,0,0,0,0,0,0,0,0,0,0,0,0,0,0,0,0,0,0,0,0,0,0,0,0,0,0,0,0,0,0,0,0,0,0,0,,,,,,,,,,,,,,,,,,,,,,,,,,,,,,,,,,,,,,,,,,,,,,,,,,,,,,,,,,,,,,,,,,,,,,,,,,,,,,,,,,,,,,,,,,,,,,,,,,,,,0,0,0,0,0,0,0,0,0,0,0,0,0,0,0,0,,,,,,,,,,,,,,,,,,,,,,,,,,,,,,,,,,,,,,,,,,,2013-12-13,day,,,Copperbelt,Luanshya,LUANSHYA,2026-10-06T12:29:33+00:00,DesInventar Zambia (UNDRR) — DI_export_zmb.zip
73,08,0805,,Northern,Mporokoso,,FLOOD,NSAMA,2013,12,13,0,0,0,0,0,0,NIL,PAUL M MUYONGO,0,0,C.KATUTA,2017-05-03,0,0,0,0,0,0,0,0,0,0,0,0,0,0,0,0,,HEAVY DOWN POUR OF RAINS,0,,0,0,0,0,0,0,0,0,0,0,0,0,1262,,,0,0,0,a9346db3-2731-4ce2-81a8-c7035b2beb16,"MPOROKOSO/NSAMA DISTRICT ROADS
PROGRESS REPORT ON COLLAPSED CULVERTSLBRIDGES",1262,2,2,0,0,0,0,0,0,0,0,0,1,0,0,0,0,0,0,0,0,0,0,0,0,0,0,0,0,0,0,0,0,0,0,0,0,0,0,0,0,0,0,,,,,,,,,,,,,,,,,,,,,,,,,,,,,,,,,,,,,,,,,,,,,,,,,,,,,,,,,,,,,,,,,,,,,,,,,,,,,,,,,,,,,,,,,,,,,,,,,,,,,0,0,0,0,0,0,0,0,0,0,0,0,0,0,0,0,,,,,,,,,,,,,,,,,,,,,,,,,,,,,,,,,,,,,,,,,,,2013-12-13,day,,,Northern,Mporokoso,NSAMA,2026-10-06T12:29:33+00:00,DesInventar Zambia (UNDRR) — DI_export_zmb.zip
74,03,0301,,Eastern,Chadiza,,FLOOD,CHADIZA,2012,12,13,0,0,0,0,0,0,NIL,INGRIBET BONDO,0,0,C.KATUTA,2017-05-03,0,0,0,0,0,0,0,0,0,0,0,0,0,0,0,0,,Heavy rainfall,1,,0,0,0,0,0,0,0,0,0,0,0,0,1263,,,0,0,0,550a6079-6589-4a7c-a015-a6ec3aa2460e,MTIZWA-MADZIMOYO ROAD WASHED AWAY.,1263,0,1,0,0,0,0,0,0,0,0,0,0,0,0,0,0,0,0,0,0,0,0,0,0,0,0,0,0,0,0,0,0,0,0,0,0,0,0,0,0,0,0,,,,,,,,,,,,,,,,,,,,,,,,,,,,,,,,,,,,,,,,,,,,,,,,,,,,,,,,,,,,,,,,,,,,,,,,,,,,,,,,,,,,,,,,,,,,,,,,,,,,,0,0,0,0,0,0,0,0,0,0,0,0,0,0,0,0,,,,,,,,,,,,,,,,,,,,,,,,,,,,,,,,,,,,,,,,,,,2012-12-13,day,,,Eastern,Chadiza,CHADIZA,2026-10-06T12:29:33+00:00,DesInventar Zambia (UNDRR) — DI_export_zmb.zip
75,03,0301,,Eastern,Chadiza,,FLOOD,KAPHINDE,2013,12,13,0,0,0,0,0,0,NIL,INGRIBET BONDO,0,0,C.KATUTA,2017-05-03,0,0,0,-1,0,0,0,0,0,0,0,0,0,0,0,0,,HEAVY DOWN POUR OF RAINS,1,,0,0,0,0,0,0,0,0,0,0,0,0,1264,,,0,0,0,990c709f-df1a-40c5-b02c-9c699b86f4f7,KAPHINDE-CHITHADZA ROAD,1264,0,1,0,0,0,0,0,0,0,0,0,0,0,0,0,0,0,0,0,0,0,0,0,0,0,0,0,0,0,0,0,0,0,0,0,0,0,0,0,0,0,0,,,,,,,,,,,,,,,,,,,,,,,,,,,,,,,,,,,,,,,,,,,,,,,,,,,,,,,,,,,,,,,,,,,,,,,,,,,,,,,,,,,,,,,,,,,,,,,,,,,,,0,0,0,0,0,0,0,0,0,0,0,0,0,0,0,0,,,,,,,,,,,,,,,,,,,,,,,,,,,,,,,,,,,,,,,,,,,2013-12-13,day,,,Eastern,Chadiza,KAPHINDE,2026-10-06T12:29:33+00:00,DesInventar Zambia (UNDRR) — DI_export_zmb.zip
76,03,0301,,Eastern,Chadiza,,FLOOD,CHADIZA,2013,12,13,0,0,0,0,0,0,NIL,INGRIBET BONDO,0,0,C.KATUTA,2017-05-03,0,0,0,0,0,0,0,0,0,0,0,0,0,0,0,0,,Heavy rainfall,1,,0,0,0,0,0,0,0,0,0,0,0,0,1265,,,0,0,0,57566cff-87b9-41fa-afbd-0bc3b507f08c,LEMBANI-NTHOMBIMBI ROAD,1265,1,0,0,0,0,0,0,0,0,0,0,0,0,0,0,0,0,0,0,0,0,0,0,0,0,0,0,0,0,0,0,0,0,0,0,0,0,0,0,0,0,0,,,,,,,,,,,,,,,,,,,,,,,,,,,,,,,,,,,,,,,,,,,,,,,,,,,,,,,,,,,,,,,,,,,,,,,,,,,,,,,,,,,,,,,,,,,,,,,,,,,,,0,0,0,0,0,0,0,0,0,0,0,0,0,0,0,0,,,,,,,,,,,,,,,,,,,,,,,,,,,,,,,,,,,,,,,,,,,2013-12-13,day,,,Eastern,Chadiza,CHADIZA,2026-10-06T12:29:33+00:00,DesInventar Zambia (UNDRR) — DI_export_zmb.zip
77,03,0301,,Eastern,Chadiza,,FLOOD,CHADIZA,2013,12,13,0,0,0,0,0,0,CROPS,INGRIBET BONDO,0,0,C.KATUTA,2017-05-03,0,0,0,0,0,0,0,0,0,0,0,0,0,0,0,0,,HEAVY DOWN POUR OF RAINS,1,,0,0,0,0,0,0,0,0,0,0,0,0,1266,,,0,0,0,c6827666-cb5f-4124-a7e7-12ae8084067d,KALUNGA-CHIMPHINGA ROAD,1266,1,1,0,0,0,0,0,0,0,0,0,0,0,0,0,0,0,0,0,0,0,0,0,0,0,0,0,0,0,0,0,0,0,0,0,0,0,0,0,0,0,0,,,,,,,,,,,,,,,,,,,,,,,,,,,,,,,,,,,,,,,,,,,,,,,,,,,,,,,,,,,,,,,,,,,,,,,,,,,,,,,,,,,,,,,,,,,,,,,,,,,,,0,0,0,0,0,0,0,0,0,0,0,0,0,0,0,0,,,,,,,,,,,,,,,,,,,,,,,,,,,,,,,,,,,,,,,,,,,2013-12-13,day,,,Eastern,Chadiza,CHADIZA,2026-10-06T12:29:33+00:00,DesInventar Zambia (UNDRR) — DI_export_zmb.zip
78,03,0308,,Eastern,Sinda,,FLOOD,SINDA,2013,12,16,0,0,0,0,0,0,NIL,INGRIBET BONDO,0,0,C.KATUTA,2017-05-03,0,0,0,0,0,0,0,0,0,0,0,0,0,0,0,0,,HEAVY DOWN POUR OF RAINS,1,,0,0,0,0,0,0,0,0,0,0,0,0,1267,,,0,0,0,45782430-4cb9-47f3-84ba-77ade1c984b2,KASANGWAZI BRIDGE WASHED AWAY.,1267,1,1,0,0,0,0,0,0,0,0,0,0,0,0,0,0,0,0,0,0,0,0,0,0,0,0,0,0,0,0,0,0,0,0,0,0,0,0,0,0,0,0,,,,,,,,,,,,,,,,,,,,,,,,,,,,,,,,,,,,,,,,,,,,,,,,,,,,,,,,,,,,,,,,,,,,,,,,,,,,,,,,,,,,,,,,,,,,,,,,,,,,,0,0,0,0,0,0,0,0,0,0,0,0,0,0,0,0,,,,,,,,,,,,,,,,,,,,,,,,,,,,,,,,,,,,,,,,,,,2013-12-16,day,,,Eastern,Sinda,SINDA,2026-10-06T12:29:33+00:00,DesInventar Zambia (UNDRR) — DI_export_zmb.zip
79,05,0501,,Lusaka,Lusaka,,FLOOD,LUSAKA,2013,10,13,0,0,0,9,0,0,ROADS,ASHELL KAMPENGELE,0,0,C.KATUTA,2017-05-03,0,0,0,-1,0,0,0,0,0,0,0,0,0,0,0,0,,HEAVY DOWN POUR OF RAINS,1,,0,0,0,0,0,0,9,0,-1,-1,-1,9,1268,,,0,0,0,fdbe4c2b-fa00-4978-abd5-f60eb7148267,"KANYAMA,CHAWAMA,GEORGE,MATERO,KAUNDA SQUARE,KALINGALINGA,MUNALI AND KALIKILI WERE AFFECTED
OVER 9 AREAS WERE AFFECTED",1268,7,7,0,0,0,0,0,0,0,0,0,0,0,0,0,0,0,0,0,0,0,0,0,0,0,0,0,0,0,0,0,0,0,0,0,0,0,0,0,0,0,0,,,,,,,,,,,,,,,,,,,,,,,,,,,,,,,,,,,,,,,,,,,,,,,,,,,,,,,,,,,,,,,,,,,,,,,,,,,,,,,,,,,,,,,,,,,,,,,,,,,,,0,0,0,0,0,0,0,0,0,0,0,0,0,0,0,0,,,,,,,,,,,,,,,,,,,,,,,,,,,,,,,,,,,,,,,,,,,2013-10-13,day,,,Lusaka,Lusaka,LUSAKA,2026-10-06T12:29:33+00:00,DesInventar Zambia (UNDRR) — DI_export_zmb.zip
80,03,0304,,Eastern,Petauke,,FLOOD,SANDWE,2013,5,3,0,0,0,0,0,0,CROPS,INGRIBET BONDO,0,0,C.KATUTA,2017-05-03,0,0,0,0,0,0,0,0,0,0,1,0,0,0,0,0,,HEAVY DOWN POUR OF RAINS,0,,0,0,0,0,0,0,0,0,0,0,0,0,1269,,,0,0,0,208041e2-fc81-467c-8b8e-f249e8c3d923,SANDWE ROAD IN PETAUKE DISTRICT,1269,0,1,0,0,0,0,0,0,0,0,0,0,0,0,0,0,0,0,0,0,0,0,0,0,0,0,0,0,0,0,0,0,0,0,0,0,0,0,0,0,0,0,,,,,,,,,,,,,,,,,,,,,,,,,,,,,,,,,,,,,,,,,,,,,,,,,,,,,,,,,,,,,,,,,,,,,,,,,,,,,,,,,,,,,,,,,,,,,,,,,,,,,0,0,0,0,0,0,0,0,0,0,0,0,0,0,0,0,,,,,,,,,,,,,,,,,,,,,,,,,,,,,,,,,,,,,,,,,,,2013-05-03,day,,,Eastern,Petauke,SANDWE,2026-10-06T12:29:33+00:00,DesInventar Zambia (UNDRR) — DI_export_zmb.zip
83,07,0705,,North-Western,Solwezi,,FLOOD,SOLWEZI,2016,6,20,0,0,0,0,0,0,NIL,ELIAS MWAPE,0,0,C.KATUTA,2017-05-03,0,0,0,0,0,0,0,0,0,0,0,0,0,0,0,0,,HEAVY DOWN POUR OF RAINS,1,,0,0,0,0,0,0,0,0,0,0,0,0,1272,,,0,0,0,d97b9aba-1585-4c80-80ac-0e40446d2d87,KANDUNDU- SAVIYE AND FAITH KAMALE,1272,0,1,0,0,0,0,0,0,0,0,0,0,0,0,0,0,0,0,0,0,0,0,0,0,0,0,0,0,0,0,0,0,0,0,0,0,0,0,0,0,0,0,,,,,,,,,,,,,,,,,,,,,,,,,,,,,,,,,,,,,,,,,,,,,,,,,,,,,,,,,,,,,,,,,,,,,,,,,,,,,,,,,,,,,,,,,,,,,,,,,,,,,0,0,0,0,0,0,0,0,0,0,0,0,0,0,0,0,,,,,,,,,,,,,,,,,,,,,,,,,,,,,,,,,,,,,,,,,,,2016-06-20,day,,,North-Western,Solwezi,SOLWEZI,2026-10-06T12:29:33+00:00,DesInventar Zambia (UNDRR) — DI_export_zmb.zip
86,03,0302,,Eastern,Nyimba,,FLOOD,NYIMBA,2015,11,6,0,0,0,6,0,0,NIL,PETER KUNDA,0,0,C.KATUTA,2017-05-03,0,0,0,-1,0,0,0,0,0,0,0,0,0,0,0,0,,HEAVY DOWN POUR OF RAINS,1,,0,0,0,0,0,0,6,0,-1,0,0,0,1275,,,0,0,0,e60cd3f5-4cc9-4986-9530-0127f6b48ab0,"UYANGWE, NJEYA,NGOMA, KAANGA, NJUYA AND MISENGE CULVERTS. WERE WASHED AWAY",1275,6,0,0,0,0,0,0,0,0,0,0,0,0,0,0,0,0,0,0,0,0,0,0,0,0,0,0,0,0,0,0,0,0,0,0,0,0,0,0,0,0,0,,,,,,,,,,,,,,,,,,,,,,,,,,,,,,,,,,,,,,,,,,,,,,,,,,,,,,,,,,,,,,,,,,,,,,,,,,,,,,,,,,,,,,,,,,,,,,,,,,,,,0,0,0,0,0,0,0,0,0,0,0,0,0,0,0,0,,,,,,,,,,,,,,,,,,,,,,,,,,,,,,,,,,,,,,,,,,,2015-11-06,day,,,Eastern,Nyimba,NYIMBA,2026-10-06T12:29:33+00:00,DesInventar Zambia (UNDRR) — DI_export_zmb.zip
87,02,0202,,Copperbelt,Kitwe,,FLOOD,KITWE,2014,2,14,0,0,0,0,0,0,NIL,EDWIN. MUYUNDA,0,0,C.KATUTA,2017-05-03,0,0,0,0,0,0,0,0,0,0,0,0,0,0,0,0,,HEAVY DOWN POUR OF RAINS,1,,0,0,0,0,0,0,0,0,0,0,0,0,1276,,,0,0,0,9e6475f5-e2c9-42be-892c-b845bfe4cbd9,OVER 100 FARMERS WERE CUT OFF..DUE TO THE DAMAGE OF MWEKETE CROSSING POINT IN KITWE.,1276,1,1,0,0,0,0,0,0,0,0,0,0,0,0,0,0,0,0,0,0,0,0,0,0,0,0,0,0,0,0,0,0,0,0,0,0,0,0,0,0,0,0,,,,,,,,,,,,,,,,,,,,,,,,,,,,,,,,,,,,,,,,,,,,,,,,,,,,,,,,,,,,,,,,,,,,,,,,,,,,,,,,,,,,,,,,,,,,,,,,,,,,,0,0,0,0,0,0,0,0,0,0,0,0,0,0,0,0,,,,,,,,,,,,,,,,,,,,,,,,,,,,,,,,,,,,,,,,,,,2014-02-14,day,,,Copperbelt,Kitwe,KITWE,2026-10-06T12:29:33+00:00,DesInventar Zambia (UNDRR) — DI_export_zmb.zip
88,03,0308,,Eastern,Sinda,,FLOOD,KASANGAZI,2015,2,3,0,0,0,0,0,0,NIL,INGRIBET BONDO,0,0,C.KATUTA,2017-05-03,0,0,0,-1,0,0,0,0,0,0,0,0,0,0,0,0,,Heavy rainfall,1,,0,0,0,0,0,0,0,0,0,0,0,0,1277,,,0,0,0,ab0e864c-2cbe-4af9-83ab-61f5f5a426dd,KASANGAZI BRIDGE DAMAGED DUE TO HEAVY RAINS,1277,0,0,0,0,0,0,0,0,0,0,0,0,0,0,0,0,0,0,0,0,0,0,0,0,0,0,0,0,0,0,0,0,0,0,0,0,0,0,0,0,0,0,,,,,,,,,,,,,,,,,,,,,,,,,,,,,,,,,,,,,,,,,,,,,,,,,,,,,,,,,,,,,,,,,,,,,,,,,,,,,,,,,,,,,,,,,,,,,,,,,,,,,0,0,0,0,0,0,0,0,0,0,0,0,0,0,0,0,,,,,,,,,,,,,,,,,,,,,,,,,,,,,,,,,,,,,,,,,,,2015-02-03,day,,,Eastern,Sinda,KASANGAZI,2026-10-06T12:29:33+00:00,DesInventar Zambia (UNDRR) — DI_export_zmb.zip
89,05,0501,,Lusaka,Lusaka,,FLOOD,LUSAKA,2015,1,5,0,0,0,0,0,0,NIL,CUSTOM THEWO,0,0,C.KATUTA,2017-05-03,0,0,0,0,0,0,0,0,0,0,0,0,0,0,0,0,,Heavy rainfall,0,,0,0,0,0,0,0,0,0,0,0,0,0,1278,,,0,0,0,f452fda6-b4e4-4a93-82a9-0575b0821ecd,KASAMA ROAD..WERE DAMEGED DUE TO HEAVY RAINFALL.,1278,4,4,0,0,0,0,0,0,0,0,0,0,0,0,0,0,0,0,0,0,0,0,0,0,0,1,0,0,0,0,0,0,0,0,0,0,0,0,0,0,0,0,,,,,,,,,,,,,,,,,,,,,,,,,,,,,,,,,,,,,,,,,,,,,,,,,,,,,,,,,,,,,,,,,,,,,,,,,,,,,,,,,,,,,,,,,,,,,,,,,,,,,0,0,0,0,0,0,0,0,0,0,0,0,0,0,0,0,,,,,,,,,,,,,,,,,,,,,,,,,,,,,,,,,,,,,,,,,,,2015-01-05,day,,,Lusaka,Lusaka,LUSAKA,2026-10-06T12:29:33+00:00,DesInventar Zambia (UNDRR) — DI_export_zmb.zip
90,08,0802,,Northern,Luwingu,,FLOOD,LUWINGU,2014,1,14,0,0,0,0,0,0,NIL,PAUL M MUYONGO,0,0,C.KATUTA,2017-05-03,-1,0,0,0,0,0,1,0,0,0,0,0,0,0,0,0,,HEAVY DOWN POUR OF RAINS,1,,0,0,0,0,0,0,0,0,0,0,0,0,1279,,,0,0,0,2e99508b-9e71-4a68-b9d6-07a6197393b3,KAMANDA AREA WERE AFFECTED.,1279,0,0,0,0,0,0,0,0,0,0,0,0,0,0,0,0,0,0,0,0,0,0,0,0,0,0,0,0,0,0,0,0,0,0,0,0,0,0,0,0,0,0,,,,,,,,,,,,,,,,,,,,,,,,,,,,,,,,,,,,,,,,,,,,,,,,,,,,,,,,,,,,,,,,,,,,,,,,,,,,,,,,,,,,,,,,,,,,,,,,,,,,,0,0,0,0,0,0,0,0,0,0,0,0,0,0,0,0,,,,,,,,,,,,,,,,,,,,,,,,,,,,,,,,,,,,,,,,,,,2014-01-14,day,,,Northern,Luwingu,LUWINGU,2026-10-06T12:29:33+00:00,DesInventar Zambia (UNDRR) — DI_export_zmb.zip
91,05,0507,,Lusaka,Chilanga,,FLOOD,CHILANGA,2014,12,1,0,0,0,0,0,0,NIL,S.CHABALA,0,0,C.KATUTA,2017-05-03,0,0,0,-1,0,0,0,0,0,0,0,0,0,0,0,0,,HEAVY DOWN POUR OF RAINS,1,,0,0,0,0,0,0,0,0,0,0,0,0,1280,,,0,0,0,21146030-b3e5-449b-aadc-c06a9f2a1d1f,"OPHANAGE ROAD IN CHILANGA WERE FLOODED DUE TO HEAVY RAINFALL
THEREFORE CHILANGA BRIDGE WERE DAMAGED.",1280,2,0,0,0,0,0,0,0,0,0,0,0,0,0,0,0,0,0,0,0,0,0,0,0,0,0,0,0,0,0,0,0,0,0,0,0,0,0,0,0,0,0,,,,,,,,,,,,,,,,,,,,,,,,,,,,,,,,,,,,,,,,,,,,,,,,,,,,,,,,,,,,,,,,,,,,,,,,,,,,,,,,,,,,,,,,,,,,,,,,,,,,,0,0,0,0,0,0,0,0,0,0,0,0,0,0,0,0,,,,,,,,,,,,,,,,,,,,,,,,,,,,,,,,,,,,,,,,,,,2014-12-01,day,,,Lusaka,Chilanga,CHILANGA,2026-10-06T12:29:33+00:00,DesInventar Zambia (UNDRR) — DI_export_zmb.zip
92,08,0803,,Northern,Kasama,,FLOOD,LUKULU,2014,2,14,0,0,0,0,0,0,NIL,PAUL M MUYONGO,0,0,C.KATUTA,2017-05-03,0,0,0,0,0,0,0,0,0,0,0,0,0,0,0,0,,Heavy rainfall,1,,0,0,0,0,0,0,0,0,0,0,0,0,1281,,,0,0,0,ec42e88a-2ba0-4e2b-ba60-33857d0b1b1b,LUKULU NORTH FARMING WERE COMPLETLY CUT OFF DUE TO HEAVY FLOODED/HEAVY POUR OF RAINFALL WHICH DAMAGED THE LUKULU BRIDGE.,1281,2,2,0,0,0,0,0,0,0,0,0,0,0,0,0,0,0,0,0,0,0,0,0,0,0,0,0,0,0,0,0,0,0,0,0,0,0,0,0,0,0,0,,,,,,,,,,,,,,,,,,,,,,,,,,,,,,,,,,,,,,,,,,,,,,,,,,,,,,,,,,,,,,,,,,,,,,,,,,,,,,,,,,,,,,,,,,,,,,,,,,,,,0,0,0,0,0,0,0,0,0,0,0,0,0,0,0,0,,,,,,,,,,,,,,,,,,,,,,,,,,,,,,,,,,,,,,,,,,,2014-02-14,day,,,Northern,Kasama,LUKULU,2026-10-06T12:29:33+00:00,DesInventar Zambia (UNDRR) — DI_export_zmb.zip
93,05,0501,,Lusaka,Lusaka,,FLOOD,LUSAKA,2008,3,8,0,0,0,0,0,0,NIL,ERASMUS.M.CHILUNDIKA,0,0,C.KATUTA,2017-05-03,0,0,0,0,0,0,0,0,0,0,0,0,0,0,0,0,,Heavy rainfall,1,,0,0,0,0,0,0,0,0,0,0,0,0,1282,,,0,0,0,f3eaa4be-5e12-4cb9-b242-8e3c9fbc9b3c,"FOLLOWING THIS DISASTER, ZINGALUME, CHUNGA AND CHINGWELE ROAD WERE REHABILITATED DUE SERIOUS DAMAGE LAID BY HEAVY RAINS.
DRAINAGE AND CULVERTS WERE DAMAGED.",1282,0,0,0,0,0,0,0,0,0,0,0,0,0,0,0,0,0,0,0,0,0,0,0,0,0,0,0,0,0,0,0,0,0,0,0,0,0,0,0,0,0,0,,,,,,,,,,,,,,,,,,,,,,,,,,,,,,,,,,,,,,,,,,,,,,,,,,,,,,,,,,,,,,,,,,,,,,,,,,,,,,,,,,,,,,,,,,,,,,,,,,,,,0,0,0,0,0,0,0,0,0,0,0,0,0,0,0,0,,,,,,,,,,,,,,,,,,,,,,,,,,,,,,,,,,,,,,,,,,,2008-03-08,day,,,Lusaka,Lusaka,LUSAKA,2026-10-06T12:29:33+00:00,DesInventar Zambia (UNDRR) — DI_export_zmb.zip
94,05,0501,,Lusaka,Lusaka,,FLOOD,MANDEVU,2008,5,3,0,0,0,0,0,0,NIL,TIMOTHY.M.HAKUKU,0,0,C.KATUTA,2017-05-03,-1,0,0,0,0,0,1,0,0,0,0,0,0,0,0,0,,HEAVY DOWN POUR OF RAINS,1,,0,0,0,0,0,0,0,0,0,0,0,0,1283,,,0,0,0,1b848dac-f92d-4e79-9e3c-81b198304dfe,"CHAZANGA,ROMA-NGOMBE, MULUNGUSHI CHAISA AND GARDEN",1283,0,0,0,0,0,0,0,0,0,0,0,0,0,0,0,0,0,0,0,0,0,0,0,0,0,0,0,0,0,0,0,0,0,0,0,0,0,0,0,0,0,0,,,,,,,,,,,,,,,,,,,,,,,,,,,,,,,,,,,,,,,,,,,,,,,,,,,,,,,,,,,,,,,,,,,,,,,,,,,,,,,,,,,,,,,,,,,,,,,,,,,,,0,0,0,0,0,0,0,0,0,0,0,0,0,0,0,0,,,,,,,,,,,,,,,,,,,,,,,,,,,,,,,,,,,,,,,,,,,2008-05-03,day,,,Lusaka,Lusaka,MANDEVU,2026-10-06T12:29:33+00:00,DesInventar Zambia (UNDRR) — DI_export_zmb.zip
95,05,0501,,Lusaka,Lusaka,,FLOOD,LUSAKA WEST,2007,5,4,0,0,0,0,0,0,NIL,A.M. MUSONDA,0,0,C.KATUTA,2017-05-04,0,0,0,0,0,0,0,0,0,0,0,0,0,0,0,0,,Heavy rainfall,1,,0,0,0,0,0,0,0,0,0,0,0,0,1284,,,0,0,0,21b40fd3-5cc6-4ea1-b173-a4b348a946a1,LUSAKA WEST ROAD,1284,0,0,0,0,0,0,0,0,0,0,0,0,0,0,0,0,0,0,0,0,0,0,0,0,0,0,0,0,0,0,0,0,0,0,0,0,0,0,0,0,0,0,,,,,,,,,,,,,,,,,,,,,,,,,,,,,,,,,,,,,,,,,,,,,,,,,,,,,,,,,,,,,,,,,,,,,,,,,,,,,,,,,,,,,,,,,,,,,,,,,,,,,0,0,0,0,0,0,0,0,0,0,0,0,0,0,0,0,,,,,,,,,,,,,,,,,,,,,,,,,,,,,,,,,,,,,,,,,,,2007-05-04,day,,,Lusaka,Lusaka,LUSAKA WEST,2026-10-06T12:29:33+00:00,DesInventar Zambia (UNDRR) — DI_export_zmb.zip
96,05,0501,,Lusaka,Lusaka,,FLOOD,LUSAKA,2008,3,6,0,0,0,0,0,0,NIL,TIMOTHY M. HAKUYU,0,0,C.KATUTA,2017-05-04,0,0,0,0,0,0,0,0,0,0,0,0,0,0,0,0,,HEAVY DOWN POUR OF RAINS,1,,0,0,0,0,0,0,0,0,0,0,0,0,1285,,,0,0,0,30391f4d-4183-4fa2-88b1-f0ce59089077,"MISSISI, KASUPE AND KANYAMA ROADS",1285,0,0,0,0,0,0,0,0,0,0,0,0,0,0,0,0,0,0,0,0,0,0,0,0,0,0,0,0,0,0,0,0,0,0,0,0,0,0,0,0,0,0,,,,,,,,,,,,,,,,,,,,,,,,,,,,,,,,,,,,,,,,,,,,,,,,,,,,,,,,,,,,,,,,,,,,,,,,,,,,,,,,,,,,,,,,,,,,,,,,,,,,,0,0,0,0,0,0,0,0,0,0,0,0,0,0,0,0,,,,,,,,,,,,,,,,,,,,,,,,,,,,,,,,,,,,,,,,,,,2008-03-06,day,,,Lusaka,Lusaka,LUSAKA,2026-10-06T12:29:33+00:00,DesInventar Zambia (UNDRR) — DI_export_zmb.zip
97,05,0501,,Lusaka,Lusaka,,FLOOD,LUSAKA,2014,2,8,0,0,0,0,0,0,NIL,D.MULENGA,0,0,C.KATUTA,2017-05-04,0,0,0,0,0,0,0,0,0,0,0,0,0,0,0,0,,HEAVY DOWN POUR OF RAINS,1,,0,0,0,0,0,0,0,0,0,0,0,0,1286,,,0,0,0,b8d48894-9258-441d-87c4-077e5cdc04b0,"CHAWAMA, KUKU,KAMWALA AND KABWATA. 
THE DISASTER LEAD DAMAGES TO CULVERTS AND DRAINAGE SYSTEM BLOCKED.",1286,0,0,0,0,0,0,0,0,0,0,0,0,0,0,0,0,0,0,0,0,0,0,0,0,0,0,0,0,0,0,0,0,0,0,0,0,0,0,0,0,0,0,,,,,,,,,,,,,,,,,,,,,,,,,,,,,,,,,,,,,,,,,,,,,,,,,,,,,,,,,,,,,,,,,,,,,,,,,,,,,,,,,,,,,,,,,,,,,,,,,,,,,0,0,0,0,0,0,0,0,0,0,0,0,0,0,0,0,,,,,,,,,,,,,,,,,,,,,,,,,,,,,,,,,,,,,,,,,,,2014-02-08,day,,,Lusaka,Lusaka,LUSAKA,2026-10-06T12:29:33+00:00,DesInventar Zambia (UNDRR) — DI_export_zmb.zip
99,05,0501,,Lusaka,Lusaka,,FLOOD,LUSAKA,2008,12,29,0,0,0,0,0,0,NIL,DR.H.V. MWEENE,0,0,C.KATUTA,2017-05-04,0,0,0,0,0,0,1,0,0,0,0,0,0,0,0,0,,HEAVY DOWN POUR OF RAINS,1,,0,0,0,0,0,0,0,0,0,0,0,0,1288,,,0,0,0,52221f0c-adfd-47b8-be1b-fb386003b4df,"KALIKILIKI, MTENDERE AND KABULONGA EXTENSION",1288,0,0,0,0,0,0,0,0,0,0,0,0,0,0,0,0,0,0,0,0,0,0,0,0,0,0,0,0,0,0,0,0,0,0,0,0,0,0,0,0,0,0,,,,,,,,,,,,,,,,,,,,,,,,,,,,,,,,,,,,,,,,,,,,,,,,,,,,,,,,,,,,,,,,,,,,,,,,,,,,,,,,,,,,,,,,,,,,,,,,,,,,,0,0,0,0,0,0,0,0,0,0,0,0,0,0,0,0,,,,,,,,,,,,,,,,,,,,,,,,,,,,,,,,,,,,,,,,,,,2008-12-29,day,,,Lusaka,Lusaka,LUSAKA,2026-10-06T12:29:33+00:00,DesInventar Zambia (UNDRR) — DI_export_zmb.zip
100,05,0501,,Lusaka,Lusaka,,FLOOD,LUSAKA,2008,12,29,0,0,0,0,0,0,NIL,MR. MINYOI . I,0,0,C.KATUTA,2017-05-04,0,0,0,0,0,0,0,0,0,0,0,0,0,0,0,0,,Heavy rainfall,0,,0,0,0,0,0,0,0,0,0,0,0,0,1289,,,0,0,0,e040e9c8-1fff-4640-bac3-d5dd85a84fee,AVONDELE-SIMON MWANSA KAPWEPWE ROAD.,1289,0,0,0,0,0,0,0,0,0,0,0,0,0,0,0,0,0,0,0,0,0,0,0,0,0,0,0,0,0,0,0,0,0,0,0,0,0,0,0,0,0,0,,,,,,,,,,,,,,,,,,,,,,,,,,,,,,,,,,,,,,,,,,,,,,,,,,,,,,,,,,,,,,,,,,,,,,,,,,,,,,,,,,,,,,,,,,,,,,,,,,,,,0,0,0,0,0,0,0,0,0,0,0,0,0,0,0,0,,,,,,,,,,,,,,,,,,,,,,,,,,,,,,,,,,,,,,,,,,,2008-12-29,day,,,Lusaka,Lusaka,LUSAKA,2026-10-06T12:29:33+00:00,DesInventar Zambia (UNDRR) — DI_export_zmb.zip
103,03,0308,,Eastern,Sinda,,FLOOD,"sinda, mambwe & katete",2014,10,14,0,0,0,35,0,0,35fields and two bridges were washed away ,caroline mwanza,0,0,C.KATUTA,2017-05-04,0,0,0,-1,0,0,0,0,0,0,1,0,0,0,0,0,,HEAVY DOWN POUR OF RAINS,0,,0,0,0,0,0,0,35,0,-1,0,0,0,1292,,,0,0,0,c163f409-db88-4d9e-b6b6-6d0c6a85a285,"nyamasonkho,eningwaba, chafela and munyumadzi area of chief kawaza were affected.
two bridges were damaged.",1292,4,0,0,0,0,0,0,0,0,0,0,0,0,0,0,22,0,0,0,0,0,0,0,0,0,0,0,0,0,0,0,0,0,0,0,0,0,0,0,0,0,0,,,,,,,,,,,,,,,,,,,,,,,,,,,,,,,,,,,,,,,,,,,,,,,,,,,,,,,,,,,,,,,,,,,,,,,,,,,,,,,,,,,,,,,,,,,,,,,,,,,,,0,0,0,0,0,0,0,0,0,0,0,0,0,0,0,0,,,,,,,,,,,,,,,,,,,,,,,,,,,,,,,,,,,,,,,,,,,2014-10-14,day,,,Eastern,Sinda,"sinda, mambwe & katete",2026-10-06T12:29:33+00:00,DesInventar Zambia (UNDRR) — DI_export_zmb.zip
104,05,0503,,Lusaka,Luangwa,,FLOOD,luangwa,2016,11,16,0,0,0,0,0,0,NIL,titus ng'andu,0,0,C.KATUTA,2017-05-04,0,0,0,0,0,0,0,0,0,0,0,0,0,0,0,0,,Heavy rainfall,1,,0,0,0,0,0,0,0,0,0,0,0,0,1293,,,0,0,0,f18fdcb9-4a79-4743-a933-729af21a9808,kavulamanja bridge,1293,1,0,0,0,0,0,0,0,0,0,0,0,0,0,0,0,0,0,0,0,0,0,0,0,0,0,0,0,0,0,0,0,0,0,0,0,0,0,0,0,0,0,,,,,,,,,,,,,,,,,,,,,,,,,,,,,,,,,,,,,,,,,,,,,,,,,,,,,,,,,,,,,,,,,,,,,,,,,,,,,,,,,,,,,,,,,,,,,,,,,,,,,0,0,0,0,0,0,0,0,0,0,0,0,0,0,0,0,,,,,,,,,,,,,,,,,,,,,,,,,,,,,,,,,,,,,,,,,,,2016-11-16,day,,,Lusaka,Luangwa,luangwa,2026-10-06T12:29:33+00:00,DesInventar Zambia (UNDRR) — DI_export_zmb.zip
105,03,0305,,Eastern,Chipata,,FLOOD,chipata,2012,5,4,0,0,0,0,0,0,NIL,G. MVALA,0,0,C.KATUTA,2017-05-04,0,0,0,0,-1,0,0,0,0,0,0,0,0,0,0,0,,Heavy rainfall,1,,0,0,0,0,0,0,0,0,0,0,0,0,1294,,,0,0,0,dfd4d66c-0412-4da9-a266-82de654d1417,chipata road (drift),1294,0,0,0,0,0,0,0,0,0,0,0,0,0,0,0,0,0,0,0,0,0,0,0,0,0,0,0,0,0,0,0,0,0,0,0,0,0,0,0,0,0,0,,,,,,,,,,,,,,,,,,,,,,,,,,,,,,,,,,,,,,,,,,,,,,,,,,,,,,,,,,,,,,,,,,,,,,,,,,,,,,,,,,,,,,,,,,,,,,,,,,,,,0,0,0,0,0,0,0,0,0,0,0,0,0,0,0,0,,,,,,,,,,,,,,,,,,,,,,,,,,,,,,,,,,,,,,,,,,,2012-05-04,day,,,Eastern,Chipata,chipata,2026-10-06T12:29:33+00:00,DesInventar Zambia (UNDRR) — DI_export_zmb.zip
106,02,0202,,Copperbelt,Kitwe,,FLOOD,MULENGA COMPOUND,2017,5,4,2,0,0,0,0,0,NIL,ELALIO MUSOND,0,0,C.KATUTA,2017-05-04,-1,0,0,0,0,0,0,0,0,0,0,0,0,0,0,0,,Heavy rainfall,1,5000 ,0,0,0,0,0,0,2,0,-1,0,0,0,1295,,,0,0,0,9649e6da-d381-4399-b051-fb55804bf97c,MULENGA COMPOUND IN COPPERBELT-NDEKE BRIDGE,1295,0,0,0,0,0,0,0,0,0,0,0,0,0,0,0,0,0,0,0,0,0,0,0,0,0,0,0,0,0,0,0,0,0,0,0,0,0,0,0,0,0,0,,,,,,,,,,,,,,,,,,,,,,,,,,,,,,,,,,,,,,,,,,,,,,,,,,,,,,,,,,,,,,,,,,,,,,,,,,,,,,,,,,,,,,,,,,,,,,,,,,,,,0.01205445,0.01205445,0,0,0,0,0,0,0,0,0,0,0,0,0,0,,,,,,,,,,,,,,,,,,,,,,,,,,,,,,,,,,,,,,,,,,,2017-05-04,day,,,Copperbelt,Kitwe,MULENGA COMPOUND,2026-10-06T12:29:33+00:00,DesInventar Zambia (UNDRR) — DI_export_zmb.zip
107,10,1008,,Western,Mwandi,,FLOOD,MWANDI,2017,1,17,0,0,0,252,0,252,FOOD/CROPS,GIVEN SICHEEBA,0,0,C.KATUTA,2017-05-04,0,-1,0,-1,0,-1,1,0,0,0,0,0,0,0,0,0,,HEAVY DOWN POUR OF RAINS,0,,0,0,0,0,0,2,252,0,-1,0,0,0,1296,,,0,0,0,0d2f34ea-3231-48a6-abcb-b099687ae1ba,ATLEAST AN AVARAGE OF 5 PEOPLE PER HOUSEHOLD WERE AFFECTED,1296,0,0,0,0,0,0,0,0,0,0,0,0,0,0,0,0,0,0,0,0,0,0,0,0,0,0,0,0,0,0,0,0,0,0,0,0,0,0,0,0,0,0,,,,,,,,,,,,,,,,,,,,,,,,,,,,,,,,,,,,,,,,,,,,,,,,,,,,,,,,,,,,,,,,,,,,,,,,,,,,,,,,,,,,,,,,,,,,,,,,,,,,,0,0,0,8.36841836,1388.43692656,5.662e-05,1464750,0,0,1464750,1464750,0,0,0,0,0,,,,,,,,,,,,,,,,,,,,,,,,,,,,,,,,,,,,,,,,,,,2017-01-17,day,,2017-01-18,Western,Mwandi,MWANDI,2026-10-06T12:29:33+00:00,DesInventar Zambia (UNDRR) — DI_export_zmb.zip
108,09,0905,,Southern,Choma,,FLOOD,CHOMA,2017,2,17,0,0,0,0,0,0,NIL,FRED C. CHAATILA,0,0,C.KATUTA,2017-05-04,0,0,0,0,0,0,0,0,0,0,0,0,0,0,0,0,,HEAVY DOWN POUR OF RAINS,1,,0,0,0,0,0,0,0,0,0,0,0,0,1297,,,0,0,0,5c12777f-a1ed-41b5-9b41-53256072f16b,"CHOMA AND MOOMBA WARD AFFECTED 
THE DISTANCE DAMAGED IS ABOUT 2 HOURS DRIVING.",1297,0,0,0,0,0,0,0,0,0,0,0,0,0,0,0,0,0,0,0,0,0,0,0,0,0,0,0,0,0,0,0,0,0,0,0,0,0,0,0,0,0,0,,,,,,,,,,,,,,,,,,,,,,,,,,,,,,,,,,,,,,,,,,,,,,,,,,,,,,,,,,,,,,,,,,,,,,,,,,,,,,,,,,,,,,,,,,,,,,,,,,,,,0,0,0,0,0,0,0,0,0,0,0,0,0,0,0,0,,,,,,,,,,,,,,,,,,,,,,,,,,,,,,,,,,,,,,,,,,,2017-02-17,day,,,Southern,Choma,CHOMA,2026-10-06T12:29:33+00:00,DesInventar Zambia (UNDRR) — DI_export_zmb.zip
110,01,0111,,Central,Serenje,,FLOOD,selenge,2001,2,1,0,0,0,14,14,14,CROPS,MNI-MILAMBO,0,0,C.KATUTA,2017-05-04,0,0,0,-1,-1,-1,0,0,0,0,1,0,0,0,0,0,,Heavy rainfall,0,745.5MM WIDE,0,0,0,0,0,0,14,0,-1,0,0,0,1299,,,0,0,0,2d74de89-693c-4166-bbe7-b6275d3d1df9,"KAFINDA AREAS WERE AFFECTED
GIBSON, KATONGO AND OTHER LOW AREAS.
OVER 14 HOUSEHOLD OF FARMERS WERE AFFECTED.",1299,0,0,0,0,0,0,0,0,0,0,0,0,0,0,0,0,0,0,0,0,0,0,0,0,0,0,0,0,0,0,0,0,0,0,0,0,0,0,0,0,0,0,,,,,,,,,,,,,,,,,,,,,,,,,,,,,,,,,,,,,,,,,,,,,,,,,,,,,,,,,,,,,,,,,,,,,,,,,,,,,,,,,,,,,,,,,,,,,,,,,,,,,0,0,0,0,112,0,393750,0,0,393750,78750,315000,0,0,0,0,,,,,,,,,,,,,,,,,,,,,,,,,,,,,,,,,,,,,,,,,,,2001-02-01,day,,,Central,Serenje,selenge,2026-10-06T12:29:33+00:00,DesInventar Zambia (UNDRR) — DI_export_zmb.zip
111,08,0805,,Northern,Mporokoso,,FLOOD,MPOROKOSO,2014,3,14,0,0,0,0,100,100,over 10 bridges in 4 roads were affected,PAUL M MUYONGO,0,0,C.KATUTA,2017-05-04,0,0,0,0,-1,-1,1,0,0,1,1,0,0,0,0,0,,Heavy rainfall,0,,0,5,0,0,0,1,0,0,0,0,0,0,1300,,,0,0,0,d781dc1a-916f-4de6-b1e6-49de325e50e5,"chambeshi, nyaya, mpanda, kalungu and lubala area",1300,0,0,0,0,0,0,0,0,0,0,0,0,0,0,0,0,0,0,0,0,0,0,0,0,0,0,0,0,0,0,0,0,0,0,0,0,0,0,0,0,0,0,,,,,,,,,,,,,,,,,,,,,,,,,,,,,,,,,,,,,,,,,,,,,,,,,,,,,,,,,,,,,,,,,,,,,,,,,,,,,,,,,,,,,,,,,,,,,,,,,,,,,0,0,0,7.05419565,1101.9340687,0.00011617,3154020,0,0,2925000,585000,2340000,229020,0,229020,0,,,,,,,,,,,,,,,,,,,,,,,,,,,,,,,,,,,,,,,,,,,2014-03-14,day,,2014-03-14,Northern,Mporokoso,MPOROKOSO,2026-10-06T12:29:33+00:00,DesInventar Zambia (UNDRR) — DI_export_zmb.zip
112,01,0108,,Central,Mkushi,,FLOOD,mkushi,2014,5,4,0,0,0,0,0,0,CROPS,mwila kunda,0,0,C.KATUTA,2017-05-04,0,0,0,0,0,0,1,0,0,0,1,0,0,0,0,0,,poor crop production due to heavy rainfall,0,,0,0,0,0,0,0,0,0,0,0,0,0,1301,,,0,0,0,14ec057b-d670-44fb-b68d-72a3fb1269a0,mkushi ruled by hunger due to poor crop production.,1301,0,0,0,0,0,0,0,0,0,0,0,0,0,0,0,0,0,0,0,0,0,0,0,0,0,0,0,0,0,0,0,0,0,0,0,0,0,0,0,0,0,0,,,,,,,,,,,,,,,,,,,,,,,,,,,,,,,,,,,,,,,,,,,,,,,,,,,,,,,,,,,,,,,,,,,,,,,,,,,,,,,,,,,,,,,,,,,,,,,,,,,,,0,0,0,0,0,0,0,0,0,0,0,0,0,0,0,0,,,,,,,,,,,,,,,,,,,,,,,,,,,,,,,,,,,,,,,,,,,2014-05-04,day,,,Central,Mkushi,mkushi,2026-10-06T12:29:33+00:00,DesInventar Zambia (UNDRR) — DI_export_zmb.zip
150,08,0801,,Northern,Chilubi,,FLOOD,CHILUBI,2007,2,22,0,0,0,0,0,0,NIL,D.MULENGA,0,0,C.KATUTA,2017-05-04,0,0,0,0,0,0,0,0,0,0,1,0,0,0,0,0,,Heavy rainfall,0,,0,0,0,0,0,0,0,0,0,0,0,0,1338,,,0,0,0,9afc43e6-18cc-4736-acbb-cf7541f621b8,17 WARDS IN CHILUBI DISTRICT WERE AFFECTED,1338,0,0,0,0,0,0,0,0,0,0,0,0,0,0,0,0,0,0,0,0,0,0,0,0,0,0,0,0,0,0,0,0,0,0,0,0,0,0,0,0,0,0,,,,,,,,,,,,,,,,,,,,,,,,,,,,,,,,,,,,,,,,,,,,,,,,,,,,,,,,,,,,,,,,,,,,,,,,,,,,,,,,,,,,,,,,,,,,,,,,,,,,,0,0,0,0,0,0,0,0,0,0,0,0,0,0,0,0,,,,,,,,,,,,,,,,,,,,,,,,,,,,,,,,,,,,,,,,,,,2007-02-22,day,,,Northern,Chilubi,CHILUBI,2026-10-06T12:29:33+00:00,DesInventar Zambia (UNDRR) — DI_export_zmb.zip
117,03,0304,,Eastern,Petauke,,FLOOD,petauke,2017,5,4,0,0,0,16,0,0,CROPS,assessment report,0,0,Anonimous,2017-05-04,0,0,0,-1,0,0,0,0,0,0,0,0,0,0,0,0,,poor crop production due to heavy rainfall,0,,0,0,0,0,0,0,16,0,-1,0,0,0,1306,,,0,0,0,88c2d11a-9cfd-4786-a05a-c7ab6af059f4,"food insecurity(HUNGER) PETAUKE DISTRICT LUSINDE IN CHIEF MWANJABANTU
16 VILLAGES WERE AFFECTED",1306,0,0,0,0,0,0,0,0,0,0,0,0,0,0,0,0,0,0,0,0,0,0,0,0,0,0,0,0,0,0,0,0,0,0,0,0,0,0,0,0,0,0,,,,,,,,,,,,,,,,,,,,,,,,,,,,,,,,,,,,,,,,,,,,,,,,,,,,,,,,,,,,,,,,,,,,,,,,,,,,,,,,,,,,,,,,,,,,,,,,,,,,,0,0,0,0,0,0,0,0,0,0,0,0,0,0,0,0,,,,,,,,,,,,,,,,,,,,,,,,,,,,,,,,,,,,,,,,,,,2017-05-04,day,,,Eastern,Petauke,petauke,2026-10-06T12:29:33+00:00,DesInventar Zambia (UNDRR) — DI_export_zmb.zip
120,06,0605,,Muchinga,Nakonde,,FLOOD,NAKONDE,2016,12,9,0,0,0,0,7,7,ZESCO POWER STATION&COMMUNITY HOUSES,BANDA JOSHUA,0,0,C.KATUTA,2017-05-04,0,0,0,0,-1,-1,0,0,0,1,0,0,0,0,0,0,,HEAVY DOWN POUR OF RAINS,0,,0,7,0,0,0,1,0,0,0,0,0,0,1309,,,0,0,0,f1f9c8bb-1308-4e3d-91e4-d038e106fdfe,"NAKONDE SECONDARY SCHOOL, NAKONDE PRIMARY SCHOOL, CHIKOTI COMUNITY SCHOOL, UZINJI SCHOOL , CHIWALE PRIMARY SCHOOL NYELA, AND COMMUNITY HOUSES",1309,0,0,0,0,0,0,0,0,0,0,0,0,0,0,0,0,0,0,0,2,0,0,0,0,0,7,0,0,0,0,0,0,0,0,0,0,0,0,0,0,0,0,,,,,,,,,,,,,,,,,,,,,,,,,,,,,,,,,,,,,,,,,,,,,,,,,,,,,,,,,,,,,,,,,,,,,,,,,,,,,,,,,,,,,,,,,,,,,,,,,,,,,0,0,0,0.46491213,77.13538481,2.449e-05,515896.5,0,0,200812.5,40162.5,160650,315084,0,315084,0,,,,,,,,,,,,,,,,,,,,,,,,,,,,,,,,,,,,,,,,,,,2016-12-09,day,,2016-12-09,Muchinga,Nakonde,NAKONDE,2026-10-06T12:29:33+00:00,DesInventar Zambia (UNDRR) — DI_export_zmb.zip
122,03,0305,,Eastern,Chipata,,FLOOD,CHIPATA,2017,1,17,0,0,0,0,5,5,NIL,DR ALLAN LINGAMBE,0,0,C.KATUTA,2017-05-04,0,0,0,0,-1,-1,0,0,0,1,0,0,0,0,0,0,,HEAVY DOWN POUR OF RAINS,0,,0,1,0,0,0,1,0,0,0,0,0,0,1311,,,0,0,0,c2910d13-7269-46b0-ac5e-fc8c3b33786c,MSORO DAY SECONDARY SCHOOL BLOWN OFF.,1311,0,0,0,0,0,0,0,0,0,0,0,0,0,0,0,0,0,0,0,0,0,0,0,0,0,1,0,0,0,0,0,0,0,0,0,0,0,0,0,0,0,0,,,,,,,,,,,,,,,,,,,,,,,,,,,,,,,,,,,,,,,,,,,,,,,,,,,,,,,,,,,,,,,,,,,,,,,,,,,,,,,,,,,,,,,,,,,,,,,,,,,,,0,0,0,0.33208009,55.09670343,7.37e-06,190720.5,0,0,145312.5,29062.5,116250,45408,0,45408,0,,,,,,,,,,,,,,,,,,,,,,,,,,,,,,,,,,,,,,,,,,,2017-01-17,day,,2017-01-17,Eastern,Chipata,CHIPATA,2026-10-06T12:29:33+00:00,DesInventar Zambia (UNDRR) — DI_export_zmb.zip
123,04,0402,,Luapula,Samfya,,FLOOD,MATONGO,2017,1,4,0,0,0,0,0,0,NIL,MARTIN CHIFUKWA,0,0,C.KATUTA,2017-05-04,0,0,0,0,0,0,0,0,0,1,0,0,0,0,0,0,,Heavy rainfall,0,,0,2,0,0,0,1,0,0,0,0,0,0,1312,,,0,0,0,b79d0d95-ee0f-4322-bddd-6b78668327e5,MANDWE AND MATONGO PRIMARY SCHOOL,1312,0,0,0,0,0,0,0,0,0,0,0,0,0,0,0,0,0,0,0,0,0,0,0,0,0,2,0,0,0,0,0,0,0,0,0,0,0,0,0,0,0,0,,,,,,,,,,,,,,,,,,,,,,,,,,,,,,,,,,,,,,,,,,,,,,,,,,,,,,,,,,,,,,,,,,,,,,,,,,,,,,,,,,,,,,,,,,,,,,,,,,,,,0,0,0,0,0,3.51e-06,90816,0,0,0,0,0,90816,0,90816,0,,,,,,,,,,,,,,,,,,,,,,,,,,,,,,,,,,,,,,,,,,,2017-01-04,day,,2017-01-04,Luapula,Samfya,MATONGO,2026-10-06T12:29:33+00:00,DesInventar Zambia (UNDRR) — DI_export_zmb.zip
130,05,0501,,Lusaka,Lusaka,,FLOOD,ROMA,2015,1,9,0,0,0,1,0,0,NIL,CHAKUPALESA.E,0,0,Anonimous,2017-05-04,0,0,0,-1,0,0,0,0,0,1,0,0,0,0,0,0,,HEAVY DOWN POUR OF RAINS,0,1.5KM,0,1,0,0,0,0,0,0,0,0,0,0,1319,,,0,0,0,1cd9290c-4414-43e0-bad3-c56a364a789e,ROMA GIRLS SECONDARY SCHOOL ACCESS ROAD FLOODED,1319,0,0,0,0,0,0,0,0,0,0,0,0,0,0,0,0,0,0,0,0,0,0,0,0,0,1,0,0,0,0,0,0,0,0,0,0,0,0,0,0,0,0,,,,,,,,,,,,,,,,,,,,,,,,,,,,,,,,,,,,,,,,,,,,,,,,,,,,,,,,,,,,,,,,,,,,,,,,,,,,,,,,,,,,,,,,,,,,,,,,,,,,,0,0,0,0,0,2.13e-06,45078,0,0,0,0,0,45078,0,45078,0,,,,,,,,,,,,,,,,,,,,,,,,,,,,,,,,,,,,,,,,,,,2015-01-09,day,,,Lusaka,Lusaka,ROMA,2026-10-06T12:29:33+00:00,DesInventar Zambia (UNDRR) — DI_export_zmb.zip
132,05,0501,,Lusaka,Lusaka,,FLOOD,CHIBOLYA,2008,3,8,0,0,0,0,0,0,NIL,B. TAMBATAMBA,0,0,C.KATUTA,2017-05-04,0,0,0,0,0,0,0,0,0,1,0,0,0,0,0,0,,Heavy rainfall,0,,0,1,0,0,0,1,0,0,0,0,0,0,1321,,,0,0,0,4f414318-b60a-43a5-be9f-77226cff6b2f,CHIBOLYA BASIC SCHOOL,1321,0,0,0,0,0,0,0,0,0,0,0,0,0,0,0,0,0,0,0,0,0,0,0,0,0,0,0,0,0,0,0,0,0,0,0,0,0,0,0,0,0,0,,,,,,,,,,,,,,,,,,,,,,,,,,,,,,,,,,,,,,,,,,,,,,,,,,,,,,,,,,,,,,,,,,,,,,,,,,,,,,,,,,,,,,,,,,,,,,,,,,,,,0,0,0,0,0,2.52e-06,45144,0,0,0,0,0,45144,0,45144,0,,,,,,,,,,,,,,,,,,,,,,,,,,,,,,,,,,,,,,,,,,,2008-03-08,day,,2008-03-08,Lusaka,Lusaka,CHIBOLYA,2026-10-06T12:29:33+00:00,DesInventar Zambia (UNDRR) — DI_export_zmb.zip
149,03,0304,,Eastern,Petauke,,FLOOD,petauke,2013,5,4,0,0,0,34,0,5,MAIZE,DORA SILIYA MP,0,0,C.KATUTA,2017-05-04,0,0,0,-1,0,-1,0,0,0,0,1,0,0,0,0,0,,Heavy rainfall,0,,0,0,30.1,0,0,0,34,0,-1,0,0,0,1337,,,0,0,0,3d4ca26a-08b0-4a15-b898-9de2f493a9ab,"2 DAMS WASHED AWAY IN CHIEF MUMBI'S AREA -NSUMBAZI BRIDGE, 35 VILLAGES AFFECTED",1337,0,0,0,0,0,0,0,0,0,0,0,0,0,0,0,30,0,0,0,0,0,0,0,0,0,0,0,0,0,0,0,0,0,0,0,0,0,0,0,0,0,0,,,,,,,,,,,,,,,,,,,,,,,,,,,,,,,,,,,,,,,,,,,,,,,,,,,,,,,,,,,,,,,,,,,,,,,,,,,,,,,,,,,,,,,,,,,,,,,,,,,,,0,0,0,0.38043657,57.64835172,1.65e-06,46251.28776,16813.78776,0,29437.5,29437.5,0,0,0,0,0,,,,,,,,,,,,,,,,,,,,,,,,,,,,,,,,,,,,,,,,,,,2013-05-04,day,,,Eastern,Petauke,petauke,2026-10-06T12:29:33+00:00,DesInventar Zambia (UNDRR) — DI_export_zmb.zip
152,03,0303,,Eastern,Katete,,FLOOD,KATETE,2012,12,3,0,0,0,0,0,0,CROPS,PETER KUNDA,0,0,C.KATUTA,2017-05-04,0,0,0,0,0,0,0,0,0,0,1,0,0,0,0,0,,Heavy rainfall,0,,0,0,0,0,0,0,0,0,0,0,0,0,1340,,,0,0,0,2b10c6e2-6c6e-4b5d-80ac-96765ab27c97,"MILANZI, KOLOWA MGWENTHU, KAMPHODZA, MBATATA AND GANDALI WERE AFFECTED BY HUNGER DUE TO POOR CROP PRODUCTION.",1340,0,0,0,0,0,0,0,0,0,0,0,0,0,0,0,0,0,0,0,0,0,0,0,0,0,0,0,0,0,0,0,0,0,0,0,0,0,0,0,0,0,0,,,,,,,,,,,,,,,,,,,,,,,,,,,,,,,,,,,,,,,,,,,,,,,,,,,,,,,,,,,,,,,,,,,,,,,,,,,,,,,,,,,,,,,,,,,,,,,,,,,,,0,0,0,0,0,0,0,0,0,0,0,0,0,0,0,0,,,,,,,,,,,,,,,,,,,,,,,,,,,,,,,,,,,,,,,,,,,2012-12-03,day,,,Eastern,Katete,KATETE,2026-10-06T12:29:33+00:00,DesInventar Zambia (UNDRR) — DI_export_zmb.zip
154,06,0602,,Muchinga,Chama,,FLOOD,CHAMA,2014,2,4,0,0,0,0,0,0,HOUSES AND OTHER INFRUSTRUCTURES,INGRIBET BONDO,0,0,C.KATUTA,2017-05-04,0,0,0,0,0,0,0,0,0,0,1,0,0,0,0,0,,Heavy rainfall,0,,0,0,0,0,0,3,0,0,0,0,0,0,1341,,,0,0,0,f667d60c-2444-4993-af73-32a582a15759,"7 COMMUNITIES WERE AFFECTED IN CHIEF KAMBOMBO.
IMPACT WAS TO CROS, HUMAN SHELTER AND LIVESTOCK.",1341,0,0,0,0,0,0,0,0,0,0,0,0,0,0,0,0,0,0,0,0,0,0,0,0,0,0,0,0,0,0,0,0,0,0,0,0,0,0,0,0,0,0,,,,,,,,,,,,,,,,,,,,,,,,,,,,,,,,,,,,,,,,,,,,,,,,,,,,,,,,,,,,,,,,,,,,,,,,,,,,,,,,,,,,,,,,,,,,,,,,,,,,,0,0,0,0,0,0,0,0,0,0,0,0,0,0,0,0,,,,,,,,,,,,,,,,,,,,,,,,,,,,,,,,,,,,,,,,,,,2014-02-04,day,,2014-02-06,Muchinga,Chama,CHAMA,2026-10-06T12:29:33+00:00,DesInventar Zambia (UNDRR) — DI_export_zmb.zip
158,08,0809,,Northern,Kaputa,,FLOOD,KAPUTA,2014,3,17,0,0,0,30,48,103,CULVERTS,PAUL M MUYONGO,0,0,C.KATUTA,2017-05-05,0,0,0,-1,-1,-1,0,0,0,0,0,0,0,0,0,0,,Heavy rainfall,0,,0,0,0,0,0,3,30,0,-1,0,-1,103,1344,,,0,0,0,24586f24-3093-4b5a-9a8b-f1fe9a306604,"ONLY 30 HOUSEHOLDS WERE IDENTIFIED TO BE MORE AFFECTED OUT OF 103.
IN KAPUTA",1344,0,0,0,0,0,0,0,0,0,0,0,0,0,0,0,0,0,0,0,0,0,0,0,0,0,0,0,0,0,0,0,0,0,0,0,0,0,0,0,0,0,0,,,,,,,,,,,,,,,,,,,,,,,,,,,,,,,,,,,,,,,,,,,,,,,,,,,,,,,,,,,,,,,,,,,,,,,,,,,,,,,,,,,,,,,,,,,,,,,,,,,,,0,0,0,5.32591772,831.96022187,6.356e-05,1725750,0,0,1725750,602550,1123200,0,0,0,0,,,,,,,,,,,,,,,,,,,,,,,,,,,,,,,,,,,,,,,,,,,2014-03-17,day,,2014-03-19,Northern,Kaputa,KAPUTA,2026-10-06T12:29:33+00:00,DesInventar Zambia (UNDRR) — DI_export_zmb.zip
159,07,0708,,North-Western,Kabompo,,FLOOD,KABOMPO,2014,4,14,0,0,0,101,101,101,MAIZE AND CASSAVA,A.L. LUFUMA.HON,0,0,C.KATUTA,2017-05-05,0,0,0,-1,-1,-1,0,0,0,0,0,0,0,0,0,0,,Heavy rainfall,0,,0,0,0,0,0,0,101,0,-1,0,-1,101,1345,,,0,0,0,c438e610-425c-49ba-86d2-eaca85a3d4f3,"IN KAMISOMBO WARD, 31HOUSEHOLD COLLAPSED
169 HOUSEHOLD MANDANJI AND KAMBOLE 47",1345,0,0,0,0,0,0,0,0,0,0,0,0,0,0,0,0,0,0,0,0,0,0,0,0,0,0,0,0,0,0,0,0,0,0,0,0,0,0,0,0,0,0,,,,,,,,,,,,,,,,,,,,,,,,,,,,,,,,,,,,,,,,,,,,,,,,,,,,,,,,,,,,,,,,,,,,,,,,,,,,,,,,,,,,,,,,,,,,,,,,,,,,,0,0,0,7.12473761,1112.95340938,0.00010881,2954250,0,0,2954250,590850,2363400,0,0,0,0,,,,,,,,,,,,,,,,,,,,,,,,,,,,,,,,,,,,,,,,,,,2014-04-14,day,,,North-Western,Kabompo,KABOMPO,2026-10-06T12:29:33+00:00,DesInventar Zambia (UNDRR) — DI_export_zmb.zip
165,04,0401,,Luapula,Milengi,,FLOOD,MILENGI,2016,12,26,0,0,0,0,0,0,CROPS,HON. MWANSA MBULAKULIMA,0,0,c.katuta,2017-05-05,0,0,0,0,0,0,1,0,0,0,0,0,0,0,0,0,,HEAVY DOWN POUR OF RAINS,0,,0,0,0,0,0,0,0,0,0,0,0,0,1348,,,0,0,0,15d9170c-3f9e-4fe1-9041-b1b52e1b2dad,MILENGE DISTRICT-ITEMBA POLICE POST BLOWN OFF,1348,0,0,0,0,0,0,0,0,0,0,0,0,0,0,0,0,0,0,0,0,0,0,0,0,0,0,0,0,0,0,0,0,0,0,0,0,0,0,0,0,0,0,,,,,,,,,,,,,,,,,,,,,,,,,,,,,,,,,,,,,,,,,,,,,,,,,,,,,,,,,,,,,,,,,,,,,,,,,,,,,,,,,,,,,,,,,,,,,,,,,,,,,0,0,0,0,0,0,0,0,0,0,0,0,0,0,0,0,,,,,,,,,,,,,,,,,,,,,,,,,,,,,,,,,,,,,,,,,,,2016-12-26,day,,,Luapula,Milengi,MILENGI,2026-10-06T12:29:33+00:00,DesInventar Zambia (UNDRR) — DI_export_zmb.zip
167,05,0505,,Lusaka,Chirundu,,FLOOD,CHIRUNDU,2016,12,25,0,0,0,90,0,90,18 TRADERS LOST THEIR MERCHANDISE ,titus ng'andu,0,0,C.KATUTA,2017-05-05,0,0,0,-1,0,-1,0,0,0,0,0,0,0,0,0,0,,HEAVY STORM/RAINS,0,,0,0,0,0,0,4,90,0,-1,0,-1,59,1350,,,0,0,0,bea9ec5a-684f-4003-9ff4-56d25c9436bc,CHIRUNDU STORM,1350,0,0,0,0,0,0,0,0,0,0,0,0,0,0,0,0,0,0,0,0,0,0,0,0,0,0,0,0,0,0,0,0,0,0,0,0,0,0,0,0,0,0,,,,,,,,,,,,,,,,,,,,,,,,,,,,,,,,,,,,,,,,,,,,,,,,,,,,,,,,,,,,,,,,,,,,,,,,,,,,,,,,,,,,,,,,,,,,,,,,,,,,,0,0,0,2.98872084,495.87033091,2.451e-05,516375,0,0,516375,516375,0,0,0,0,0,,,,,,,,,,,,,,,,,,,,,,,,,,,,,,,,,,,,,,,,,,,2016-12-25,day,,2016-12-28,Lusaka,Chirundu,CHIRUNDU,2026-10-06T12:29:33+00:00,DesInventar Zambia (UNDRR) — DI_export_zmb.zip
174,09,0910,,Southern,Mazabuka,,FLOOD,MAZABUKA,2013,1,7,0,0,0,250,250,250,NUMBER OF INFRUSTRUCTURE,EUGINE MUNYAMA,0,0,C.KATUTA,2017-05-08,0,0,0,-1,-1,-1,1,0,0,0,0,0,0,0,0,0,,Heavy rainfall,0,,0,0,0,0,0,12,250,0,-1,0,0,0,1355,,,0,0,0,44529362-f74e-47d0-87aa-6ce5186941a8,"OVER 9 WARDS IN MAZABUKA WERE AFFECTED DURING THIS EVENT.
AFFECTED AREA WERE CHIVUNA,MWANACHINGWALA,ITEBE,MUNENGA,KALAMA, MAGOYE,NEGA-NEGA, LUBOMBOAND NAKAMBALA.",1355,0,0,0,0,0,0,0,0,0,0,0,0,0,0,0,0,0,0,0,0,0,0,0,0,0,0,0,0,0,0,0,0,0,0,0,0,0,0,0,0,0,0,,,,,,,,,,,,,,,,,,,,,,,,,,,,,,,,,,,,,,,,,,,,,,,,,,,,,,,,,,,,,,,,,,,,,,,,,,,,,,,,,,,,,,,,,,,,,,,,,,,,,0,0,0,18.17987853,2754.83517174,0.00026241,7359375,0,0,7359375,1471875,5887500,0,0,0,0,,,,,,,,,,,,,,,,,,,,,,,,,,,,,,,,,,,,,,,,,,,2013-01-07,day,,2013-01-18,Southern,Mazabuka,MAZABUKA,2026-10-06T12:29:33+00:00,DesInventar Zambia (UNDRR) — DI_export_zmb.zip
176,07,0701,,North-Western,Zambezi,,FLOOD,ZAMBEZI,2013,2,16,0,0,0,18,31,31,MAIZE AND CASSAVA,CATHERINE MUKUMA,0,0,C.KATUTA,2017-05-08,0,0,0,-1,-1,-1,1,0,0,0,1,0,0,0,0,0,,Heavy rainfall,0,,0,0,206,0,0,0,49,0,-1,0,0,0,1357,,,0,0,0,f9d2d097-bb35-4a3e-b20b-59574f5029c2,"AFFECTED AREA ZAMBEZI WESTBANK, PUNGA AREA,WEST BANK,MILOMBOYI, MATONDO,NYAWANDA, MONO, MUYEMBE",1357,0,0,0,0,0,0,0,0,0,0,0,0,0,0,0,0,0,0,0,0,0,0,0,0,0,0,0,0,0,0,0,0,0,0,0,0,0,0,0,0,0,0,,,,,,,,,,,,,,,,,,,,,,,,,,,,,,,,,,,,,,,,,,,,,,,,,,,,,,,,,,,,,,,,,,,,,,,,,,,,,,,,,,,,,,,,,,,,,,,,,,,,,0,0,0,3.61375287,547.5995613,3.664e-05,1027633.6056,115071.1056,0,912562.5,182512.5,730050,0,0,0,0,,,,,,,,,,,,,,,,,,,,,,,,,,,,,,,,,,,,,,,,,,,2013-02-16,day,,,North-Western,Zambezi,ZAMBEZI,2026-10-06T12:29:33+00:00,DesInventar Zambia (UNDRR) — DI_export_zmb.zip
179,09,,,Southern,,,FLOOD,CHIKANKATA,2013,1,9,0,0,0,0,13,13,INFRUSTRUCTURE,EDWIN. MUYUNDA,0,0,C.KATUTA,2017-05-08,0,0,0,0,-1,-1,0,0,0,0,0,0,0,0,0,0,,Heavy rainfall,0,,0,0,0,0,0,0,0,0,0,0,0,0,1359,,,0,0,0,13942307-bd3c-45ba-82ae-ac185964cd8e,KASEPO AND NAMALONGO WARDS,1359,0,0,0,0,0,0,0,0,0,0,0,0,0,0,0,0,0,0,0,0,0,0,0,0,0,0,0,0,0,0,0,0,0,0,0,0,0,0,0,0,0,0,,,,,,,,,,,,,,,,,,,,,,,,,,,,,,,,,,,,,,,,,,,,,,,,,,,,,,,,,,,,,,,,,,,,,,,,,,,,,,,,,,,,,,,,,,,,,,,,,,,,,0,0,0,0.94535368,143.25142893,1.365e-05,382687.5,0,0,382687.5,76537.5,306150,0,0,0,0,,,,,,,,,,,,,,,,,,,,,,,,,,,,,,,,,,,,,,,,,,,2013-01-09,day,,,Southern,,CHIKANKATA,2026-10-06T12:29:33+00:00,DesInventar Zambia (UNDRR) — DI_export_zmb.zip
182,03,0301,,Eastern,Chadiza,,FLOOD,CHADIZA,2017,5,8,0,0,0,0,0,0,,PATRICK KANGWA,0,0,C.KATUTA,2017-05-08,0,0,0,0,0,0,1,0,0,0,0,0,0,0,0,0,,Heavy rainfall,0,,0,0,0,0,0,0,0,0,0,0,0,0,1362,,,0,0,0,da970a5a-2b0b-40c4-8a7c-0987497843ef,CHADIZA AND MAMBWE DISTRICTS AND ONLY AFFECTED HOUSEHOLDS ARE ASSISTED,1362,0,0,0,0,0,0,0,0,0,0,0,0,0,0,0,0,0,0,0,0,0,0,0,0,0,0,0,0,0,0,0,0,0,0,0,0,0,0,0,0,0,0,,,,,,,,,,,,,,,,,,,,,,,,,,,,,,,,,,,,,,,,,,,,,,,,,,,,,,,,,,,,,,,,,,,,,,,,,,,,,,,,,,,,,,,,,,,,,,,,,,,,,0,0,0,0,0,0,0,0,0,0,0,0,0,0,0,0,,,,,,,,,,,,,,,,,,,,,,,,,,,,,,,,,,,,,,,,,,,2017-05-08,day,,,Eastern,Chadiza,CHADIZA,2026-10-06T12:29:33+00:00,DesInventar Zambia (UNDRR) — DI_export_zmb.zip
184,08,0807,,Northern,Mpulungu,,FLOOD,MPULUNGU,2006,12,12,1,3,0,1900,369,369,,MALAMBO.NNL,0,0,C.KATUTA,2017-05-08,-1,-1,0,-1,-1,-1,0,0,0,0,0,0,0,0,0,0,,Heavy rainfall,0,,0,0,0,0,0,0,1900,0,-1,0,0,0,1364,,,0,0,0,d390c19c-9d53-4f28-993d-42459a8f12d8,"26VILLAGES AFFECTED
1900HOUSEHOLD 
369HOUSES COLLAPSED",1364,0,0,3,1,0,0,0,0,0,0,0,0,0,0,0,0,0,0,0,0,3,0,0,0,0,0,0,0,0,0,0,0,0,0,0,0,0,0,0,0,0,0,,,,,,,,,,,,,,,,,,,,,,,,,,,,,,,,,,,,,,,,,,,,,,,,,,,,,,,,,,,,,,,,,,,,,,,,,,,,,,,,,,,,,,,,,,,,,,,,,,,,,0.0080753,0.0080753,0,32.85948607,4069.13671349,0.00082438,10516500,0,0,10516500,2103300,8413200,0,0,0,0,,,,,,,,,,,,,,,,,,,,,,,,,,,,,,,,,,,,,,,,,,,2006-12-12,day,,,Northern,Mpulungu,MPULUNGU,2026-10-06T12:29:33+00:00,DesInventar Zambia (UNDRR) — DI_export_zmb.zip
185,10,1002,,Western,Senanga,,FLOOD,SENENGA,2014,1,9,0,0,0,0,0,0,,PUMULO MUBULA,0,0,C.KATUTA,2017-05-08,0,0,0,-1,0,0,1,0,0,0,0,0,0,0,0,0,,Heavy rainfall,0,,0,0,0,0,0,0,0,0,0,0,0,0,1365,,,0,0,0,009f2709-644c-41a9-ab62-44533b15b920,"SENANGA BOMA, AND KALONGOLA PONTOON CROSSING POINT WERE IMPASSABLE",1365,1,0,0,0,0,0,0,0,0,0,0,0,0,0,0,0,0,0,0,0,0,0,0,0,0,0,0,0,0,0,0,0,0,0,0,0,0,0,0,0,0,0,,,,,,,,,,,,,,,,,,,,,,,,,,,,,,,,,,,,,,,,,,,,,,,,,,,,,,,,,,,,,,,,,,,,,,,,,,,,,,,,,,,,,,,,,,,,,,,,,,,,,0,0,0,0,0,0,0,0,0,0,0,0,0,0,0,0,,,,,,,,,,,,,,,,,,,,,,,,,,,,,,,,,,,,,,,,,,,2014-01-09,day,,,Western,Senanga,SENENGA,2026-10-06T12:29:33+00:00,DesInventar Zambia (UNDRR) — DI_export_zmb.zip
190,01,0108,,Central,Mkushi,,FLOOD,CHIBANGA,2008,1,24,0,0,0,20000,0,0,,P.S,0,0,c.katuta,2017-05-08,0,0,0,-1,0,0,1,0,0,0,0,0,0,0,0,0,,Heavy rainfall,0,,0,0,0,0,0,0,20000,0,-1,0,0,0,1369,,,0,0,0,664cc7e4-ae1e-4f5a-a59b-d49438fdd05a,FLOOD SITUATION OVER 20000 PEOPLE WERE AFFECTED AND COMPLETELY CUT OFF DUE TO THE DAMAGE OF CHIBANGA BRIDGE IN NKUSHI.,1369,1,0,0,0,0,0,0,0,0,0,0,0,0,0,0,0,0,0,0,0,0,0,0,0,0,0,0,0,0,0,0,0,0,0,0,0,0,0,0,0,0,0,,,,,,,,,,,,,,,,,,,,,,,,,,,,,,,,,,,,,,,,,,,,,,,,,,,,,,,,,,,,,,,,,,,,,,,,,,,,,,,,,,,,,,,,,,,,,,,,,,,,,0,0,0,0,0,0,0,0,0,0,0,0,0,0,0,0,,,,,,,,,,,,,,,,,,,,,,,,,,,,,,,,,,,,,,,,,,,2008-01-24,day,,,Central,Mkushi,CHIBANGA,2026-10-06T12:29:33+00:00,DesInventar Zambia (UNDRR) — DI_export_zmb.zip
192,10,1005,,Western,Kaoma,,FLOOD,LUAMBUINA,2006,3,11,0,0,0,4500,0,0,CROPS,D.S.M.C,0,0,c.katuta,2017-05-08,0,0,0,-1,-1,0,1,0,0,0,0,0,0,0,0,0,,Heavy rainfall,0,,0,0,0,0,0,0,4500,0,-1,0,0,0,1370,,,0,0,0,f2954217-91fd-4d70-8f03-425b6dccfbb6,FILED CROPS AND HOUSES WERE DESTROYED,1370,0,0,0,0,0,0,0,0,0,0,0,0,0,0,0,0,0,0,0,0,0,0,0,0,0,0,0,0,0,0,0,0,0,0,0,0,0,0,0,0,0,0,,,,,,,,,,,,,,,,,,,,,,,,,,,,,,,,,,,,,,,,,,,,,,,,,,,,,,,,,,,,,,,,,,,,,,,,,,,,,,,,,,,,,,,,,,,,,,,,,,,,,0,0,0,0,0,0,0,0,0,0,0,0,0,0,0,0,,,,,,,,,,,,,,,,,,,,,,,,,,,,,,,,,,,,,,,,,,,2006-03-11,day,,,Western,Kaoma,LUAMBUINA,2026-10-06T12:29:33+00:00,DesInventar Zambia (UNDRR) — DI_export_zmb.zip
195,09,0908,,Southern,Monze,,FLOOD,MWEENGWA,2008,1,3,0,0,0,0,15,15,,DMMU/101/4/9,0,0,c.katuta,2017-05-08,0,0,0,0,-1,-1,1,0,1,1,0,0,0,0,0,0,,Heavy rainfall,0,,0,0,0,0,0,0,0,0,0,0,0,0,1373,,,0,0,0,63675151-054b-499b-9bb9-aff40d316b8c,15HOUSES COLLAPSED DUE TO FLOOD LEAVING 30FAMILIES HOMELESS.,1373,0,0,0,0,0,0,0,0,0,0,0,0,0,0,0,0,0,0,0,0,0,0,0,0,0,0,0,0,0,0,0,0,0,0,0,0,0,0,0,0,0,0,,,,,,,,,,,,,,,,,,,,,,,,,,,,,,,,,,,,,,,,,,,,,,,,,,,,,,,,,,,,,,,,,,,,,,,,,,,,,,,,,,,,,,,,,,,,,,,,,,,,,0,0,0,1.26344273,165.2901103,2.418e-05,433125,0,0,433125,86625,346500,0,0,0,0,,,,,,,,,,,,,,,,,,,,,,,,,,,,,,,,,,,,,,,,,,,2008-01-03,day,,,Southern,Monze,MWEENGWA,2026-10-06T12:29:33+00:00,DesInventar Zambia (UNDRR) — DI_export_zmb.zip
221,06,0607,,Muchinga,Chinsali,,FLOOD,KALUNGU,2015,6,10,0,0,0,0,0,0,,OLIVE-CHISOLA DARIS,0,9308159.35,C.KATUTA,2017-05-11,0,0,0,0,0,0,0,0,0,0,0,0,0,0,0,0,,OLD/RAINFALL,0,,0,0,0,0,0,0,0,0,0,0,0,0,1398,,,0,0,0,2b458213-cbfd-4a16-87a7-231917aef9b6,"DAMAGED CULVERTS IN CHINSALI NAKONDE ROAD MUCHINGA PROVINCE
FINANCIAL LOSSES K 9,308,159.35",1398,0,0,0,0,0,0,0,0,0,0,0,0,0,0,0,0,0,0,0,0,0,0,0,0,0,0,0,0,0,0,0,0,0,0,0,0,0,0,0,0,0,0,,,,,,,,,,,,,,,,,,,,,,,,,,,,,,,,,,,,,,,,,,,,,,,,,,,,,,,,,,,,,,,,,,,,,,,,,,,,,,,,,,,,,,,,,,,,,,,,,,,,,0,0,0,0,0,0,0,0,0,0,0,0,0,0,0,0,,,,,,,,,,,,,,,,,,,,,,,,,,,,,,,,,,,,,,,,,,,2015-06-10,day,,,Muchinga,Chinsali,KALUNGU,2026-10-06T12:29:33+00:00,DesInventar Zambia (UNDRR) — DI_export_zmb.zip
222,08,0802,,Northern,Luwingu,,FLOOD,KAFINSA,2017,5,11,0,0,0,0,0,0,,GEORGE MANYELE,0,0,CKATUTA,2017-05-11,0,0,0,0,0,0,0,0,0,0,0,0,0,0,0,0,,HEAVY RAINFALL,0,,0,0,0,0,0,0,0,0,0,0,0,0,1399,,,0,0,0,a366424c-c59a-45d7-98d5-9673ecaaed99,"KANFINSA BRIDGE WASHED AWAY
FINANCIAL LOSSES K 40.000",1399,1,0,0,0,0,0,0,0,0,0,0,0,0,0,0,0,0,0,0,0,0,0,0,0,0,0,0,0,0,0,0,0,0,0,0,0,0,0,0,0,0,0,,,,,,,,,,,,,,,,,,,,,,,,,,,,,,,,,,,,,,,,,,,,,,,,,,,,,,,,,,,,,,,,,,,,,,,,,,,,,,,,,,,,,,,,,,,,,,,,,,,,,0,0,0,0,0,0,0,0,0,0,0,0,0,0,0,0,,,,,,,,,,,,,,,,,,,,,,,,,,,,,,,,,,,,,,,,,,,2017-05-11,day,,,Northern,Luwingu,KAFINSA,2026-10-06T12:29:33+00:00,DesInventar Zambia (UNDRR) — DI_export_zmb.zip
224,08,0803,,Northern,Kasama,,FLOOD,NAMULUNDU,2013,3,13,0,0,0,0,0,0,,KALANGA W BWALYA,71880.06,0,C.KATUTA,2017-05-11,0,0,0,0,0,0,0,0,0,0,0,0,0,0,0,0,,HEAVY RAINFALL ,0,,0,0,0,0,0,0,0,0,0,0,0,0,1401,,,0,0,0,2599a87e-b794-45c1-b3e1-d451170cfc95,"OVER THREE CROSSING POINTS IN KASAMA WERE WASHED AWAY.
FINANCIAL LOSSES K71,880.06",1401,3,0,0,0,0,0,0,0,0,0,0,0,0,0,0,0,0,0,0,0,0,0,0,0,0,0,0,0,0,0,0,0,0,0,0,0,0,0,0,0,0,0,,,,,,,,,,,,,,,,,,,,,,,,,,,,,,,,,,,,,,,,,,,,,,,,,,,,,,,,,,,,,,,,,,,,,,,,,,,,,,,,,,,,,,,,,,,,,,,,,,,,,0,0,0,0,0,0,0,0,0,0,0,0,0,0,0,0,,,,,,,,,,,,,,,,,,,,,,,,,,,,,,,,,,,,,,,,,,,2013-03-13,day,,,Northern,Kasama,NAMULUNDU,2026-10-06T12:29:33+00:00,DesInventar Zambia (UNDRR) — DI_export_zmb.zip
227,10,1002,,Western,Senanga,,FLOOD,KAUNGA,2014,4,4,0,0,0,0,0,0,,GERSHOM MWAGOMBA,0,0,C.KATUTA,2017-05-11,0,0,0,0,0,0,0,0,0,0,0,0,0,0,0,0,,Heavy rainfall,0,80M,0,0,0,0,0,0,0,0,0,0,0,0,1404,,,0,0,0,653e3fcb-544a-4131-97de-684c8e32345c,"EXTENSIVE DAMAGES TO NEW INSTALLED CULVERTS CONSRUCTION OF BAILEY BRIDGE AT KAUNGA-LUETI CROSSING POINT
FINANCIAL LOSSES K1,432,950.00",1404,1,0,0,0,0,0,0,0,0,0,0,0,0,0,0,0,0,0,0,0,0,0,0,0,0,0,0,0,0,0,0,0,0,0,0,0,0,0,0,0,0,0,,,,,,,,,,,,,,,,,,,,,,,,,,,,,,,,,,,,,,,,,,,,,,,,,,,,,,,,,,,,,,,,,,,,,,,,,,,,,,,,,,,,,,,,,,,,,,,,,,,,,0,0,0,0,0,0,0,0,0,0,0,0,0,0,0,0,,,,,,,,,,,,,,,,,,,,,,,,,,,,,,,,,,,,,,,,,,,2014-04-04,day,,,Western,Senanga,KAUNGA,2026-10-06T12:29:33+00:00,DesInventar Zambia (UNDRR) — DI_export_zmb.zip
231,02,0203,,Copperbelt,Kalulushi,,FLOOD,KALULUSHI,2013,1,20,2,0,0,0,0,0,,RAYFORD MBULU,0,0,C.KATUTA,2017-05-11,-1,0,0,0,0,0,0,0,0,0,0,0,0,0,0,0,,HEAVY RAINFALL,0,,0,0,0,0,0,0,2,0,-1,0,0,0,1408,,,0,0,0,6a34f31b-3e0d-477c-9380-448d8e104c72,WASHED BRIDGES IN KALULUSHI DUE TO HEAVY RAINFALL,1408,0,0,0,0,0,0,0,0,0,0,0,0,0,0,0,0,0,0,0,0,0,0,0,0,0,0,0,0,0,0,0,0,0,0,0,0,0,0,0,0,0,0,,,,,,,,,,,,,,,,,,,,,,,,,,,,,,,,,,,,,,,,,,,,,,,,,,,,,,,,,,,,,,,,,,,,,,,,,,,,,,,,,,,,,,,,,,,,,,,,,,,,,0.01319852,0.01319852,0,0,0,0,0,0,0,0,0,0,0,0,0,0,,,,,,,,,,,,,,,,,,,,,,,,,,,,,,,,,,,,,,,,,,,2013-01-20,day,,,Copperbelt,Kalulushi,KALULUSHI,2026-10-06T12:29:33+00:00,DesInventar Zambia (UNDRR) — DI_export_zmb.zip
151,03,0303,,Eastern,Katete,,FLOOD,KATETE,2013,11,27,0,0,0,0,0,0,NIL,CAROLINE MWANSA,0,0,C.KATUTA,2017-05-04,-1,0,0,0,0,0,1,0,0,0,0,0,0,0,0,0,,Heavy rainfall,0,,0,0,0,0,0,0,0,0,0,0,0,0,1339,,,0,0,0,93916936-1f08-4309-bbb1-c15d6fd93600,KATETE CROPS WASHED AWAY.,1339,0,0,0,0,0,0,0,0,0,0,0,0,0,0,0,0,0,0,0,0,0,0,0,0,0,0,0,0,0,0,0,0,0,0,0,0,0,0,0,0,0,0,,,,,,,,,,,,,,,,,,,,,,,,,,,,,,,,,,,,,,,,,,,,,,,,,,,,,,,,,,,,,,,,,,,,,,,,,,,,,,,,,,,,,,,,,,,,,,,,,,,,,0,0,0,0,0,0,0,0,0,0,0,0,0,0,0,0,,,,,,,,,,,,,,,,,,,,,,,,,,,,,,,,,,,,,,,,,,,2013-11-27,day,,,Eastern,Katete,KATETE,2026-10-06T12:29:33+00:00,DesInventar Zambia (UNDRR) — DI_export_zmb.zip
236,05,0502,,Lusaka,Kafue,,FLOOD,chikupi area,2016,3,18,0,0,0,120,0,0,,titus ng'andu,0,0,C.KATUTA,2017-05-22,0,0,0,-1,0,0,0,0,0,0,0,0,0,0,0,0,,flashed flood due heavy rainfall,0,,0,0,0,0,0,0,120,0,-1,0,-1,120,1412,,,0,0,0,7bbe4265-817f-43c0-b1d4-ed722f2f47cd,chikupi area affected and 120 household members relocated due to flashing flooding,1412,0,0,0,0,0,0,0,0,0,0,0,0,0,0,0,0,0,0,0,0,0,0,0,0,0,0,0,0,0,0,0,0,0,0,0,0,0,0,0,0,0,0,,,,,,,,,,,,,,,,,,,,,,,,,,,,,,,,,,,,,,,,,,,,,,,,,,,,,,,,,,,,,,,,,,,,,,,,,,,,,,,,,,,,,,,,,,,,,,,,,,,,,0,0,0,0,0,0,0,0,0,0,0,0,0,0,0,0,,,,,,,,,,,,,,,,,,,,,,,,,,,,,,,,,,,,,,,,,,,2016-03-18,day,,,Lusaka,Kafue,chikupi area,2026-10-06T12:29:33+00:00,DesInventar Zambia (UNDRR) — DI_export_zmb.zip
239,05,0505,,Lusaka,Chirundu,,FLOOD, KAMWAYA AREA,2015,1,11,0,0,0,51,0,51,,alfred T. HAMUNJO,0,0,felix,2017-05-22,0,0,0,-1,0,-1,0,0,0,0,0,0,0,0,0,0,,strong wind,0,,0,0,0,0,0,0,51,0,-1,0,0,0,1415,,,0,0,0,b3ce9213-256a-4105-92d1-19d1d8747377,"VELEMU,KAMWAYA,HACHIBBUBBA AND WAMWAYA VILLAGES EXPERIENCED HEAVY WINDS AND 51 HOUSES WERE AFFECTED",1415,0,0,0,0,0,0,0,0,0,0,0,0,0,0,0,0,0,0,0,0,0,0,0,0,0,0,0,0,0,0,0,0,0,0,0,0,0,0,0,0,0,0,,,,,,,,,,,,,,,,,,,,,,,,,,,,,,,,,,,,,,,,,,,,,,,,,,,,,,,,,,,,,,,,,,,,,,,,,,,,,,,,,,,,,,,,,,,,,,,,,,,,,0,0,0,1.74523567,280.99318752,1.392e-05,294525,0,0,294525,294525,0,0,0,0,0,,,,,,,,,,,,,,,,,,,,,,,,,,,,,,,,,,,,,,,,,,,2015-01-11,day,,,Lusaka,Chirundu, KAMWAYA AREA,2026-10-06T12:29:33+00:00,DesInventar Zambia (UNDRR) — DI_export_zmb.zip
240,05,0506,,Lusaka,Chongwe,,FLOOD,LWIMBA WARD,2017,5,22,0,0,0,15,15,0,,titus ng'andu,0,0,C.KATUTA,2017-05-22,0,0,0,-1,-1,0,0,0,0,0,0,0,0,0,0,0,,HEAVY DOWN POUR OF RAINS,0,,0,0,0,0,0,0,15,0,-1,0,0,0,1416,,,0,0,0,4791997a-7f33-4b7d-8e90-62829365a72d,RAINY STORM HAS AFFECTED ALOT OF PEOPLE IN CHONGWE DISTRICT ,1416,0,0,0,0,0,0,0,0,0,0,0,0,0,0,0,0,0,0,0,0,0,0,0,0,0,0,0,0,0,0,0,0,0,0,0,0,0,0,0,0,0,0,,,,,,,,,,,,,,,,,,,,,,,,,,,,,,,,,,,,,,,,,,,,,,,,,,,,,,,,,,,,,,,,,,,,,,,,,,,,,,,,,,,,,,,,,,,,,,,,,,,,,0,0,0,0.49812014,82.64505515,1.348e-05,348750,0,0,348750,0,348750,0,0,0,0,,,,,,,,,,,,,,,,,,,,,,,,,,,,,,,,,,,,,,,,,,,2017-05-22,day,,,Lusaka,Chongwe,LWIMBA WARD,2026-10-06T12:29:33+00:00,DesInventar Zambia (UNDRR) — DI_export_zmb.zip
241,05,0501,,Lusaka,Lusaka,,FLOOD,BAULENI,2017,5,22,0,0,0,608,15,398,,titus ng'andu,0,0,felix,2017-05-22,0,0,0,-1,-1,-1,0,0,0,0,0,0,0,0,0,0,,HEAVY DOWN POUR OF RAINS,0,,0,0,0,0,0,0,608,0,-1,0,0,0,1417,,,0,0,0,3f0cc9e7-d649-480a-9a35-5dc0aef97243,RAIN FALL DESTROYS ALOT OF HOUSES FOR THE RESIDENTS IN LUSAKA DISTRICT,1417,0,0,0,0,0,0,0,0,0,0,0,0,0,0,0,0,0,0,0,0,0,0,0,0,0,0,0,0,0,0,0,0,0,0,0,0,0,0,0,0,0,0,,,,,,,,,,,,,,,,,,,,,,,,,,,,,,,,,,,,,,,,,,,,,,,,,,,,,,,,,,,,,,,,,,,,,,,,,,,,,,,,,,,,,,,,,,,,,,,,,,,,,0,0,0,13.71490786,2275.49385186,0.00010291,2662125,0,0,2662125,2313375,348750,0,0,0,0,,,,,,,,,,,,,,,,,,,,,,,,,,,,,,,,,,,,,,,,,,,2017-05-22,day,,,Lusaka,Lusaka,BAULENI,2026-10-06T12:29:33+00:00,DesInventar Zambia (UNDRR) — DI_export_zmb.zip
242,05,0508,,Lusaka,Shibuyunji,,FLOOD,SHIBUYUNJI AREA,2015,12,29,1,0,0,60,66,0,,titus ng'andu,0,0,C.KATUTA,2017-05-22,-1,0,0,-1,-1,0,0,0,0,0,0,0,0,0,0,0,,HEAVY DOWN POUR OF RAINS,0,,0,0,0,0,0,0,60,0,-1,0,0,0,1418,,,0,0,0,8a9f3e4b-8086-46ef-87de-b56d08b4b710,HAILSTORM AFFECTS PEOPLE OF SHIBUYUNJI  ,1418,0,0,0,0,0,0,0,0,0,0,0,0,0,0,0,0,0,0,0,0,0,0,0,0,0,0,0,0,0,0,0,0,0,0,0,0,0,0,0,0,0,1,,,,,,,,,,,,,,,,,,,,,,,,,,,,,,,,,,,,,,,,,,,,,,,,,,,,,,,,,,,,,,,,,,,,,,,,,,,,,,,,,,,,,,,,,,,,,,,,,,,,,0.00621095,0.00621095,0,2.25854028,363.63824267,7.207e-05,1524600,0,0,1524600,0,1524600,0,0,0,0,,,,,,,,,,,,,,,,,,,,,,,,,,,,,,,,,,,,,,,,,,,2015-12-29,day,,,Lusaka,Shibuyunji,SHIBUYUNJI AREA,2026-10-06T12:29:33+00:00,DesInventar Zambia (UNDRR) — DI_export_zmb.zip
253,01,0106,,Central,Luano,,FLOOD,luano,2013,6,5,0,0,0,0,28,28,crops and roads,assessment report,0,0,chris katuta,2017-06-05,0,0,0,0,-1,-1,0,0,0,0,0,0,0,0,0,0,,HEAVY RAINFALL,0,,0,0,0,0,0,0,0,0,0,0,0,0,1423,,,0,0,0,001eb44d-497f-42bf-878f-5564dffc0bf8,"affected areas are chingombe,mbosha,chembe and liteta total of 28houses collapsed",1423,0,0,0,0,0,0,0,0,0,0,0,0,0,0,0,0,0,0,0,0,0,0,0,0,0,0,0,0,0,0,0,0,0,0,0,0,0,0,0,0,0,0,,,,,,,,,,,,,,,,,,,,,,,,,,,,,,,,,,,,,,,,,,,,,,,,,,,,,,,,,,,,,,,,,,,,,,,,,,,,,,,,,,,,,,,,,,,,,,,,,,,,,0,0,0,2.0361464,308.54153924,2.939e-05,824250,0,0,824250,164850,659400,0,0,0,0,,,,,,,,,,,,,,,,,,,,,,,,,,,,,,,,,,,,,,,,,,,2013-06-05,day,,,Central,Luano,luano,2026-10-06T12:29:33+00:00,DesInventar Zambia (UNDRR) — DI_export_zmb.zip
254,04,0405,,Luapula,Kawambwa,,FLOOD,chipundu,2013,6,6,0,0,0,373,0,0,,assessment report,0,0,chris katuta,2017-06-06,0,0,0,-1,0,0,0,0,0,0,0,0,0,0,0,0,,HEAVY DOWN POUR OF RAINS,0,,0,0,0,0,0,0,373,0,-1,0,0,0,1424,,,0,0,0,6baa7c01-ff3f-4435-893c-936bb10637d0,chipundu school infrasructure affected by floods over 373 pupils were affected,1424,0,0,0,0,0,0,0,0,0,0,0,0,0,0,0,0,0,0,0,0,0,0,0,0,0,1,0,0,0,0,0,0,0,0,0,0,0,0,0,0,0,0,,,,,,,,,,,,,,,,,,,,,,,,,,,,,,,,,,,,,,,,,,,,,,,,,,,,,,,,,,,,,,,,,,,,,,,,,,,,,,,,,,,,,,,,,,,,,,,,,,,,,0,0,0,0,0,0,0,0,0,0,0,0,0,0,0,0,,,,,,,,,,,,,,,,,,,,,,,,,,,,,,,,,,,,,,,,,,,2013-06-06,day,,,Luapula,Kawambwa,chipundu,2026-10-06T12:29:33+00:00,DesInventar Zambia (UNDRR) — DI_export_zmb.zip
256,04,0405,,Luapula,Kawambwa,,FLOOD,CHIBOLYA,2013,6,6,0,0,0,549,0,0,sanitation facilities,assessment report,0,0,chris katuta,2017-06-06,0,0,0,-1,0,0,0,0,0,1,0,0,0,0,0,0,,Heavy rainfall,0,,0,0,0,0,0,1,549,0,-1,0,0,0,1426,,,0,0,0,93957a09-18be-4720-ad2a-2d90caa399e9,chiboly basic school in kawamwa district luapula province weree affected by flood and over 549 pupils were cut off.,1426,0,0,0,0,0,0,0,0,0,0,0,0,0,0,0,0,0,0,0,0,0,0,0,0,0,1,0,0,0,0,0,0,0,0,0,0,0,0,0,0,0,0,,,,,,,,,,,,,,,,,,,,,,,,,,,,,,,,,,,,,,,,,,,,,,,,,,,,,,,,,,,,,,,,,,,,,,,,,,,,,,,,,,,,,,,,,,,,,,,,,,,,,0,0,0,0,0,0,0,0,0,0,0,0,0,0,0,0,,,,,,,,,,,,,,,,,,,,,,,,,,,,,,,,,,,,,,,,,,,2013-06-06,day,,2013-06-06,Luapula,Kawambwa,CHIBOLYA,2026-10-06T12:29:33+00:00,DesInventar Zambia (UNDRR) — DI_export_zmb.zip
257,04,0405,,Luapula,Kawambwa,,FLOOD,kafubashi,2017,6,6,0,0,0,502,0,0,,assessment report,0,0,chris katuta,2017-06-06,0,0,0,-1,0,0,0,0,0,0,0,0,0,0,0,0,,Heavy rainfall,0,,0,0,0,0,0,1,502,0,-1,0,0,0,1427,,,0,0,0,10175d60-6156-4e7a-96dc-c0bfc1b37875,kafubashi basic school infrastructure were affected by flood in luapula province and opver 502 pupils were cut off from school.,1427,0,0,0,0,0,0,0,0,0,0,0,0,0,0,0,0,0,0,0,0,0,0,0,0,0,1,0,0,0,0,0,0,0,0,0,0,0,0,0,0,0,0,,,,,,,,,,,,,,,,,,,,,,,,,,,,,,,,,,,,,,,,,,,,,,,,,,,,,,,,,,,,,,,,,,,,,,,,,,,,,,,,,,,,,,,,,,,,,,,,,,,,,0,0,0,0,0,0,0,0,0,0,0,0,0,0,0,0,,,,,,,,,,,,,,,,,,,,,,,,,,,,,,,,,,,,,,,,,,,2017-06-06,day,,2017-06-06,Luapula,Kawambwa,kafubashi,2026-10-06T12:29:33+00:00,DesInventar Zambia (UNDRR) — DI_export_zmb.zip
258,04,0405,,Luapula,Kawambwa,,FLOOD,mpanta,2013,6,6,0,0,0,623,0,0,infrustracture,assessment report,0,0,chris katuta,2017-06-06,0,0,0,-1,0,0,0,0,0,1,0,0,0,0,0,0,,Heavy rainfall,0,,0,1,0,0,0,1,623,0,-1,0,0,0,1428,,,0,0,0,2910caca-de4a-442a-93e8-c5b4738ac654,"mpanta basic school were affected by flood and the ifrastructure collapsed, over 623 pupils were affected.",1428,0,0,0,0,0,0,0,0,0,0,0,0,0,0,0,0,0,0,0,0,0,0,0,0,0,1,0,0,0,0,0,0,0,0,0,0,0,0,0,0,0,0,,,,,,,,,,,,,,,,,,,,,,,,,,,,,,,,,,,,,,,,,,,,,,,,,,,,,,,,,,,,,,,,,,,,,,,,,,,,,,,,,,,,,,,,,,,,,,,,,,,,,0,0,0,0,0,1.64e-06,45936,0,0,0,0,0,45936,0,45936,0,,,,,,,,,,,,,,,,,,,,,,,,,,,,,,,,,,,,,,,,,,,2013-06-06,day,,2013-06-06,Luapula,Kawambwa,mpanta,2026-10-06T12:29:33+00:00,DesInventar Zambia (UNDRR) — DI_export_zmb.zip
259,04,0405,,Luapula,Kawambwa,,FLOOD,kawambwa,2013,6,6,0,0,0,1056,0,0,INFRASTRUCTURE,assessment report,0,0,chris katuta,2017-06-06,0,0,0,-1,0,0,0,0,0,1,0,0,0,0,0,0,,Heavy rainfall,0,,0,3,0,0,0,1,1056,0,-1,0,0,0,1429,,,0,0,0,55ca5a13-e620-4a6c-ba71-7bd3f0b33734,"alex primary school, shikalaba primary school and chama primary school were affected by flood and over 1056 pupils were affected",1429,0,0,0,0,0,0,0,0,0,0,0,0,0,0,0,0,0,0,0,0,0,0,0,0,0,3,0,0,0,0,0,0,0,0,0,0,0,0,0,0,0,0,,,,,,,,,,,,,,,,,,,,,,,,,,,,,,,,,,,,,,,,,,,,,,,,,,,,,,,,,,,,,,,,,,,,,,,,,,,,,,,,,,,,,,,,,,,,,,,,,,,,,0,0,0,0,0,4.91e-06,137808,0,0,0,0,0,137808,0,137808,0,,,,,,,,,,,,,,,,,,,,,,,,,,,,,,,,,,,,,,,,,,,2013-06-06,day,,2013-06-06,Luapula,Kawambwa,kawambwa,2026-10-06T12:29:33+00:00,DesInventar Zambia (UNDRR) — DI_export_zmb.zip
260,04,0406,,Luapula,Nchelenge,,FLOOD,kabeke,2013,6,6,0,0,0,402,0,0,INFRASTRUCTURE,assessment report,0,0,chris katuta,2017-06-06,0,0,0,-1,0,0,0,0,0,1,0,0,0,0,0,0,,Heavy rainfall,0,,0,1,0,0,0,1,402,0,-1,0,0,0,1430,,,0,0,0,70daf1b0-1268-4df8-9b6a-90a2fc07c1f7,kabeke primary school were affected by flood in nchelenje district and 402 pupils were affected,1430,0,0,0,0,0,0,0,0,0,0,0,0,0,0,0,0,0,0,0,0,0,0,0,0,0,1,0,0,0,0,0,0,0,0,0,0,0,0,0,0,0,0,,,,,,,,,,,,,,,,,,,,,,,,,,,,,,,,,,,,,,,,,,,,,,,,,,,,,,,,,,,,,,,,,,,,,,,,,,,,,,,,,,,,,,,,,,,,,,,,,,,,,0,0,0,0,0,1.64e-06,45936,0,0,0,0,0,45936,0,45936,0,,,,,,,,,,,,,,,,,,,,,,,,,,,,,,,,,,,,,,,,,,,2013-06-06,day,,2013-06-06,Luapula,Nchelenge,kabeke,2026-10-06T12:29:33+00:00,DesInventar Zambia (UNDRR) — DI_export_zmb.zip
261,04,0406,,Luapula,Nchelenge,,FLOOD,mukumbwa,2013,6,6,0,0,0,567,0,0,INFRASTRUCTURE,assessment report,0,0,chris katuta,2017-06-06,0,0,0,-1,0,0,0,0,0,1,0,0,0,0,0,0,,Heavy rainfall,0,,0,1,0,0,0,1,567,0,-1,0,0,0,1431,,,0,0,0,951ef313-0d4c-4e60-9bfa-f0db9e3b67b2,mukumbwa school infrastructure collapsed due to flood caused by heavy rains and over 567 pupils were affected.,1431,0,0,0,0,0,0,0,0,0,0,0,0,0,0,0,0,0,0,0,0,0,0,0,0,0,1,0,0,0,0,0,0,0,0,0,0,0,0,0,0,0,0,,,,,,,,,,,,,,,,,,,,,,,,,,,,,,,,,,,,,,,,,,,,,,,,,,,,,,,,,,,,,,,,,,,,,,,,,,,,,,,,,,,,,,,,,,,,,,,,,,,,,0,0,0,0,0,1.64e-06,45936,0,0,0,0,0,45936,0,45936,0,,,,,,,,,,,,,,,,,,,,,,,,,,,,,,,,,,,,,,,,,,,2013-06-06,day,,2013-06-06,Luapula,Nchelenge,mukumbwa,2026-10-06T12:29:33+00:00,DesInventar Zambia (UNDRR) — DI_export_zmb.zip
262,04,0406,,Luapula,Nchelenge,,FLOOD,chisenga,2013,6,6,0,0,0,799,2,2,INFRASTRUCTURE,assessment report,0,0,chris katuta,2017-06-06,0,0,0,-1,-1,-1,0,0,0,1,0,0,0,0,0,0,,HEAVY DOWN POUR OF RAINS,0,,0,1,0,0,0,1,799,0,-1,0,0,0,1432,,,0,0,0,e25c473a-9cae-43c6-9f51-9b24e4c2f816,chisenga primary school infrastructure collapsed due to flood caused by heavy rains and 799 pupils were affected.,1432,0,0,0,0,0,0,0,0,0,0,0,0,0,0,0,0,0,0,0,0,0,0,0,0,0,1,0,0,0,0,0,0,0,0,0,0,0,0,0,0,0,0,,,,,,,,,,,,,,,,,,,,,,,,,,,,,,,,,,,,,,,,,,,,,,,,,,,,,,,,,,,,,,,,,,,,,,,,,,,,,,,,,,,,,,,,,,,,,,,,,,,,,0,0,0,0.14543903,22.03868137,3.74e-06,104811,0,0,58875,11775,47100,45936,0,45936,0,,,,,,,,,,,,,,,,,,,,,,,,,,,,,,,,,,,,,,,,,,,2013-06-06,day,,2013-06-06,Luapula,Nchelenge,chisenga,2026-10-06T12:29:33+00:00,DesInventar Zambia (UNDRR) — DI_export_zmb.zip
263,04,0406,,Luapula,Nchelenge,,FLOOD,mantapala,2013,6,6,0,0,0,575,0,0,INFRASTRUCTURE,assessment report,0,0,c. katuta,2017-06-06,0,0,0,-1,0,0,0,0,0,1,0,0,0,0,0,0,,Heavy rainfall,0,,0,1,0,0,0,1,575,0,-1,0,0,0,1433,,,0,0,0,28b424c6-9d6c-4289-9916-31616c713b62,mantapala primary school infrastructure were blown of roof and 575 pupils were affected,1433,0,0,0,0,0,0,0,0,0,0,0,0,0,0,0,0,0,0,0,0,0,0,0,0,0,1,0,0,0,0,0,0,0,0,0,0,0,0,0,0,0,0,,,,,,,,,,,,,,,,,,,,,,,,,,,,,,,,,,,,,,,,,,,,,,,,,,,,,,,,,,,,,,,,,,,,,,,,,,,,,,,,,,,,,,,,,,,,,,,,,,,,,0,0,0,0,0,1.64e-06,45936,0,0,0,0,0,45936,0,45936,0,,,,,,,,,,,,,,,,,,,,,,,,,,,,,,,,,,,,,,,,,,,2013-06-06,day,,2013-06-06,Luapula,Nchelenge,mantapala,2026-10-06T12:29:33+00:00,DesInventar Zambia (UNDRR) — DI_export_zmb.zip
264,04,0406,,Luapula,Nchelenge,,FLOOD,kambwali,2013,6,6,0,0,0,1365,0,0,INFRASTRUCTURE,assessment report,0,0,chris katuta,2017-06-06,0,0,0,-1,0,0,0,0,0,1,0,0,0,0,0,0,,Heavy rainfall,0,,0,1,0,0,0,1,1365,0,-1,0,0,0,1434,,,0,0,0,61944dda-d5b0-4de1-9c37-00e4468d7ce0,kambwili primary school infrastructure blown off roofs due to strong wind rains,1434,0,0,0,0,0,0,0,0,0,0,0,0,0,0,0,0,0,0,0,0,0,0,0,0,0,1,0,0,0,0,0,0,0,0,0,0,0,0,0,0,0,0,,,,,,,,,,,,,,,,,,,,,,,,,,,,,,,,,,,,,,,,,,,,,,,,,,,,,,,,,,,,,,,,,,,,,,,,,,,,,,,,,,,,,,,,,,,,,,,,,,,,,0,0,0,0,0,1.64e-06,45936,0,0,0,0,0,45936,0,45936,0,,,,,,,,,,,,,,,,,,,,,,,,,,,,,,,,,,,,,,,,,,,2013-06-06,day,,2013-06-06,Luapula,Nchelenge,kambwali,2026-10-06T12:29:33+00:00,DesInventar Zambia (UNDRR) — DI_export_zmb.zip
265,04,0406,,Luapula,Nchelenge,,FLOOD,shimulundu,2013,6,6,0,0,0,559,0,0,INFRASTRUCTURE,assessment report,0,0,chris katuta,2017-06-06,0,0,0,-1,0,0,0,0,0,1,0,0,0,0,0,0,,Heavy rainfall,0,,0,1,0,0,0,1,559,0,-1,0,0,0,1435,,,0,0,0,2e06ab1d-815f-4ba2-879d-ede3c8d28cd3,shimulundu primary school blown off and 559 pupils were affected,1435,0,0,0,0,0,0,0,0,0,0,0,0,0,0,0,0,0,0,0,0,0,0,0,0,0,1,0,0,0,0,0,0,0,0,0,0,0,0,0,0,0,0,,,,,,,,,,,,,,,,,,,,,,,,,,,,,,,,,,,,,,,,,,,,,,,,,,,,,,,,,,,,,,,,,,,,,,,,,,,,,,,,,,,,,,,,,,,,,,,,,,,,,0,0,0,0,0,1.64e-06,45936,0,0,0,0,0,45936,0,45936,0,,,,,,,,,,,,,,,,,,,,,,,,,,,,,,,,,,,,,,,,,,,2013-06-06,day,,2013-06-06,Luapula,Nchelenge,shimulundu,2026-10-06T12:29:33+00:00,DesInventar Zambia (UNDRR) — DI_export_zmb.zip
266,04,0406,,Luapula,Nchelenge,,FLOOD,kampampi,2013,6,6,0,0,0,1155,1,1,INFRASTRUCTURE,assessment report,0,0,chris katuta,2017-06-06,0,0,0,-1,-1,-1,0,0,0,1,0,0,0,0,0,0,,Heavy rainfall,0,,0,1,0,0,0,1,1155,0,-1,0,0,0,1436,,,0,0,0,d1a18d63-5d5a-4f5d-8a3c-ea5b1201f69e,"kampampi primary school dilapidated infrastructure damaged due to heavy rains, and over 1155 pupils were affected.",1436,0,0,0,0,0,0,0,0,0,0,0,0,0,0,0,0,0,0,0,0,0,0,0,0,0,1,0,0,0,0,0,0,0,0,0,0,0,0,0,0,0,0,,,,,,,,,,,,,,,,,,,,,,,,,,,,,,,,,,,,,,,,,,,,,,,,,,,,,,,,,,,,,,,,,,,,,,,,,,,,,,,,,,,,,,,,,,,,,,,,,,,,,0,0,0,0.07271951,11.01934069,2.69e-06,75373.5,0,0,29437.5,5887.5,23550,45936,0,45936,0,,,,,,,,,,,,,,,,,,,,,,,,,,,,,,,,,,,,,,,,,,,2013-06-06,day,,2013-06-06,Luapula,Nchelenge,kampampi,2026-10-06T12:29:33+00:00,DesInventar Zambia (UNDRR) — DI_export_zmb.zip
267,04,0406,,Luapula,Nchelenge,,FLOOD,shanyemba,2013,6,6,0,0,0,650,1,1,INFRASTRUCTURE,assessment report,0,0,chris katuta,2017-06-06,0,0,0,-1,-1,-1,0,0,0,1,0,0,0,0,0,0,,Heavy rainfall,0,,0,1,0,0,0,1,650,0,-1,0,0,0,1437,,,0,0,0,4aa03962-84ec-4ad5-94cc-b6b45158147b,shanyemba primary school infrastructure damaged by floods and over 650 pupils were affected.,1437,0,0,0,0,0,0,0,0,0,0,0,0,0,0,0,0,0,0,0,0,0,0,0,0,0,1,0,0,0,0,0,0,0,0,0,0,0,0,0,0,0,0,,,,,,,,,,,,,,,,,,,,,,,,,,,,,,,,,,,,,,,,,,,,,,,,,,,,,,,,,,,,,,,,,,,,,,,,,,,,,,,,,,,,,,,,,,,,,,,,,,,,,0,0,0,0.07271951,11.01934069,2.69e-06,75373.5,0,0,29437.5,5887.5,23550,45936,0,45936,0,,,,,,,,,,,,,,,,,,,,,,,,,,,,,,,,,,,,,,,,,,,2013-06-06,day,,2013-06-06,Luapula,Nchelenge,shanyemba,2026-10-06T12:29:33+00:00,DesInventar Zambia (UNDRR) — DI_export_zmb.zip
268,04,0406,,Luapula,Nchelenge,,FLOOD,mubamba,2013,6,6,0,0,0,1855,1,1,INFRASTRUCTURE,assessment report,0,0,chris katuta,2017-06-06,0,0,0,-1,-1,-1,0,0,0,1,0,0,0,0,0,0,,Heavy rainfall,0,,0,1,0,0,0,1,1855,0,-1,0,0,0,1438,,,0,0,0,9cd9d8cb-0e00-441e-a04d-e12259874f42,mubamba primary school infrastructure damaged due to floods and over 1855 pupils were affected,1438,0,0,0,0,0,0,0,0,0,0,0,0,0,0,0,0,0,0,0,0,0,0,0,0,0,0,0,0,0,0,0,0,0,0,0,0,0,0,0,0,0,0,,,,,,,,,,,,,,,,,,,,,,,,,,,,,,,,,,,,,,,,,,,,,,,,,,,,,,,,,,,,,,,,,,,,,,,,,,,,,,,,,,,,,,,,,,,,,,,,,,,,,0,0,0,0.07271951,11.01934069,2.69e-06,75373.5,0,0,29437.5,5887.5,23550,45936,0,45936,0,,,,,,,,,,,,,,,,,,,,,,,,,,,,,,,,,,,,,,,,,,,2013-06-06,day,,2013-06-06,Luapula,Nchelenge,mubamba,2026-10-06T12:29:33+00:00,DesInventar Zambia (UNDRR) — DI_export_zmb.zip
269,04,0406,,Luapula,Nchelenge,,FLOOD,lukokesha,2013,6,6,0,0,0,353,2,1,INFRASTRUCTURE,assessment report,0,0,chris katuta,2017-06-06,0,0,0,-1,-1,-1,0,0,0,1,0,0,0,0,0,0,,Heavy rainfall,0,,0,1,0,0,0,1,353,0,-1,0,0,0,1439,,,0,0,0,8750078b-f062-44fa-b812-972f65877308,lukokesha primary school infrastructure damaged due to floods and over 353 pupils were affected.,1439,0,0,0,0,0,0,0,0,0,0,0,0,0,0,0,0,0,0,0,0,0,0,0,0,0,1,0,0,0,0,0,0,0,0,0,0,0,0,0,0,0,0,,,,,,,,,,,,,,,,,,,,,,,,,,,,,,,,,,,,,,,,,,,,,,,,,,,,,,,,,,,,,,,,,,,,,,,,,,,,,,,,,,,,,,,,,,,,,,,,,,,,,0,0,0,0.10907927,16.52901103,3.53e-06,98923.5,0,0,52987.5,5887.5,47100,45936,0,45936,0,,,,,,,,,,,,,,,,,,,,,,,,,,,,,,,,,,,,,,,,,,,2013-06-06,day,,2013-06-06,Luapula,Nchelenge,lukokesha,2026-10-06T12:29:33+00:00,DesInventar Zambia (UNDRR) — DI_export_zmb.zip
270,04,0406,,Luapula,Nchelenge,,FLOOD,nchelenge,2013,6,6,0,0,0,1200,0,0,sanitation facilities/ water points,assessment report,0,0,chris katuta,2017-06-06,0,0,0,-1,0,0,0,0,0,1,0,0,0,1,0,0,,Heavy rainfall,0,,0,1,0,0,0,1,1200,0,-1,0,0,0,1440,,,0,0,0,8d51bf15-c1ac-4519-b5c8-03f232417ce9,nchelenge primary school infrastructure damaged due to floods and over 1200 pupils were affected.,1440,0,0,0,0,0,0,0,0,0,0,0,0,0,0,0,0,0,0,0,0,0,0,0,0,0,1,0,0,0,0,0,0,0,0,0,0,0,0,0,0,0,0,,,,,,,,,,,,,,,,,,,,,,,,,,,,,,,,,,,,,,,,,,,,,,,,,,,,,,,,,,,,,,,,,,,,,,,,,,,,,,,,,,,,,,,,,,,,,,,,,,,,,0,0,0,0,0,1.64e-06,45936,0,0,0,0,0,45936,0,45936,0,,,,,,,,,,,,,,,,,,,,,,,,,,,,,,,,,,,,,,,,,,,2013-06-06,day,,2013-06-06,Luapula,Nchelenge,nchelenge,2026-10-06T12:29:33+00:00,DesInventar Zambia (UNDRR) — DI_export_zmb.zip
271,04,0406,,Luapula,Nchelenge,,FLOOD,nchelenge,2013,6,6,0,0,0,2171,0,0,2 sanitation facilities,assessment report,0,0,chris katuta,2017-06-06,0,0,0,-1,0,0,0,0,0,1,0,0,0,0,0,0,,Heavy rainfall,0,,0,1,0,0,0,1,2171,0,-1,0,0,0,1441,,,0,0,0,d01b40ef-ccbd-446b-b0e2-b3716e66ba45,nchelenje secondary school infrastructures damaged due to floods and over 2171 pupils were affected ,1441,0,0,0,0,0,0,0,0,0,0,0,0,0,0,0,0,0,0,0,0,0,0,0,0,0,0,0,0,0,0,0,0,0,0,0,0,0,0,0,0,0,0,,,,,,,,,,,,,,,,,,,,,,,,,,,,,,,,,,,,,,,,,,,,,,,,,,,,,,,,,,,,,,,,,,,,,,,,,,,,,,,,,,,,,,,,,,,,,,,,,,,,,0,0,0,0,0,1.64e-06,45936,0,0,0,0,0,45936,0,45936,0,,,,,,,,,,,,,,,,,,,,,,,,,,,,,,,,,,,,,,,,,,,2013-06-06,day,,2013-06-06,Luapula,Nchelenge,nchelenge,2026-10-06T12:29:33+00:00,DesInventar Zambia (UNDRR) — DI_export_zmb.zip
272,04,0406,,Luapula,Nchelenge,,FLOOD,chandwe,2013,6,6,0,0,0,1781,2,2,6 sanitation facilities,assessment report,0,0,chris katuta,2017-06-06,0,0,0,-1,-1,-1,0,0,0,1,0,0,0,0,0,0,,HEAVY DOWN POUR OF RAINS,0,,0,1,0,0,0,1,1781,0,-1,0,0,0,1442,,,0,0,0,357c800e-35f2-4a65-8f33-fc47a2b9acf9,chandwe primary school infrastructures damaged due to floods and 1781 pupils were affected,1442,0,0,0,0,0,0,0,0,0,0,0,0,0,0,0,0,0,0,0,0,0,0,0,0,0,1,0,0,0,0,0,0,0,0,0,0,0,0,0,0,0,0,,,,,,,,,,,,,,,,,,,,,,,,,,,,,,,,,,,,,,,,,,,,,,,,,,,,,,,,,,,,,,,,,,,,,,,,,,,,,,,,,,,,,,,,,,,,,,,,,,,,,0,0,0,0.14543903,22.03868137,3.74e-06,104811,0,0,58875,11775,47100,45936,0,45936,0,,,,,,,,,,,,,,,,,,,,,,,,,,,,,,,,,,,,,,,,,,,2013-06-06,day,,2013-06-06,Luapula,Nchelenge,chandwe,2026-10-06T12:29:33+00:00,DesInventar Zambia (UNDRR) — DI_export_zmb.zip
273,04,0406,,Luapula,Nchelenge,,FLOOD,kashikishi,2013,6,6,0,0,0,1957,0,0,sanitation facilities,assessment report,0,0,chris katuta,2017-06-06,0,0,0,-1,0,0,0,0,0,1,0,0,0,0,0,0,,HEAVY DOWN POUR OF RAINS,0,,0,1,0,0,0,1,1957,0,-1,0,0,0,1443,,,0,0,0,48b4fb1f-6573-41f4-8fc1-19bd7d53c438,kashikishi primary school infrastructure damaged due to floods and 1957 pupils affected,1443,0,0,0,0,0,0,0,0,0,0,0,0,0,0,0,0,0,0,0,0,0,0,0,0,0,1,0,0,0,0,0,0,0,0,0,0,0,0,0,0,0,0,,,,,,,,,,,,,,,,,,,,,,,,,,,,,,,,,,,,,,,,,,,,,,,,,,,,,,,,,,,,,,,,,,,,,,,,,,,,,,,,,,,,,,,,,,,,,,,,,,,,,0,0,0,0,0,1.64e-06,45936,0,0,0,0,0,45936,0,45936,0,,,,,,,,,,,,,,,,,,,,,,,,,,,,,,,,,,,,,,,,,,,2013-06-06,day,,2013-06-06,Luapula,Nchelenge,kashikishi,2026-10-06T12:29:33+00:00,DesInventar Zambia (UNDRR) — DI_export_zmb.zip
280,06,,,Muchinga,,,FLOOD,MUNGULUBE,2013,6,6,0,0,0,338,4,4,INFRASTRUCTURES,assessment report,0,0,chris katuta,2017-06-06,0,0,0,-1,-1,-1,0,0,0,1,0,0,0,0,0,0,,HEAVY DOWN POUR OF RAINS,0,,0,1,0,0,0,1,338,0,-1,0,0,0,1448,,,0,0,0,f142f063-3849-493b-8a4e-c4f886c337df,MUNGULUBE PRIMARY SCHOOL INFRASTRUCTURE DAMAGED DUE FLOODS AND OVER 338 PUPILS WERE AFFECTED,1448,0,0,0,0,0,0,0,0,0,0,0,0,0,0,0,0,0,0,0,0,0,0,0,0,0,1,0,0,0,0,0,0,0,0,0,0,0,0,0,0,0,0,,,,,,,,,,,,,,,,,,,,,,,,,,,,,,,,,,,,,,,,,,,,,,,,,,,,,,,,,,,,,,,,,,,,,,,,,,,,,,,,,,,,,,,,,,,,,,,,,,,,,0,0,0,0.29087806,44.07736275,5.84e-06,163686,0,0,117750,23550,94200,45936,0,45936,0,,,,,,,,,,,,,,,,,,,,,,,,,,,,,,,,,,,,,,,,,,,2013-06-06,day,,2013-06-06,Muchinga,,MUNGULUBE,2026-10-06T12:29:33+00:00,DesInventar Zambia (UNDRR) — DI_export_zmb.zip
77,05,0502,,Lusaka,Kafue,,FLOOD,SONDELA ROAD ,2017,5,3,0,0,0,0,0,0,,DMMU,0,0,Anonimous,2017-05-03,0,0,0,0,0,0,0,0,0,0,0,0,0,0,0,0,,HEAVY RAIN  DAMAGED ROAD  ,1,,0,0,0,0,0,0,0,0,0,0,0,0,1726,,,0,0,0,999009ac-6c9f-4d29-9be5-d0158dfd4c9e,REHABILITATION OF SONDELA ROAD IN KAFUE DISTRICT. ,1726,0,0,0,0,0,0,0,0,0,0,0,0,0,0,0,0,0,0,0,0,0,0,0,0,0,0,0,0,0,0,0,0,0,0,0,0,0,0,0,0,0,0,,,,,,,,,,,,,,,,,,,,,,,,,,,,,,,,,,,,,,,,,,,,,,,,,,,,,,,,,,,,,,,,,,,,,,,,,,,,,,,,,,,,,,,,,,,,,,,,,,,,,0,0,0,0,0,0,0,0,0,0,0,0,0,0,0,0,,,,,,,,,,,,,,,,,,,,,,,,,,,,,,,,,,,,,,,,,,,2017-05-03,day,,,Lusaka,Kafue,SONDELA ROAD ,2026-10-06T12:29:33+00:00,DesInventar Zambia (UNDRR) — DI_export_zmb.zip
99,01,0111,,Central,Serenje,,FLOOD,LUKUSASHI,2011,0,0,0,0,0,0,0,0,,MR B. SIYANGA DMMU,0,0,Anonimous,2017-05-04,0,0,0,0,0,0,0,0,0,0,0,0,0,0,0,0,,HEAVY RAIN,1,,0,0,0,0,0,0,0,0,0,0,0,0,1747,,,0,0,0,7df651fa-4bd8-45ef-99f9-2e58fb65a1b7,REHABILITATION OF LUKUSASHI VENTED DRIFT IN SERENJE. WASHED AWAY BY HEAVY RAIN.,1747,1,0,0,0,0,0,0,0,0,0,0,0,0,0,0,0,0,0,0,0,0,0,0,0,0,0,0,0,0,0,0,0,0,0,0,0,0,0,0,0,0,0,,,,,,,,,,,,,,,,,,,,,,,,,,,,,,,,,,,,,,,,,,,,,,,,,,,,,,,,,,,,,,,,,,,,,,,,,,,,,,,,,,,,,,,,,,,,,,,,,,,,,0,0,0,0,0,0,0,0,0,0,0,0,0,0,0,0,,,,,,,,,,,,,,,,,,,,,,,,,,,,,,,,,,,,,,,,,,,2011,year,,,Central,Serenje,LUKUSASHI,2026-10-06T12:29:33+00:00,DesInventar Zambia (UNDRR) — DI_export_zmb.zip
486,04,0402,,Luapula,Samfya,,FLOOD,samfya,2017,1,4,0,0,0,18,0,0,,assessment report,0,0,chris katuta,2017-06-12,0,0,0,-1,0,0,0,0,0,0,1,0,0,0,0,0,,army worm infestation,0,,0,0,9,0,0,0,18,0,-1,0,0,0,1649,,,0,0,0,9e85ed46-175b-4bfa-8f21-aabf855e9e70,samfya  district of luapula province were infested by army worm and the average of 67% hector of maize crop were damaged.,1649,0,0,0,0,0,0,0,0,0,0,0,0,0,0,0,9,0,0,0,0,0,0,0,0,0,0,0,0,0,0,0,0,0,0,0,0,0,0,0,0,0,0,,,,,,,,,,,,,,,,,,,,,,,,,,,,,,,,,,,,,,,,,,,,,,,,,,,,,,,,,,,,,,,,,,,,,,,,,,,,,,,,,,,,,,,,,,,,,,,,,,,,,0,0,0,0.054245,9,1.7e-07,4295.5308,4295.5308,0,0,0,0,0,0,0,0,,,,,,,,,,,,,,,,,,,,,,,,,,,,,,,,,,,,,,,,,,,2017-01-04,day,,,Luapula,Samfya,samfya,2026-10-06T12:29:33+00:00,DesInventar Zambia (UNDRR) — DI_export_zmb.zip
46,07,0705,,North-Western,Solwezi,,FLOOD,MAHEBA,2015,6,18,0,0,0,0,0,0,,JACOB MPHEPO COMMISSIONER FOR REFUGEES,0,0,SAMUEL ,2017-05-03,0,0,0,0,0,0,0,0,0,0,0,0,0,0,0,0,,HEAVY RAIN WASHES AWAY TIMBER BRIDGE,1,,0,0,0,0,0,0,0,0,0,0,0,0,1699,,,0,0,0,9f208d84-6bfb-4fa1-bb9b-b0b7e1a7d045,"CONSTRUCTION OF A BRIDGE AND CULVETS AT MWAFWE RIVER CROSSING POINTS IN MAHEBA. TIMBER POLES WASHED AWAY AND SUBMERGED DURING HEAVY RAIN. 157,700 REQUESTED FOR THE CONSTRUCTION OF THE BRIDGE.",1699,1,0,0,0,0,0,0,0,0,0,0,0,0,0,0,0,0,0,0,0,0,0,0,0,0,0,0,0,0,0,0,0,0,0,0,0,0,0,0,0,0,0,,,,,,,,,,,,,,,,,,,,,,,,,,,,,,,,,,,,,,,,,,,,,,,,,,,,,,,,,,,,,,,,,,,,,,,,,,,,,,,,,,,,,,,,,,,,,,,,,,,,,0,0,0,0,0,0,0,0,0,0,0,0,0,0,0,0,,,,,,,,,,,,,,,,,,,,,,,,,,,,,,,,,,,,,,,,,,,2015-06-18,day,,,North-Western,Solwezi,MAHEBA,2026-10-06T12:29:33+00:00,DesInventar Zambia (UNDRR) — DI_export_zmb.zip
47,09,0901,,Southern,Livingstone,,FLOOD,BATOKA/MAAMBA,2010,3,28,0,0,0,0,0,0,,RDA,0,0,SAMUEL,2017-05-03,0,0,0,0,0,0,0,0,0,0,0,0,0,0,0,0,,HEAVY RAIN WASHED AWAY ROAD,1,,0,0,0,0,0,0,0,0,0,0,0,0,1701,,,0,0,0,b1a7fb64-e49c-4356-ab76-a2e10ecd26f3,"REHABILITATION ON THE BATOKA/MAAMBA ROAD IN SOUTHERN PROVINCE AS A RESULT OF HEAVY RAIN WASHED OUT BATOKA ROAD. 350,000 WAS REQUESTED FOR THE REHABILITATION.",1701,0,0,0,0,0,0,0,0,0,0,0,0,0,0,0,0,0,0,0,0,0,0,0,0,0,0,0,0,0,0,0,0,0,0,0,0,0,0,0,0,0,0,,,,,,,,,,,,,,,,,,,,,,,,,,,,,,,,,,,,,,,,,,,,,,,,,,,,,,,,,,,,,,,,,,,,,,,,,,,,,,,,,,,,,,,,,,,,,,,,,,,,,0,0,0,0,0,0,0,0,0,0,0,0,0,0,0,0,,,,,,,,,,,,,,,,,,,,,,,,,,,,,,,,,,,,,,,,,,,2010-03-28,day,,,Southern,Livingstone,BATOKA/MAAMBA,2026-10-06T12:29:33+00:00,DesInventar Zambia (UNDRR) — DI_export_zmb.zip
51,01,0103,,Central,Kabwe,,FLOOD,CHIPEPO,2010,3,8,0,0,0,0,0,0,,MCDSS,0,0,SAMUEL,2017-05-03,0,0,0,0,0,0,0,0,0,0,0,0,0,0,0,0,,HEAVY RAIN WASHED AWAY CULVETS ,1,,0,0,0,0,0,0,0,0,0,0,0,0,1702,,,0,0,0,daae6120-4bdd-4d03-b7e6-652a01b199a4,REHABILITATION OF THE DAMAGED CHIPEPO MUFUKUSHI BRIDGE/REPLACING CULVETS AS WELL AS FILLING UP BIG HOLES ON THE BRIDGE.,1702,0,0,0,0,0,0,0,0,0,0,0,0,0,0,0,0,0,0,0,0,0,0,0,0,0,1,0,0,0,0,0,0,0,0,0,0,0,0,0,0,0,0,,,,,,,,,,,,,,,,,,,,,,,,,,,,,,,,,,,,,,,,,,,,,,,,,,,,,,,,,,,,,,,,,,,,,,,,,,,,,,,,,,,,,,,,,,,,,,,,,,,,,0,0,0,0,0,0,0,0,0,0,0,0,0,0,0,0,,,,,,,,,,,,,,,,,,,,,,,,,,,,,,,,,,,,,,,,,,,2010-03-08,day,,,Central,Kabwe,CHIPEPO,2026-10-06T12:29:33+00:00,DesInventar Zambia (UNDRR) — DI_export_zmb.zip
52,05,0506,,Lusaka,Chongwe,,FLOOD,CHONGWE,2009,0,0,0,0,0,0,0,0,,RDA,0,0,SAMUEL,2017-05-03,0,0,0,0,0,0,0,0,0,0,0,0,0,0,0,0,,HEAVY RAIN WASHES AWAY CULVETS ,1,,0,0,0,0,0,0,0,0,0,0,0,0,1703,,,0,0,0,eb9e24b9-3ed4-4716-86b7-100eaa594ae5,"CONSTRUCTION OF GOTA GOTA BRIDGE IN CHONGWE RIVER SITE, MAINTAIN THE EXISTING CULVETS AND INSTALLATION RELIEF CULVETS.",1703,1,0,0,0,0,0,0,0,0,0,0,0,0,0,0,0,0,0,0,0,0,0,0,0,0,0,0,0,0,0,0,0,0,0,0,0,0,0,0,0,0,0,,,,,,,,,,,,,,,,,,,,,,,,,,,,,,,,,,,,,,,,,,,,,,,,,,,,,,,,,,,,,,,,,,,,,,,,,,,,,,,,,,,,,,,,,,,,,,,,,,,,,0,0,0,0,0,0,0,0,0,0,0,0,0,0,0,0,,,,,,,,,,,,,,,,,,,,,,,,,,,,,,,,,,,,,,,,,,,2009,year,,,Lusaka,Chongwe,CHONGWE,2026-10-06T12:29:33+00:00,DesInventar Zambia (UNDRR) — DI_export_zmb.zip
54,03,0306,,Eastern,Mambwe,,FLOOD,MAMBWE,2010,3,10,0,0,0,0,0,0,,RDA,0,0,Anonimous,2017-05-03,0,0,0,0,0,0,0,0,0,0,0,0,0,0,0,0,,HEAVY RAIN WASHED AWAY CULVERTS,1,,0,0,0,0,0,0,0,0,0,0,0,0,1704,,,0,0,0,ccb822a0-d64f-4c2f-a2d1-a3a905094618,"EMERGENCY REPAIR WORKS BRIDGES IN MAMBWE. CULVERTS NAMES: MALYAKULA1, MALYAKULA2, KAMBUNDULA AND NKASOMBA.",1704,1,0,0,0,0,0,0,0,0,0,0,0,0,0,0,0,0,0,0,0,0,0,0,0,0,0,0,0,0,0,0,0,0,0,0,0,0,0,0,0,0,0,,,,,,,,,,,,,,,,,,,,,,,,,,,,,,,,,,,,,,,,,,,,,,,,,,,,,,,,,,,,,,,,,,,,,,,,,,,,,,,,,,,,,,,,,,,,,,,,,,,,,0,0,0,0,0,0,0,0,0,0,0,0,0,0,0,0,,,,,,,,,,,,,,,,,,,,,,,,,,,,,,,,,,,,,,,,,,,2010-03-10,day,,,Eastern,Mambwe,MAMBWE,2026-10-06T12:29:33+00:00,DesInventar Zambia (UNDRR) — DI_export_zmb.zip
55,03,0301,,Eastern,Chadiza,,FLOOD,MWAMI,2017,3,10,0,0,0,0,0,0,,RDA,0,0,SAMUEL,2017-05-03,0,0,0,0,0,0,0,0,0,0,0,0,0,0,0,0,,HEAVY RAIN WASHED AWAY CULVERTS,1,,0,0,0,0,0,0,0,0,0,0,0,0,1705,,,0,0,0,2b646ffd-4729-4176-b6d7-675ec180d20f,EMERGENCY REPAIR WORKS AT MWAMI BOX CULVERTS IN CHADIZA BRIDGE. WIDTH 6M WASHED AWAY BY HEAVY RAIN.,1705,1,0,0,0,0,0,0,0,0,0,0,0,0,0,0,0,0,0,0,0,0,0,0,0,0,0,0,0,0,0,0,0,0,0,0,0,0,0,0,0,0,0,,,,,,,,,,,,,,,,,,,,,,,,,,,,,,,,,,,,,,,,,,,,,,,,,,,,,,,,,,,,,,,,,,,,,,,,,,,,,,,,,,,,,,,,,,,,,,,,,,,,,0,0,0,0,0,0,0,0,0,0,0,0,0,0,0,0,,,,,,,,,,,,,,,,,,,,,,,,,,,,,,,,,,,,,,,,,,,2017-03-10,day,,,Eastern,Chadiza,MWAMI,2026-10-06T12:29:33+00:00,DesInventar Zambia (UNDRR) — DI_export_zmb.zip
56,03,0304,,Eastern,Petauke,,FLOOD,MUSUMBAZI ,2010,3,10,0,0,0,0,0,0,,RDA,0,0,Anonimous,2017-05-03,0,0,0,0,0,0,0,0,0,0,0,0,0,0,0,0,,CULVERTS WASHED AWAY BY HEAVY RAIN,1,,0,0,0,0,0,0,0,0,0,0,0,0,1706,,,0,0,0,878d9bb5-b80b-4a0d-9963-c1d6bf71e32f,EMERGENCY REPAIR WORKS OF MUSUMBAZI BRIDGE IN PETAUKE. WIDTH: 4.4M,1706,1,0,0,0,0,0,0,0,0,0,0,0,0,0,0,0,0,0,0,0,0,0,0,0,0,0,0,0,0,0,0,0,0,0,0,0,0,0,0,0,0,0,,,,,,,,,,,,,,,,,,,,,,,,,,,,,,,,,,,,,,,,,,,,,,,,,,,,,,,,,,,,,,,,,,,,,,,,,,,,,,,,,,,,,,,,,,,,,,,,,,,,,0,0,0,0,0,0,0,0,0,0,0,0,0,0,0,0,,,,,,,,,,,,,,,,,,,,,,,,,,,,,,,,,,,,,,,,,,,2010-03-10,day,,,Eastern,Petauke,MUSUMBAZI ,2026-10-06T12:29:33+00:00,DesInventar Zambia (UNDRR) — DI_export_zmb.zip
57,01,0111,,Central,Serenje,,FLOOD,LUSIWASI ,2008,0,0,0,0,0,0,0,0,,DMMU ,0,0,SAMUEL,2017-05-03,0,0,0,0,0,0,0,0,0,0,0,0,0,0,0,0,,HEAVY EROSION OF RAIN WASHED AWAY BRIDGE,1,,0,0,0,0,0,0,0,0,0,0,0,0,1707,,,0,0,0,dd388fa4-57fe-4a59-b50f-ea6f94499ff7,"REPAIRING OF LUSIWASI BRIDGE, UNBLOCKING CULVERTS/ ROAD MAINTENANCE.",1707,1,0,0,0,0,0,0,0,0,0,0,0,0,0,0,0,0,0,0,0,0,0,0,0,0,0,0,0,0,0,0,0,0,0,0,0,0,0,0,0,0,0,,,,,,,,,,,,,,,,,,,,,,,,,,,,,,,,,,,,,,,,,,,,,,,,,,,,,,,,,,,,,,,,,,,,,,,,,,,,,,,,,,,,,,,,,,,,,,,,,,,,,0,0,0,0,0,0,0,0,0,0,0,0,0,0,0,0,,,,,,,,,,,,,,,,,,,,,,,,,,,,,,,,,,,,,,,,,,,2008,year,,,Central,Serenje,LUSIWASI ,2026-10-06T12:29:33+00:00,DesInventar Zambia (UNDRR) — DI_export_zmb.zip
58,10,1004,,Western,Kalabo,,FLOOD,KALABO,2010,2,25,0,0,0,0,0,0,,DMMU,0,0,SAMUEL C,2017-05-03,0,0,0,0,0,0,0,0,0,0,0,0,0,0,0,0,,HEAVY RAIN WASHED AWAY CONCRETE CULVERT,1,,0,0,0,0,0,0,0,0,0,0,0,0,1708,,,0,0,0,d38e1526-db83-4d37-9bea-931073e5f9cd,REHABILITATION OF BOX CULVERTS ON THE KALABO BRIDGE/REPLACEMENT OF THE ENTIRE STRUCTURE.,1708,1,0,0,0,0,0,0,0,0,0,0,0,0,0,0,0,0,0,0,0,0,0,0,0,0,0,0,0,0,0,0,0,0,0,0,0,0,0,0,0,0,0,,,,,,,,,,,,,,,,,,,,,,,,,,,,,,,,,,,,,,,,,,,,,,,,,,,,,,,,,,,,,,,,,,,,,,,,,,,,,,,,,,,,,,,,,,,,,,,,,,,,,0,0,0,0,0,0,0,0,0,0,0,0,0,0,0,0,,,,,,,,,,,,,,,,,,,,,,,,,,,,,,,,,,,,,,,,,,,2010-02-25,day,,,Western,Kalabo,KALABO,2026-10-06T12:29:33+00:00,DesInventar Zambia (UNDRR) — DI_export_zmb.zip
59,02,0205,,Copperbelt,Lufwanyama,,FLOOD,LUFWANYAMA,2011,1,5,0,0,0,0,0,0,,DMMU,0,0,SAMUEL C,2017-05-03,0,0,0,0,0,0,0,0,0,0,0,0,0,0,0,0,,HEAVY RAIN WASHED AWAY BRIDGE ,1,,0,0,0,0,0,0,0,0,0,0,0,0,1709,,,0,0,0,ee990fbd-4551-45ec-9808-4831cdf63890,REHABILITATION OF LUFWANYAMA BRIDGE WASHED AWAY BY HEAVY RAIN.,1709,1,0,0,0,0,0,0,0,0,0,0,0,0,0,0,0,0,0,0,0,0,0,0,0,0,0,0,0,0,0,0,0,0,0,0,0,0,0,0,0,0,0,,,,,,,,,,,,,,,,,,,,,,,,,,,,,,,,,,,,,,,,,,,,,,,,,,,,,,,,,,,,,,,,,,,,,,,,,,,,,,,,,,,,,,,,,,,,,,,,,,,,,0,0,0,0,0,0,0,0,0,0,0,0,0,0,0,0,,,,,,,,,,,,,,,,,,,,,,,,,,,,,,,,,,,,,,,,,,,2011-01-05,day,,,Copperbelt,Lufwanyama,LUFWANYAMA,2026-10-06T12:29:33+00:00,DesInventar Zambia (UNDRR) — DI_export_zmb.zip
60,01,0111,,Central,Serenje,,FLOOD,CHISOMO,2000,5,3,0,0,0,0,0,0,,DMMU,0,0,SAMUEL C,2017-05-03,0,0,0,0,0,0,0,0,0,0,0,0,0,0,0,0,,HEAVY RAIN DAMAGED BRIDGE,1,,0,0,0,0,0,0,0,0,0,0,0,0,1710,,,0,0,0,f67a8645-8581-4da6-9be1-48197540e6e7,REHABILITATION OF TWO BRIDGES DAMAGED BOTH BRIDGES IN CHISOMO AREA. ( 1ST 51.1KM AND THE SECOND IS 75.2KM) HEAVY RAIN DAMAGED BOTH BRIDGES.,1710,2,0,0,0,0,0,0,0,0,0,0,0,0,0,0,0,0,0,0,0,0,0,0,0,0,0,0,0,0,0,0,0,0,0,0,0,0,0,0,0,0,0,,,,,,,,,,,,,,,,,,,,,,,,,,,,,,,,,,,,,,,,,,,,,,,,,,,,,,,,,,,,,,,,,,,,,,,,,,,,,,,,,,,,,,,,,,,,,,,,,,,,,0,0,0,0,0,0,0,0,0,0,0,0,0,0,0,0,,,,,,,,,,,,,,,,,,,,,,,,,,,,,,,,,,,,,,,,,,,2000-05-03,day,,,Central,Serenje,CHISOMO,2026-10-06T12:29:33+00:00,DesInventar Zambia (UNDRR) — DI_export_zmb.zip
61,04,0401,,Luapula,Milengi,,FLOOD,BAHATI & MILENGE ,2011,7,20,0,0,0,0,0,0,,DMMU,0,0,SAMUEL C,2017-05-03,0,0,0,0,0,0,0,0,0,0,0,0,0,0,0,0,,HEAVY RAIN WASHED AWAY BRIDGES,0,,0,0,0,0,0,0,0,0,0,0,0,0,1711,,,0,0,0,b66b1569-c83b-47fd-bcee-606b66ea7565,"REHABILITATION OF MULTIPLE STREAM CULVERTS IN BAHATI AND MILENGE DISTRICT: KAKOMWE, CHOFOSHI,CHISABI,MASHIMBA, CHINWANGOLO, MILENGE, BWINGI AND NKUFI.",1711,5,0,0,0,0,0,0,0,0,0,0,0,0,0,0,0,0,0,0,0,0,0,0,0,0,0,0,0,0,0,0,0,0,0,0,0,0,0,0,0,0,0,,,,,,,,,,,,,,,,,,,,,,,,,,,,,,,,,,,,,,,,,,,,,,,,,,,,,,,,,,,,,,,,,,,,,,,,,,,,,,,,,,,,,,,,,,,,,,,,,,,,,0,0,0,0,0,0,0,0,0,0,0,0,0,0,0,0,,,,,,,,,,,,,,,,,,,,,,,,,,,,,,,,,,,,,,,,,,,2011-07-20,day,,,Luapula,Milengi,BAHATI & MILENGE ,2026-10-06T12:29:33+00:00,DesInventar Zambia (UNDRR) — DI_export_zmb.zip
62,05,0501,,Lusaka,Lusaka,,FLOOD,LUSAKA,2017,5,3,0,0,0,0,0,0,,DMMU,0,0,SAMUEL C,2017-05-03,0,0,0,0,0,0,0,0,0,0,0,0,0,0,0,0,,HEAVY RAIN WASHED AWAY BRIDGE,1,,0,0,0,0,0,0,0,0,0,0,0,0,1712,,,0,0,0,37c23738-cbd7-4269-8dc4-e0d3853cec55,REHABILITATION OF BUNDA-BUNDA BRIDGE,1712,1,0,0,0,0,0,0,0,0,0,0,0,0,0,0,0,0,0,0,0,0,0,0,0,0,0,0,0,0,0,0,0,0,0,0,0,0,0,0,0,0,0,,,,,,,,,,,,,,,,,,,,,,,,,,,,,,,,,,,,,,,,,,,,,,,,,,,,,,,,,,,,,,,,,,,,,,,,,,,,,,,,,,,,,,,,,,,,,,,,,,,,,0,0,0,0,0,0,0,0,0,0,0,0,0,0,0,0,,,,,,,,,,,,,,,,,,,,,,,,,,,,,,,,,,,,,,,,,,,2017-05-03,day,,,Lusaka,Lusaka,LUSAKA,2026-10-06T12:29:33+00:00,DesInventar Zambia (UNDRR) — DI_export_zmb.zip
64,02,0210,,Copperbelt,Ndola,,FLOOD,CHIFUMPA,2011,9,12,0,0,0,0,0,0,,DMMU,0,0,SAMUEL C,2017-05-03,0,0,0,0,0,0,0,0,0,0,0,0,0,0,0,0,,HEAVY RAIN WASHED AWAY BRIDGE,1,,0,0,0,0,0,0,0,0,0,0,0,0,1713,,,0,0,0,b0fb8d8b-4e8f-4543-883e-8f28a6bfa88d,REHABILITATION OF CHIFUMPA BRIDGE. ,1713,1,0,0,0,0,0,0,0,0,0,0,0,0,0,0,0,0,0,0,0,0,0,0,0,0,0,0,0,0,0,0,0,0,0,0,0,0,0,0,0,0,0,,,,,,,,,,,,,,,,,,,,,,,,,,,,,,,,,,,,,,,,,,,,,,,,,,,,,,,,,,,,,,,,,,,,,,,,,,,,,,,,,,,,,,,,,,,,,,,,,,,,,0,0,0,0,0,0,0,0,0,0,0,0,0,0,0,0,,,,,,,,,,,,,,,,,,,,,,,,,,,,,,,,,,,,,,,,,,,2011-09-12,day,,,Copperbelt,Ndola,CHIFUMPA,2026-10-06T12:29:33+00:00,DesInventar Zambia (UNDRR) — DI_export_zmb.zip
65,03,0308,,Eastern,Sinda,,FLOOD,KABAZA,2012,2,14,0,0,0,0,0,0,,DMMU,0,0,SAMUEL C,2017-05-03,0,0,0,0,0,0,0,0,0,0,0,0,0,0,0,0,,HEAVY RAIN,0,,0,0,0,0,0,0,0,0,0,0,0,0,1714,,,0,0,0,d5527983-35df-4c0a-a65b-809bfd74a6a3,REHABILITATION OF ROAD AND REPLACEMENT OF CULVERTS WASHED AWAY BY HEAVY RAIN IN SINDA. 3 CELL BOX CULVERT (1.2 X1.2),1714,1,0,0,0,0,0,0,0,0,0,0,0,0,0,0,0,0,0,0,0,0,0,0,0,0,0,0,0,0,0,0,0,0,0,0,0,0,0,0,0,0,0,,,,,,,,,,,,,,,,,,,,,,,,,,,,,,,,,,,,,,,,,,,,,,,,,,,,,,,,,,,,,,,,,,,,,,,,,,,,,,,,,,,,,,,,,,,,,,,,,,,,,0,0,0,0,0,0,0,0,0,0,0,0,0,0,0,0,,,,,,,,,,,,,,,,,,,,,,,,,,,,,,,,,,,,,,,,,,,2012-02-14,day,,,Eastern,Sinda,KABAZA,2026-10-06T12:29:33+00:00,DesInventar Zambia (UNDRR) — DI_export_zmb.zip
66,06,0602,,Muchinga,Chama,,FLOOD,LUANGWA,2011,7,13,0,0,0,0,0,0,,DMMU,0,0,SAMUEL C,2017-05-03,0,0,0,0,0,0,0,0,0,0,0,0,0,0,0,0,,,1,,0,0,0,0,0,0,0,0,0,0,0,0,1715,,,0,0,0,7891e062-5fe8-4057-a7fd-05a73b076155,CONSTRUCTION OF MATUMBO BRIDGE ACROSS LUANGWA RIVER IN CHAMA,1715,1,0,0,0,0,0,0,0,0,0,0,0,0,0,0,0,0,0,0,0,0,0,0,0,0,0,0,0,0,0,0,0,0,0,0,0,0,0,0,0,0,0,,,,,,,,,,,,,,,,,,,,,,,,,,,,,,,,,,,,,,,,,,,,,,,,,,,,,,,,,,,,,,,,,,,,,,,,,,,,,,,,,,,,,,,,,,,,,,,,,,,,,0,0,0,0,0,0,0,0,0,0,0,0,0,0,0,0,,,,,,,,,,,,,,,,,,,,,,,,,,,,,,,,,,,,,,,,,,,2011-07-13,day,,,Muchinga,Chama,LUANGWA,2026-10-06T12:29:33+00:00,DesInventar Zambia (UNDRR) — DI_export_zmb.zip
67,05,0501,,Lusaka,Lusaka,,FLOOD,NEW SOWETO & OLD SOWETO,2013,3,11,0,0,0,0,0,0,,DMMU,0,0,SAMUEL C,2017-05-03,0,0,0,0,0,0,0,0,0,0,0,0,0,1,0,0,,POOR DRAINAGE ,0,,0,0,0,0,0,0,0,0,0,0,0,0,1716,,,0,0,0,c69d1cd5-4e29-4c78-84fd-3101409e282a,CONSTRUCTION OF DRAINAGE SYSTEM AROUND THE NEW SOWETO AND OLD SOWETO MARKET. ,1716,0,0,0,0,0,0,0,0,0,0,0,0,0,0,0,0,0,0,0,0,0,0,0,0,0,0,0,0,0,0,0,0,0,0,0,0,0,0,0,0,0,0,,,,,,,,,,,,,,,,,,,,,,,,,,,,,,,,,,,,,,,,,,,,,,,,,,,,,,,,,,,,,,,,,,,,,,,,,,,,,,,,,,,,,,,,,,,,,,,,,,,,,0,0,0,0,0,0,0,0,0,0,0,0,0,0,0,0,,,,,,,,,,,,,,,,,,,,,,,,,,,,,,,,,,,,,,,,,,,2013-03-11,day,,,Lusaka,Lusaka,NEW SOWETO & OLD SOWETO,2026-10-06T12:29:33+00:00,DesInventar Zambia (UNDRR) — DI_export_zmb.zip
68,09,0902,,Southern,Sinazongwe,,FLOOD,MWEEMBA,2013,2,28,0,0,0,0,0,0,,DMMU,0,0,SAMUEL C,2017-05-03,0,0,0,0,0,0,0,0,0,0,0,0,0,0,0,0,,HEAVY RAIN ,1,,0,0,0,0,0,0,0,0,0,0,0,0,1717,,,0,0,0,35204f8c-c7fe-4d79-a18e-5611d250fdb0,REHABILITATION OF SIMAZA BRIDGE. CULVERTS WASHED AWAY ,1717,1,0,0,0,0,0,0,0,0,0,0,0,0,0,0,0,0,0,0,0,0,0,0,0,0,0,0,0,0,0,0,0,0,0,0,0,0,0,0,0,0,0,,,,,,,,,,,,,,,,,,,,,,,,,,,,,,,,,,,,,,,,,,,,,,,,,,,,,,,,,,,,,,,,,,,,,,,,,,,,,,,,,,,,,,,,,,,,,,,,,,,,,0,0,0,0,0,0,0,0,0,0,0,0,0,0,0,0,,,,,,,,,,,,,,,,,,,,,,,,,,,,,,,,,,,,,,,,,,,2013-02-28,day,,,Southern,Sinazongwe,MWEEMBA,2026-10-06T12:29:33+00:00,DesInventar Zambia (UNDRR) — DI_export_zmb.zip
69,02,0210,,Copperbelt,Ndola,,FLOOD,MUSHILI,2013,1,15,0,0,0,0,0,0,,DMMU,0,0,SAMUEL C,2017-05-03,0,0,0,0,0,0,0,0,0,0,0,0,0,1,0,0,,POOR DRAINAGE,0,,0,0,0,0,0,0,0,0,0,0,0,0,1718,,,0,0,0,265dc741-77da-418c-b746-c65ca8f27167,CONSTRUCTION OF DRAINAGE IN MUSHILI WARD. ,1718,0,0,0,0,0,0,0,0,0,0,0,0,0,0,0,0,0,0,0,0,0,0,0,0,0,0,0,0,0,0,0,0,0,0,0,0,0,0,0,0,0,0,,,,,,,,,,,,,,,,,,,,,,,,,,,,,,,,,,,,,,,,,,,,,,,,,,,,,,,,,,,,,,,,,,,,,,,,,,,,,,,,,,,,,,,,,,,,,,,,,,,,,0,0,0,0,0,0,0,0,0,0,0,0,0,0,0,0,,,,,,,,,,,,,,,,,,,,,,,,,,,,,,,,,,,,,,,,,,,2013-01-15,day,,,Copperbelt,Ndola,MUSHILI,2026-10-06T12:29:33+00:00,DesInventar Zambia (UNDRR) — DI_export_zmb.zip
70,09,0906,,Southern,Kazungula,,FLOOD,NYAWA-MWEEMBA ,2012,5,3,0,0,0,0,0,0,,DMMU,0,0,SAMUEL C,2017-05-03,0,0,0,0,0,0,0,0,0,0,0,0,0,0,0,0,,HEAVY RAIN,1,,0,0,0,0,0,0,0,0,0,0,0,0,1719,,,0,0,0,78d75cd7-6a5e-4da7-a8bc-38c28032a07b,REHABILITATION OF NYAWA BRIDGE #U4K / ROAD WASHED AWAY CULVERTS BY HEAVY RAIN.,1719,1,0,0,0,0,0,0,0,0,0,0,0,0,0,0,0,0,0,0,0,0,0,0,0,0,0,0,0,0,0,0,0,0,0,0,0,0,0,0,0,0,0,,,,,,,,,,,,,,,,,,,,,,,,,,,,,,,,,,,,,,,,,,,,,,,,,,,,,,,,,,,,,,,,,,,,,,,,,,,,,,,,,,,,,,,,,,,,,,,,,,,,,0,0,0,0,0,0,0,0,0,0,0,0,0,0,0,0,,,,,,,,,,,,,,,,,,,,,,,,,,,,,,,,,,,,,,,,,,,2012-05-03,day,,,Southern,Kazungula,NYAWA-MWEEMBA ,2026-10-06T12:29:33+00:00,DesInventar Zambia (UNDRR) — DI_export_zmb.zip
71,09,0906,,Southern,Kazungula,,FLOOD,NYAWA DU-B015,2012,5,3,0,0,0,0,0,0,,DMMU,0,0,Anonimous,2017-05-03,0,0,0,0,0,0,0,0,0,0,0,0,0,0,0,0,,HEAVY RAIN,1,,0,0,0,0,0,0,0,0,0,0,0,0,1720,,,0,0,0,55ee88e2-b3c2-4ea4-8cf7-188fbc47cf52,REHABILITATION OF M10-KAUWE CODE#U3K/F12 DRAINAGE DAMAGED BY HEAVY RAINFALL DURING 2012-2013. CULVERTS WASHED AWAY AND ROAD.,1720,1,0,0,0,0,0,0,0,0,0,0,0,0,0,0,0,0,0,0,0,0,0,0,0,0,0,0,0,0,0,0,0,0,0,0,0,0,0,0,0,0,0,,,,,,,,,,,,,,,,,,,,,,,,,,,,,,,,,,,,,,,,,,,,,,,,,,,,,,,,,,,,,,,,,,,,,,,,,,,,,,,,,,,,,,,,,,,,,,,,,,,,,0,0,0,0,0,0,0,0,0,0,0,0,0,0,0,0,,,,,,,,,,,,,,,,,,,,,,,,,,,,,,,,,,,,,,,,,,,2012-05-03,day,,,Southern,Kazungula,NYAWA DU-B015,2026-10-06T12:29:33+00:00,DesInventar Zambia (UNDRR) — DI_export_zmb.zip
72,09,0906,,Southern,Kazungula,,FLOOD,MACILE-MOOMBA ,2012,5,3,0,0,0,0,0,0,,DMMU,0,0,Anonimous,2017-05-03,0,0,0,0,0,0,0,0,0,0,0,0,0,0,0,0,,HEAVY RAIN,1,,0,0,0,0,0,0,0,0,0,0,0,0,1721,,,0,0,0,ca5d303c-4ca4-4649-8b61-88ca7de95a13,REHABILITATION OF MOOMBA ROAD CODE#U12 M10. CULVERTS WASHED AWAY.,1721,1,0,0,0,0,0,0,0,0,0,0,0,0,0,0,0,0,0,0,0,0,0,0,0,0,0,0,0,0,0,0,0,0,0,0,0,0,0,0,0,0,0,,,,,,,,,,,,,,,,,,,,,,,,,,,,,,,,,,,,,,,,,,,,,,,,,,,,,,,,,,,,,,,,,,,,,,,,,,,,,,,,,,,,,,,,,,,,,,,,,,,,,0,0,0,0,0,0,0,0,0,0,0,0,0,0,0,0,,,,,,,,,,,,,,,,,,,,,,,,,,,,,,,,,,,,,,,,,,,2012-05-03,day,,,Southern,Kazungula,MACILE-MOOMBA ,2026-10-06T12:29:33+00:00,DesInventar Zambia (UNDRR) — DI_export_zmb.zip
73,09,0906,,Southern,Kazungula,,FLOOD,NYAWA-SIANANKANGE ,2012,5,3,0,0,0,0,0,0,,DMMU,0,0,Anonimous,2017-05-03,0,0,0,0,0,0,0,0,0,0,0,0,0,0,0,0,,HEAVY RAINFALL ,1,,0,0,0,0,0,0,0,0,0,0,0,0,1722,,,0,0,0,c66ce251-2e00-49c1-821a-fcc2e54cac24,REHABILITATION OF ROAD CODE# U4K AND CULVERTS WASHED AWAY BY HEAVY RAINFALL ,1722,1,0,0,0,0,0,0,0,0,0,0,0,0,0,0,0,0,0,0,0,0,0,0,0,0,0,0,0,0,0,0,0,0,0,0,0,0,0,0,0,0,0,,,,,,,,,,,,,,,,,,,,,,,,,,,,,,,,,,,,,,,,,,,,,,,,,,,,,,,,,,,,,,,,,,,,,,,,,,,,,,,,,,,,,,,,,,,,,,,,,,,,,0,0,0,0,0,0,0,0,0,0,0,0,0,0,0,0,,,,,,,,,,,,,,,,,,,,,,,,,,,,,,,,,,,,,,,,,,,2012-05-03,day,,,Southern,Kazungula,NYAWA-SIANANKANGE ,2026-10-06T12:29:33+00:00,DesInventar Zambia (UNDRR) — DI_export_zmb.zip
74,09,0906,,Southern,Kazungula,,FLOOD,ZIMBA-MANYEMUNYEMU ,2013,5,3,0,0,0,0,0,0,,DMMU,0,0,SAMUEL C,2017-05-03,0,0,0,0,0,0,0,0,0,0,0,0,0,0,0,0,,HEAVY RAIN,1,,0,0,0,0,0,0,0,0,0,0,0,0,1723,,,0,0,0,d0ca81d3-87ed-43e6-aecb-e603b09db013,"REHABILITATION OF ZIMBA-MANYEMUNYEMU ROAD # U1/U12, DRIFT CULVERTS BY HEAVY RAIN IN 2013-2013",1723,0,0,0,0,0,0,0,0,0,0,0,0,0,0,0,0,0,0,0,0,0,0,0,0,0,0,0,0,0,0,0,0,0,0,0,0,0,0,0,0,0,0,,,,,,,,,,,,,,,,,,,,,,,,,,,,,,,,,,,,,,,,,,,,,,,,,,,,,,,,,,,,,,,,,,,,,,,,,,,,,,,,,,,,,,,,,,,,,,,,,,,,,0,0,0,0,0,0,0,0,0,0,0,0,0,0,0,0,,,,,,,,,,,,,,,,,,,,,,,,,,,,,,,,,,,,,,,,,,,2013-05-03,day,,,Southern,Kazungula,ZIMBA-MANYEMUNYEMU ,2026-10-06T12:29:33+00:00,DesInventar Zambia (UNDRR) — DI_export_zmb.zip
75,09,0906,,Southern,Kazungula,,FLOOD,NYAWA-KAUWE ,2012,5,3,0,0,0,0,0,0,,DMMU,0,0,SAMUEL C,2017-05-03,0,0,0,0,0,0,0,0,0,0,0,0,0,0,0,0,,HEAVY RAIN,1,,0,0,0,0,0,0,0,0,0,0,0,0,1724,,,0,0,0,78804af0-218c-4351-bf6a-30041d560434,REHABILITATION OF NYAWA-KAUWE ROAD CODE#U6/F10 CULVERTS WASHED AWAY BY HEAVY RAINFALL IN 2012-2013.,1724,0,0,0,0,0,0,0,0,0,0,0,0,0,0,0,0,0,0,0,0,0,0,0,0,0,0,0,0,0,0,0,0,0,0,0,0,0,0,0,0,0,0,,,,,,,,,,,,,,,,,,,,,,,,,,,,,,,,,,,,,,,,,,,,,,,,,,,,,,,,,,,,,,,,,,,,,,,,,,,,,,,,,,,,,,,,,,,,,,,,,,,,,0,0,0,0,0,0,0,0,0,0,0,0,0,0,0,0,,,,,,,,,,,,,,,,,,,,,,,,,,,,,,,,,,,,,,,,,,,2012-05-03,day,,,Southern,Kazungula,NYAWA-KAUWE ,2026-10-06T12:29:33+00:00,DesInventar Zambia (UNDRR) — DI_export_zmb.zip
76,04,0409,,Luapula,Lunga,,FLOOD,KASOMALUNGA,2013,1,28,0,0,0,0,0,0,,DMMU,0,0,SAMUEL C,2017-05-03,0,0,0,0,0,0,0,0,0,0,0,0,0,0,0,0,,HEAVY RAIN,1,,0,0,0,0,2500,0,0,0,0,0,0,0,1725,,,0,0,0,3eb6affc-32f7-44cd-8672-8d7a46c67fec,"REHABILITATION OF THE ROAD CHANNEL/CANAL FROM ITALA TO KASONGAMULILO,CHIMPUBULU TOWARDS KALIMANKONDE AND NKUTILA ",1725,0,0,0,0,0,0,0,0,0,0,0,0,0,0,0,0,0,0,0,0,0,0,0,0,0,0,0,0,0,0,0,0,0,0,0,0,0,0,0,0,0,0,,,,,,,,,,,,,,,,,,,,,,,,,,,,,,,,,,,,,,,,,,,,,,,,,,,,,,,,,,,,,,,,,,,,,,,,,,,,,,,,,,,,,,,,,,,,,,,,,,,,,0,0,0,0,0,7.54e-06,211552,0,0,0,0,0,211552,0,0,0,,,,,,,,,,,,,,,,,,,,,,,,,,,,,,,,,,,,,,,,,,,2013-01-28,day,,,Luapula,Lunga,KASOMALUNGA,2026-10-06T12:29:33+00:00,DesInventar Zambia (UNDRR) — DI_export_zmb.zip
78,09,0902,,Southern,Sinazongwe,,FLOOD,SINAZONGWE,2013,3,14,0,0,0,0,0,0,,DMMU,0,0,Anonimous,2017-05-03,0,0,0,0,0,0,0,0,0,0,0,0,0,0,0,0,,HEAVY RAIN  DAMAGED ROAD ,1,,0,0,0,0,1,0,0,0,0,0,0,0,1727,,,0,0,0,f85580bb-cbcb-447b-b6e5-9150b6a74114,REHABILITATION OF BOTTOM ROAD RIVER ON SIMALA BRIDGE IN SINAZONGWE. ,1727,0,0,0,0,0,0,0,0,0,0,0,0,0,0,0,0,0,0,0,0,0,0,0,0,0,0,0,0,0,0,0,0,0,0,0,0,0,0,0,0,0,0,,,,,,,,,,,,,,,,,,,,,,,,,,,,,,,,,,,,,,,,,,,,,,,,,,,,,,,,,,,,,,,,,,,,,,,,,,,,,,,,,,,,,,,,,,,,,,,,,,,,,0,0,0,0,0,0,84.6208,0,0,0,0,0,84.6208,0,0,0,,,,,,,,,,,,,,,,,,,,,,,,,,,,,,,,,,,,,,,,,,,2013-03-14,day,,,Southern,Sinazongwe,SINAZONGWE,2026-10-06T12:29:33+00:00,DesInventar Zambia (UNDRR) — DI_export_zmb.zip
79,03,0307,,Eastern,Lundazi,,FLOOD,LUNDAZI ,2015,2,10,0,0,0,0,0,0,DAM,DMMU,0,0,SAMUEL C,2017-05-03,0,0,0,0,0,0,1,0,0,0,0,0,0,0,0,0,,HEAVY RAIN WASHED AWAY DAM ,0,,0,0,0,0,0,0,0,0,0,0,0,0,1728,,,0,0,0,a9366c3d-d56c-4dc1-b59d-07a81cbb24f7,REHABILITATION OF DAM WASHED AWAY BY HEAVY RAIN AND COLLAPSED IN LUNDAZI. ,1728,0,0,0,0,0,0,0,0,0,0,0,0,0,0,0,0,0,0,0,0,0,0,0,0,0,0,0,0,0,0,0,0,0,0,0,0,0,0,0,0,0,0,,,,,,,,,,,,,,,,,,,,,,,,,,,,,,,,,,,,,,,,,,,,,,,,,,,,,,,,,,,,,,,,,,,,,,,,,,,,,,,,,,,,,,,,,,,,,,,,,,,,,0,0,0,0,0,0,0,0,0,0,0,0,0,0,0,0,,,,,,,,,,,,,,,,,,,,,,,,,,,,,,,,,,,,,,,,,,,2015-02-10,day,,,Eastern,Lundazi,LUNDAZI ,2026-10-06T12:29:33+00:00,DesInventar Zambia (UNDRR) — DI_export_zmb.zip
80,09,0905,,Southern,Choma,,FLOOD,MBABALA,2013,5,3,0,0,0,0,0,0,DAM ,DMMU,0,0,Anonimous,2017-05-03,0,0,0,0,0,0,1,0,0,0,0,0,0,0,0,0,,HEAVY RAIN ,0,,0,0,0,0,0,0,0,0,0,0,0,0,1729,,,0,0,0,e700523e-73ab-462a-91a6-01a51388968d,REHABILITATION OF KABANZE DAM WASHED AWAY BY HEAVY RAIN IN MBABALA. ,1729,0,0,0,0,0,0,0,0,0,0,0,0,0,0,0,0,0,0,0,0,0,0,0,0,0,0,0,0,0,0,0,0,0,0,0,0,0,0,0,0,0,0,,,,,,,,,,,,,,,,,,,,,,,,,,,,,,,,,,,,,,,,,,,,,,,,,,,,,,,,,,,,,,,,,,,,,,,,,,,,,,,,,,,,,,,,,,,,,,,,,,,,,0,0,0,0,0,0,0,0,0,0,0,0,0,0,0,0,,,,,,,,,,,,,,,,,,,,,,,,,,,,,,,,,,,,,,,,,,,2013-05-03,day,,,Southern,Choma,MBABALA,2026-10-06T12:29:33+00:00,DesInventar Zambia (UNDRR) — DI_export_zmb.zip
81,08,0802,,Northern,Luwingu,,FLOOD,CHIPONDE AND WASHENI ,2015,5,11,0,0,0,0,0,0,,DM MU,0,0,SAMUEL C,2017-05-03,0,0,0,0,0,0,0,0,0,0,0,0,0,0,0,0,,HEAVY RAIN WASHED AWAY CULVERT,1,,0,0,0,0,0,0,0,0,0,0,0,0,1730,,,0,0,0,c02f5985-e4a2-4fa2-a498-c715585cea3d,REHABILITATION OF TWO BRIDGES MWILUZI AND NSAMA NKHOSHYA (KALABA AND KAPATA),1730,2,0,0,0,0,0,0,0,0,0,0,0,0,0,0,0,0,0,0,0,0,0,0,0,0,0,0,0,0,0,0,0,0,0,0,0,0,0,0,0,0,0,,,,,,,,,,,,,,,,,,,,,,,,,,,,,,,,,,,,,,,,,,,,,,,,,,,,,,,,,,,,,,,,,,,,,,,,,,,,,,,,,,,,,,,,,,,,,,,,,,,,,0,0,0,0,0,0,0,0,0,0,0,0,0,0,0,0,,,,,,,,,,,,,,,,,,,,,,,,,,,,,,,,,,,,,,,,,,,2015-05-11,day,,,Northern,Luwingu,CHIPONDE AND WASHENI ,2026-10-06T12:29:33+00:00,DesInventar Zambia (UNDRR) — DI_export_zmb.zip
83,07,0706,,North-Western,Mwinilunga,,FLOOD,NSWETA COMMUNITY ,2014,5,8,0,0,0,0,0,0,,DMMU,0,0,Anonimous,2017-05-03,0,0,0,0,0,0,0,0,0,0,0,0,0,0,0,0,,HEAVY RAIN WASHED AWAY BRIDGE,1,,0,0,0,0,0,0,0,0,0,0,0,0,1732,,,0,0,0,fc286655-ae6b-4a7b-8784-34ab92a7594e,REHABILITATION OF BRIDGE IN MWINILUNGA NSWETA COMMUNITY WOODEN LOGS DAMAGED BY HEAVY RAIN.,1732,1,0,0,0,0,0,0,0,0,0,0,0,0,0,0,0,0,0,0,0,0,0,0,0,0,0,0,0,0,0,0,0,0,0,0,0,0,0,0,0,0,0,,,,,,,,,,,,,,,,,,,,,,,,,,,,,,,,,,,,,,,,,,,,,,,,,,,,,,,,,,,,,,,,,,,,,,,,,,,,,,,,,,,,,,,,,,,,,,,,,,,,,0,0,0,0,0,0,0,0,0,0,0,0,0,0,0,0,,,,,,,,,,,,,,,,,,,,,,,,,,,,,,,,,,,,,,,,,,,2014-05-08,day,,,North-Western,Mwinilunga,NSWETA COMMUNITY ,2026-10-06T12:29:33+00:00,DesInventar Zambia (UNDRR) — DI_export_zmb.zip
84,07,0706,,North-Western,Mwinilunga,,FLOOD,MUDANYAMA ,2014,10,4,0,0,0,0,0,0,,DMMU,0,0,SAMUEL C,2017-05-03,0,0,0,0,0,0,0,0,0,0,0,0,0,0,0,0,,HEAVY RAIN WASHED AWAY BRIDGE,1,,0,0,0,0,0,0,0,0,0,0,0,0,1733,,,0,0,0,fa37975f-33ee-49a9-a7e4-82546097177f,REHABILITATION OF MUDANYAMA BRIDGE WASHED AWAY BY HEAVY RAIN IN MWINILUNGA,1733,1,0,0,0,0,0,0,0,0,0,0,0,0,0,0,0,0,0,0,0,0,0,0,0,0,0,0,0,0,0,0,0,0,0,0,0,0,0,0,0,0,0,,,,,,,,,,,,,,,,,,,,,,,,,,,,,,,,,,,,,,,,,,,,,,,,,,,,,,,,,,,,,,,,,,,,,,,,,,,,,,,,,,,,,,,,,,,,,,,,,,,,,0,0,0,0,0,0,0,0,0,0,0,0,0,0,0,0,,,,,,,,,,,,,,,,,,,,,,,,,,,,,,,,,,,,,,,,,,,2014-10-04,day,,,North-Western,Mwinilunga,MUDANYAMA ,2026-10-06T12:29:33+00:00,DesInventar Zambia (UNDRR) — DI_export_zmb.zip
85,10,1003,,Western,Mongu,,FLOOD,"KAOMA,KALABO AND SENANGA",2011,10,5,0,0,0,0,0,0,,DMMU/RDA,0,0,SAMUEL C,2017-05-03,0,0,0,0,0,0,0,0,0,0,0,0,0,0,0,0,,HEAVY RAIN ,1,,0,0,0,0,0,0,0,0,0,0,0,0,1734,,,0,0,0,cc6fcf48-9410-4bad-97d2-b45a44403c4c,REPAIRING OF BRIDGES/ DRAINAGES OF CROSSING POINTS ACROSS THE WHOLE WESTERN PROVINCE ,1734,0,0,0,0,0,0,0,0,0,0,0,0,0,0,0,0,0,0,0,0,0,0,0,0,0,0,0,0,0,0,0,0,0,0,0,0,0,0,0,0,0,0,,,,,,,,,,,,,,,,,,,,,,,,,,,,,,,,,,,,,,,,,,,,,,,,,,,,,,,,,,,,,,,,,,,,,,,,,,,,,,,,,,,,,,,,,,,,,,,,,,,,,0,0,0,0,0,0,0,0,0,0,0,0,0,0,0,0,,,,,,,,,,,,,,,,,,,,,,,,,,,,,,,,,,,,,,,,,,,2011-10-05,day,,,Western,Mongu,"KAOMA,KALABO AND SENANGA",2026-10-06T12:29:33+00:00,DesInventar Zambia (UNDRR) — DI_export_zmb.zip
87,07,0706,,North-Western,Mwinilunga,,FLOOD,"SOLWEZI, ZAMBALI,KABONGO..",2012,10,5,0,0,0,0,0,0,,DMMU/RDA,0,0,SAMUEL C,2017-05-04,0,0,0,0,0,0,0,0,0,0,0,0,0,0,0,0,,HEAVY RAIN WASHED AWAY BRIDGES/DRAINAGE ,1,,0,0,0,0,0,0,0,0,0,0,0,0,1735,,,0,0,0,0d7279d2-474d-4e18-85bd-713ab5954d20,"REPAIRING OF MULTIPLE BRIDGES/DRAINAGE OF CROSSING POINTS ACROSS THE NORTH WESTERN PROVINCE: SOME AREAS ARE SOLWEZI,ZAMBALI,KABONGO,,,,REPAIRING WAS DONE IN ALL NORTH WESTERN.",1735,0,0,0,0,0,0,0,0,0,0,0,0,0,0,0,0,0,0,0,0,0,0,0,0,0,0,0,0,0,0,0,0,0,0,0,0,0,0,0,0,0,0,,,,,,,,,,,,,,,,,,,,,,,,,,,,,,,,,,,,,,,,,,,,,,,,,,,,,,,,,,,,,,,,,,,,,,,,,,,,,,,,,,,,,,,,,,,,,,,,,,,,,0,0,0,0,0,0,0,0,0,0,0,0,0,0,0,0,,,,,,,,,,,,,,,,,,,,,,,,,,,,,,,,,,,,,,,,,,,2012-10-05,day,,,North-Western,Mwinilunga,"SOLWEZI, ZAMBALI,KABONGO..",2026-10-06T12:29:33+00:00,DesInventar Zambia (UNDRR) — DI_export_zmb.zip
88,08,0803,,Northern,Kasama,,FLOOD,"MPOROKOSO,KAPUTA,LUWINGU,,",2012,10,5,0,0,0,0,0,0,,DMMU/RDA,0,0,SAMUEL C,2017-05-04,0,0,0,0,0,0,0,0,0,0,0,0,0,0,0,0,,HEAVY RAIN WASHED AWAY BRIDGES/DRAINAGE,1,,0,0,0,0,0,0,0,0,0,0,0,0,1736,,,0,0,0,e5b85506-247d-4011-81f3-9695c6d47e39,"REPAIRING OF MULTIPLE BRIDGES/DRAINAGE OF CROSSING POINTS ACROSS NORTHERN PROVINCE: KAPUTA,MPOROKOSO,LUWINGU,,,,,ETC ",1736,41,0,0,0,0,0,0,0,0,0,0,0,0,0,0,0,0,0,0,0,0,0,0,0,0,0,0,0,0,0,0,0,0,0,0,0,0,0,0,0,0,0,,,,,,,,,,,,,,,,,,,,,,,,,,,,,,,,,,,,,,,,,,,,,,,,,,,,,,,,,,,,,,,,,,,,,,,,,,,,,,,,,,,,,,,,,,,,,,,,,,,,,0,0,0,0,0,0,0,0,0,0,0,0,0,0,0,0,,,,,,,,,,,,,,,,,,,,,,,,,,,,,,,,,,,,,,,,,,,2012-10-05,day,,,Northern,Kasama,"MPOROKOSO,KAPUTA,LUWINGU,,",2026-10-06T12:29:33+00:00,DesInventar Zambia (UNDRR) — DI_export_zmb.zip
89,04,0403,,Luapula,Mansa,,FLOOD,ALL LAUPULA ,2012,10,5,0,0,0,0,0,0,,DMMU/RDA,0,0,SAMUEL C,2017-05-04,0,0,0,0,0,0,0,0,0,0,0,0,0,0,0,0,,HEAVY RAIN ,1,,0,0,0,0,0,0,0,0,0,0,0,0,1737,,,0,0,0,e34aee50-8096-4021-886c-ae02be7690bc,REPAIRING OF MULTIPLE BRIDGES/DRAINAGE OF CROSSING POINTS ACROSS LUAPULA PROVINCE,1737,0,0,0,0,0,0,0,0,0,0,0,0,0,0,0,0,0,0,0,0,0,0,0,0,0,0,0,0,0,0,0,0,0,0,0,0,0,0,0,0,0,0,,,,,,,,,,,,,,,,,,,,,,,,,,,,,,,,,,,,,,,,,,,,,,,,,,,,,,,,,,,,,,,,,,,,,,,,,,,,,,,,,,,,,,,,,,,,,,,,,,,,,0,0,0,0,0,0,0,0,0,0,0,0,0,0,0,0,,,,,,,,,,,,,,,,,,,,,,,,,,,,,,,,,,,,,,,,,,,2012-10-05,day,,,Luapula,Mansa,ALL LAUPULA ,2026-10-06T12:29:33+00:00,DesInventar Zambia (UNDRR) — DI_export_zmb.zip
90,03,0305,,Eastern,Chipata,,FLOOD,"LUANGENI,CHIPATA,CHADIZA,,,",2012,5,4,0,0,0,0,0,0,,DMMU/RDA,0,0,Anonimous,2017-05-04,0,0,0,0,0,0,0,0,0,0,0,0,0,0,0,0,,HEAVY RAIN,1,,0,0,0,0,0,0,0,0,0,0,0,0,1738,,,0,0,0,b33ec169-de85-4953-b774-19ac4975a0f7,"REPAIRING OF MULTIPLE BRIDGES/DRAINAGE OF CROSSING POINTS ACROSS THE WHOLE EASTERN PROVINCE: SOME ARE AS FOLLOW: LUANGENI,MILANZI,MALAMBO,KAPOSHE,CHAMA,LUMEZI,NYIMBA AND MALAMBO...",1738,79,0,0,0,0,0,0,0,0,0,0,0,0,0,0,0,0,0,0,0,0,0,0,0,0,0,0,0,0,0,0,0,0,0,0,0,0,0,0,0,0,0,,,,,,,,,,,,,,,,,,,,,,,,,,,,,,,,,,,,,,,,,,,,,,,,,,,,,,,,,,,,,,,,,,,,,,,,,,,,,,,,,,,,,,,,,,,,,,,,,,,,,0,0,0,0,0,0,0,0,0,0,0,0,0,0,0,0,,,,,,,,,,,,,,,,,,,,,,,,,,,,,,,,,,,,,,,,,,,2012-05-04,day,,,Eastern,Chipata,"LUANGENI,CHIPATA,CHADIZA,,,",2026-10-06T12:29:33+00:00,DesInventar Zambia (UNDRR) — DI_export_zmb.zip
91,02,0210,,Copperbelt,Ndola,,FLOOD,NDOLA,2012,10,5,0,0,0,0,0,0,,DMMU/RDA,0,0,SAMUEL C,2017-05-04,0,0,0,0,0,0,0,0,0,0,0,0,0,0,0,0,,HEAVY RAIN ,1,,0,0,0,0,0,0,0,0,0,0,0,0,1739,,,0,0,0,c1909fad-fe18-4c10-afa0-35b03c1b8bd0,"REPAIRING OF MULTIPLE BRIDGES/DRAINAGE OF CROSSING POINTS ACROSS THE WHOLE COPPERBELT PROVINCE: SOME LOCATION ARE AS FOLLOW: NDOLA, MASAITI, LUANSHYA,MPONGWE,,,",1739,8,0,0,0,0,0,0,0,0,0,0,0,0,0,0,0,0,0,0,0,0,0,0,0,0,0,0,0,0,0,0,0,0,0,0,0,0,0,0,0,0,0,,,,,,,,,,,,,,,,,,,,,,,,,,,,,,,,,,,,,,,,,,,,,,,,,,,,,,,,,,,,,,,,,,,,,,,,,,,,,,,,,,,,,,,,,,,,,,,,,,,,,0,0,0,0,0,0,0,0,0,0,0,0,0,0,0,0,,,,,,,,,,,,,,,,,,,,,,,,,,,,,,,,,,,,,,,,,,,2012-10-05,day,,,Copperbelt,Ndola,NDOLA,2026-10-06T12:29:33+00:00,DesInventar Zambia (UNDRR) — DI_export_zmb.zip
92,01,0103,,Central,Kabwe,,FLOOD,"KABWE,SERENJE,MKUSHI,,,,",2012,10,5,0,0,0,0,0,0,,DMMU/RDA,0,0,SAMUEL C,2017-05-04,0,0,0,0,0,0,0,0,0,0,0,0,0,0,0,0,,HEAVY RAIN ,1,,0,0,0,0,0,0,0,0,0,0,0,0,1740,,,0,0,0,7cc4c428-6e1a-4556-bd89-e78bd050a9f1,REPAIRING OF MULTIPLE BRIDGES/DRAINAGE OF CROSSING POINTS ACROSS THE WHOLE CENTRAL PROVINCE. ,1740,10,0,0,0,0,0,0,0,0,0,0,0,0,0,0,0,0,0,0,0,0,0,0,0,0,0,0,0,0,0,0,0,0,0,0,0,0,0,0,0,0,0,,,,,,,,,,,,,,,,,,,,,,,,,,,,,,,,,,,,,,,,,,,,,,,,,,,,,,,,,,,,,,,,,,,,,,,,,,,,,,,,,,,,,,,,,,,,,,,,,,,,,0,0,0,0,0,0,0,0,0,0,0,0,0,0,0,0,,,,,,,,,,,,,,,,,,,,,,,,,,,,,,,,,,,,,,,,,,,2012-10-05,day,,,Central,Kabwe,"KABWE,SERENJE,MKUSHI,,,,",2026-10-06T12:29:33+00:00,DesInventar Zambia (UNDRR) — DI_export_zmb.zip
93,05,0501,,Lusaka,Lusaka,,FLOOD,LUSAKA,2012,10,5,0,0,0,0,0,0,,DMMU/RDA,0,0,SAMUEL C,2017-05-04,0,0,0,0,0,0,0,0,0,0,0,0,0,0,0,0,,HEAVY RAIN,1,,0,0,0,0,0,0,0,0,0,0,0,0,1741,,,0,0,0,8b85d93b-c1a4-4549-96ae-8de0c814eacf,REHABILITATION OF MULTIPLE BRIDGES AND DRAINAGE'S ACROSS THE WHOLE LUSAKA PROVINCE. IT WAS REHABILITATED IN THE YEAR 2011/2012 OF WHOLE CROSSING POINTS.  ,1741,15,0,0,0,0,0,0,0,0,0,0,0,0,0,0,0,0,0,0,0,0,0,0,0,0,0,0,0,0,0,0,0,0,0,0,0,0,0,0,0,0,0,,,,,,,,,,,,,,,,,,,,,,,,,,,,,,,,,,,,,,,,,,,,,,,,,,,,,,,,,,,,,,,,,,,,,,,,,,,,,,,,,,,,,,,,,,,,,,,,,,,,,0,0,0,0,0,0,0,0,0,0,0,0,0,0,0,0,,,,,,,,,,,,,,,,,,,,,,,,,,,,,,,,,,,,,,,,,,,2012-10-05,day,,,Lusaka,Lusaka,LUSAKA,2026-10-06T12:29:33+00:00,DesInventar Zambia (UNDRR) — DI_export_zmb.zip
94,01,0108,,Central,Mkushi,,FLOOD,LUNSEMFWA ,2012,2,1,0,0,0,0,0,0,,RDA,0,0,SAMUEL C,2017-05-04,0,0,0,0,0,0,0,0,0,0,0,0,0,0,0,0,,HEAVY RAIN,1,,0,0,0,0,0,0,0,0,0,0,0,0,1742,,,0,0,0,5a8b3a9d-dda7-4f90-bcb6-4f45c8e145de,CONSTRUCTION OF VENTED DRIFT ROAD -MUSOFU CONNECTING COMMUNITIES OF UPPER LUNSEMFWA WARD UP TO MUSOFU: ROAD LENGTH 50.4KM ,1742,0,0,0,0,0,0,0,0,0,0,0,0,0,0,0,0,0,0,0,0,0,0,0,0,0,0,0,0,0,0,0,0,0,0,0,0,0,0,0,0,0,0,,,,,,,,,,,,,,,,,,,,,,,,,,,,,,,,,,,,,,,,,,,,,,,,,,,,,,,,,,,,,,,,,,,,,,,,,,,,,,,,,,,,,,,,,,,,,,,,,,,,,0,0,0,0,0,0,0,0,0,0,0,0,0,0,0,0,,,,,,,,,,,,,,,,,,,,,,,,,,,,,,,,,,,,,,,,,,,2012-02-01,day,,,Central,Mkushi,LUNSEMFWA ,2026-10-06T12:29:33+00:00,DesInventar Zambia (UNDRR) — DI_export_zmb.zip
95,01,0108,,Central,Mkushi,,FLOOD,MAUNDA,2011,6,4,0,0,0,0,0,0,,MR B. SIYANGA DMMU,0,0,SAMUEL C,2017-05-04,0,0,0,0,0,0,0,0,0,0,0,0,0,0,0,0,,HEAVY RAIN,1,,0,0,0,0,0,0,0,0,0,0,0,0,1743,,,0,0,0,4a05888c-f8a8-4264-aaae-a43753a3e3f9,RECONSTRUCTION MAUNDA CULVERTS WASHED AWAY BY HEAVY RAIN IN MKUSHI DISTRICT ,1743,1,0,0,0,0,0,0,0,0,0,0,0,0,0,0,0,0,0,0,0,0,0,0,0,0,0,0,0,0,0,0,0,0,0,0,0,0,0,0,0,0,0,,,,,,,,,,,,,,,,,,,,,,,,,,,,,,,,,,,,,,,,,,,,,,,,,,,,,,,,,,,,,,,,,,,,,,,,,,,,,,,,,,,,,,,,,,,,,,,,,,,,,0,0,0,0,0,0,0,0,0,0,0,0,0,0,0,0,,,,,,,,,,,,,,,,,,,,,,,,,,,,,,,,,,,,,,,,,,,2011-06-04,day,,,Central,Mkushi,MAUNDA,2026-10-06T12:29:33+00:00,DesInventar Zambia (UNDRR) — DI_export_zmb.zip
96,01,0111,,Central,Serenje,,FLOOD,LUKUSASHI,2011,6,4,0,0,0,0,0,0,,MR B. SIYANGA DMMU,0,0,Anonimous,2017-05-04,0,0,0,0,0,0,0,0,0,0,0,0,0,0,0,0,,HEAVY RAIN,1,,0,0,0,0,0,0,0,0,0,0,0,0,1744,,,0,0,0,6c329784-e070-4f8e-ac82-d03345ace55f,REHABILITATION OF LUKUSASHI ROAD (GRADING) SERENJE DISTRICT. THE ROAD WASHED AWAY BY HEAVY RAIN,1744,0,0,0,0,0,0,0,0,0,0,0,0,0,0,0,0,0,0,0,0,0,0,0,0,0,0,0,0,0,0,0,0,0,0,0,0,0,0,0,0,0,0,,,,,,,,,,,,,,,,,,,,,,,,,,,,,,,,,,,,,,,,,,,,,,,,,,,,,,,,,,,,,,,,,,,,,,,,,,,,,,,,,,,,,,,,,,,,,,,,,,,,,0,0,0,0,0,0,0,0,0,0,0,0,0,0,0,0,,,,,,,,,,,,,,,,,,,,,,,,,,,,,,,,,,,,,,,,,,,2011-06-04,day,,,Central,Serenje,LUKUSASHI,2026-10-06T12:29:33+00:00,DesInventar Zambia (UNDRR) — DI_export_zmb.zip
97,01,0111,,Central,Serenje,,FLOOD,KAPAMPALWE ,2011,6,1,0,0,0,0,0,0,,MR B. SIYANGA DMMU,0,0,SAMUEL C,2017-05-04,0,0,0,0,0,0,0,0,0,0,0,0,0,0,0,0,,HEAVY RAIN ,1,,0,0,0,0,0,0,0,0,0,0,0,0,1745,,,0,0,0,6b9b2005-667d-4d20-8720-5a6ab56e8795,REHABILITATION OF KAPAMPALWE DRIFT WASHED AWAY BY HEAVY RAIN IN SERENJE ,1745,1,0,0,0,0,0,0,0,0,0,0,0,0,0,0,0,0,0,0,0,0,0,0,0,0,0,0,0,0,0,0,0,0,0,0,0,0,0,0,0,0,0,,,,,,,,,,,,,,,,,,,,,,,,,,,,,,,,,,,,,,,,,,,,,,,,,,,,,,,,,,,,,,,,,,,,,,,,,,,,,,,,,,,,,,,,,,,,,,,,,,,,,0,0,0,0,0,0,0,0,0,0,0,0,0,0,0,0,,,,,,,,,,,,,,,,,,,,,,,,,,,,,,,,,,,,,,,,,,,2011-06-01,day,,,Central,Serenje,KAPAMPALWE ,2026-10-06T12:29:33+00:00,DesInventar Zambia (UNDRR) — DI_export_zmb.zip
98,01,0111,,Central,Serenje,,FLOOD,MILEMBO ,2011,0,0,0,0,0,0,0,0,,MR B. SIYANGA DMMU,0,0,Anonimous,2017-05-04,0,0,0,0,0,0,0,0,0,0,0,0,0,0,0,0,,HEAVY RAIN,1,,0,0,0,0,0,0,0,0,0,0,0,0,1746,,,0,0,0,d6bcc5ba-1394-47ab-ae25-cbbaf8b4b374,REHABILITATION OF MALEMBO VENTED DRIFT. WASHED AWAY BY HEAVY RAIN IN SERENJE .,1746,1,0,0,0,0,0,0,0,0,0,0,0,0,0,0,0,0,0,0,0,0,0,0,0,0,0,0,0,0,0,0,0,0,0,0,0,0,0,0,0,0,0,,,,,,,,,,,,,,,,,,,,,,,,,,,,,,,,,,,,,,,,,,,,,,,,,,,,,,,,,,,,,,,,,,,,,,,,,,,,,,,,,,,,,,,,,,,,,,,,,,,,,0,0,0,0,0,0,0,0,0,0,0,0,0,0,0,0,,,,,,,,,,,,,,,,,,,,,,,,,,,,,,,,,,,,,,,,,,,2011,year,,,Central,Serenje,MILEMBO ,2026-10-06T12:29:33+00:00,DesInventar Zambia (UNDRR) — DI_export_zmb.zip
100,01,0103,,Central,Kabwe,,FLOOD,CHITAKATA,2011,5,4,0,0,0,0,0,0,,MR B. SIYANGA DMMU,0,0,SAMUEL C,2017-05-04,0,0,0,0,0,0,0,0,0,0,0,0,0,0,0,0,,HEAVY RAIN,1,,0,0,0,0,0,0,0,0,0,0,0,0,1748,,,0,0,0,33f2b4f5-e0ae-4535-9a6b-bb735349c732,"REHABILITATION OF CULVERTS WASHED AWAY BY HEAVY RAIN IN KABWE. CHITAKATA CROSSING POINT. REPAIRING OF HEAD WALLS, VEGETATION CONTROL AND GUIDE.",1748,1,0,0,0,0,0,0,0,0,0,0,0,0,0,0,0,0,0,0,0,0,0,0,0,0,0,0,0,0,0,0,0,0,0,0,0,0,0,0,0,0,0,,,,,,,,,,,,,,,,,,,,,,,,,,,,,,,,,,,,,,,,,,,,,,,,,,,,,,,,,,,,,,,,,,,,,,,,,,,,,,,,,,,,,,,,,,,,,,,,,,,,,0,0,0,0,0,0,0,0,0,0,0,0,0,0,0,0,,,,,,,,,,,,,,,,,,,,,,,,,,,,,,,,,,,,,,,,,,,2011-05-04,day,,,Central,Kabwe,CHITAKATA,2026-10-06T12:29:33+00:00,DesInventar Zambia (UNDRR) — DI_export_zmb.zip
101,01,0103,,Central,Kabwe,,FLOOD,VWALIKA ,2011,0,0,0,0,0,0,0,0,,MR B. SIYANGA DMMU,0,0,Anonimous,2017-05-04,0,0,0,0,0,0,0,0,0,0,0,0,0,0,0,0,,HEAVY RAIN ,1,,0,0,0,0,0,0,0,0,0,0,0,0,1749,,,0,0,0,070f2ed3-063d-4603-9cb0-7ecd0563cb77,REHABILITATION OF BRIDGE VWALIKA CULVERTS WASHED AWAY BY HEAVY RAIN. DE-SILTING AND VEGETATION CONTROL COMPLETED.,1749,1,0,0,0,0,0,0,0,0,0,0,0,0,0,0,0,0,0,0,0,0,0,0,0,0,0,0,0,0,0,0,0,0,0,0,0,0,0,0,0,0,0,,,,,,,,,,,,,,,,,,,,,,,,,,,,,,,,,,,,,,,,,,,,,,,,,,,,,,,,,,,,,,,,,,,,,,,,,,,,,,,,,,,,,,,,,,,,,,,,,,,,,0,0,0,0,0,0,0,0,0,0,0,0,0,0,0,0,,,,,,,,,,,,,,,,,,,,,,,,,,,,,,,,,,,,,,,,,,,2011,year,,,Central,Kabwe,VWALIKA ,2026-10-06T12:29:33+00:00,DesInventar Zambia (UNDRR) — DI_export_zmb.zip
102,01,0110,,Central,Kapiri Mposhi,,FLOOD,MUTETESHI ,2011,0,0,0,0,0,0,0,0,,,0,0,SAMUEL C,2017-05-04,0,0,0,0,0,0,0,0,0,0,0,0,0,0,0,0,,HEAVY RAIN,1,,0,0,0,0,0,0,0,0,0,0,0,0,1750,,,0,0,0,ba22582d-c9bf-4b95-a445-aeca59c3f4a7,REHABILITATION OF MUTETESHI BRIDGE IN KAPIRI MPOSHI CULVERTS WASHED AWAY BY HEAVY RAIN.,1750,1,0,0,0,0,0,0,0,0,0,0,0,0,0,0,0,0,0,0,0,0,0,0,0,0,0,0,0,0,0,0,0,0,0,0,0,0,0,0,0,0,0,,,,,,,,,,,,,,,,,,,,,,,,,,,,,,,,,,,,,,,,,,,,,,,,,,,,,,,,,,,,,,,,,,,,,,,,,,,,,,,,,,,,,,,,,,,,,,,,,,,,,0,0,0,0,0,0,0,0,0,0,0,0,0,0,0,0,,,,,,,,,,,,,,,,,,,,,,,,,,,,,,,,,,,,,,,,,,,2011,year,,,Central,Kapiri Mposhi,MUTETESHI ,2026-10-06T12:29:33+00:00,DesInventar Zambia (UNDRR) — DI_export_zmb.zip
103,01,0108,,Central,Mkushi,,FLOOD,MILOMBWE ,2011,0,0,0,0,0,0,0,0,,MR B. SIYANGA DMMU,0,0,SAMUEL C,2017-05-04,0,0,0,0,0,0,0,0,0,0,0,0,0,0,0,0,,HEAVY RAIN,1,,0,0,0,0,0,0,0,0,0,0,0,0,1751,,,0,0,0,5cc73d42-3917-45af-b859-655059699737,REHABILITATION OF MILOMBWE VENTED DRIFT. WASHED AWAY BY HEAVY RAIN,1751,1,0,0,0,0,0,0,0,0,0,0,0,0,0,0,0,0,0,0,0,0,0,0,0,0,0,0,0,0,0,0,0,0,0,0,0,0,0,0,0,0,0,,,,,,,,,,,,,,,,,,,,,,,,,,,,,,,,,,,,,,,,,,,,,,,,,,,,,,,,,,,,,,,,,,,,,,,,,,,,,,,,,,,,,,,,,,,,,,,,,,,,,0,0,0,0,0,0,0,0,0,0,0,0,0,0,0,0,,,,,,,,,,,,,,,,,,,,,,,,,,,,,,,,,,,,,,,,,,,2011,year,,,Central,Mkushi,MILOMBWE ,2026-10-06T12:29:33+00:00,DesInventar Zambia (UNDRR) — DI_export_zmb.zip
104,01,0111,,Central,Serenje,,FLOOD,AKASEBA ,2011,0,0,0,0,0,0,0,0,,,0,0,SAMUEL C,2017-05-04,0,0,0,0,0,0,0,0,0,0,0,0,0,0,0,0,,HEAVY RAIN ,1,,0,0,0,0,0,0,0,0,0,0,0,0,1752,,,0,0,0,695aa6ed-c588-4615-ba96-4570aa0dd3ae,REHABILITATION OF AKASEBA BRIDGE. WASHED AWAY BY HEAVY RAIN IN SERENJE ,1752,1,0,0,0,0,0,0,0,0,0,0,0,0,0,0,0,0,0,0,0,0,0,0,0,0,0,0,0,0,0,0,0,0,0,0,0,0,0,0,0,0,0,,,,,,,,,,,,,,,,,,,,,,,,,,,,,,,,,,,,,,,,,,,,,,,,,,,,,,,,,,,,,,,,,,,,,,,,,,,,,,,,,,,,,,,,,,,,,,,,,,,,,0,0,0,0,0,0,0,0,0,0,0,0,0,0,0,0,,,,,,,,,,,,,,,,,,,,,,,,,,,,,,,,,,,,,,,,,,,2011,year,,,Central,Serenje,AKASEBA ,2026-10-06T12:29:33+00:00,DesInventar Zambia (UNDRR) — DI_export_zmb.zip
105,01,0103,,Central,Kabwe,,FLOOD,MAKULULU ,2012,1,16,0,0,0,0,0,0,,MR B. SIYANGA DMMU,0,0,SAMUEL C,2017-05-04,0,0,0,0,0,0,0,0,0,0,0,0,0,1,0,0,,HEAVY RAIN  ,0,,0,0,0,0,0,0,0,0,0,0,0,0,1753,,,0,0,0,77757a07-fda5-4fcb-8a20-63444540a93d,CONSTRUCTION OF DRAINAGE'S IN MAKULULU KABWE DUE TO HEAVY RAIN IN MAKULULU  COMPOUND LEFT HOUSES COLLAPSED. ,1753,0,0,0,0,0,0,0,0,0,0,0,0,0,0,0,0,0,0,0,0,0,0,0,0,0,0,0,0,0,0,0,0,0,0,0,0,0,0,0,0,0,0,,,,,,,,,,,,,,,,,,,,,,,,,,,,,,,,,,,,,,,,,,,,,,,,,,,,,,,,,,,,,,,,,,,,,,,,,,,,,,,,,,,,,,,,,,,,,,,,,,,,,0,0,0,0,0,0,0,0,0,0,0,0,0,0,0,0,,,,,,,,,,,,,,,,,,,,,,,,,,,,,,,,,,,,,,,,,,,2012-01-16,day,,,Central,Kabwe,MAKULULU ,2026-10-06T12:29:33+00:00,DesInventar Zambia (UNDRR) — DI_export_zmb.zip
106,01,0103,,Central,Kabwe,,FLOOD,BWACHA AND KABWE ,2011,0,0,0,0,0,0,0,0,,RDA/DMMU,0,0,SAMUEL C,2017-05-04,0,0,0,0,0,0,0,0,0,0,0,0,0,0,0,0,,HEAVY RAIN ,1,,0,0,0,0,0,0,0,0,0,0,0,0,1754,,,0,0,0,62357b34-5c4d-49b2-8763-eea2fffd9c4c,"REHABILITATION OF MULTIPLE (5)CROSSING POINTS (BRIDGES/CULVERT'S) IN KABWE. KALIMA, CHITAKATA,ZAMBEZI,CHINYANJA AND ONE BRIDGE ON FRA ROAD PLUS CULVERT CONSTRUCTION. ",1754,5,0,0,0,0,0,0,0,0,0,0,0,0,0,0,0,0,0,0,0,0,0,0,0,0,0,0,0,0,0,0,0,0,0,0,0,0,0,0,0,0,0,,,,,,,,,,,,,,,,,,,,,,,,,,,,,,,,,,,,,,,,,,,,,,,,,,,,,,,,,,,,,,,,,,,,,,,,,,,,,,,,,,,,,,,,,,,,,,,,,,,,,0,0,0,0,0,0,0,0,0,0,0,0,0,0,0,0,,,,,,,,,,,,,,,,,,,,,,,,,,,,,,,,,,,,,,,,,,,2011,year,,,Central,Kabwe,BWACHA AND KABWE ,2026-10-06T12:29:33+00:00,DesInventar Zambia (UNDRR) — DI_export_zmb.zip
107,01,0106,,Central,Luano,,FLOOD,KAMPOKO ,2014,10,28,0,0,0,0,0,0,,MR DAVIES CHISOPA (MP),0,0,SAMUEL C,2017-05-04,0,0,0,0,0,0,0,0,0,0,0,0,0,0,0,0,,,1,,0,0,0,0,0,0,0,0,0,0,0,0,1755,,,0,0,0,7a407e0b-91a4-4cc6-868a-e22263ff46f9,"CONSTRUCTION OF A BRIDGE KAMPOKO CROSSING IN LUANO DISTRICT. DURING RAIN SEASON, THE KAMPOKO RIVER GETS FULL AND THE CROSSING REPORTED CUT OFF FROM GOING TO AND COMING. ",1755,1,0,0,0,0,0,0,0,0,0,0,0,0,0,0,0,0,0,0,0,0,0,0,0,0,0,0,0,0,0,0,0,0,0,0,0,0,0,0,0,0,0,,,,,,,,,,,,,,,,,,,,,,,,,,,,,,,,,,,,,,,,,,,,,,,,,,,,,,,,,,,,,,,,,,,,,,,,,,,,,,,,,,,,,,,,,,,,,,,,,,,,,0,0,0,0,0,0,0,0,0,0,0,0,0,0,0,0,,,,,,,,,,,,,,,,,,,,,,,,,,,,,,,,,,,,,,,,,,,2014-10-28,day,,,Central,Luano,KAMPOKO ,2026-10-06T12:29:33+00:00,DesInventar Zambia (UNDRR) — DI_export_zmb.zip
108,10,1003,,Western,Mongu,,FLOOD,LIANDE,2010,11,22,0,0,0,0,0,0,,RDA/DMMU,0,0,SAMUEL C,2017-05-04,0,0,0,0,0,0,0,0,0,0,0,0,0,0,0,0,,HEAVY RAIN ,1,,0,0,0,0,0,0,0,0,0,0,0,0,1756,,,0,0,0,012a2146-c240-412a-820d-cf559bd79430,CONSTRUCTION OF REINFORCED/LAYING CULVERT'S AND BACK FILLING NAMUSHAKENDE ROAD ( CONCRETE FOUNDATION) ,1756,0,0,0,0,0,0,0,0,0,0,0,0,0,0,0,0,0,0,0,0,0,0,0,0,0,0,0,0,0,0,0,0,0,0,0,0,0,0,0,0,0,0,,,,,,,,,,,,,,,,,,,,,,,,,,,,,,,,,,,,,,,,,,,,,,,,,,,,,,,,,,,,,,,,,,,,,,,,,,,,,,,,,,,,,,,,,,,,,,,,,,,,,0,0,0,0,0,0,0,0,0,0,0,0,0,0,0,0,,,,,,,,,,,,,,,,,,,,,,,,,,,,,,,,,,,,,,,,,,,2010-11-22,day,,,Western,Mongu,LIANDE,2026-10-06T12:29:33+00:00,DesInventar Zambia (UNDRR) — DI_export_zmb.zip
109,10,1003,,Western,Mongu,,FLOOD,LITAWA ,2010,11,22,0,0,0,0,0,0,,RDA/DMMU,0,0,SAMUEL C,2017-05-04,0,0,0,0,0,0,0,0,0,0,0,0,0,0,0,0,,HEAVY RAIN ,1,,0,0,0,0,0,0,0,0,0,0,0,0,1757,,,0,0,0,dd981747-412f-49c2-960f-8cfe9ec37853,REHABILITATION OF LITAWA/CONSTRUCTION OF REINFORCED CONCRETE FOUNDATION AND LAYING CULVERT'S BACK FILLING.,1757,0,0,0,0,0,0,0,0,0,0,0,0,0,0,0,0,0,0,0,0,0,0,0,0,0,0,0,0,0,0,0,0,0,0,0,0,0,0,0,0,0,0,,,,,,,,,,,,,,,,,,,,,,,,,,,,,,,,,,,,,,,,,,,,,,,,,,,,,,,,,,,,,,,,,,,,,,,,,,,,,,,,,,,,,,,,,,,,,,,,,,,,,0,0,0,0,0,0,0,0,0,0,0,0,0,0,0,0,,,,,,,,,,,,,,,,,,,,,,,,,,,,,,,,,,,,,,,,,,,2010-11-22,day,,,Western,Mongu,LITAWA ,2026-10-06T12:29:33+00:00,DesInventar Zambia (UNDRR) — DI_export_zmb.zip
110,10,1003,,Western,Mongu,,FLOOD,NAKANYA NAMAUMBA ROAD ,2010,11,22,0,0,0,0,0,0,,RDA/DMMU,0,0,SAMUEL C,2017-05-04,0,0,0,0,0,0,0,0,0,0,0,0,0,0,0,0,,HEAVY RAIN,1,,0,0,0,0,0,0,0,0,0,0,0,0,1758,,,0,0,0,85962733-c7ef-4231-9ae6-5cda6fd5dd1e,"CONSTRUCTION OF REINFORCED CONCRETE FOUNDATION, LAYING CULVERT'S AND BACK FILLING ON NALIKWANDA NAMAUMBA ROAD. (ROAD AND CULVERT'S)",1758,0,0,0,0,0,0,0,0,0,0,0,0,0,0,0,0,0,0,0,0,0,0,0,0,0,0,0,0,0,0,0,0,0,0,0,0,0,0,0,0,0,0,,,,,,,,,,,,,,,,,,,,,,,,,,,,,,,,,,,,,,,,,,,,,,,,,,,,,,,,,,,,,,,,,,,,,,,,,,,,,,,,,,,,,,,,,,,,,,,,,,,,,0,0,0,0,0,0,0,0,0,0,0,0,0,0,0,0,,,,,,,,,,,,,,,,,,,,,,,,,,,,,,,,,,,,,,,,,,,2010-11-22,day,,,Western,Mongu,NAKANYA NAMAUMBA ROAD ,2026-10-06T12:29:33+00:00,DesInventar Zambia (UNDRR) — DI_export_zmb.zip
111,04,0403,,Luapula,Mansa,,FLOOD,KATUNGULU/LUENA,2009,2,11,0,0,0,6000,0,0,,DMMU,0,0,SAMUEL C,2017-05-04,0,0,0,-1,0,0,0,0,0,0,1,0,0,0,0,0,,HEAVY RAIN,1,,0,0,144,0,500,0,0,0,0,0,0,0,1759,,,0,0,0,702a4ce4-b81f-4acb-8ce3-d69ab757f4cd,RESURFACE THE ROAD WITH GRAVEL AND REPLACING SMALL CULVERT'S WITH LARGE ONES. HEAVY RAIN DAMAGE MANSA ROAD AND KAWAMBWA MPOROKOSO ROAD.,1759,1,0,0,0,0,0,0,0,0,0,0,0,0,0,0,0,0,0,0,0,0,0,0,0,0,0,0,0,0,0,0,0,0,0,0,0,0,0,0,0,0,0,,,,,,,,,,,,,,,,,,,,,,,,,,,,,,,,,,,,,,,,,,,,,,,,,,,,,,,,,,,,,,,,,,,,,,,,,,,,,,,,,,,,,,,,,,,,,,,,,,,,,0,0,0,1.07012141,144,6.82e-06,104548.4352,65582.0352,0,0,0,0,38966.4,0,0,0,,,,,,,,,,,,,,,,,,,,,,,,,,,,,,,,,,,,,,,,,,,2009-02-11,day,,,Luapula,Mansa,KATUNGULU/LUENA,2026-10-06T12:29:33+00:00,DesInventar Zambia (UNDRR) — DI_export_zmb.zip
112,04,0405,,Luapula,Kawambwa,,FLOOD,CHINANI  MULUNDA WARD,2009,2,11,0,0,0,406,0,0,,DMMU,1000,0,SAMUEL C,2017-05-04,0,0,0,-1,0,0,0,0,0,0,0,0,0,0,0,0,,HEAVY RAIN,1,,0,0,0,0,0,0,0,0,0,0,0,0,1760,,,0,0,0,24de4187-c426-4d72-b19b-0c536537145b,MUPOSOSHI RIVER BRIDGE SWEPT AWAY BY HEAVY RAIN. REPORTED THAT 406 PEOPLE AFFECTED AND NO ACCESS TO CHAINANI RURAL HEALTH POST. NOTE: REQUESTED K1000 TO CONSTRUCT A DUG OUT CANOE FOR FERRYING PEOPLE. ,1760,1,0,0,0,0,0,0,0,0,0,0,0,0,0,0,0,0,0,0,0,0,0,0,0,0,0,0,0,0,0,0,0,0,0,0,0,0,0,0,0,0,0,,,,,,,,,,,,,,,,,,,,,,,,,,,,,,,,,,,,,,,,,,,,,,,,,,,,,,,,,,,,,,,,,,,,,,,,,,,,,,,,,,,,,,,,,,,,,,,,,,,,,0,0,0,0,0,0,0,0,0,0,0,0,0,0,0,0,,,,,,,,,,,,,,,,,,,,,,,,,,,,,,,,,,,,,,,,,,,2009-02-11,day,,,Luapula,Kawambwa,CHINANI  MULUNDA WARD,2026-10-06T12:29:33+00:00,DesInventar Zambia (UNDRR) — DI_export_zmb.zip
113,04,0405,,Luapula,Kawambwa,,FLOOD,CHIPILI/LUWINGU ,2009,2,11,0,0,0,0,0,0,,DISTRIC COMMISSIONER KAWAMBWA,0,0,SAMUEL C,2017-05-04,0,0,0,0,0,0,0,0,0,0,0,0,0,0,0,0,,HEAVY RAIN ,1,,0,0,0,0,0,0,0,0,0,0,0,0,1761,,,0,0,0,af91ac1e-4298-43cb-af12-5fff12247c54,REHABILITATION OF THE ROAD LINKING CHIPILI TO LUWINGU. BADLY DAMAGED.,1761,0,0,0,0,0,0,0,0,0,0,0,0,0,0,0,0,0,0,0,0,0,0,0,0,0,0,0,0,0,0,0,0,0,0,0,0,0,0,0,0,0,0,,,,,,,,,,,,,,,,,,,,,,,,,,,,,,,,,,,,,,,,,,,,,,,,,,,,,,,,,,,,,,,,,,,,,,,,,,,,,,,,,,,,,,,,,,,,,,,,,,,,,0,0,0,0,0,0,0,0,0,0,0,0,0,0,0,0,,,,,,,,,,,,,,,,,,,,,,,,,,,,,,,,,,,,,,,,,,,2009-02-11,day,,,Luapula,Kawambwa,CHIPILI/LUWINGU ,2026-10-06T12:29:33+00:00,DesInventar Zambia (UNDRR) — DI_export_zmb.zip
114,04,0405,,Luapula,Kawambwa,,FLOOD,PAMBASHE ,2009,2,11,0,0,0,0,0,0,,DISTRIC COMMISSIONER KAWAMBWA,0,0,SAMUEL,2017-05-04,0,0,0,0,0,0,0,0,0,0,0,0,0,0,0,0,,HEAVY RAIN,1,,0,0,0,0,0,0,0,0,0,0,0,0,1762,,,0,0,0,d266bc01-97e9-449f-b73a-4da86ad7112f,RE-ENFORCEMENT OF THE EMBANKMENT AND FITTING OF MORE CULVERT'S . CHISEMBE TURN OFF ROAD DAMAGED.  ,1762,1,0,0,0,0,0,0,0,0,0,0,0,0,0,0,0,0,0,0,0,0,0,0,0,0,0,0,0,0,0,0,0,0,0,0,0,0,0,0,0,0,0,,,,,,,,,,,,,,,,,,,,,,,,,,,,,,,,,,,,,,,,,,,,,,,,,,,,,,,,,,,,,,,,,,,,,,,,,,,,,,,,,,,,,,,,,,,,,,,,,,,,,0,0,0,0,0,0,0,0,0,0,0,0,0,0,0,0,,,,,,,,,,,,,,,,,,,,,,,,,,,,,,,,,,,,,,,,,,,2009-02-11,day,,,Luapula,Kawambwa,PAMBASHE ,2026-10-06T12:29:33+00:00,DesInventar Zambia (UNDRR) — DI_export_zmb.zip
115,04,0405,,Luapula,Kawambwa,,FLOOD,CHISEMBE-CHIBO TE,2009,2,11,0,0,0,0,0,0,,DISTRIC COMMISSIONER KAWAMBWA,0,0,SAMUEL C,2017-05-04,0,0,0,0,0,0,0,0,0,0,0,0,0,0,0,0,,HEAVY RAIN,1,,0,0,0,0,0,0,0,0,0,0,0,0,1763,,,0,0,0,b15bafb8-7d58-4aef-8fe4-3ded3df97cdc,REPLACEMENT OF CULVERT'S ON THE BRIDGE LUFUBU BRIDGE DAMAGED BY HEAVY RAIN.,1763,1,0,0,0,0,0,0,0,0,0,0,0,0,0,0,0,0,0,0,0,0,0,0,0,0,0,0,0,0,0,0,0,0,0,0,0,0,0,0,0,0,0,,,,,,,,,,,,,,,,,,,,,,,,,,,,,,,,,,,,,,,,,,,,,,,,,,,,,,,,,,,,,,,,,,,,,,,,,,,,,,,,,,,,,,,,,,,,,,,,,,,,,0,0,0,0,0,0,0,0,0,0,0,0,0,0,0,0,,,,,,,,,,,,,,,,,,,,,,,,,,,,,,,,,,,,,,,,,,,2009-02-11,day,,,Luapula,Kawambwa,CHISEMBE-CHIBO TE,2026-10-06T12:29:33+00:00,DesInventar Zambia (UNDRR) — DI_export_zmb.zip
116,01,0111,,Central,Serenje,,FLOOD,MAILO ,2011,10,4,0,0,0,0,0,0,,DMMU,0,0,Anonimous,2017-05-04,0,0,0,0,0,0,0,0,0,0,0,0,0,0,0,0,,HEAVY RAIN,1,,0,0,0,0,0,0,0,0,0,0,0,0,1764,,,0,0,0,9858f3a6-6bdd-4a28-b288-bedec38b5bd6,REHABILITATION OF LUSIWASI CULVERT'S WASHED AWAY BY HEAVY RAIN IN SERENJE (BRIDGES DAMAGED),1764,1,0,0,0,0,0,0,0,0,0,0,0,0,0,0,0,0,0,0,0,0,0,0,0,0,0,0,0,0,0,0,0,0,0,0,0,0,0,0,0,0,0,,,,,,,,,,,,,,,,,,,,,,,,,,,,,,,,,,,,,,,,,,,,,,,,,,,,,,,,,,,,,,,,,,,,,,,,,,,,,,,,,,,,,,,,,,,,,,,,,,,,,0,0,0,0,0,0,0,0,0,0,0,0,0,0,0,0,,,,,,,,,,,,,,,,,,,,,,,,,,,,,,,,,,,,,,,,,,,2011-10-04,day,,,Central,Serenje,MAILO ,2026-10-06T12:29:33+00:00,DesInventar Zambia (UNDRR) — DI_export_zmb.zip
117,03,0305,,Eastern,Chipata,,FLOOD,MAGWERO ,2011,11,3,0,0,0,0,0,0,,DMMU,0,0,Anonimous,2017-05-04,0,0,0,0,0,0,0,0,0,0,0,0,0,0,0,0,,HEAVY RAIN,1,,0,0,0,0,0,0,0,0,0,0,0,0,1765,,,0,0,0,fd66281e-36ff-4c09-9012-c69070786c66,CONSTRUCTION OF ROAD CULVERT'S READING TO MAGWERO SCHOOL FOR BLIND AND DEAF IN CHIPATA TEN (10) CROSSING POINTS ,1765,0,0,0,0,0,0,0,0,0,0,0,0,0,0,0,0,0,0,0,0,0,0,0,0,0,0,0,0,0,0,0,0,0,0,0,0,0,0,0,0,0,0,,,,,,,,,,,,,,,,,,,,,,,,,,,,,,,,,,,,,,,,,,,,,,,,,,,,,,,,,,,,,,,,,,,,,,,,,,,,,,,,,,,,,,,,,,,,,,,,,,,,,0,0,0,0,0,0,0,0,0,0,0,0,0,0,0,0,,,,,,,,,,,,,,,,,,,,,,,,,,,,,,,,,,,,,,,,,,,2011-11-03,day,,,Eastern,Chipata,MAGWERO ,2026-10-06T12:29:33+00:00,DesInventar Zambia (UNDRR) — DI_export_zmb.zip
118,10,1007,,Western,Sesheke,,FLOOD,SICHILILO ,2011,12,5,0,0,0,0,0,0,,DMMU,0,0,Anonimous,2017-05-04,0,0,0,0,0,0,0,0,0,0,0,0,0,0,0,0,,HEAVY RAIN,1,,0,0,0,0,0,0,0,0,0,0,0,0,1766,,,0,0,0,9afb3fe7-0090-4311-8c01-6532a0936439,"REHABILITATION OF KANYIMBA BRIDGE IN SESHEKE, CULVERT'S WASHED AWAY DUE TO HEAVY RAIN AND COLLAPSING OF AN EARTH DAM.",1766,1,0,0,0,0,0,0,0,0,0,0,0,0,0,0,0,0,0,0,0,0,0,0,0,0,0,0,0,0,0,0,0,0,0,0,0,0,0,0,0,0,0,,,,,,,,,,,,,,,,,,,,,,,,,,,,,,,,,,,,,,,,,,,,,,,,,,,,,,,,,,,,,,,,,,,,,,,,,,,,,,,,,,,,,,,,,,,,,,,,,,,,,0,0,0,0,0,0,0,0,0,0,0,0,0,0,0,0,,,,,,,,,,,,,,,,,,,,,,,,,,,,,,,,,,,,,,,,,,,2011-12-05,day,,,Western,Sesheke,SICHILILO ,2026-10-06T12:29:33+00:00,DesInventar Zambia (UNDRR) — DI_export_zmb.zip
132,01,0111,,Central,Serenje,,FLOOD,CHITAMBO ,2001,2,3,0,0,0,4500,0,0,2 CHURCHES COLLAPSED ,MNL MALAMBO DMMU,0,0,SAMUEL C,2017-05-05,0,0,0,-1,0,-1,0,0,0,1,1,0,0,0,0,0,,HEAVY RAIN,0,,0,0,0,0,0,0,0,0,0,0,0,0,1779,,,0,0,0,258a08ae-3c50-44e8-9c79-1a651cfbe698,"RELIEF FOOD DUE TO HIGH FLOODS CAUSED HOSES TO COLLAPSED, CROPS DAMAGED. CASSAVA, GROUNDNUTS, MAIZE. A 1*1 CLASSROOM COLLAPSED AT KATOBA PRIMARY SCHOOL INCLUDING ONE CHURCH.  ",1779,0,0,0,0,0,0,0,0,0,0,0,0,0,0,0,0,0,0,0,0,0,0,0,0,0,1,0,0,0,0,0,0,0,0,0,0,0,0,0,0,0,0,,,,,,,,,,,,,,,,,,,,,,,,,,,,,,,,,,,,,,,,,,,,,,,,,,,,,,,,,,,,,,,,,,,,,,,,,,,,,,,,,,,,,,,,,,,,,,,,,,,,,0,0,0,0,0,0,0,0,0,0,0,0,0,0,0,0,,,,,,,,,,,,,,,,,,,,,,,,,,,,,,,,,,,,,,,,,,,2001-02-03,day,,,Central,Serenje,CHITAMBO ,2026-10-06T12:29:33+00:00,DesInventar Zambia (UNDRR) — DI_export_zmb.zip
143,07,0702,,North-Western,Chavuma,,FLOOD,CHAVUMA,2004,3,31,0,0,0,1575,0,0,,DMMU,0,0,SAMUEL C,2017-05-05,0,0,0,-1,0,0,0,0,0,0,0,0,0,0,0,0,,HEAVY RAIN ,0,,0,0,0,0,0,0,0,0,0,0,0,0,1790,,,0,0,0,2ab16828-e156-4a3d-8bbe-387ef74cf967,CHAVUMA EAS AFFECTED BY FLOODS DUE TO HEAVY RAIN. CROPS SUCH AS MAIZE AND CASSAVA SUBMERGED. 75% AFFECTED 25% HOUSEHOLDS AFFECTED REPRESENTING 1575 NUMBER OF HOUSEHOLDS IN CHAVUMA.,1790,0,0,0,0,0,0,0,0,0,0,0,0,0,0,0,0,0,0,0,0,0,0,0,0,0,0,0,0,0,0,0,0,0,0,0,0,0,0,0,0,0,0,,,,,,,,,,,,,,,,,,,,,,,,,,,,,,,,,,,,,,,,,,,,,,,,,,,,,,,,,,,,,,,,,,,,,,,,,,,,,,,,,,,,,,,,,,,,,,,,,,,,,0,0,0,0,0,0,0,0,0,0,0,0,0,0,0,0,,,,,,,,,,,,,,,,,,,,,,,,,,,,,,,,,,,,,,,,,,,2004-03-31,day,,,North-Western,Chavuma,CHAVUMA,2026-10-06T12:29:33+00:00,DesInventar Zambia (UNDRR) — DI_export_zmb.zip
144,07,0701,,North-Western,Zambezi,,FLOOD,ZAMBEZI,2014,3,31,0,0,0,2540,0,0,,DMMU,0,0,SAMUEL C,2017-05-05,0,0,0,-1,0,0,0,0,0,0,1,0,0,0,0,0,,HEAVY RAIN,0,,0,0,0,0,0,0,0,0,0,0,0,0,1791,,,0,0,0,3dc2ccbe-0c82-4deb-9444-40fc6ceaadf4,ZAMBEZI WAS AFFECTED BY FLOODS DUE HEAVY RAIN. CROPS SUBMERGED MAIZE AND CASSAVA 75% AFFECTED 20% HOUSEHOLDS AFFECTED REPRESENTING 2540 NUMBER OF HOUSEHOLDS.  ,1791,0,0,0,0,0,0,0,0,0,0,0,0,0,0,0,0,0,0,0,0,0,0,0,0,0,0,0,0,0,0,0,0,0,0,0,0,0,0,0,0,0,0,,,,,,,,,,,,,,,,,,,,,,,,,,,,,,,,,,,,,,,,,,,,,,,,,,,,,,,,,,,,,,,,,,,,,,,,,,,,,,,,,,,,,,,,,,,,,,,,,,,,,0,0,0,0,0,0,0,0,0,0,0,0,0,0,0,0,,,,,,,,,,,,,,,,,,,,,,,,,,,,,,,,,,,,,,,,,,,2014-03-31,day,,,North-Western,Zambezi,ZAMBEZI,2026-10-06T12:29:33+00:00,DesInventar Zambia (UNDRR) — DI_export_zmb.zip
145,10,1002,,Western,Senanga,,FLOOD,SENANGA,2004,3,31,0,0,0,5239,0,0,,DMMU,0,0,Anonimous,2017-05-05,0,0,0,-1,0,0,0,0,0,0,0,0,0,0,0,0,,HEAVY RAIN,0,,0,0,0,0,0,0,0,0,0,0,0,0,1792,,,0,0,0,aaecd845-62fe-4dd0-af6e-5f4f5cc861bf,SENANGA WAS AFFECTED BY FLOODS DUE TO HEAVY RAI. CROPS SUBMERGED CASSAVA AND MAIZE. 10% AFFECTED 25% HOUSEHOLDS AFFECTED REPRESENTING 5239 NUMBER OF HOUSEHOLDS. ,1792,0,0,0,0,0,0,0,0,0,0,0,0,0,0,0,0,0,0,0,0,0,0,0,0,0,0,0,0,0,0,0,0,0,0,0,0,0,0,0,0,0,0,,,,,,,,,,,,,,,,,,,,,,,,,,,,,,,,,,,,,,,,,,,,,,,,,,,,,,,,,,,,,,,,,,,,,,,,,,,,,,,,,,,,,,,,,,,,,,,,,,,,,0,0,0,0,0,0,0,0,0,0,0,0,0,0,0,0,,,,,,,,,,,,,,,,,,,,,,,,,,,,,,,,,,,,,,,,,,,2004-03-31,day,,,Western,Senanga,SENANGA,2026-10-06T12:29:33+00:00,DesInventar Zambia (UNDRR) — DI_export_zmb.zip
146,10,1003,,Western,Mongu,,FLOOD,MONGU ,2004,3,31,0,0,0,3205,0,0,,DMMU,0,0,Anonimous,2017-05-05,0,0,0,-1,0,0,0,0,0,0,1,0,0,0,0,0,,HEAVY RAIN ,0,,0,0,0,0,0,0,0,0,0,0,0,0,1793,,,0,0,0,1ff2de7a-d64c-4c6d-84bf-6fdce1f0fe68,MONGU WAS AFFECTED BY FLOODS DUE TO HEAVY RAIN. CROPS SUBMERGED SUCH AS CASSAVA AND MAIZE 5% AFFECTED 10% REPRESENTING 3205 NUMBER OF HOUSEHOLDS.,1793,0,0,0,0,0,0,0,0,0,0,0,0,0,0,0,0,0,0,0,0,0,0,0,0,0,0,0,0,0,0,0,0,0,0,0,0,0,0,0,0,0,0,,,,,,,,,,,,,,,,,,,,,,,,,,,,,,,,,,,,,,,,,,,,,,,,,,,,,,,,,,,,,,,,,,,,,,,,,,,,,,,,,,,,,,,,,,,,,,,,,,,,,0,0,0,0,0,0,0,0,0,0,0,0,0,0,0,0,,,,,,,,,,,,,,,,,,,,,,,,,,,,,,,,,,,,,,,,,,,2004-03-31,day,,,Western,Mongu,MONGU ,2026-10-06T12:29:33+00:00,DesInventar Zambia (UNDRR) — DI_export_zmb.zip
147,10,1006,,Western,Lukulu,,FLOOD,LUKULU ,2004,3,31,0,0,0,8741,0,0,,DMMU,0,0,SAMUEL C,2017-05-05,0,0,0,-1,0,0,0,0,0,0,1,0,0,0,0,0,,HEAVY RAIN,0,,0,0,0,0,0,0,0,0,0,0,0,0,1794,,,0,0,0,c71b29df-88bd-496e-aa48-3a66159a377c,"LUKULU WAS AFFECTED BY HEAVY RAIN. CROPS SUCH AS CASSAVA AND MAIZE SUBMERGED, 75% AFFECTED, HOUSEHOLDS 65% WAS AFFECTED REPRESENTING 8741 NUMBER OF HOUSEHOLDS. ",1794,0,0,0,0,0,0,0,0,0,0,0,0,0,0,0,0,0,0,0,0,0,0,0,0,0,0,0,0,0,0,0,0,0,0,0,0,0,0,0,0,0,0,,,,,,,,,,,,,,,,,,,,,,,,,,,,,,,,,,,,,,,,,,,,,,,,,,,,,,,,,,,,,,,,,,,,,,,,,,,,,,,,,,,,,,,,,,,,,,,,,,,,,0,0,0,0,0,0,0,0,0,0,0,0,0,0,0,0,,,,,,,,,,,,,,,,,,,,,,,,,,,,,,,,,,,,,,,,,,,2004-03-31,day,,,Western,Lukulu,LUKULU ,2026-10-06T12:29:33+00:00,DesInventar Zambia (UNDRR) — DI_export_zmb.zip
148,10,1004,,Western,Kalabo,,FLOOD,KALABO,2004,3,31,0,0,0,17978,0,0,,DMMU,0,0,SAMUEL C,2017-05-05,0,0,0,-1,0,-1,0,0,0,0,1,0,0,0,0,0,,HEAVY RAIN,0,,0,0,0,0,0,0,0,0,0,0,0,0,1795,,,0,0,0,8529b269-4cd6-4d6c-a23f-2debfa2851c0,"KALABO DISTRICT WAS AFFECTED BY HEAVY RAIN AND CASSAVA, MAIZE CROP SUBMERGED. 50% AFFECTED 75% HOUSEHOLD AFFECTED REPRESENTING 17978 NUMBER OF HOUSEHOLDS AFFECTED .",1795,0,0,0,0,0,0,0,0,0,0,0,0,0,0,0,0,0,0,0,0,0,0,0,0,0,0,0,0,0,0,0,0,0,0,0,0,0,0,0,0,0,0,,,,,,,,,,,,,,,,,,,,,,,,,,,,,,,,,,,,,,,,,,,,,,,,,,,,,,,,,,,,,,,,,,,,,,,,,,,,,,,,,,,,,,,,,,,,,,,,,,,,,0,0,0,0,0,0,0,0,0,0,0,0,0,0,0,0,,,,,,,,,,,,,,,,,,,,,,,,,,,,,,,,,,,,,,,,,,,2004-03-31,day,,,Western,Kalabo,KALABO,2026-10-06T12:29:33+00:00,DesInventar Zambia (UNDRR) — DI_export_zmb.zip
150,01,0104,,Central,Mumbwa,,FLOOD,MWANACHIYANDA ,2000,4,13,0,0,0,10,0,0,,MR MNL MALAMBO DMMU,0,0,Anonimous,2017-05-05,0,0,0,-1,0,0,0,0,1,0,0,0,0,0,0,0,,HEAVY RAIN,0,,0,0,0,0,0,0,0,0,0,0,0,0,1797,,,0,0,0,7b251f78-2ccd-45ad-b813-cdeba1422905,HEAVY RAIN RECORDED IN MWANACHIYANDA RESULTYS CHOLERA OUTBREAK DUE TO LACK OF WATER SUPPLY. WATER AFFAIRS DEP. RECOMMENDED TO DRILLED 100 BOREHOLES IN MUMBWA DISTRICT.  ,1797,0,0,0,0,0,0,0,0,0,0,0,0,0,0,0,0,0,0,0,0,0,0,0,0,0,0,0,0,0,0,0,0,0,0,0,0,0,0,0,0,0,0,,,,,,,,,,,,,,,,,,,,,,,,,,,,,,,,,,,,,,,,,,,,,,,,,,,,,,,,,,,,,,,,,,,,,,,,,,,,,,,,,,,,,,,,,,,,,,,,,,,,,0,0,0,0,0,0,0,0,0,0,0,0,0,0,0,0,,,,,,,,,,,,,,,,,,,,,,,,,,,,,,,,,,,,,,,,,,,2000-04-13,day,,,Central,Mumbwa,MWANACHIYANDA ,2026-10-06T12:29:33+00:00,DesInventar Zambia (UNDRR) — DI_export_zmb.zip
153,05,0501,,Lusaka,Lusaka,,FLOOD,CHANDWE MUSONDA ,2013,1,27,0,0,0,0,0,0,,DMMU ,0,0,SAMUEL C,2017-05-05,0,0,0,0,0,0,0,0,0,0,0,0,0,1,0,0,,POOR DRANAGE ,0,,0,0,0,0,0,0,0,0,0,0,0,0,1800,,,0,0,0,ece2c2c4-4966-493f-beab-95fd9bce9fe8,ROCK BLASTING WORKS FOR THE CONSTRUCTION OF LUMUMBA DRAW SITE/ DRAINAGE IN LUSAKA.,1800,0,0,0,0,0,0,0,0,0,0,0,0,0,0,0,0,0,0,0,0,0,0,0,0,0,0,0,0,0,0,0,0,0,0,0,0,0,0,0,0,0,0,,,,,,,,,,,,,,,,,,,,,,,,,,,,,,,,,,,,,,,,,,,,,,,,,,,,,,,,,,,,,,,,,,,,,,,,,,,,,,,,,,,,,,,,,,,,,,,,,,,,,0,0,0,0,0,0,0,0,0,0,0,0,0,0,0,0,,,,,,,,,,,,,,,,,,,,,,,,,,,,,,,,,,,,,,,,,,,2013-01-27,day,,,Lusaka,Lusaka,CHANDWE MUSONDA ,2026-10-06T12:29:33+00:00,DesInventar Zambia (UNDRR) — DI_export_zmb.zip
162,07,0703,,North-Western,Mufumbwe,,FLOOD,MUFUMBWE,2006,3,14,0,5,0,348,0,75,,DMMU,0,0,Anonimous,2017-05-08,0,-1,0,-1,0,-1,0,0,0,1,1,0,0,0,0,0,,HEAVY RAIN,0,,0,0,48.3,0,0,0,0,0,0,0,0,0,1803,,,0,0,0,beb5b105-a37f-4265-be3a-c811f676acba,75 HOUSES IN KIFWE COLLAPSED 348 PEOPLE AFFECTED. IT WAS REPORTED THAT 48.3 HECTARES OF CASSAVA AND GROUNDNUTS SUBMERGED IN WATER. ,1803,0,0,5,0,0,0,0,0,0,0,0,0,0,0,0,0,0,0,0,0,0,0,0,0,0,0,0,0,0,0,0,0,0,0,0,0,0,0,0,0,0,0,,,,,,,,,,,,,,,,,,,,,,,,,,,,,,,,,,,,,,,,,,,,,,,,,,,,,,,,,,,,,,,,,,,,,,,,,,,,,,,,,,,,,,,,,,,,,,,,,,,,,0,0,0,3.76733,466.52527576,3.514e-05,448292.10672,20792.10672,0,427500,427500,0,0,0,0,0,,,,,,,,,,,,,,,,,,,,,,,,,,,,,,,,,,,,,,,,,,,2006-03-14,day,,,North-Western,Mufumbwe,MUFUMBWE,2026-10-06T12:29:33+00:00,DesInventar Zambia (UNDRR) — DI_export_zmb.zip
166,01,0103,,Central,Kabwe,,FLOOD,KABWE ,2012,2,9,0,0,0,743,0,261,PITLATRINES 783 COLLAPSED ,MR B. SIYANGA DMMU,0,0,Anonimous,2017-05-08,0,0,0,-1,0,-1,0,0,0,0,0,0,0,1,0,0,,HEAVY RAIN ,0,,0,0,0,0,0,0,0,0,0,0,0,0,1807,,,0,0,0,28d06149-8e41-4828-94c7-282b50309a7d,"POOR CONSTRUCTION OF DRAINAGE'S CAUSED BLOCKAGES OF THE AFFECTED AREA SUCH AS ZAMBEZI, MOOMBA, CHIMIALA,MAKULULU, MAIPAMBE. REQUEST FOR INTERVENTION. ",1807,0,0,0,0,0,0,0,0,0,0,0,0,0,0,0,0,0,0,0,0,0,0,0,0,0,0,0,0,0,0,0,0,0,0,0,0,0,0,0,0,0,0,,,,,,,,,,,,,,,,,,,,,,,,,,,,,,,,,,,,,,,,,,,,,,,,,,,,,,,,,,,,,,,,,,,,,,,,,,,,,,,,,,,,,,,,,,,,,,,,,,,,,0,0,0,9.78251784,1438.02395965,5.987e-05,1526850,0,0,1526850,1526850,0,0,0,0,0,,,,,,,,,,,,,,,,,,,,,,,,,,,,,,,,,,,,,,,,,,,2012-02-09,day,,,Central,Kabwe,KABWE ,2026-10-06T12:29:33+00:00,DesInventar Zambia (UNDRR) — DI_export_zmb.zip
169,01,0111,,Central,Serenje,,FLOOD,KATONGA ,2001,1,23,0,0,0,0,0,14,,G MWENYA DACO ,0,0,Anonimous,2017-05-08,0,0,0,0,0,-1,0,0,0,0,1,0,0,0,0,0,,HEAVY RAIN ,1,,0,0,0,0,0,0,0,0,0,0,0,0,1810,,,0,0,0,c2ef3186-d6ac-4682-ad3a-9826a2dafe60,HEAVY RAIN IN KATONGA COMPOUND LEFT FAMILIES DISPLACED IN SERENJE AND BRIDGES SUBMERGED AS WELL AS CROPS.  ,1810,0,0,0,0,0,0,0,0,0,0,0,0,0,0,0,0,0,0,0,0,0,0,0,0,0,0,0,0,0,0,0,0,0,0,0,0,0,0,0,0,0,0,,,,,,,,,,,,,,,,,,,,,,,,,,,,,,,,,,,,,,,,,,,,,,,,,,,,,,,,,,,,,,,,,,,,,,,,,,,,,,,,,,,,,,,,,,,,,,,,,,,,,0,0,0,0,56,0,78750,0,0,78750,78750,0,0,0,0,0,,,,,,,,,,,,,,,,,,,,,,,,,,,,,,,,,,,,,,,,,,,2001-01-23,day,,,Central,Serenje,KATONGA ,2026-10-06T12:29:33+00:00,DesInventar Zambia (UNDRR) — DI_export_zmb.zip
170,01,0110,,Central,Kapiri Mposhi,,FLOOD,"NDEKE,MUTILILO, SOWETO ..",2001,2,8,0,0,0,6,0,1000,,MR MNL MALAMBO DMMU,0,0,Anonimous,2017-05-08,0,0,0,-1,0,-1,0,0,0,0,0,0,0,0,0,0,,HEAVY RAIN ,0,,0,0,0,0,0,0,0,0,0,0,0,0,1811,,,0,0,0,ffb27a00-3b51-40c9-84f6-b77c03ef27f4,"DUE TO HEAVY RAIN IN KAPIRI, 6 COMPUND WAS AFFECTED, NDEKE, MATILILO, SOWETO, ZAMBIA, KAWAMA AND MAFWA. THIS WAS POOR CONSTRUCTION (MUD-BUILT) ",1811,0,0,0,0,0,0,0,0,0,0,0,0,0,0,0,0,0,0,0,0,0,0,0,0,0,0,0,0,0,0,0,0,0,0,0,0,0,0,0,0,0,0,,,,,,,,,,,,,,,,,,,,,,,,,,,,,,,,,,,,,,,,,,,,,,,,,,,,,,,,,,,,,,,,,,,,,,,,,,,,,,,,,,,,,,,,,,,,,,,,,,,,,0,0,0,0,4000,0,5625000,0,0,5625000,5625000,0,0,0,0,0,,,,,,,,,,,,,,,,,,,,,,,,,,,,,,,,,,,,,,,,,,,2001-02-08,day,,,Central,Kapiri Mposhi,"NDEKE,MUTILILO, SOWETO ..",2026-10-06T12:29:33+00:00,DesInventar Zambia (UNDRR) — DI_export_zmb.zip
171,05,0508,,Lusaka,Shibuyunji,,FLOOD,NAKABA FISHING CAMP ,2017,5,9,7,0,0,2500,0,0,,EMMUNYANGA SPOKESMAN ,0,0,Anonimous,2017-05-09,-1,0,0,-1,0,0,0,0,0,0,0,0,0,0,0,0,,HEAVY RAIN ,0,,0,0,0,0,0,0,0,0,0,0,0,0,1812,,,0,0,0,82cdf70f-e780-4c1a-8f50-80e4ff395110,"9 FISHING CAMPS ALONG KAFUE RIVER, REMAINED DISPLACED, ANIMAL HAVE NO GRAZING AREA. SCHOOLS REMAINED CLOSED DUE TO IMMERSED IN WATER. 7 PEOPLE DIED BECAUSE OF AN OUTBREAK OF DIARRHEA, MEASLES AND POOR SANITATION IN SHIBUYUNJI. ",1812,0,0,0,0,0,0,0,0,0,0,0,0,0,0,0,0,0,0,0,0,0,0,0,0,0,0,0,0,0,0,0,0,0,0,0,0,0,0,0,0,0,0,,,,,,,,,,,,,,,,,,,,,,,,,,,,,,,,,,,,,,,,,,,,,,,,,,,,,,,,,,,,,,,,,,,,,,,,,,,,,,,,,,,,,,,,,,,,,,,,,,,,,0.04219056,0.04219056,0,0,0,0,0,0,0,0,0,0,0,0,0,0,,,,,,,,,,,,,,,,,,,,,,,,,,,,,,,,,,,,,,,,,,,2017-05-09,day,,,Lusaka,Shibuyunji,NAKABA FISHING CAMP ,2026-10-06T12:29:33+00:00,DesInventar Zambia (UNDRR) — DI_export_zmb.zip
174,10,1003,,Western,Mongu,,FLOOD,MUKUKUTU AND SONGA,2007,1,29,0,0,0,7000,0,0,HOUSEHOLDS, SITUMBEKO NALISHEBO ,0,0,SAMUEL C,2017-05-09,0,0,0,-1,0,0,0,0,0,0,0,0,0,0,0,0,,HEAVY RAIN,0,,0,0,0,0,0,0,0,0,0,0,0,0,1813,,,0,0,0,d28d25c5-fe72-43d8-ba32-4b8960e03067,MULTIPLE AREAS IN WESTERN PROVINCE AFFECTED FLOOD VICTIMS DUE TO HEAVY RAIN IN MONGU. 7000 HOUSEHOLDS AFFECTED ,1813,0,0,0,0,0,0,0,0,0,0,0,0,0,0,0,0,0,0,0,0,0,0,0,0,0,0,0,0,0,0,0,0,0,0,0,0,0,0,0,0,0,0,,,,,,,,,,,,,,,,,,,,,,,,,,,,,,,,,,,,,,,,,,,,,,,,,,,,,,,,,,,,,,,,,,,,,,,,,,,,,,,,,,,,,,,,,,,,,,,,,,,,,0,0,0,0,0,0,0,0,0,0,0,0,0,0,0,0,,,,,,,,,,,,,,,,,,,,,,,,,,,,,,,,,,,,,,,,,,,2007-01-29,day,,,Western,Mongu,MUKUKUTU AND SONGA,2026-10-06T12:29:33+00:00,DesInventar Zambia (UNDRR) — DI_export_zmb.zip
176,04,0402,,Luapula,Samfya,,FLOOD,SAMFYA,2015,11,15,0,0,0,0,0,0,,NASON BWALYA DISTRICT COMMISIONER ,0,0,Anonimous,2017-05-11,0,0,0,0,0,-1,0,0,0,1,0,0,0,0,0,0,,HEAVY RAIN,0,,0,0,0,0,0,0,0,0,0,0,0,0,1814,,,0,0,0,18099f5a-f42b-48a1-85fb-cd661fce442f,"HEAVY RAIN IN SAMFYA DISTRICT DAMAGED STRUCTURES (HOUSES), ZAWA OFFICES, DISTRICT COMMISSIONERS HOUSE AND A 1*2 CLASSROOM BLOCK.  ",1814,0,0,0,0,0,0,0,0,0,0,0,0,0,0,0,0,0,0,0,0,0,0,0,0,0,0,0,0,0,0,0,0,0,0,0,0,0,0,0,0,0,0,,,,,,,,,,,,,,,,,,,,,,,,,,,,,,,,,,,,,,,,,,,,,,,,,,,,,,,,,,,,,,,,,,,,,,,,,,,,,,,,,,,,,,,,,,,,,,,,,,,,,0,0,0,0,0,0,0,0,0,0,0,0,0,0,0,0,,,,,,,,,,,,,,,,,,,,,,,,,,,,,,,,,,,,,,,,,,,2015-11-15,day,,,Luapula,Samfya,SAMFYA,2026-10-06T12:29:33+00:00,DesInventar Zambia (UNDRR) — DI_export_zmb.zip
177,09,0901,,Southern,Livingstone,,FLOOD,MULALA,2014,0,0,0,0,0,0,0,0,,EDWINB J. PETELI DMMU ,0,0,SAMUEL C,2017-05-11,0,0,0,0,0,0,0,0,0,0,0,0,0,0,0,0,,HEAVY RAIN,1,,0,0,0,0,0,0,0,0,0,0,0,0,1815,,,0,0,0,f3c307b8-ba9d-4d63-9bdb-ea558d5f0fb7,REHABILITATION OF MULALA BRIDGE IN LIVINGSTON. MULALA BRIDGE WASHED AWAY AND DAMAGED DURING THE 2013-2014 RAIN SEASON.,1815,1,0,0,0,0,0,0,0,0,0,0,0,0,0,0,0,0,0,0,0,0,0,0,0,0,0,0,0,0,0,0,0,0,0,0,0,0,0,0,0,0,0,,,,,,,,,,,,,,,,,,,,,,,,,,,,,,,,,,,,,,,,,,,,,,,,,,,,,,,,,,,,,,,,,,,,,,,,,,,,,,,,,,,,,,,,,,,,,,,,,,,,,0,0,0,0,0,0,0,0,0,0,0,0,0,0,0,0,,,,,,,,,,,,,,,,,,,,,,,,,,,,,,,,,,,,,,,,,,,2014,year,,,Southern,Livingstone,MULALA,2026-10-06T12:29:33+00:00,DesInventar Zambia (UNDRR) — DI_export_zmb.zip
178,07,0705,,North-Western,Solwezi,,FLOOD,KANDUNDU MUSHITALA ,2016,2,25,0,0,0,0,0,0,,PETER KABASO DMMU,0,0,SAMUEL C,2017-05-11,0,0,0,0,0,0,0,0,0,0,0,0,0,0,0,0,,HEAVY RAIN,1,,0,0,0,0,0,0,0,0,0,0,0,0,1816,,,0,0,0,bf0f66bb-3726-41e6-af2d-65eeae12b4c7,CONSTRUCTION OF STRATEGIC CROSSING POINT: KANDUNDU MUSHITALA BRIDGE WASHED AWAY BY HEAVY RAIN.,1816,1,0,0,0,0,0,0,0,0,0,0,0,0,0,0,0,0,0,0,0,0,0,0,0,0,1,0,0,0,0,0,0,0,0,0,0,0,0,0,0,0,0,,,,,,,,,,,,,,,,,,,,,,,,,,,,,,,,,,,,,,,,,,,,,,,,,,,,,,,,,,,,,,,,,,,,,,,,,,,,,,,,,,,,,,,,,,,,,,,,,,,,,0,0,0,0,0,0,0,0,0,0,0,0,0,0,0,0,,,,,,,,,,,,,,,,,,,,,,,,,,,,,,,,,,,,,,,,,,,2016-02-25,day,,,North-Western,Solwezi,KANDUNDU MUSHITALA ,2026-10-06T12:29:33+00:00,DesInventar Zambia (UNDRR) — DI_export_zmb.zip
181,10,1006,,Western,Lukulu,,FLOOD,LUANCHUMA ,2015,9,11,0,0,0,0,0,0,,CHRISTOPHER KALULA MP,0,0,SAMUEL C,2017-05-11,0,0,0,0,0,0,0,0,0,0,0,0,0,0,0,0,,,1,,0,0,0,0,0,0,0,0,0,0,0,0,1819,,,0,0,0,ecdeadc3-cdce-48ac-83e6-e45e8c68b698,CONSTRUCTION OF SMALL BRIDGES AT LUANCHUMA ,1819,1,0,0,0,0,0,0,0,0,0,0,0,0,0,0,0,0,0,0,0,0,0,0,0,0,0,0,0,0,0,0,0,0,0,0,0,0,0,0,0,0,0,,,,,,,,,,,,,,,,,,,,,,,,,,,,,,,,,,,,,,,,,,,,,,,,,,,,,,,,,,,,,,,,,,,,,,,,,,,,,,,,,,,,,,,,,,,,,,,,,,,,,0,0,0,0,0,0,0,0,0,0,0,0,0,0,0,0,,,,,,,,,,,,,,,,,,,,,,,,,,,,,,,,,,,,,,,,,,,2015-09-11,day,,,Western,Lukulu,LUANCHUMA ,2026-10-06T12:29:33+00:00,DesInventar Zambia (UNDRR) — DI_export_zmb.zip
192,04,0409,,Luapula,Lunga,,FLOOD,LUNGA ,2012,6,26,0,0,0,0,0,0,,DMMU,0,0,Anonimous,2017-05-11,0,0,0,0,0,0,0,0,0,0,0,0,0,1,0,0,,HEAVY RAIN ,1,,0,0,0,0,0,0,0,0,0,0,0,0,1830,,,0,0,0,313163a2-0b4a-437e-85ca-14d9148fc4ac,"CONSRUCTION OF DRAINAGE SYSTEM IN LUNGA AT COST ESTIMATED OF 160,000",1830,0,0,0,0,0,0,0,0,0,0,0,0,0,0,0,0,0,0,0,0,0,0,0,0,0,0,0,0,0,0,0,0,0,0,0,0,0,0,0,0,0,0,,,,,,,,,,,,,,,,,,,,,,,,,,,,,,,,,,,,,,,,,,,,,,,,,,,,,,,,,,,,,,,,,,,,,,,,,,,,,,,,,,,,,,,,,,,,,,,,,,,,,0,0,0,0,0,0,0,0,0,0,0,0,0,0,0,0,,,,,,,,,,,,,,,,,,,,,,,,,,,,,,,,,,,,,,,,,,,2012-06-26,day,,,Luapula,Lunga,LUNGA ,2026-10-06T12:29:33+00:00,DesInventar Zambia (UNDRR) — DI_export_zmb.zip
194,06,0601,,Muchinga,Mpika,,FLOOD,KANCHIBIYA ,2015,7,11,0,0,0,0,0,0,,OLIVER CHISOLA DMMU ,0,0,SAMUEL C,2017-05-12,0,0,0,0,0,0,0,0,0,0,0,0,0,0,0,0,,HEAVY RAIN ,1,,0,0,0,0,0,0,0,0,0,0,0,0,1831,,,0,0,0,e6ccf9ca-dbc1-476e-8bb5-018f0fc0cb21,"CONSTRUCTION OF RILUNGA CULVERT'S IN KANCHIBIYA BRIDGE AT A COST ESTIMATED OF 1,833,734.75. IT WAS COLLAPSED DURING HEAVY RAIN IN 2013. ",1831,1,0,0,0,0,0,0,0,0,0,0,0,0,0,0,0,0,0,0,0,0,0,0,0,0,0,0,0,0,0,0,0,0,0,0,0,0,0,0,0,0,0,,,,,,,,,,,,,,,,,,,,,,,,,,,,,,,,,,,,,,,,,,,,,,,,,,,,,,,,,,,,,,,,,,,,,,,,,,,,,,,,,,,,,,,,,,,,,,,,,,,,,0,0,0,0,0,0,0,0,0,0,0,0,0,0,0,0,,,,,,,,,,,,,,,,,,,,,,,,,,,,,,,,,,,,,,,,,,,2015-07-11,day,,,Muchinga,Mpika,KANCHIBIYA ,2026-10-06T12:29:33+00:00,DesInventar Zambia (UNDRR) — DI_export_zmb.zip
195,06,0601,,Muchinga,Mpika,,FLOOD,MPIKA ,2012,7,15,0,0,0,0,0,0,,OLIVER CHISOLA DMMU,0,0,SAMUEL C,2017-05-12,0,0,0,0,0,0,0,0,0,0,0,0,0,0,0,0,,HEAVY RAIN ,1,,0,0,0,0,0,0,0,0,0,0,0,0,1832,,,0,0,0,8b3a979f-2577-40c6-a419-2942630021ad,"CONSTRUCTION OF KANCHIBIYA BRIDGE IN MPIKA AT A COST ESTIMATED OF 2,730,852.71",1832,1,0,0,0,0,0,0,0,0,0,0,0,0,0,0,0,0,0,0,0,0,0,0,0,0,0,0,0,0,0,0,0,0,0,0,0,0,0,0,0,0,0,,,,,,,,,,,,,,,,,,,,,,,,,,,,,,,,,,,,,,,,,,,,,,,,,,,,,,,,,,,,,,,,,,,,,,,,,,,,,,,,,,,,,,,,,,,,,,,,,,,,,0,0,0,0,0,0,0,0,0,0,0,0,0,0,0,0,,,,,,,,,,,,,,,,,,,,,,,,,,,,,,,,,,,,,,,,,,,2012-07-15,day,,,Muchinga,Mpika,MPIKA ,2026-10-06T12:29:33+00:00,DesInventar Zambia (UNDRR) — DI_export_zmb.zip
198,03,0305,,Eastern,Chipata,,FLOOD,MSIMA ,2009,3,27,0,0,0,0,0,0,,MR EULARIAS ZULU PERMANENT SECRETARY ,0,0,SAMUEL C,2017-05-22,0,0,0,0,0,0,0,0,0,0,0,0,0,1,0,0,,,1,,0,0,0,0,0,0,0,0,0,0,0,0,1833,,,0,0,0,03204c2a-2b02-4007-9fdd-58ff8e9ffcc2,"REQUEST FOR FUNDING TO RECONSTRUCT/REPAIR DRAINAGE OF MSIMA DRIFT NO. 2 IN NYIMBA. K 202,237.89",1833,1,0,0,0,0,0,0,0,0,0,0,0,0,0,0,0,0,0,0,0,0,0,0,0,0,0,0,0,0,0,0,0,0,0,0,0,0,0,0,0,0,0,,,,,,,,,,,,,,,,,,,,,,,,,,,,,,,,,,,,,,,,,,,,,,,,,,,,,,,,,,,,,,,,,,,,,,,,,,,,,,,,,,,,,,,,,,,,,,,,,,,,,0,0,0,0,0,0,0,0,0,0,0,0,0,0,0,0,,,,,,,,,,,,,,,,,,,,,,,,,,,,,,,,,,,,,,,,,,,2009-03-27,day,,,Eastern,Chipata,MSIMA ,2026-10-06T12:29:33+00:00,DesInventar Zambia (UNDRR) — DI_export_zmb.zip
199,03,0305,,Eastern,Chipata,,FLOOD,MSIMA,2009,3,27,0,0,0,0,0,0,,MR EULARIAS ZULU PERMANENT SECRETARY,0,0,SAMUEL C,2017-05-22,0,0,0,0,0,0,0,0,0,0,0,0,0,1,0,0,,HEAVY RAIN,1,,0,0,0,0,0,0,0,0,0,0,0,0,1834,,,0,0,0,98a803cd-77b6-4319-b7b2-11e23f2441e1,"REQUEST FOR FUNDING TO RECONSTRUCT/REPAIR DRAINAGE  OF MSIMA DRFT NO. 1 IN NYIMBA. K477,217.13 ",1834,1,0,0,0,0,0,0,0,0,0,0,0,0,0,0,0,0,0,0,0,0,0,0,0,0,0,0,0,0,0,0,0,0,0,0,0,0,0,0,0,0,0,,,,,,,,,,,,,,,,,,,,,,,,,,,,,,,,,,,,,,,,,,,,,,,,,,,,,,,,,,,,,,,,,,,,,,,,,,,,,,,,,,,,,,,,,,,,,,,,,,,,,0,0,0,0,0,0,0,0,0,0,0,0,0,0,0,0,,,,,,,,,,,,,,,,,,,,,,,,,,,,,,,,,,,,,,,,,,,2009-03-27,day,,,Eastern,Chipata,MSIMA,2026-10-06T12:29:33+00:00,DesInventar Zambia (UNDRR) — DI_export_zmb.zip
200,03,0305,,Eastern,Chipata,,FLOOD,MANCHEULA ,2009,3,27,0,0,0,0,0,0,,MR EULARIAS ZULU PERMANENT SECRETARY,0,0,SAMUEL C,2017-05-22,0,0,0,0,0,0,0,0,0,0,0,0,0,1,0,0,,HEAVY RAIN ,1,,0,0,0,0,0,0,0,0,0,0,0,0,1835,,,0,0,0,cf2a53f2-0ca3-4ee4-8ec1-58cf7088bc43,"REQUEST FOR FUNDING TO RECONSTRUCT/REPAIR DRAINAGE MANCHEULA DRIFT IN KATETE AT A COST ESTIMATED OF K 413,967.53 ",1835,1,0,0,0,0,0,0,0,0,0,0,0,0,0,0,0,0,0,0,0,0,0,0,0,0,0,0,0,0,0,0,0,0,0,0,0,0,0,0,0,0,0,,,,,,,,,,,,,,,,,,,,,,,,,,,,,,,,,,,,,,,,,,,,,,,,,,,,,,,,,,,,,,,,,,,,,,,,,,,,,,,,,,,,,,,,,,,,,,,,,,,,,0,0,0,0,0,0,0,0,0,0,0,0,0,0,0,0,,,,,,,,,,,,,,,,,,,,,,,,,,,,,,,,,,,,,,,,,,,2009-03-27,day,,,Eastern,Chipata,MANCHEULA ,2026-10-06T12:29:33+00:00,DesInventar Zambia (UNDRR) — DI_export_zmb.zip
201,03,0305,,Eastern,Chipata,,FLOOD,MZIMA ,2009,3,27,0,0,0,0,0,0,,MR EULARIAS ZULU PERMANENT SECRETARY,0,0,SAMUEL C,2017-05-22,0,0,0,0,0,0,0,0,0,0,0,0,0,1,0,0,,HEAVY RAIN,1,,0,0,0,0,0,0,0,0,0,0,0,0,1836,,,0,0,0,8d3a935c-e0eb-4106-8d84-b8546c89cda4,"REQUEST FOR FUNDING TO RECONSTRUCT/REPAIR DRAINAGE IN MZIMA DRIFT IN KATETE AT AN ESTIMATED COST OF K 74,525.96",1836,0,0,0,0,0,0,0,0,0,0,0,0,0,0,0,0,0,0,0,0,0,0,0,0,0,0,0,0,0,0,0,0,0,0,0,0,0,0,0,0,0,0,,,,,,,,,,,,,,,,,,,,,,,,,,,,,,,,,,,,,,,,,,,,,,,,,,,,,,,,,,,,,,,,,,,,,,,,,,,,,,,,,,,,,,,,,,,,,,,,,,,,,0,0,0,0,0,0,0,0,0,0,0,0,0,0,0,0,,,,,,,,,,,,,,,,,,,,,,,,,,,,,,,,,,,,,,,,,,,2009-03-27,day,,,Eastern,Chipata,MZIMA ,2026-10-06T12:29:33+00:00,DesInventar Zambia (UNDRR) — DI_export_zmb.zip
202,03,0305,,Eastern,Chipata,,FLOOD,KATETE ,2009,3,27,0,0,0,0,0,0,,MR EULARIAS ZULU PERMANENT SECRETARY,0,0,SAMUEL C,2017-05-23,0,0,0,0,0,0,0,0,0,0,0,0,0,1,0,0,,HEAVY RAIN ,1,,0,0,0,0,0,0,0,0,0,0,0,0,1837,,,0,0,0,696d079c-d782-4fbe-b3b6-346b9259a554,"REQUEST FOR FUNDING TO RECONSTRUCT/DRAINAGE IN KATETE AT AN ESTIMATED COST OF K 531,507.05",1837,1,0,0,0,0,0,0,0,0,0,0,0,0,0,0,0,0,0,0,0,0,0,0,0,0,0,0,0,0,0,0,0,0,0,0,0,0,0,0,0,0,0,,,,,,,,,,,,,,,,,,,,,,,,,,,,,,,,,,,,,,,,,,,,,,,,,,,,,,,,,,,,,,,,,,,,,,,,,,,,,,,,,,,,,,,,,,,,,,,,,,,,,0,0,0,0,0,0,0,0,0,0,0,0,0,0,0,0,,,,,,,,,,,,,,,,,,,,,,,,,,,,,,,,,,,,,,,,,,,2009-03-27,day,,,Eastern,Chipata,KATETE ,2026-10-06T12:29:33+00:00,DesInventar Zambia (UNDRR) — DI_export_zmb.zip
203,04,0406,,Luapula,Nchelenge,,FLOOD,MUNUNGA ,2008,3,23,0,0,0,40,0,40,,HAMBAI F MWEETWA DMMU,0,0,SAMUEL C,2017-05-23,0,0,0,-1,0,-1,0,0,0,0,0,0,0,0,0,0,,HEAVY RAIN,0,,0,0,0,0,0,0,0,0,0,0,0,0,1838,,,0,0,0,b5ae1127-9bdc-443e-96dc-323a086a204e,"REQUEST FOR REHABILITATION OF 40 HOUSES DAMAGED IN MUNUNGA VILLAGE DUE TO DOWN POUR OF RAIN. ESTIMATED COST K 71,842.7",1838,0,0,0,0,0,0,0,0,0,0,0,0,0,0,0,0,0,0,0,0,0,0,0,0,0,0,0,0,0,0,0,0,0,0,0,0,0,0,0,0,0,0,,,,,,,,,,,,,,,,,,,,,,,,,,,,,,,,,,,,,,,,,,,,,,,,,,,,,,,,,,,,,,,,,,,,,,,,,,,,,,,,,,,,,,,,,,,,,,,,,,,,,0,0,0,1.68459031,220.38681374,1.29e-05,231000,0,0,231000,231000,0,0,0,0,0,,,,,,,,,,,,,,,,,,,,,,,,,,,,,,,,,,,,,,,,,,,2008-03-23,day,,,Luapula,Nchelenge,MUNUNGA ,2026-10-06T12:29:33+00:00,DesInventar Zambia (UNDRR) — DI_export_zmb.zip
205,10,1004,,Western,Kalabo,,FLOOD,LIUWA,2009,0,0,0,0,0,0,0,0,,IMASIKU KN ,0,0,SAMUEL C,2017-05-23,0,0,0,0,0,0,0,0,0,1,0,0,0,0,0,0,,HEAVY RAIN ,0,,0,1,0,0,0,0,0,0,0,0,0,0,1840,,,0,0,0,94afc964-3576-488b-a062-6f9763094859,"A 1*2 CLASSROOM BLOCK DAMAGED LIBILINGOMA BASIC SCHOOL DUE TO HEAVY RAIN. REQUESTED FOR FOR FUNDS AT A COST OF ESTIMATED K 18,000 FOR REHABILITATION.",1840,0,0,0,0,0,0,0,0,0,0,0,0,0,0,0,0,0,0,0,0,0,0,0,0,0,1,0,0,0,0,0,0,0,0,0,0,0,0,0,0,0,0,,,,,,,,,,,,,,,,,,,,,,,,,,,,,,,,,,,,,,,,,,,,,,,,,,,,,,,,,,,,,,,,,,,,,,,,,,,,,,,,,,,,,,,,,,,,,,,,,,,,,0,0,0,0,0,2.92e-06,44748,0,0,0,0,0,44748,0,44748,0,,,,,,,,,,,,,,,,,,,,,,,,,,,,,,,,,,,,,,,,,,,2009,year,,,Western,Kalabo,LIUWA,2026-10-06T12:29:33+00:00,DesInventar Zambia (UNDRR) — DI_export_zmb.zip
206,10,1004,,Western,Kalabo,,FLOOD,LIUWA ,2017,5,23,0,0,0,0,0,0,WELLS SUBMERGED ,LUBINDA H IMASIKU MP,0,0,SAMUEL C,2017-05-22,0,0,0,0,0,0,0,0,0,1,0,0,0,0,0,0,,HEAVY RAIN ,0,,0,1,0,0,0,0,0,0,0,0,0,0,1841,,,0,0,0,401ac6ec-5e2b-4408-b6de-0f4bc5f30afd,"MUNDE SCHOOL CLASSROOM SUBMERGED IN LIUWA REQUEST FUNDS FOR REHABILITATION AT A COST ESTIMATED OF K 8,000.",1841,0,0,0,0,0,0,0,0,0,0,0,0,0,0,0,0,0,0,0,0,0,0,0,0,0,1,0,0,0,0,0,0,0,0,0,0,0,0,0,0,0,0,,,,,,,,,,,,,,,,,,,,,,,,,,,,,,,,,,,,,,,,,,,,,,,,,,,,,,,,,,,,,,,,,,,,,,,,,,,,,,,,,,,,,,,,,,,,,,,,,,,,,0,0,0,0,0,1.76e-06,45408,0,0,0,0,0,45408,0,45408,0,,,,,,,,,,,,,,,,,,,,,,,,,,,,,,,,,,,,,,,,,,,2017-05-23,day,,,Western,Kalabo,LIUWA ,2026-10-06T12:29:33+00:00,DesInventar Zambia (UNDRR) — DI_export_zmb.zip
207,10,1004,,Western,Kalabo,,FLOOD,LIUWA,2009,0,0,0,0,0,0,0,0,,LUBINDA H IMASIKU MP,0,0,SAMUEL C,2017-05-22,0,0,0,0,0,-1,0,0,0,1,0,0,0,0,0,0,,HEAVY RAIN/STORM ,0,,0,1,0,0,0,0,0,0,0,0,0,0,1842,,,0,0,0,250f0d3a-0ed3-496e-9b48-4f6c95b6de29,"LUKOKO SCHOOL AND STAFF HOUSES FLOODED BUILT OF POLES AND MUD. REQUEST FOR FUNDS AT A COST OF K 300,000 TO CONSTRUCT A PERMANENT BUILDING.",1842,0,0,0,0,0,0,0,0,0,0,0,0,0,0,0,0,0,0,0,0,0,0,0,0,0,1,0,0,0,0,0,0,0,0,0,0,0,0,0,0,0,0,,,,,,,,,,,,,,,,,,,,,,,,,,,,,,,,,,,,,,,,,,,,,,,,,,,,,,,,,,,,,,,,,,,,,,,,,,,,,,,,,,,,,,,,,,,,,,,,,,,,,0,0,0,0,0,2.92e-06,44748,0,0,0,0,0,44748,0,44748,0,,,,,,,,,,,,,,,,,,,,,,,,,,,,,,,,,,,,,,,,,,,2009,year,,,Western,Kalabo,LIUWA,2026-10-06T12:29:33+00:00,DesInventar Zambia (UNDRR) — DI_export_zmb.zip
208,10,1004,,Western,Kalabo,,FLOOD,LIUWA ,2009,0,0,0,0,0,0,0,0,,LUBINDA H IMASIKU MP,0,0,SAMUEL C,2017-05-23,0,0,0,0,0,0,0,0,0,1,0,0,0,0,0,0,,HEAVY RAIN / WIND ,0,,0,1,0,0,0,0,0,0,0,0,0,0,1843,,,0,0,0,0514a799-fef6-4de6-b709-c7dfc5acee2a,"MUTAA SCHOOL CLASSROOM AND TEACHERS HOUSES SUBMERGED. REQUEST FOR FUNDING AT A AN ESTIMATED COST OF K 250,000 TO CONSTRUCT A PERMANENT BUILDING. ",1843,0,0,0,0,0,0,0,0,0,0,0,0,0,0,0,0,0,0,0,0,0,0,0,0,0,1,0,0,0,0,0,0,0,0,0,0,0,0,0,0,0,0,,,,,,,,,,,,,,,,,,,,,,,,,,,,,,,,,,,,,,,,,,,,,,,,,,,,,,,,,,,,,,,,,,,,,,,,,,,,,,,,,,,,,,,,,,,,,,,,,,,,,0,0,0,0,0,2.92e-06,44748,0,0,0,0,0,44748,0,44748,0,,,,,,,,,,,,,,,,,,,,,,,,,,,,,,,,,,,,,,,,,,,2009,year,,,Western,Kalabo,LIUWA ,2026-10-06T12:29:33+00:00,DesInventar Zambia (UNDRR) — DI_export_zmb.zip
209,10,1004,,Western,Kalabo,,FLOOD,LIUWA,2017,5,23,0,0,0,0,0,0,TOILETS SUBMERGED ,LUBINDA H IMASIKU MP,0,0,SAMUEL C,2017-05-22,0,0,0,0,0,0,0,0,0,1,0,0,0,0,0,0,,HEAVY RAIN/WIND STORM ,0,,0,1,0,0,0,0,0,0,0,0,0,0,1844,,,0,0,0,a62feee6-31cd-4c6f-9058-ba3d63c74f41,"MUCHICHA SCHOOL CLASSROOM BLOCK AND TEACHERS HOUSES BUILT BY USING POLES AND MUD FLOODED ON THE VERGE OF COLLAPSING. REQUEST FOR FUNDS TO CONSTRUCT OF A PERMANENT BUILDING AT A COST OF K 250,000",1844,0,0,0,0,0,0,0,0,0,0,0,0,0,0,0,0,0,0,0,0,0,0,0,0,0,1,0,0,0,0,0,0,0,0,0,0,0,0,0,0,0,0,,,,,,,,,,,,,,,,,,,,,,,,,,,,,,,,,,,,,,,,,,,,,,,,,,,,,,,,,,,,,,,,,,,,,,,,,,,,,,,,,,,,,,,,,,,,,,,,,,,,,0,0,0,0,0,1.76e-06,45408,0,0,0,0,0,45408,0,45408,0,,,,,,,,,,,,,,,,,,,,,,,,,,,,,,,,,,,,,,,,,,,2017-05-23,day,,,Western,Kalabo,LIUWA,2026-10-06T12:29:33+00:00,DesInventar Zambia (UNDRR) — DI_export_zmb.zip
210,10,1004,,Western,Kalabo,,FLOOD,LIUWA ,2009,0,0,0,0,0,0,0,0,,LUBINDA H IMASIKU MP,0,0,SAMUEL C,2017-05-23,0,0,0,0,0,0,0,0,0,1,0,0,0,0,0,0,,HEAVY RAIN/WIND STORM,0,,0,1,0,0,0,0,0,0,0,0,0,0,1845,,,0,0,0,33b2f7ba-bf8b-42e8-aa8a-541e921c6d7e,"1 KATULAMWA SCHOOL COMPLETELY SUBMERGED. REQUEST FOR RELOCATION OF THE SCHOOL TO A HIGHER LAND FOR CONSTRUCTION AT COST OF K250,000 ",1845,0,0,0,0,0,0,0,0,0,0,0,0,0,0,0,0,0,0,0,0,0,0,0,0,0,1,0,0,0,0,0,0,0,0,0,0,0,0,0,0,0,0,,,,,,,,,,,,,,,,,,,,,,,,,,,,,,,,,,,,,,,,,,,,,,,,,,,,,,,,,,,,,,,,,,,,,,,,,,,,,,,,,,,,,,,,,,,,,,,,,,,,,0,0,0,0,0,2.92e-06,44748,0,0,0,0,0,44748,0,44748,0,,,,,,,,,,,,,,,,,,,,,,,,,,,,,,,,,,,,,,,,,,,2009,year,,,Western,Kalabo,LIUWA ,2026-10-06T12:29:33+00:00,DesInventar Zambia (UNDRR) — DI_export_zmb.zip
211,10,1004,,Western,Kalabo,,FLOOD,LIUWA,2017,5,23,0,0,0,0,0,0,,LUBINDA H IMASIKU MP,0,0,SAMUEL C,2017-05-23,0,0,0,0,0,-1,0,0,0,1,0,0,0,0,0,0,,HEAVY RAIN/ WIND STORM ,0,,0,0,0,0,0,0,0,0,0,0,0,0,1846,,,0,0,0,94e66c69-a917-42cf-927c-cd257290cfe0,"A 1*3 CLASSROOM BLOCK COLLAPSED AND STAFF HOUSES IN LIBILI NGOMA DUE TO HEAVY RAIN. REQUEST FOR FUNDS FOR REHABILITATION AT COST OF K 250,000.",1846,0,0,0,0,0,0,0,0,0,0,0,0,0,0,0,0,0,0,0,0,0,0,0,0,0,0,0,0,0,0,0,0,0,0,0,0,0,0,0,0,0,0,,,,,,,,,,,,,,,,,,,,,,,,,,,,,,,,,,,,,,,,,,,,,,,,,,,,,,,,,,,,,,,,,,,,,,,,,,,,,,,,,,,,,,,,,,,,,,,,,,,,,0,0,0,0,0,0,0,0,0,0,0,0,0,0,0,0,,,,,,,,,,,,,,,,,,,,,,,,,,,,,,,,,,,,,,,,,,,2017-05-23,day,,,Western,Kalabo,LIUWA,2026-10-06T12:29:33+00:00,DesInventar Zambia (UNDRR) — DI_export_zmb.zip
213,10,1004,,Western,Kalabo,,FLOOD,LIUWA,2009,5,19,0,0,0,0,0,1,6* VIP LATRINES COLLAPSED ,LUBINDA H IMASIKU MP,0,0,SAMUEL C,2017-05-22,0,0,0,0,0,-1,0,0,0,1,0,0,0,0,0,0,,,0,,0,1,0,0,0,0,0,0,0,0,0,0,1848,,,0,0,0,58f1db60-dd8e-4e2b-a6c3-b35f9d7519a8,"REQUEST FOR FUND AT A COST OF K 440,000 FOR REPLACEMENT OF COLLAPSED CLASSROOM BLOCK AND STAFF HOUSES. A 1*2 CLASSROOM BLOCK AND 1*STAFF HOUSES 6*VIP LATRINES COLLAPSED DUE TO HEAVY RAIN. ",1848,0,0,0,0,0,0,0,0,0,0,0,0,0,0,0,0,0,0,0,0,0,0,0,0,0,1,0,0,0,0,0,0,0,0,0,0,0,0,0,0,0,0,,,,,,,,,,,,,,,,,,,,,,,,,,,,,,,,,,,,,,,,,,,,,,,,,,,,,,,,,,,,,,,,,,,,,,,,,,,,,,,,,,,,,,,,,,,,,,,,,,,,,0,0,0,0.04094456,5.50967034,3.29e-06,50485.5,0,0,5737.5,5737.5,0,44748,0,44748,0,,,,,,,,,,,,,,,,,,,,,,,,,,,,,,,,,,,,,,,,,,,2009-05-19,day,,,Western,Kalabo,LIUWA,2026-10-06T12:29:33+00:00,DesInventar Zambia (UNDRR) — DI_export_zmb.zip
220,04,0409,,Luapula,Lunga,,FLOOD,KALIMANKONDE ,2017,0,0,0,0,0,1,0,1,HOUSES,VAC,0,0,SAMUEL C,2017-06-06,0,0,0,-1,0,-1,0,0,0,0,0,0,1,1,0,0,,HEAVY RAIN,0,,0,0,0,0,0,0,0,0,0,0,0,0,1850,,,0,0,0,0885b45f-d4d6-4dc1-9e77-3947d60c6757,"1 STAFF HOUSE CRACKED, WATER LOGGED DISPOSAL FACILITY AND CONTAMINATED WATER POINT. DISPOSAL FACILITY 1. ",1850,0,0,0,0,0,0,0,0,0,0,0,0,0,0,0,0,0,0,0,0,0,0,0,0,0,0,0,0,0,0,0,0,0,0,0,0,0,0,0,0,0,0,,,,,,,,,,,,,,,,,,,,,,,,,,,,,,,,,,,,,,,,,,,,,,,,,,,,,,,,,,,,,,,,,,,,,,,,,,,,,,,,,,,,,,,,,,,,,,,,,,,,,0,0,0,0.03320801,5.50967034,2.2e-07,5812.5,0,0,5812.5,5812.5,0,0,0,0,0,,,,,,,,,,,,,,,,,,,,,,,,,,,,,,,,,,,,,,,,,,,2017,year,,,Luapula,Lunga,KALIMANKONDE ,2026-10-06T12:29:33+00:00,DesInventar Zambia (UNDRR) — DI_export_zmb.zip
221,04,0409,,Luapula,Lunga,,FLOOD,KASOMALUNGA,2014,0,0,0,0,0,0,0,0,,VAC,0,0,SAMUEL C,2017-06-06,0,0,0,0,0,0,0,0,0,0,0,0,1,0,0,0,,HEAVY RAIN ,0,,0,0,0,0,0,0,0,0,0,0,0,0,1851,,,0,0,0,3431a522-9419-4a87-831e-78dd3b8bb7e0,WATER LOGGED DISPOSAL FACILITY AND CONTAMINATED WATER POINT AFFECTED IN KASOMALUNGA DUE HEAVY RAIN. ,1851,0,0,0,0,0,0,0,0,0,0,0,0,0,0,0,0,0,0,0,0,0,0,0,0,0,0,0,0,1,0,0,0,0,0,0,0,0,0,0,0,0,0,,,,,,,,,,,,,,,,,,,,,,,,,,,,,,,,,,,,,,,,,,,,,,,,,,,,,,,,,,,,,,,,,,,,,,,,,,,,,,,,,,,,,,,,,,,,,,,,,,,,,0,0,0,0,0,0,0,0,0,0,0,0,0,0,0,0,,,,,,,,,,,,,,,,,,,,,,,,,,,,,,,,,,,,,,,,,,,2014,year,,,Luapula,Lunga,KASOMALUNGA,2026-10-06T12:29:33+00:00,DesInventar Zambia (UNDRR) — DI_export_zmb.zip
222,04,0409,,Luapula,Lunga,,FLOOD,NSALUSHI ,2014,0,0,0,0,0,0,0,0,TOILET ,VAC,0,0,Anonimous,2017-06-06,0,0,0,0,0,0,0,0,0,0,0,0,1,0,0,0,,HEAVY RAIN,0,,0,0,0,0,0,0,0,0,0,0,0,0,1852,,,0,0,0,70a3c633-bf1e-455b-88a2-2686b787098e,WATER POINT DAMAGED BY HEAVY RAIN IN NSALUSHI LUNGA DISTRICT ,1852,0,0,0,0,0,0,0,0,0,0,0,0,0,0,0,0,0,0,0,0,0,0,0,0,0,0,0,0,1,0,0,0,0,0,0,0,0,0,0,0,0,0,,,,,,,,,,,,,,,,,,,,,,,,,,,,,,,,,,,,,,,,,,,,,,,,,,,,,,,,,,,,,,,,,,,,,,,,,,,,,,,,,,,,,,,,,,,,,,,,,,,,,0,0,0,0,0,0,0,0,0,0,0,0,0,0,0,0,,,,,,,,,,,,,,,,,,,,,,,,,,,,,,,,,,,,,,,,,,,2014,year,,,Luapula,Lunga,NSALUSHI ,2026-10-06T12:29:33+00:00,DesInventar Zambia (UNDRR) — DI_export_zmb.zip
225,04,0406,,Luapula,Nchelenge,,FLOOD,KILWA ,2014,0,0,0,0,0,0,0,1,HOSES ,ZVAC ,0,0,SAMUEL C,2017-06-07,0,0,0,0,0,-1,0,0,0,0,0,0,0,0,0,0,,HEAVY RAIN /WIND ,0,,0,0,0,0,0,0,0,0,0,0,0,0,1855,,,0,0,0,f9576894-274f-4ca1-b6cd-3c80a4a9cf92,ONE STAFF HOUSE AT KILWA RURAL HEALTH POST  WALL CRACKS DUE TO HEAVY RAIN/WIND ,1855,0,0,0,0,0,0,0,0,0,0,0,0,0,0,0,0,0,0,0,0,0,0,0,0,0,0,0,0,0,0,0,0,0,0,0,0,0,0,0,0,0,0,,,,,,,,,,,,,,,,,,,,,,,,,,,,,,,,,,,,,,,,,,,,,,,,,,,,,,,,,,,,,,,,,,,,,,,,,,,,,,,,,,,,,,,,,,,,,,,,,,,,,0,0,0,0.03527098,5.50967034,2.2e-07,5850,0,0,5850,5850,0,0,0,0,0,,,,,,,,,,,,,,,,,,,,,,,,,,,,,,,,,,,,,,,,,,,2014,year,,,Luapula,Nchelenge,KILWA ,2026-10-06T12:29:33+00:00,DesInventar Zambia (UNDRR) — DI_export_zmb.zip
81,05,0501,,Lusaka,Lusaka,,FLOOD,CHANDWE MUSONDA,2013,10,13,0,0,0,0,0,0,NIL,MOSES MWELWA,0,0,C.KATUTA,2017-05-03,0,0,0,-1,0,0,0,0,0,0,0,0,0,0,0,0,,HEAVY DOWN POUR OF RAINS,1,,0,0,0,0,0,1,0,0,0,0,0,0,1270,,,0,0,0,a3abf0f2-7653-4daa-a36b-7c0a01b7993c,DRANAINAGE IMPROVEMENT WORKS ALONG CHANDWE MUSOND AND PART OF LUMUMBA DUE TO FLOOD DISASTERS,1270,20,0,0,0,0,0,0,0,0,0,0,0,0,0,0,0,0,0,0,0,0,0,0,0,0,0,0,0,0,0,0,0,0,0,0,0,0,0,0,0,0,0,,,,,,,,,,,,,,,,,,,,,,,,,,,,,,,,,,,,,,,,,,,,,,,,,,,,,,,,,,,,,,,,,,,,,,,,,,,,,,,,,,,,,,,,,,,,,,,,,,,,,0,0,0,0,0,0,0,0,0,0,0,0,0,0,0,0,,,,,,,,,,,,,,,,,,,,,,,,,,,,,,,,,,,,,,,,,,,2013-10-13,day,,2013-10-13,Lusaka,Lusaka,CHANDWE MUSONDA,2026-10-06T12:29:33+00:00,DesInventar Zambia (UNDRR) — DI_export_zmb.zip
168,01,0103,,Central,Kabwe,,FLOOD,KAPUTULA ,2001,2,7,0,0,0,0,0,100,,MR MNL MALAMBO DMMU,0,0,Anonimous,2017-05-08,0,0,0,0,0,-1,0,1,0,0,0,0,0,0,0,0,,HEAVY RAIN ,0,,0,0,0,0,0,0,0,0,0,0,0,0,1809,,,0,0,0,95279433-5f2c-4b3c-9d4e-26157decf0ce,HEAVY  RAIN LEFT 100 HOUSE COLLAPSED IN KABWE KAPUTULA COMPOUND .,1809,0,0,0,0,0,0,0,0,0,0,0,0,0,0,0,0,0,0,0,0,0,0,0,0,0,0,0,0,0,0,0,0,0,0,0,0,0,0,0,0,0,0,,,,,,,,,,,,,,,,,,,,,,,,,,,,,,,,,,,,,,,,,,,,,,,,,,,,,,,,,,,,,,,,,,,,,,,,,,,,,,,,,,,,,,,,,,,,,,,,,,,,,0,0,0,0,400,0,562500,0,0,562500,562500,0,0,0,0,0,,,,,,,,,,,,,,,,,,,,,,,,,,,,,,,,,,,,,,,,,,,2001-02-07,day,,,Central,Kabwe,KAPUTULA ,2026-10-06T12:29:33+00:00,DesInventar Zambia (UNDRR) — DI_export_zmb.zip
2252,05,0501,,Lusaka,Lusaka,,FLOOD,"Mandevu, Kanyama, Chawama",2025,1,25,0,0,0,1704,0,355,,Disaster Management and Mitigation Unit,0,0,,28-01-2025,0,0,0,-1,0,-1,0,0,0,0,0,0,0,0,0,0,Heavy Rain,Heavy Rainfall,0,,0,0,0,0,0,1,1704,106,-1,-1,-1,106,2233,,0,0,0,0,a6444ea0-d496-4d3e-bc9f-60acde49a9d9,Heavy rains resulted in evacuation of some households to temporal shelters.,2233,0,0,0,0,0,0,0,0,0,0,0,0,0,0,0,0,0,0,0,0,0,0,0,0,0,0,0,0,0,0,0,0,0,0,0,0,0,0,0,0,0,0,0,0,0,0,0,0,0,0,0,0,0,0,0,0,0,0,0,0,0,0,0,1704,0,0,0,0,0,0,0,0,0,0,0,0,0,0,0,0,0,0,0,0,0,0,0,0,0,0,0,0,0,0,0,0,0,0,0,0,0,0,0,0,0,0,0,0,0,0,0,0,0,0,0,0,0,355,0,0,0,0,0,0,0,0,0,0,0,0,0,0,0,0,0,0,0,0,0,0,0,0,0,0,0,0,0,0,0,0,0,0,0,0,0,0,0,0,0,0,0,0,0,0,0,0,0,0,0,0,0,0,0,0,0,0,0,0,0,0,0,0,0,0,0,0,0,0,0,0,0,0,0,0,0,0,0,0,0,0,2025-01-25,day,,2025-01-25,Lusaka,Lusaka,"Mandevu, Kanyama, Chawama",2026-10-06T12:29:33+00:00,DesInventar Zambia (UNDRR) — DI_export_zmb.zip
2259,05,0503,,Lusaka,Luangwa,,FLASH FLOODS,"Const: Feira Wards: Mburuma, Dzalo, Kabowo, Katondwe",2026,1,17,0,0,0,0,0,950,,Disaster Management and Mitigation Unit,0,0,Virginia,27/01/2026,0,0,0,-1,0,-1,0,0,0,0,0,0,0,0,0,0,Heavy Rain,"Water levels in Luangwa and Zambezi rivers rise, crop damage",0,,0,0,319,0,0,1,0,0,0,0,0,0,2238,,0,0,0,0,36f8bf76-1800-4bfc-a91a-8a6fbf0a4262,"•	Water levels in Luangwa and Zambezi rivers have risen as a result of rain, and this has resulted in floods at an estimated 1m height into crop fields.
•	Crop Damage of upland and lowland fields estimated at 319 hectares.
•	As the rain season progresses, more damage is likely to occur.
",2238,0,0,0,0,0,0,0,0,0,0,0,0,0,0,0,319,0,0,0,0,0,0,0,0,0,0,0,0,0,0,0,0,0,0,0,0,0,0,0,0,0,0,0,0,0,0,0,0,0,0,0,0,0,0,0,0,0,0,0,0,0,0,0,4560,0,0,0,0,0,0,0,0,0,0,0,0,0,0,0,0,0,0,0,0,0,0,0,319,0,0,0,0,0,0,0,0,0,0,0,0,0,0,0,0,0,0,0,0,0,0,0,0,0,0,0,0,0,950,0,0,0,0,0,0,0,0,0,0,0,0,0,0,0,0,0,0,0,0,0,0,0,0,0,0,0,0,0,0,0,0,0,0,0,0,0,0,0,0,0,0,0,0,0,0,0,0,0,0,0,0,0,0,0,0,0,0,0,0,0,0,0,319,319,0,0,0,0,0,0,0,0,0,0,0,0,0,0,0,0,0,2026-01-17,day,,2026-01-17,Lusaka,Luangwa,"Const: Feira Wards: Mburuma, Dzalo, Kabowo, Katondwe",2026-10-06T12:29:33+00:00,DesInventar Zambia (UNDRR) — DI_export_zmb.zip
2260,05,0504,,Lusaka,Rufunsa,,FLASH FLOODS,"Const:Rufunsa Wards: Shikabeta, ",2026,1,18,0,0,0,300,0,0,,Disaster Management and Mitigation Unit,0,0,Virginia,27/01/2026,0,0,0,-1,0,0,0,0,0,0,0,0,0,0,0,0,Heavy Rain,Water levels at the Mwateshi stream have risen,0,,0,0,150,0,0,1,300,0,-1,0,0,0,2239,,0,1,0,0,323620bf-2a51-47cd-b402-59f8d577c02d,"•	Water levels at the mwateshi stream have risen as a result of continued heavy rainfall which exceeded 47mm, and this has resulted in flash floods.
•	Crop Damage of wetland and dambo fields.
•	A cumulative estimate of 150Ha of wetlands crops damaged.
",2239,0,0,0,0,0,0,0,0,0,0,0,0,0,0,0,150,0,0,0,0,0,0,0,0,0,0,0,0,0,0,0,0,0,0,0,0,0,0,0,0,0,0,0,0,0,0,0,0,0,0,0,0,0,0,0,0,0,0,0,0,0,0,0,0,0,0,0,0,0,0,0,0,0,0,0,0,0,0,0,300,0,0,0,0,0,0,0,150,0,0,0,0,0,0,0,0,0,0,0,0,0,0,0,0,0,0,0,0,0,0,0,0,0,0,0,0,0,0,0,0,0,0,0,0,0,0,0,0,0,0,0,0,0,0,0,0,0,0,0,0,0,0,0,0,0,0,0,0,0,0,0,0,0,0,0,0,0,0,0,0,0,0,0,0,0,0,0,0,0,0,0,0,0,0,0,0,0,0,0,0,0,150,150,0,0,0,0,0,0,0,0,0,0,0,0,0,0,0,0,0,2026-01-18,day,,2026-01-18,Lusaka,Rufunsa,"Const:Rufunsa Wards: Shikabeta, ",2026-10-06T12:29:33+00:00,DesInventar Zambia (UNDRR) — DI_export_zmb.zip
2261,05,0506,,Lusaka,Chongwe,,FLASH FLOODS,Const: Chongwe Wards: Madido •	Kapwayambale,2026,1,18,0,1,0,67,0,21,,Disaster Management and Mitigation Unit,0,0,,27/01/2026,0,-1,0,-1,0,-1,0,0,0,0,0,0,0,0,0,0,Heavy Rain,The area experienced heavy rainfall on 17th and 18th January,0,,0,0,0,0,0,1,0,0,0,0,0,0,2240,,0,1,0,0,1fc949cc-5b59-4cd5-83cd-bb0a9d5d293e,The area experienced heavy rainfall on 17th and 18th January 2026. The affected families are not involved in any agriculture activities. ,2240,0,0,0,0,0,0,0,0,0,0,0,0,0,0,0,0,0,0,0,0,0,0,0,0,0,0,0,0,0,0,0,0,0,0,0,0,0,0,0,0,0,0,0,0,0,0,0,0,0,0,0,0,0,0,0,0,0,1,1,0,0,0,0,67,28,39,25,42,0,0,0,0,0,0,0,0,0,0,0,0,0,0,0,0,0,0,0,0,0,0,0,0,0,0,0,0,0,0,0,0,0,0,0,0,0,0,0,0,0,0,0,0,0,0,0,0,0,21,0,0,0,0,0,0,0,0,0,0,0,0,0,0,0,0,0,0,0,0,0,0,0,0,0,0,0,0,0,0,0,0,0,0,0,0,0,0,0,0,0,0,0,0,0,0,0,0,0,0,0,0,0,0,0,0,0,0,0,0,0,0,0,0,0,0,0,0,0,0,0,0,0,0,0,0,0,0,0,0,0,0,2026-01-18,day,,2026-01-18,Lusaka,Chongwe,Const: Chongwe Wards: Madido •	Kapwayambale,2026-10-06T12:29:33+00:00,DesInventar Zambia (UNDRR) — DI_export_zmb.zip
2253,09,0903,,Southern,Gwembe,,FLASH FLOODS,"Gwembe, Lufwa River",2025,1,23,0,0,0,0,0,0,,Disaster Management and Mitigation Unit,0,0,,24-01-2025,0,0,0,0,0,0,0,0,0,0,0,0,0,0,0,0,Heavy Rain,Flash floods due to heavy rainfall. ,0,,0,0,444,0,0,1,0,0,0,0,0,0,2234,,0,0,0,0,2b62fcce-c29d-4b4a-93df-a7adc04633e8,Fields washed away due to heavy rains resulting in flash floods,2234,0,0,0,0,0,0,0,0,0,0,0,0,0,0,0,440,0,0,0,0,0,0,0,0,0,0,0,0,0,0,0,0,0,0,0,0,0,0,0,0,0,0,0,0,0,0,0,0,0,0,0,0,0,0,0,0,0,0,0,0,0,0,0,0,0,0,0,0,0,0,0,0,0,0,0,0,0,0,0,0,0,0,0,0,0,0,0,440,0,0,0,0,0,0,0,0,0,0,0,0,0,0,0,0,0,0,0,0,0,0,0,0,0,0,0,0,0,0,0,0,0,0,0,0,0,0,0,0,0,0,0,0,0,0,0,0,0,0,0,0,0,0,0,0,0,0,0,0,0,0,0,0,0,0,0,0,0,0,0,0,0,0,0,0,0,0,0,0,0,0,0,0,0,0,0,0,0,0,0,0,0,444,440,0,0,0,0,0,0,0,0,0,0,0,0,0,0,0,0,0,2025-01-23,day,,2025-01-23,Southern,Gwembe,"Gwembe, Lufwa River",2026-10-06T12:29:33+00:00,DesInventar Zambia (UNDRR) — DI_export_zmb.zip
2256,01,0103,,Central,Kabwe,,FLASH FLOODS,"Bwacha Constituency, Chinyanja Ward",2026,1,23,0,0,0,163,0,34,,Disas,0,0,,27/01/2026,0,0,0,-1,0,-1,0,0,0,0,0,0,0,0,0,0,Heavy Rain,Mazimba dam burst due to heavy rainfall.,0,,0,0,0,0,0,1,163,0,-1,0,0,0,2236,,0,0,0,0,f924240a-392e-451f-ac7f-c1a7ae34470b,The number of affected households were 34. The hectarage affected is not yet known. ,2236,0,0,0,0,0,0,0,0,0,0,0,0,0,0,0,0,0,0,0,0,0,0,0,0,0,0,0,0,0,0,0,0,0,0,0,0,0,0,0,0,0,0,0,0,0,0,0,0,0,0,0,0,0,0,0,0,0,0,0,0,0,0,0,163,93,70,42,113,8,0,0,0,0,0,0,0,0,0,0,34,19,15,0,0,0,0,0,0,0,0,0,0,0,0,0,0,0,0,0,0,0,0,0,0,0,0,0,0,0,0,0,0,0,0,0,0,0,0,0,0,0,0,0,0,0,0,0,0,0,0,0,0,0,0,0,0,0,0,0,0,0,0,0,0,0,0,0,0,0,0,0,0,0,0,0,0,0,0,0,0,0,0,0,0,0,0,0,0,0,0,0,0,0,0,0,0,0,0,0,0,0,0,0,0,0,0,0,0,0,0,0,0,0,0,0,0,0,0,0,0,2026-01-23,day,,2026-01-23,Central,Kabwe,"Bwacha Constituency, Chinyanja Ward",2026-10-06T12:29:33+00:00,DesInventar Zambia (UNDRR) — DI_export_zmb.zip
2263,05,0502,,Lusaka,Kafue,,FLASH FLOODS,"Const: KAFUE  Wards:  Kafue,  Matanda, Malundu ",2026,1,18,0,0,0,610,0,127,,Disaster Management and Mitigation Unit,0,0,,,0,0,0,-1,0,-1,0,0,0,0,0,0,0,0,0,0,Heavy Rain,Heavy rainfall causing Flash Floods,0,,0,0,17.51,0,0,1,610,0,-1,0,0,0,2241,,0,1,0,0,dce14dd8-7ce8-484e-a5cb-85ae83104a8e,,2241,0,0,0,0,0,0,0,0,0,0,0,0,0,0,0,0,0,0,0,0,0,0,0,0,0,0,0,0,0,0,0,0,0,0,0,0,0,0,0,0,0,0,0,0,0,0,0,0,0,0,0,0,0,0,0,0,0,0,0,0,0,0,0,610,0,0,0,0,0,0,0,0,0,0,0,0,0,0,0,0,0,0,0,0,0,0,0,17.51,0,0,0,0,0,0,0,0,0,0,0,0,0,0,0,0,0,0,0,0,0,0,0,0,0,0,0,0,0,0,0,0,0,0,0,0,0,0,0,0,0,0,0,0,0,0,0,0,0,0,0,0,0,0,0,0,0,0,0,0,0,0,0,0,0,0,0,0,0,0,0,0,0,0,0,0,0,0,0,0,0,0,0,0,0,0,0,0,0,0,0,0,0,0,0,0,0,0,0,0,0,0,0,0,0,0,0,0,0,0,0,0,2026-01-18,day,,2026-01-18,Lusaka,Kafue,"Const: KAFUE  Wards:  Kafue,  Matanda, Malundu ",2026-10-06T12:29:33+00:00,DesInventar Zambia (UNDRR) — DI_export_zmb.zip
