event_id,source,date_start,date_end,date_precision,districts,provinces,evidence,evidence_url,decision,decision_reason,baseline_label,proposed_label
DI-48,DesInventar (UNDRR),201-08-21,201-08-21,day,,Luapula,"DesInventar national disaster inventory record, event='FLOOD'",https://www.desinventar.net/DesInventar/profiletab.jsp?countrycode=zmb,MASK_EPISODE,"date is day-precision but only province-level location (Luapula); cannot attribute to a district, so the window is excluded from both classes rather than asserted",positive,masked (neither class)
DI-97,DesInventar (UNDRR),211-02-09,211-02-09,day,Chongwe,Lusaka,"DesInventar national disaster inventory record, event='FLOOD'",https://www.desinventar.net/DesInventar/profiletab.jsp?countrycode=zmb,POSITIVE_DAY,day-precision window of 1 day(s) over a named district,positive,positive
DFO-284.0,"Dartmouth Flood Observatory (Brakenridge, Univ. of Colorado)",1989-02-01,1989-02-10,day,Chilanga;Lusaka,,"DFO Global Active Archive of Large Flood Events; GLIDE=nan; cause=Heavy rain; detail='Lusaka, Chawama, Chilanga, Kanyama, Makeni'",https://floodobservatory.colorado.edu/Archives/index.html,POSITIVE_DAY,day-precision window of 10 day(s) over a named district,positive,positive
DFO-1322.0,"Dartmouth Flood Observatory (Brakenridge, Univ. of Colorado)",1998-03-17,1998-03-19,day,Chipata;Kitwe,,"DFO Global Active Archive of Large Flood Events; GLIDE=nan; cause=Heavy rain; detail='Kitwe, Ipusukilo, Chipata, Caprivi'",https://floodobservatory.colorado.edu/Archives/index.html,POSITIVE_DAY,day-precision window of 3 day(s) over a named district,positive,positive
DFO-1589.0,"Dartmouth Flood Observatory (Brakenridge, Univ. of Colorado)",2000-03-03,2000-03-04,day,,,"DFO Global Active Archive of Large Flood Events; GLIDE=nan; cause=Dam/Levy, break or release; detail='Floodgates on the Kariba dam were opened in response to high water; the area of Chiawa was flooded.'",https://floodobservatory.colorado.edu/Archives/index.html,EXCLUDE,no resolvable district or province,negative (excluded),excluded (contributes nothing)
DI-150,DesInventar (UNDRR),2000-04-13,2000-04-13,day,Mumbwa,Central,"DesInventar national disaster inventory record, event='FLOOD'",https://www.desinventar.net/DesInventar/profiletab.jsp?countrycode=zmb,POSITIVE_DAY,day-precision window of 1 day(s) over a named district,positive,positive
DI-60,DesInventar (UNDRR),2000-05-03,2000-05-03,day,Serenje,Central,"DesInventar national disaster inventory record, event='FLOOD'",https://www.desinventar.net/DesInventar/profiletab.jsp?countrycode=zmb,POSITIVE_DAY,day-precision window of 1 day(s) over a named district,positive,positive
DI-169,DesInventar (UNDRR),2001-01-23,2001-01-23,day,Serenje,Central,"DesInventar national disaster inventory record, event='FLOOD'",https://www.desinventar.net/DesInventar/profiletab.jsp?countrycode=zmb,POSITIVE_DAY,day-precision window of 1 day(s) over a named district,positive,positive
DI-110,DesInventar (UNDRR),2001-02-01,2001-02-01,day,Serenje,Central,"DesInventar national disaster inventory record, event='FLOOD'",https://www.desinventar.net/DesInventar/profiletab.jsp?countrycode=zmb,POSITIVE_DAY,day-precision window of 1 day(s) over a named district,positive,positive
DI-132,DesInventar (UNDRR),2001-02-03,2001-02-03,day,Serenje,Central,"DesInventar national disaster inventory record, event='FLOOD'",https://www.desinventar.net/DesInventar/profiletab.jsp?countrycode=zmb,POSITIVE_DAY,day-precision window of 1 day(s) over a named district,positive,positive
DI-168,DesInventar (UNDRR),2001-02-07,2001-02-07,day,Kabwe,Central,"DesInventar national disaster inventory record, event='FLOOD'",https://www.desinventar.net/DesInventar/profiletab.jsp?countrycode=zmb,POSITIVE_DAY,day-precision window of 1 day(s) over a named district,positive,positive
DI-170,DesInventar (UNDRR),2001-02-08,2001-02-08,day,Kapiri Mposhi,Central,"DesInventar national disaster inventory record, event='FLOOD'",https://www.desinventar.net/DesInventar/profiletab.jsp?countrycode=zmb,POSITIVE_DAY,day-precision window of 1 day(s) over a named district,positive,positive
DFO-2161.0,"Dartmouth Flood Observatory (Brakenridge, Univ. of Colorado)",2003-01-15,2003-07-01,day,Chavuma;Kalabo;Mongu;Sesheke;Zambezi,,DFO Global Active Archive of Large Flood Events; GLIDE=nan; cause=Heavy rain; detail='Caprivi strip area in northeastern Namibia: Kabbe and Katima districts.  --Zambia - Barotse plain in Mongu. Zambezi West',https://floodobservatory.colorado.edu/Archives/index.html,POSITIVE_DAY_ONSET_ONLY,"day-precision onset recorded, but the window spans 168 days (> 14); onset day is positive and the remainder is masked, because the source does not document which later days flooded",positive,positive (onset) + masked remainder
DFO-2153.0,"Dartmouth Flood Observatory (Brakenridge, Univ. of Colorado)",2003-02-05,2003-02-07,day,Kabwe,,DFO Global Active Archive of Large Flood Events; GLIDE=nan; cause=Heavy rain; detail='Kabwe area - Katondo and Chowa townships',https://floodobservatory.colorado.edu/Archives/index.html,POSITIVE_DAY,day-precision window of 3 day(s) over a named district,positive,positive
DFO-2181.0,"Dartmouth Flood Observatory (Brakenridge, Univ. of Colorado)",2003-03-11,2003-03-15,day,Gwembe;Mazabuka,,"DFO Global Active Archive of Large Flood Events; GLIDE=nan; cause=Heavy rain; detail='Southern Zambia - Southern Province - Gwembe District, Munyumbwe boma, Mazabuka'",https://floodobservatory.colorado.edu/Archives/index.html,POSITIVE_DAY,day-precision window of 5 day(s) over a named district,positive,positive
DFO-2430.0,"Dartmouth Flood Observatory (Brakenridge, Univ. of Colorado)",2004-02-01,2004-06-02,day,Senanga;Sesheke,,"DFO Global Active Archive of Large Flood Events; GLIDE=nan; cause=Heavy rain; detail='Namibia - Kavango and Caprivi regions. Rundu area. Constituencies: Linyanti, Sangwali, Kabbe, Katima, Linyandi and Kongo'",https://floodobservatory.colorado.edu/Archives/index.html,POSITIVE_DAY_ONSET_ONLY,"day-precision onset recorded, but the window spans 123 days (> 14); onset day is positive and the remainder is masked, because the source does not document which later days flooded",positive,positive (onset) + masked remainder
DI-143,DesInventar (UNDRR),2004-03-31,2004-03-31,day,Chavuma,North-Western,"DesInventar national disaster inventory record, event='FLOOD'",https://www.desinventar.net/DesInventar/profiletab.jsp?countrycode=zmb,POSITIVE_DAY,day-precision window of 1 day(s) over a named district,positive,positive
DI-145,DesInventar (UNDRR),2004-03-31,2004-03-31,day,Senanga,Western,"DesInventar national disaster inventory record, event='FLOOD'",https://www.desinventar.net/DesInventar/profiletab.jsp?countrycode=zmb,POSITIVE_DAY,day-precision window of 1 day(s) over a named district,positive,positive
DI-146,DesInventar (UNDRR),2004-03-31,2004-03-31,day,Mongu,Western,"DesInventar national disaster inventory record, event='FLOOD'",https://www.desinventar.net/DesInventar/profiletab.jsp?countrycode=zmb,POSITIVE_DAY,day-precision window of 1 day(s) over a named district,positive,positive
DI-147,DesInventar (UNDRR),2004-03-31,2004-03-31,day,Lukulu,Western,"DesInventar national disaster inventory record, event='FLOOD'",https://www.desinventar.net/DesInventar/profiletab.jsp?countrycode=zmb,POSITIVE_DAY,day-precision window of 1 day(s) over a named district,positive,positive
DI-148,DesInventar (UNDRR),2004-03-31,2004-03-31,day,Kalabo,Western,"DesInventar national disaster inventory record, event='FLOOD'",https://www.desinventar.net/DesInventar/profiletab.jsp?countrycode=zmb,POSITIVE_DAY,day-precision window of 1 day(s) over a named district,positive,positive
DFO-2638.0,"Dartmouth Flood Observatory (Brakenridge, Univ. of Colorado)",2005-03-01,2005-04-01,day,,,DFO Global Active Archive of Large Flood Events; GLIDE=nan; cause=Heavy rain; detail='Northeast Zambia - Northern Province',https://floodobservatory.colorado.edu/Archives/index.html,EXCLUDE,no resolvable district or province,negative (excluded),excluded (contributes nothing)
DI-92,DesInventar (UNDRR),2006-01-01,2006-12-31,year,Kapiri Mposhi,Central,"DesInventar national disaster inventory record, event='FLOOD'",https://www.desinventar.net/DesInventar/profiletab.jsp?countrycode=zmb,MASK_YEAR,year-precision only: cannot be a positive (would flag ~365 days) and must not be a negative (a flood is documented in this location-year),NEGATIVE (contaminated),masked (neither class)
DI-192,DesInventar (UNDRR),2006-03-11,2006-03-11,day,Kaoma,Western,"DesInventar national disaster inventory record, event='FLOOD'",https://www.desinventar.net/DesInventar/profiletab.jsp?countrycode=zmb,POSITIVE_DAY,day-precision window of 1 day(s) over a named district,positive,positive
DI-162,DesInventar (UNDRR),2006-03-14,2006-03-14,day,Mufumbwe,North-Western,"DesInventar national disaster inventory record, event='FLOOD'",https://www.desinventar.net/DesInventar/profiletab.jsp?countrycode=zmb,POSITIVE_DAY,day-precision window of 1 day(s) over a named district,positive,positive
DI-58,DesInventar (UNDRR),2006-05-06,2006-05-06,day,Serenje,Central,"DesInventar national disaster inventory record, event='FLOOD'",https://www.desinventar.net/DesInventar/profiletab.jsp?countrycode=zmb,POSITIVE_DAY,day-precision window of 1 day(s) over a named district,positive,positive
DI-184,DesInventar (UNDRR),2006-12-12,2006-12-12,day,Mpulungu,Northern,"DesInventar national disaster inventory record, event='FLOOD'",https://www.desinventar.net/DesInventar/profiletab.jsp?countrycode=zmb,POSITIVE_DAY,day-precision window of 1 day(s) over a named district,positive,positive
DI-125,DesInventar (UNDRR),2007-01-01,2007-12-31,year,Nyimba,Eastern,"DesInventar national disaster inventory record, event='FLOOD'",https://www.desinventar.net/DesInventar/profiletab.jsp?countrycode=zmb,MASK_YEAR,year-precision only: cannot be a positive (would flag ~365 days) and must not be a negative (a flood is documented in this location-year),NEGATIVE (contaminated),masked (neither class)
DI-64,DesInventar (UNDRR),2007-01-01,2007-12-31,year,Chongwe,Lusaka,"DesInventar national disaster inventory record, event='FLOOD'",https://www.desinventar.net/DesInventar/profiletab.jsp?countrycode=zmb,MASK_YEAR,year-precision only: cannot be a positive (would flag ~365 days) and must not be a negative (a flood is documented in this location-year),NEGATIVE (contaminated),masked (neither class)
ZM-2007-01,Curated log: DMMU rapid multi-sectoral flood impact assessment (via ReliefWeb),2007-01-01,2007-04-30,month,,"Central, Northern, North-Western, Western","span=120d; affected=~65,000 people displaced; notes=Month-level date range only (Jan-Apr 2007 per source); exact day-level dates not available from secondary reporting. DMMU assessment conducted late February 200",https://reliefweb.int/report/zambia/zambia-rapid-flood-impact-assessment-report-mar-2007,MASK_EPISODE,"date is month-precision but only province-level location (Central, Northern, North-Western, Western); cannot attribute to a district, so the window is excluded from both classes rather than asserted",positive,masked (neither class)
DFO-3018.0,"Dartmouth Flood Observatory (Brakenridge, Univ. of Colorado)",2007-01-10,2007-05-10,day,Chavuma;Mpulungu;Mwinilunga;Solwezi;Zambezi,,"DFO Global Active Archive of Large Flood Events; GLIDE=FL-2007-000030-NAM
FL-2007-000011-ZMB; cause=Heavy rain; detail='Zambia - North-Western Province - Zambezi, Chavuma and Mwinilunga districts. Mpulungu Chawama, Kalukungu, Kizhigezhnge, '",https://floodobservatory.colorado.edu/Archives/index.html,POSITIVE_DAY_ONSET_ONLY,"day-precision onset recorded, but the window spans 121 days (> 14); onset day is positive and the remainder is masked, because the source does not document which later days flooded",positive,positive (onset) + masked remainder
DFO-3023.0,"Dartmouth Flood Observatory (Brakenridge, Univ. of Colorado)",2007-01-20,2007-03-10,day,Chama;Kabwe;Kapiri Mposhi;Luangwa;Lundazi;Lusaka;Mambwe;Mpulungu,,"DFO Global Active Archive of Large Flood Events; GLIDE=nan; cause=Heavy rain; detail='Malawi - Karonga district. --Zambia - Eastern Province - Chama, Mambwe, Mfuwe. Lundazi District. Luangwa valley. Norther'",https://floodobservatory.colorado.edu/Archives/index.html,POSITIVE_DAY_ONSET_ONLY,"day-precision onset recorded, but the window spans 50 days (> 14); onset day is positive and the remainder is masked, because the source does not document which later days flooded",positive,positive (onset) + masked remainder
DI-174,DesInventar (UNDRR),2007-01-29,2007-01-29,day,Mongu,Western,"DesInventar national disaster inventory record, event='FLOOD'",https://www.desinventar.net/DesInventar/profiletab.jsp?countrycode=zmb,POSITIVE_DAY,day-precision window of 1 day(s) over a named district,positive,positive
DI-150,DesInventar (UNDRR),2007-02-22,2007-02-22,day,Chilubi,Northern,"DesInventar national disaster inventory record, event='FLOOD'",https://www.desinventar.net/DesInventar/profiletab.jsp?countrycode=zmb,POSITIVE_DAY,day-precision window of 1 day(s) over a named district,positive,positive
DI-95,DesInventar (UNDRR),2007-05-04,2007-05-04,day,Lusaka,Lusaka,"DesInventar national disaster inventory record, event='FLOOD'",https://www.desinventar.net/DesInventar/profiletab.jsp?countrycode=zmb,POSITIVE_DAY,day-precision window of 1 day(s) over a named district,positive,positive
DI-59,DesInventar (UNDRR),2007-08-20,2007-08-20,day,Kapiri Mposhi,Central,"DesInventar national disaster inventory record, event='FLOOD'",https://www.desinventar.net/DesInventar/profiletab.jsp?countrycode=zmb,POSITIVE_DAY,day-precision window of 1 day(s) over a named district,positive,positive
ZM-2007-02,Curated log: Government of Zambia Vulnerability Assessment Committee (via ReliefWeb); NASA Earth Observatory,2007-12-01,2008-01-31,month,,"Lusaka, Eastern, Western, Southern","span=62d; affected=~34,000 people displaced; ~1,000 families displaced along the Magoye River; notes=Month-level date range (Dec 2007-Jan 2008) inferred from NASA's Dec 24 2007-Jan 25 2008 rainfall-comparison window and a Jan 24 2008 UN News report. The 34,000-",https://reliefweb.int/report/zimbabwe/zimbabwezambia-flooding-claims-more-lives ; https://earthobservatory.nasa.gov/images/19497/intense-seasonal-floods-in-southern-africa,MASK_EPISODE,"date is month-precision but only province-level location (Lusaka, Eastern, Western, Southern); cannot attribute to a district, so the window is excluded from both classes rather than asserted",positive,masked (neither class)
DFO-3250.0,"Dartmouth Flood Observatory (Brakenridge, Univ. of Colorado)",2007-12-30,2008-04-01,day,Chibombo;Choma;Itezhi-tezhi;Kafue;Lusaka;Mazabuka;Monze;Mumbwa;Namwala;Siavonga;Sinazongwe,,"DFO Global Active Archive of Large Flood Events; GLIDE=FL-2008-000004-ZMB; cause=Heavy rain; detail='Southern Province - Mazabuka, Ndeke. Sinazongwe, Namhala, Monze and Siavonga, Maamba. Itebe area. Munenga. Itezhi-Tezhi,'",https://floodobservatory.colorado.edu/Archives/index.html,POSITIVE_DAY_ONSET_ONLY,"day-precision onset recorded, but the window spans 94 days (> 14); onset day is positive and the remainder is masked, because the source does not document which later days flooded",positive,positive (onset) + masked remainder
DI-57,DesInventar (UNDRR),2008-01-01,2008-12-31,year,Serenje,Central,"DesInventar national disaster inventory record, event='FLOOD'",https://www.desinventar.net/DesInventar/profiletab.jsp?countrycode=zmb,MASK_YEAR,year-precision only: cannot be a positive (would flag ~365 days) and must not be a negative (a flood is documented in this location-year),NEGATIVE (contaminated),masked (neither class)
DI-121,DesInventar (UNDRR),2008-01-03,2008-01-03,day,Monze,Southern,"DesInventar national disaster inventory record, event='FLOOD'",https://www.desinventar.net/DesInventar/profiletab.jsp?countrycode=zmb,POSITIVE_DAY,day-precision window of 1 day(s) over a named district,positive,positive
DI-195,DesInventar (UNDRR),2008-01-03,2008-01-03,day,Monze,Southern,"DesInventar national disaster inventory record, event='FLOOD'",https://www.desinventar.net/DesInventar/profiletab.jsp?countrycode=zmb,POSITIVE_DAY,day-precision window of 1 day(s) over a named district,positive,positive
DI-194,DesInventar (UNDRR),2008-01-21,2008-01-21,day,Mumbwa,Central,"DesInventar national disaster inventory record, event='FLOOD'",https://www.desinventar.net/DesInventar/profiletab.jsp?countrycode=zmb,POSITIVE_DAY,day-precision window of 1 day(s) over a named district,positive,positive
DI-190,DesInventar (UNDRR),2008-01-24,2008-01-24,day,Mkushi,Central,"DesInventar national disaster inventory record, event='FLOOD'",https://www.desinventar.net/DesInventar/profiletab.jsp?countrycode=zmb,POSITIVE_DAY,day-precision window of 1 day(s) over a named district,positive,positive
DFO-3273.0,"Dartmouth Flood Observatory (Brakenridge, Univ. of Colorado)",2008-02-09,2008-05-01,day,Chavuma;Kabompo;Mongu;Monze;Mufumbwe;Zambezi,,"DFO Global Active Archive of Large Flood Events; GLIDE=FL-2008-000004-NAM; cause=Heavy rain; detail='Zambia - Western and North-Western provinces. Mongu area. Chavuma, Zambezi, Mufumbwe, Kabompo. Nguvu, Nyathanda, Kambuya'",https://floodobservatory.colorado.edu/Archives/index.html,POSITIVE_DAY_ONSET_ONLY,"day-precision onset recorded, but the window spans 83 days (> 14); onset day is positive and the remainder is masked, because the source does not document which later days flooded",positive,positive (onset) + masked remainder
DI-96,DesInventar (UNDRR),2008-03-06,2008-03-06,day,Lusaka,Lusaka,"DesInventar national disaster inventory record, event='FLOOD'",https://www.desinventar.net/DesInventar/profiletab.jsp?countrycode=zmb,POSITIVE_DAY,day-precision window of 1 day(s) over a named district,positive,positive
DI-132,DesInventar (UNDRR),2008-03-08,2008-03-08,day,Lusaka,Lusaka,"DesInventar national disaster inventory record, event='FLOOD'",https://www.desinventar.net/DesInventar/profiletab.jsp?countrycode=zmb,POSITIVE_DAY,day-precision window of 1 day(s) over a named district,positive,positive
DI-93,DesInventar (UNDRR),2008-03-08,2008-03-08,day,Lusaka,Lusaka,"DesInventar national disaster inventory record, event='FLOOD'",https://www.desinventar.net/DesInventar/profiletab.jsp?countrycode=zmb,POSITIVE_DAY,day-precision window of 1 day(s) over a named district,positive,positive
DI-98,DesInventar (UNDRR),2008-03-08,2008-03-08,day,Lusaka,Lusaka,"DesInventar national disaster inventory record, event='FLOOD'",https://www.desinventar.net/DesInventar/profiletab.jsp?countrycode=zmb,POSITIVE_DAY,day-precision window of 1 day(s) over a named district,positive,positive
DI-203,DesInventar (UNDRR),2008-03-23,2008-03-23,day,Nchelenge,Luapula,"DesInventar national disaster inventory record, event='FLOOD'",https://www.desinventar.net/DesInventar/profiletab.jsp?countrycode=zmb,POSITIVE_DAY,day-precision window of 1 day(s) over a named district,positive,positive
DI-94,DesInventar (UNDRR),2008-05-03,2008-05-03,day,Lusaka,Lusaka,"DesInventar national disaster inventory record, event='FLOOD'",https://www.desinventar.net/DesInventar/profiletab.jsp?countrycode=zmb,POSITIVE_DAY,day-precision window of 1 day(s) over a named district,positive,positive
DI-100,DesInventar (UNDRR),2008-12-29,2008-12-29,day,Lusaka,Lusaka,"DesInventar national disaster inventory record, event='FLOOD'",https://www.desinventar.net/DesInventar/profiletab.jsp?countrycode=zmb,POSITIVE_DAY,day-precision window of 1 day(s) over a named district,positive,positive
DI-99,DesInventar (UNDRR),2008-12-29,2008-12-29,day,Lusaka,Lusaka,"DesInventar national disaster inventory record, event='FLOOD'",https://www.desinventar.net/DesInventar/profiletab.jsp?countrycode=zmb,POSITIVE_DAY,day-precision window of 1 day(s) over a named district,positive,positive
DI-107,DesInventar (UNDRR),2009-01-01,2009-12-31,year,Shangombo,Western,"DesInventar national disaster inventory record, event='FLOOD'",https://www.desinventar.net/DesInventar/profiletab.jsp?countrycode=zmb,MASK_YEAR,year-precision only: cannot be a positive (would flag ~365 days) and must not be a negative (a flood is documented in this location-year),NEGATIVE (contaminated),masked (neither class)
DI-108,DesInventar (UNDRR),2009-01-01,2009-12-31,year,Shangombo,Western,"DesInventar national disaster inventory record, event='FLOOD'",https://www.desinventar.net/DesInventar/profiletab.jsp?countrycode=zmb,MASK_YEAR,year-precision only: cannot be a positive (would flag ~365 days) and must not be a negative (a flood is documented in this location-year),NEGATIVE (contaminated),masked (neither class)
DI-138,DesInventar (UNDRR),2009-01-01,2009-12-31,year,Shangombo,Western,"DesInventar national disaster inventory record, event='FLOOD'",https://www.desinventar.net/DesInventar/profiletab.jsp?countrycode=zmb,MASK_YEAR,year-precision only: cannot be a positive (would flag ~365 days) and must not be a negative (a flood is documented in this location-year),NEGATIVE (contaminated),masked (neither class)
DI-139,DesInventar (UNDRR),2009-01-01,2009-12-31,year,Shangombo,Western,"DesInventar national disaster inventory record, event='FLOOD'",https://www.desinventar.net/DesInventar/profiletab.jsp?countrycode=zmb,MASK_YEAR,year-precision only: cannot be a positive (would flag ~365 days) and must not be a negative (a flood is documented in this location-year),NEGATIVE (contaminated),masked (neither class)
DI-141,DesInventar (UNDRR),2009-01-01,2009-12-31,year,Shangombo,Western,"DesInventar national disaster inventory record, event='FLOOD'",https://www.desinventar.net/DesInventar/profiletab.jsp?countrycode=zmb,MASK_YEAR,year-precision only: cannot be a positive (would flag ~365 days) and must not be a negative (a flood is documented in this location-year),NEGATIVE (contaminated),masked (neither class)
DI-186,DesInventar (UNDRR),2009-01-01,2009-12-31,year,Serenje,Central,"DesInventar national disaster inventory record, event='FLOOD'",https://www.desinventar.net/DesInventar/profiletab.jsp?countrycode=zmb,MASK_YEAR,year-precision only: cannot be a positive (would flag ~365 days) and must not be a negative (a flood is documented in this location-year),NEGATIVE (contaminated),masked (neither class)
DI-205,DesInventar (UNDRR),2009-01-01,2009-12-31,year,Kalabo,Western,"DesInventar national disaster inventory record, event='FLOOD'",https://www.desinventar.net/DesInventar/profiletab.jsp?countrycode=zmb,MASK_YEAR,year-precision only: cannot be a positive (would flag ~365 days) and must not be a negative (a flood is documented in this location-year),NEGATIVE (contaminated),masked (neither class)
DI-207,DesInventar (UNDRR),2009-01-01,2009-12-31,year,Kalabo,Western,"DesInventar national disaster inventory record, event='FLOOD'",https://www.desinventar.net/DesInventar/profiletab.jsp?countrycode=zmb,MASK_YEAR,year-precision only: cannot be a positive (would flag ~365 days) and must not be a negative (a flood is documented in this location-year),NEGATIVE (contaminated),masked (neither class)
DI-208,DesInventar (UNDRR),2009-01-01,2009-12-31,year,Kalabo,Western,"DesInventar national disaster inventory record, event='FLOOD'",https://www.desinventar.net/DesInventar/profiletab.jsp?countrycode=zmb,MASK_YEAR,year-precision only: cannot be a positive (would flag ~365 days) and must not be a negative (a flood is documented in this location-year),NEGATIVE (contaminated),masked (neither class)
DI-210,DesInventar (UNDRR),2009-01-01,2009-12-31,year,Kalabo,Western,"DesInventar national disaster inventory record, event='FLOOD'",https://www.desinventar.net/DesInventar/profiletab.jsp?countrycode=zmb,MASK_YEAR,year-precision only: cannot be a positive (would flag ~365 days) and must not be a negative (a flood is documented in this location-year),NEGATIVE (contaminated),masked (neither class)
DI-52,DesInventar (UNDRR),2009-01-01,2009-12-31,year,Chongwe,Lusaka,"DesInventar national disaster inventory record, event='FLOOD'",https://www.desinventar.net/DesInventar/profiletab.jsp?countrycode=zmb,MASK_YEAR,year-precision only: cannot be a positive (would flag ~365 days) and must not be a negative (a flood is documented in this location-year),NEGATIVE (contaminated),masked (neither class)
DI-52,DesInventar (UNDRR),2009-01-01,2009-12-31,year,Serenje,Central,"DesInventar national disaster inventory record, event='FLOOD'",https://www.desinventar.net/DesInventar/profiletab.jsp?countrycode=zmb,MASK_YEAR,year-precision only: cannot be a positive (would flag ~365 days) and must not be a negative (a flood is documented in this location-year),NEGATIVE (contaminated),masked (neither class)
DI-60,DesInventar (UNDRR),2009-02-06,2009-02-06,day,Mwinilunga,North-Western,"DesInventar national disaster inventory record, event='FLOOD'",https://www.desinventar.net/DesInventar/profiletab.jsp?countrycode=zmb,POSITIVE_DAY,day-precision window of 1 day(s) over a named district,positive,positive
DI-111,DesInventar (UNDRR),2009-02-11,2009-02-11,day,Mansa,Luapula,"DesInventar national disaster inventory record, event='FLOOD'",https://www.desinventar.net/DesInventar/profiletab.jsp?countrycode=zmb,POSITIVE_DAY,day-precision window of 1 day(s) over a named district,positive,positive
DI-112,DesInventar (UNDRR),2009-02-11,2009-02-11,day,Kawambwa,Luapula,"DesInventar national disaster inventory record, event='FLOOD'",https://www.desinventar.net/DesInventar/profiletab.jsp?countrycode=zmb,POSITIVE_DAY,day-precision window of 1 day(s) over a named district,positive,positive
DI-113,DesInventar (UNDRR),2009-02-11,2009-02-11,day,Kawambwa,Luapula,"DesInventar national disaster inventory record, event='FLOOD'",https://www.desinventar.net/DesInventar/profiletab.jsp?countrycode=zmb,POSITIVE_DAY,day-precision window of 1 day(s) over a named district,positive,positive
DI-114,DesInventar (UNDRR),2009-02-11,2009-02-11,day,Kawambwa,Luapula,"DesInventar national disaster inventory record, event='FLOOD'",https://www.desinventar.net/DesInventar/profiletab.jsp?countrycode=zmb,POSITIVE_DAY,day-precision window of 1 day(s) over a named district,positive,positive
DI-115,DesInventar (UNDRR),2009-02-11,2009-02-11,day,Kawambwa,Luapula,"DesInventar national disaster inventory record, event='FLOOD'",https://www.desinventar.net/DesInventar/profiletab.jsp?countrycode=zmb,POSITIVE_DAY,day-precision window of 1 day(s) over a named district,positive,positive
DI-56,DesInventar (UNDRR),2009-02-18,2009-02-18,day,Kawambwa,Luapula,"DesInventar national disaster inventory record, event='FLOOD'",https://www.desinventar.net/DesInventar/profiletab.jsp?countrycode=zmb,POSITIVE_DAY,day-precision window of 1 day(s) over a named district,positive,positive
DFO-3467.0,"Dartmouth Flood Observatory (Brakenridge, Univ. of Colorado)",2009-02-27,2009-04-25,day,,,"DFO Global Active Archive of Large Flood Events; GLIDE=FL-2009-000068-ZMB,FL-2009-000063-AGO,FL-2009-000062-NAM; cause=Heavy Rain; detail='Namibia, Zambia, Malawi, Mozambique, Botswana and Zimbabwe'",https://floodobservatory.colorado.edu/Archives/index.html,EXCLUDE,no resolvable district or province,negative (excluded),excluded (contributes nothing)
ZM-2009-01,Curated log: Wikipedia secondary synthesis; DMMU Shangombo rapid assessment (via ReliefWeb),2009-03-01,2009-04-30,month,Shangombo,"Western, North-Western, Southern","span=61d; affected=20,000 households affected; 5,000 homes destroyed in Southern Province alone; 76 households (~460 people) displaced in Shangombo district specifically; notes=Part of a multi-country flood event (Angola/Namibia/Zambia/Botswana); the regional death toll (131) is not disaggregated by country in available sources, so dea","https://en.wikipedia.org/wiki/2009_Angola,_Namibia_and_Zambia_floods ; https://reliefweb.int/report/zambia/zambia-shangombo-district-rapid-flood-impact-assessment-report-mar-2009",MASK_EPISODE,"month-precision range spans 61 days (> 31); this is a seasonal episode, not a dated event, so no day can be asserted positive",positive,masked (neither class)
DI-57,DesInventar (UNDRR),2009-03-09,2009-03-09,day,Kabwe,Central,"DesInventar national disaster inventory record, event='FLOOD'",https://www.desinventar.net/DesInventar/profiletab.jsp?countrycode=zmb,POSITIVE_DAY,day-precision window of 1 day(s) over a named district,positive,positive
DI-198,DesInventar (UNDRR),2009-03-27,2009-03-27,day,Chipata,Eastern,"DesInventar national disaster inventory record, event='FLOOD'",https://www.desinventar.net/DesInventar/profiletab.jsp?countrycode=zmb,POSITIVE_DAY,day-precision window of 1 day(s) over a named district,positive,positive
DI-199,DesInventar (UNDRR),2009-03-27,2009-03-27,day,Chipata,Eastern,"DesInventar national disaster inventory record, event='FLOOD'",https://www.desinventar.net/DesInventar/profiletab.jsp?countrycode=zmb,POSITIVE_DAY,day-precision window of 1 day(s) over a named district,positive,positive
DI-200,DesInventar (UNDRR),2009-03-27,2009-03-27,day,Chipata,Eastern,"DesInventar national disaster inventory record, event='FLOOD'",https://www.desinventar.net/DesInventar/profiletab.jsp?countrycode=zmb,POSITIVE_DAY,day-precision window of 1 day(s) over a named district,positive,positive
DI-201,DesInventar (UNDRR),2009-03-27,2009-03-27,day,Chipata,Eastern,"DesInventar national disaster inventory record, event='FLOOD'",https://www.desinventar.net/DesInventar/profiletab.jsp?countrycode=zmb,POSITIVE_DAY,day-precision window of 1 day(s) over a named district,positive,positive
DI-202,DesInventar (UNDRR),2009-03-27,2009-03-27,day,Chipata,Eastern,"DesInventar national disaster inventory record, event='FLOOD'",https://www.desinventar.net/DesInventar/profiletab.jsp?countrycode=zmb,POSITIVE_DAY,day-precision window of 1 day(s) over a named district,positive,positive
DI-51,DesInventar (UNDRR),2009-03-27,2009-03-27,day,Mpika,Muchinga,"DesInventar national disaster inventory record, event='FLOOD'",https://www.desinventar.net/DesInventar/profiletab.jsp?countrycode=zmb,POSITIVE_DAY,day-precision window of 1 day(s) over a named district,positive,positive
DI-50,DesInventar (UNDRR),2009-04-03,2009-04-03,day,Serenje,Central,"DesInventar national disaster inventory record, event='FLOOD'",https://www.desinventar.net/DesInventar/profiletab.jsp?countrycode=zmb,POSITIVE_DAY,day-precision window of 1 day(s) over a named district,positive,positive
DI-213,DesInventar (UNDRR),2009-05-19,2009-05-19,day,Kalabo,Western,"DesInventar national disaster inventory record, event='FLOOD'",https://www.desinventar.net/DesInventar/profiletab.jsp?countrycode=zmb,POSITIVE_DAY,day-precision window of 1 day(s) over a named district,positive,positive
DI-49,DesInventar (UNDRR),2009-05-30,2009-05-30,day,Mungwi,Northern,"DesInventar national disaster inventory record, event='FLOOD'",https://www.desinventar.net/DesInventar/profiletab.jsp?countrycode=zmb,POSITIVE_DAY,day-precision window of 1 day(s) over a named district,positive,positive
DI-144,DesInventar (UNDRR),2010-01-01,2010-12-31,year,Serenje,Central,"DesInventar national disaster inventory record, event='FLOOD'",https://www.desinventar.net/DesInventar/profiletab.jsp?countrycode=zmb,MASK_YEAR,year-precision only: cannot be a positive (would flag ~365 days) and must not be a negative (a flood is documented in this location-year),NEGATIVE (contaminated),masked (neither class)
DI-183,DesInventar (UNDRR),2010-01-01,2010-12-31,year,Solwezi,North-Western,"DesInventar national disaster inventory record, event='FLOOD'",https://www.desinventar.net/DesInventar/profiletab.jsp?countrycode=zmb,MASK_YEAR,year-precision only: cannot be a positive (would flag ~365 days) and must not be a negative (a flood is documented in this location-year),NEGATIVE (contaminated),masked (neither class)
DI-184,DesInventar (UNDRR),2010-01-01,2010-12-31,year,Mansa,Luapula,"DesInventar national disaster inventory record, event='FLOOD'",https://www.desinventar.net/DesInventar/profiletab.jsp?countrycode=zmb,MASK_YEAR,year-precision only: cannot be a positive (would flag ~365 days) and must not be a negative (a flood is documented in this location-year),NEGATIVE (contaminated),masked (neither class)
DI-189,DesInventar (UNDRR),2010-01-01,2010-12-31,year,Serenje,Central,"DesInventar national disaster inventory record, event='FLOOD'",https://www.desinventar.net/DesInventar/profiletab.jsp?countrycode=zmb,MASK_YEAR,year-precision only: cannot be a positive (would flag ~365 days) and must not be a negative (a flood is documented in this location-year),NEGATIVE (contaminated),masked (neither class)
DI-190,DesInventar (UNDRR),2010-01-01,2010-12-31,year,Serenje,Central,"DesInventar national disaster inventory record, event='FLOOD'",https://www.desinventar.net/DesInventar/profiletab.jsp?countrycode=zmb,MASK_YEAR,year-precision only: cannot be a positive (would flag ~365 days) and must not be a negative (a flood is documented in this location-year),NEGATIVE (contaminated),masked (neither class)
DI-191,DesInventar (UNDRR),2010-01-01,2010-12-31,year,Chavuma,North-Western,"DesInventar national disaster inventory record, event='FLOOD'",https://www.desinventar.net/DesInventar/profiletab.jsp?countrycode=zmb,MASK_YEAR,year-precision only: cannot be a positive (would flag ~365 days) and must not be a negative (a flood is documented in this location-year),NEGATIVE (contaminated),masked (neither class)
DI-192,DesInventar (UNDRR),2010-01-01,2010-12-31,year,Gwembe,Southern,"DesInventar national disaster inventory record, event='FLOOD'",https://www.desinventar.net/DesInventar/profiletab.jsp?countrycode=zmb,MASK_YEAR,year-precision only: cannot be a positive (would flag ~365 days) and must not be a negative (a flood is documented in this location-year),NEGATIVE (contaminated),masked (neither class)
DI-193,DesInventar (UNDRR),2010-01-01,2010-12-31,year,Kazungula,Southern,"DesInventar national disaster inventory record, event='FLOOD'",https://www.desinventar.net/DesInventar/profiletab.jsp?countrycode=zmb,MASK_YEAR,year-precision only: cannot be a positive (would flag ~365 days) and must not be a negative (a flood is documented in this location-year),NEGATIVE (contaminated),masked (neither class)
DI-194,DesInventar (UNDRR),2010-01-01,2010-12-31,year,Namwala,Southern,"DesInventar national disaster inventory record, event='FLOOD'",https://www.desinventar.net/DesInventar/profiletab.jsp?countrycode=zmb,MASK_YEAR,year-precision only: cannot be a positive (would flag ~365 days) and must not be a negative (a flood is documented in this location-year),NEGATIVE (contaminated),masked (neither class)
DI-195,DesInventar (UNDRR),2010-01-01,2010-12-31,year,Kalabo,Western,"DesInventar national disaster inventory record, event='FLOOD'",https://www.desinventar.net/DesInventar/profiletab.jsp?countrycode=zmb,MASK_YEAR,year-precision only: cannot be a positive (would flag ~365 days) and must not be a negative (a flood is documented in this location-year),NEGATIVE (contaminated),masked (neither class)
DI-196,DesInventar (UNDRR),2010-01-01,2010-12-31,year,Lukulu,Western,"DesInventar national disaster inventory record, event='FLOOD'",https://www.desinventar.net/DesInventar/profiletab.jsp?countrycode=zmb,MASK_YEAR,year-precision only: cannot be a positive (would flag ~365 days) and must not be a negative (a flood is documented in this location-year),NEGATIVE (contaminated),masked (neither class)
DI-197,DesInventar (UNDRR),2010-01-01,2010-12-31,year,Lukulu,Western,"DesInventar national disaster inventory record, event='FLOOD'",https://www.desinventar.net/DesInventar/profiletab.jsp?countrycode=zmb,MASK_YEAR,year-precision only: cannot be a positive (would flag ~365 days) and must not be a negative (a flood is documented in this location-year),NEGATIVE (contaminated),masked (neither class)
DI-198,DesInventar (UNDRR),2010-01-01,2010-12-31,year,Mongu,Western,"DesInventar national disaster inventory record, event='FLOOD'",https://www.desinventar.net/DesInventar/profiletab.jsp?countrycode=zmb,MASK_YEAR,year-precision only: cannot be a positive (would flag ~365 days) and must not be a negative (a flood is documented in this location-year),NEGATIVE (contaminated),masked (neither class)
DI-199,DesInventar (UNDRR),2010-01-01,2010-12-31,year,Mongu,Western,"DesInventar national disaster inventory record, event='FLOOD'",https://www.desinventar.net/DesInventar/profiletab.jsp?countrycode=zmb,MASK_YEAR,year-precision only: cannot be a positive (would flag ~365 days) and must not be a negative (a flood is documented in this location-year),NEGATIVE (contaminated),masked (neither class)
DI-200,DesInventar (UNDRR),2010-01-01,2010-12-31,year,Senanga,Western,"DesInventar national disaster inventory record, event='FLOOD'",https://www.desinventar.net/DesInventar/profiletab.jsp?countrycode=zmb,MASK_YEAR,year-precision only: cannot be a positive (would flag ~365 days) and must not be a negative (a flood is documented in this location-year),NEGATIVE (contaminated),masked (neither class)
DI-201,DesInventar (UNDRR),2010-01-01,2010-12-31,year,Senanga,Western,"DesInventar national disaster inventory record, event='FLOOD'",https://www.desinventar.net/DesInventar/profiletab.jsp?countrycode=zmb,MASK_YEAR,year-precision only: cannot be a positive (would flag ~365 days) and must not be a negative (a flood is documented in this location-year),NEGATIVE (contaminated),masked (neither class)
DI-202,DesInventar (UNDRR),2010-01-01,2010-12-31,year,Senanga,Western,"DesInventar national disaster inventory record, event='FLOOD'",https://www.desinventar.net/DesInventar/profiletab.jsp?countrycode=zmb,MASK_YEAR,year-precision only: cannot be a positive (would flag ~365 days) and must not be a negative (a flood is documented in this location-year),NEGATIVE (contaminated),masked (neither class)
DI-203,DesInventar (UNDRR),2010-01-01,2010-12-31,year,Senanga,Western,"DesInventar national disaster inventory record, event='FLOOD'",https://www.desinventar.net/DesInventar/profiletab.jsp?countrycode=zmb,MASK_YEAR,year-precision only: cannot be a positive (would flag ~365 days) and must not be a negative (a flood is documented in this location-year),NEGATIVE (contaminated),masked (neither class)
DI-205,DesInventar (UNDRR),2010-01-01,2010-12-31,year,Kazungula,Southern,"DesInventar national disaster inventory record, event='FLOOD'",https://www.desinventar.net/DesInventar/profiletab.jsp?countrycode=zmb,MASK_YEAR,year-precision only: cannot be a positive (would flag ~365 days) and must not be a negative (a flood is documented in this location-year),NEGATIVE (contaminated),masked (neither class)
DI-206,DesInventar (UNDRR),2010-01-01,2010-12-31,year,Namwala,Southern,"DesInventar national disaster inventory record, event='FLOOD'",https://www.desinventar.net/DesInventar/profiletab.jsp?countrycode=zmb,MASK_YEAR,year-precision only: cannot be a positive (would flag ~365 days) and must not be a negative (a flood is documented in this location-year),NEGATIVE (contaminated),masked (neither class)
DI-207,DesInventar (UNDRR),2010-01-01,2010-12-31,year,Sinazongwe,Southern,"DesInventar national disaster inventory record, event='FLOOD'",https://www.desinventar.net/DesInventar/profiletab.jsp?countrycode=zmb,MASK_YEAR,year-precision only: cannot be a positive (would flag ~365 days) and must not be a negative (a flood is documented in this location-year),NEGATIVE (contaminated),masked (neither class)
DI-208,DesInventar (UNDRR),2010-01-01,2010-12-31,year,Kalabo,Western,"DesInventar national disaster inventory record, event='FLOOD'",https://www.desinventar.net/DesInventar/profiletab.jsp?countrycode=zmb,MASK_YEAR,year-precision only: cannot be a positive (would flag ~365 days) and must not be a negative (a flood is documented in this location-year),NEGATIVE (contaminated),masked (neither class)
DI-209,DesInventar (UNDRR),2010-01-01,2010-12-31,year,Lukulu,Western,"DesInventar national disaster inventory record, event='FLOOD'",https://www.desinventar.net/DesInventar/profiletab.jsp?countrycode=zmb,MASK_YEAR,year-precision only: cannot be a positive (would flag ~365 days) and must not be a negative (a flood is documented in this location-year),NEGATIVE (contaminated),masked (neither class)
DI-210,DesInventar (UNDRR),2010-01-01,2010-12-31,year,Mongu,Western,"DesInventar national disaster inventory record, event='FLOOD'",https://www.desinventar.net/DesInventar/profiletab.jsp?countrycode=zmb,MASK_YEAR,year-precision only: cannot be a positive (would flag ~365 days) and must not be a negative (a flood is documented in this location-year),NEGATIVE (contaminated),masked (neither class)
DI-211,DesInventar (UNDRR),2010-01-01,2010-12-31,year,Senanga,Western,"DesInventar national disaster inventory record, event='FLOOD'",https://www.desinventar.net/DesInventar/profiletab.jsp?countrycode=zmb,MASK_YEAR,year-precision only: cannot be a positive (would flag ~365 days) and must not be a negative (a flood is documented in this location-year),NEGATIVE (contaminated),masked (neither class)
DI-212,DesInventar (UNDRR),2010-01-01,2010-12-31,year,Shangombo,Western,"DesInventar national disaster inventory record, event='FLOOD'",https://www.desinventar.net/DesInventar/profiletab.jsp?countrycode=zmb,MASK_YEAR,year-precision only: cannot be a positive (would flag ~365 days) and must not be a negative (a flood is documented in this location-year),NEGATIVE (contaminated),masked (neither class)
DI-213,DesInventar (UNDRR),2010-01-01,2010-12-31,year,Sesheke,Western,"DesInventar national disaster inventory record, event='FLOOD'",https://www.desinventar.net/DesInventar/profiletab.jsp?countrycode=zmb,MASK_YEAR,year-precision only: cannot be a positive (would flag ~365 days) and must not be a negative (a flood is documented in this location-year),NEGATIVE (contaminated),masked (neither class)
DI-56,DesInventar (UNDRR),2010-01-01,2010-12-31,year,Lufwanyama,Copperbelt,"DesInventar national disaster inventory record, event='FLOOD'",https://www.desinventar.net/DesInventar/profiletab.jsp?countrycode=zmb,MASK_YEAR,year-precision only: cannot be a positive (would flag ~365 days) and must not be a negative (a flood is documented in this location-year),NEGATIVE (contaminated),masked (neither class)
DI-58,DesInventar (UNDRR),2010-02-25,2010-02-25,day,Kalabo,Western,"DesInventar national disaster inventory record, event='FLOOD'",https://www.desinventar.net/DesInventar/profiletab.jsp?countrycode=zmb,POSITIVE_DAY,day-precision window of 1 day(s) over a named district,positive,positive
DFO-3616.0,"Dartmouth Flood Observatory (Brakenridge, Univ. of Colorado)",2010-03-01,2010-03-17,day,Lusaka;Mpulungu,,"DFO Global Active Archive of Large Flood Events; GLIDE=FL-2010-000038-ZMB; cause=Heavy Rain; detail='Northwestern and Lusaka provinces, villages in Mpulungu, Lake Tanganyika shores, Kapembwa area of Mpulungu, Caprivi Stri'",https://floodobservatory.colorado.edu/Archives/index.html,POSITIVE_DAY_ONSET_ONLY,"day-precision onset recorded, but the window spans 17 days (> 14); onset day is positive and the remainder is masked, because the source does not document which later days flooded",positive,positive (onset) + masked remainder
DI-51,DesInventar (UNDRR),2010-03-08,2010-03-08,day,Kabwe,Central,"DesInventar national disaster inventory record, event='FLOOD'",https://www.desinventar.net/DesInventar/profiletab.jsp?countrycode=zmb,POSITIVE_DAY,day-precision window of 1 day(s) over a named district,positive,positive
DI-54,DesInventar (UNDRR),2010-03-10,2010-03-10,day,Mambwe,Eastern,"DesInventar national disaster inventory record, event='FLOOD'",https://www.desinventar.net/DesInventar/profiletab.jsp?countrycode=zmb,POSITIVE_DAY,day-precision window of 1 day(s) over a named district,positive,positive
DI-56,DesInventar (UNDRR),2010-03-10,2010-03-10,day,Petauke,Eastern,"DesInventar national disaster inventory record, event='FLOOD'",https://www.desinventar.net/DesInventar/profiletab.jsp?countrycode=zmb,POSITIVE_DAY,day-precision window of 1 day(s) over a named district,positive,positive
DI-47,DesInventar (UNDRR),2010-03-28,2010-03-28,day,Livingstone,Southern,"DesInventar national disaster inventory record, event='FLOOD'",https://www.desinventar.net/DesInventar/profiletab.jsp?countrycode=zmb,POSITIVE_DAY,day-precision window of 1 day(s) over a named district,positive,positive
DI-69,DesInventar (UNDRR),2010-04-01,2010-04-30,month,Katete,Eastern,"DesInventar national disaster inventory record, event='FLOOD'",https://www.desinventar.net/DesInventar/profiletab.jsp?countrycode=zmb,POSITIVE_MONTH,month-precision window of 30 days over a named district,positive,positive
DI-68,DesInventar (UNDRR),2010-04-26,2010-04-26,day,Luangwa,Lusaka,"DesInventar national disaster inventory record, event='FLOOD'",https://www.desinventar.net/DesInventar/profiletab.jsp?countrycode=zmb,POSITIVE_DAY,day-precision window of 1 day(s) over a named district,positive,positive
DI-70,DesInventar (UNDRR),2010-08-10,2010-08-10,day,Zambezi,North-Western,"DesInventar national disaster inventory record, event='FLOOD'",https://www.desinventar.net/DesInventar/profiletab.jsp?countrycode=zmb,POSITIVE_DAY,day-precision window of 1 day(s) over a named district,positive,positive
DI-65,DesInventar (UNDRR),2010-10-31,2010-10-31,day,Mwinilunga,North-Western,"DesInventar national disaster inventory record, event='FLOOD'",https://www.desinventar.net/DesInventar/profiletab.jsp?countrycode=zmb,POSITIVE_DAY,day-precision window of 1 day(s) over a named district,positive,positive
DI-66,DesInventar (UNDRR),2010-10-31,2010-10-31,day,Mwinilunga,North-Western,"DesInventar national disaster inventory record, event='FLOOD'",https://www.desinventar.net/DesInventar/profiletab.jsp?countrycode=zmb,POSITIVE_DAY,day-precision window of 1 day(s) over a named district,positive,positive
DI-67,DesInventar (UNDRR),2010-10-31,2010-10-31,day,Mwinilunga,North-Western,"DesInventar national disaster inventory record, event='FLOOD'",https://www.desinventar.net/DesInventar/profiletab.jsp?countrycode=zmb,POSITIVE_DAY,day-precision window of 1 day(s) over a named district,positive,positive
DI-108,DesInventar (UNDRR),2010-11-22,2010-11-22,day,Mongu,Western,"DesInventar national disaster inventory record, event='FLOOD'",https://www.desinventar.net/DesInventar/profiletab.jsp?countrycode=zmb,POSITIVE_DAY,day-precision window of 1 day(s) over a named district,positive,positive
DI-109,DesInventar (UNDRR),2010-11-22,2010-11-22,day,Mongu,Western,"DesInventar national disaster inventory record, event='FLOOD'",https://www.desinventar.net/DesInventar/profiletab.jsp?countrycode=zmb,POSITIVE_DAY,day-precision window of 1 day(s) over a named district,positive,positive
DI-110,DesInventar (UNDRR),2010-11-22,2010-11-22,day,Mongu,Western,"DesInventar national disaster inventory record, event='FLOOD'",https://www.desinventar.net/DesInventar/profiletab.jsp?countrycode=zmb,POSITIVE_DAY,day-precision window of 1 day(s) over a named district,positive,positive
DI-101,DesInventar (UNDRR),2011-01-01,2011-12-31,year,Kabwe,Central,"DesInventar national disaster inventory record, event='FLOOD'",https://www.desinventar.net/DesInventar/profiletab.jsp?countrycode=zmb,MASK_YEAR,year-precision only: cannot be a positive (would flag ~365 days) and must not be a negative (a flood is documented in this location-year),NEGATIVE (contaminated),masked (neither class)
DI-101,DesInventar (UNDRR),2011-01-01,2011-12-31,year,Chiengi,Luapula,"DesInventar national disaster inventory record, event='FLOOD'",https://www.desinventar.net/DesInventar/profiletab.jsp?countrycode=zmb,MASK_YEAR,year-precision only: cannot be a positive (would flag ~365 days) and must not be a negative (a flood is documented in this location-year),NEGATIVE (contaminated),masked (neither class)
DI-102,DesInventar (UNDRR),2011-01-01,2011-12-31,year,Kapiri Mposhi,Central,"DesInventar national disaster inventory record, event='FLOOD'",https://www.desinventar.net/DesInventar/profiletab.jsp?countrycode=zmb,MASK_YEAR,year-precision only: cannot be a positive (would flag ~365 days) and must not be a negative (a flood is documented in this location-year),NEGATIVE (contaminated),masked (neither class)
DI-103,DesInventar (UNDRR),2011-01-01,2011-12-31,year,Mkushi,Central,"DesInventar national disaster inventory record, event='FLOOD'",https://www.desinventar.net/DesInventar/profiletab.jsp?countrycode=zmb,MASK_YEAR,year-precision only: cannot be a positive (would flag ~365 days) and must not be a negative (a flood is documented in this location-year),NEGATIVE (contaminated),masked (neither class)
DI-103,DesInventar (UNDRR),2011-01-01,2011-12-31,year,Chibombo,Central,"DesInventar national disaster inventory record, event='FLOOD'",https://www.desinventar.net/DesInventar/profiletab.jsp?countrycode=zmb,MASK_YEAR,year-precision only: cannot be a positive (would flag ~365 days) and must not be a negative (a flood is documented in this location-year),NEGATIVE (contaminated),masked (neither class)
DI-104,DesInventar (UNDRR),2011-01-01,2011-12-31,year,Serenje,Central,"DesInventar national disaster inventory record, event='FLOOD'",https://www.desinventar.net/DesInventar/profiletab.jsp?countrycode=zmb,MASK_YEAR,year-precision only: cannot be a positive (would flag ~365 days) and must not be a negative (a flood is documented in this location-year),NEGATIVE (contaminated),masked (neither class)
DI-104,DesInventar (UNDRR),2011-01-01,2011-12-31,year,Mansa,Luapula,"DesInventar national disaster inventory record, event='FLOOD'",https://www.desinventar.net/DesInventar/profiletab.jsp?countrycode=zmb,MASK_YEAR,year-precision only: cannot be a positive (would flag ~365 days) and must not be a negative (a flood is documented in this location-year),NEGATIVE (contaminated),masked (neither class)
DI-106,DesInventar (UNDRR),2011-01-01,2011-12-31,year,Kabwe,Central,"DesInventar national disaster inventory record, event='FLOOD'",https://www.desinventar.net/DesInventar/profiletab.jsp?countrycode=zmb,MASK_YEAR,year-precision only: cannot be a positive (would flag ~365 days) and must not be a negative (a flood is documented in this location-year),NEGATIVE (contaminated),masked (neither class)
DI-159,DesInventar (UNDRR),2011-01-01,2011-12-31,year,Mansa,Luapula,"DesInventar national disaster inventory record, event='FLOOD'",https://www.desinventar.net/DesInventar/profiletab.jsp?countrycode=zmb,MASK_YEAR,year-precision only: cannot be a positive (would flag ~365 days) and must not be a negative (a flood is documented in this location-year),NEGATIVE (contaminated),masked (neither class)
DI-47,DesInventar (UNDRR),2011-01-01,2011-12-31,year,Luanshya,Copperbelt,"DesInventar national disaster inventory record, event='FLOOD'",https://www.desinventar.net/DesInventar/profiletab.jsp?countrycode=zmb,MASK_YEAR,year-precision only: cannot be a positive (would flag ~365 days) and must not be a negative (a flood is documented in this location-year),NEGATIVE (contaminated),masked (neither class)
DI-49,DesInventar (UNDRR),2011-01-01,2011-12-31,year,Luanshya,Copperbelt,"DesInventar national disaster inventory record, event='FLOOD'",https://www.desinventar.net/DesInventar/profiletab.jsp?countrycode=zmb,MASK_YEAR,year-precision only: cannot be a positive (would flag ~365 days) and must not be a negative (a flood is documented in this location-year),NEGATIVE (contaminated),masked (neither class)
DI-50,DesInventar (UNDRR),2011-01-01,2011-12-31,year,Kasama,Northern,"DesInventar national disaster inventory record, event='FLOOD'",https://www.desinventar.net/DesInventar/profiletab.jsp?countrycode=zmb,MASK_YEAR,year-precision only: cannot be a positive (would flag ~365 days) and must not be a negative (a flood is documented in this location-year),NEGATIVE (contaminated),masked (neither class)
DI-51,DesInventar (UNDRR),2011-01-01,2011-12-31,year,Luanshya,Copperbelt,"DesInventar national disaster inventory record, event='FLOOD'",https://www.desinventar.net/DesInventar/profiletab.jsp?countrycode=zmb,MASK_YEAR,year-precision only: cannot be a positive (would flag ~365 days) and must not be a negative (a flood is documented in this location-year),NEGATIVE (contaminated),masked (neither class)
DI-53,DesInventar (UNDRR),2011-01-01,2011-12-31,year,Kasama,Northern,"DesInventar national disaster inventory record, event='FLOOD'",https://www.desinventar.net/DesInventar/profiletab.jsp?countrycode=zmb,MASK_YEAR,year-precision only: cannot be a positive (would flag ~365 days) and must not be a negative (a flood is documented in this location-year),NEGATIVE (contaminated),masked (neither class)
DI-55,DesInventar (UNDRR),2011-01-01,2011-12-31,year,Mpika,Muchinga,"DesInventar national disaster inventory record, event='FLOOD'",https://www.desinventar.net/DesInventar/profiletab.jsp?countrycode=zmb,MASK_YEAR,year-precision only: cannot be a positive (would flag ~365 days) and must not be a negative (a flood is documented in this location-year),NEGATIVE (contaminated),masked (neither class)
DI-57,DesInventar (UNDRR),2011-01-01,2011-12-31,year,Kasama,Northern,"DesInventar national disaster inventory record, event='FLOOD'",https://www.desinventar.net/DesInventar/profiletab.jsp?countrycode=zmb,MASK_YEAR,year-precision only: cannot be a positive (would flag ~365 days) and must not be a negative (a flood is documented in this location-year),NEGATIVE (contaminated),masked (neither class)
DI-59,DesInventar (UNDRR),2011-01-01,2011-12-31,year,Mkushi,Central,"DesInventar national disaster inventory record, event='FLOOD'",https://www.desinventar.net/DesInventar/profiletab.jsp?countrycode=zmb,MASK_YEAR,year-precision only: cannot be a positive (would flag ~365 days) and must not be a negative (a flood is documented in this location-year),NEGATIVE (contaminated),masked (neither class)
DI-62,DesInventar (UNDRR),2011-01-01,2011-12-31,year,Sinda,Eastern,"DesInventar national disaster inventory record, event='FLOOD'",https://www.desinventar.net/DesInventar/profiletab.jsp?countrycode=zmb,MASK_YEAR,year-precision only: cannot be a positive (would flag ~365 days) and must not be a negative (a flood is documented in this location-year),NEGATIVE (contaminated),masked (neither class)
DI-63,DesInventar (UNDRR),2011-01-01,2011-12-31,year,Kalabo,Western,"DesInventar national disaster inventory record, event='FLOOD'",https://www.desinventar.net/DesInventar/profiletab.jsp?countrycode=zmb,MASK_YEAR,year-precision only: cannot be a positive (would flag ~365 days) and must not be a negative (a flood is documented in this location-year),NEGATIVE (contaminated),masked (neither class)
DI-69,DesInventar (UNDRR),2011-01-01,2011-12-31,year,Petauke,Eastern,"DesInventar national disaster inventory record, event='FLOOD'",https://www.desinventar.net/DesInventar/profiletab.jsp?countrycode=zmb,MASK_YEAR,year-precision only: cannot be a positive (would flag ~365 days) and must not be a negative (a flood is documented in this location-year),NEGATIVE (contaminated),masked (neither class)
DI-70,DesInventar (UNDRR),2011-01-01,2011-12-31,year,Mpulungu,Northern,"DesInventar national disaster inventory record, event='FLOOD'",https://www.desinventar.net/DesInventar/profiletab.jsp?countrycode=zmb,MASK_YEAR,year-precision only: cannot be a positive (would flag ~365 days) and must not be a negative (a flood is documented in this location-year),NEGATIVE (contaminated),masked (neither class)
DI-72,DesInventar (UNDRR),2011-01-01,2011-12-31,year,Solwezi,North-Western,"DesInventar national disaster inventory record, event='FLOOD'",https://www.desinventar.net/DesInventar/profiletab.jsp?countrycode=zmb,MASK_YEAR,year-precision only: cannot be a positive (would flag ~365 days) and must not be a negative (a flood is documented in this location-year),NEGATIVE (contaminated),masked (neither class)
DI-75,DesInventar (UNDRR),2011-01-01,2011-12-31,year,Lundazi,Eastern,"DesInventar national disaster inventory record, event='FLOOD'",https://www.desinventar.net/DesInventar/profiletab.jsp?countrycode=zmb,MASK_YEAR,year-precision only: cannot be a positive (would flag ~365 days) and must not be a negative (a flood is documented in this location-year),NEGATIVE (contaminated),masked (neither class)
DI-76,DesInventar (UNDRR),2011-01-01,2011-12-31,year,Lundazi,Eastern,"DesInventar national disaster inventory record, event='FLOOD'",https://www.desinventar.net/DesInventar/profiletab.jsp?countrycode=zmb,MASK_YEAR,year-precision only: cannot be a positive (would flag ~365 days) and must not be a negative (a flood is documented in this location-year),NEGATIVE (contaminated),masked (neither class)
DI-79,DesInventar (UNDRR),2011-01-01,2011-12-31,year,Chipata,Eastern,"DesInventar national disaster inventory record, event='FLOOD'",https://www.desinventar.net/DesInventar/profiletab.jsp?countrycode=zmb,MASK_YEAR,year-precision only: cannot be a positive (would flag ~365 days) and must not be a negative (a flood is documented in this location-year),NEGATIVE (contaminated),masked (neither class)
DI-80,DesInventar (UNDRR),2011-01-01,2011-12-31,year,Lundazi,Eastern,"DesInventar national disaster inventory record, event='FLOOD'",https://www.desinventar.net/DesInventar/profiletab.jsp?countrycode=zmb,MASK_YEAR,year-precision only: cannot be a positive (would flag ~365 days) and must not be a negative (a flood is documented in this location-year),NEGATIVE (contaminated),masked (neither class)
DI-83,DesInventar (UNDRR),2011-01-01,2011-12-31,year,Lundazi,Eastern,"DesInventar national disaster inventory record, event='FLOOD'",https://www.desinventar.net/DesInventar/profiletab.jsp?countrycode=zmb,MASK_YEAR,year-precision only: cannot be a positive (would flag ~365 days) and must not be a negative (a flood is documented in this location-year),NEGATIVE (contaminated),masked (neither class)
DI-85,DesInventar (UNDRR),2011-01-01,2011-12-31,year,Lundazi,Eastern,"DesInventar national disaster inventory record, event='FLOOD'",https://www.desinventar.net/DesInventar/profiletab.jsp?countrycode=zmb,MASK_YEAR,year-precision only: cannot be a positive (would flag ~365 days) and must not be a negative (a flood is documented in this location-year),NEGATIVE (contaminated),masked (neither class)
DI-86,DesInventar (UNDRR),2011-01-01,2011-12-31,year,Lundazi,Eastern,"DesInventar national disaster inventory record, event='FLOOD'",https://www.desinventar.net/DesInventar/profiletab.jsp?countrycode=zmb,MASK_YEAR,year-precision only: cannot be a positive (would flag ~365 days) and must not be a negative (a flood is documented in this location-year),NEGATIVE (contaminated),masked (neither class)
DI-87,DesInventar (UNDRR),2011-01-01,2011-12-31,year,Lundazi,Eastern,"DesInventar national disaster inventory record, event='FLOOD'",https://www.desinventar.net/DesInventar/profiletab.jsp?countrycode=zmb,MASK_YEAR,year-precision only: cannot be a positive (would flag ~365 days) and must not be a negative (a flood is documented in this location-year),NEGATIVE (contaminated),masked (neither class)
DI-89,DesInventar (UNDRR),2011-01-01,2011-12-31,year,Lundazi,Eastern,"DesInventar national disaster inventory record, event='FLOOD'",https://www.desinventar.net/DesInventar/profiletab.jsp?countrycode=zmb,MASK_YEAR,year-precision only: cannot be a positive (would flag ~365 days) and must not be a negative (a flood is documented in this location-year),NEGATIVE (contaminated),masked (neither class)
DI-90,DesInventar (UNDRR),2011-01-01,2011-12-31,year,Kapiri Mposhi,Central,"DesInventar national disaster inventory record, event='FLOOD'",https://www.desinventar.net/DesInventar/profiletab.jsp?countrycode=zmb,MASK_YEAR,year-precision only: cannot be a positive (would flag ~365 days) and must not be a negative (a flood is documented in this location-year),NEGATIVE (contaminated),masked (neither class)
DI-93,DesInventar (UNDRR),2011-01-01,2011-12-31,year,Kapiri Mposhi,Central,"DesInventar national disaster inventory record, event='FLOOD'",https://www.desinventar.net/DesInventar/profiletab.jsp?countrycode=zmb,MASK_YEAR,year-precision only: cannot be a positive (would flag ~365 days) and must not be a negative (a flood is documented in this location-year),NEGATIVE (contaminated),masked (neither class)
DI-98,DesInventar (UNDRR),2011-01-01,2011-12-31,year,Serenje,Central,"DesInventar national disaster inventory record, event='FLOOD'",https://www.desinventar.net/DesInventar/profiletab.jsp?countrycode=zmb,MASK_YEAR,year-precision only: cannot be a positive (would flag ~365 days) and must not be a negative (a flood is documented in this location-year),NEGATIVE (contaminated),masked (neither class)
DI-98,DesInventar (UNDRR),2011-01-01,2011-12-31,year,Kalomo,Southern,"DesInventar national disaster inventory record, event='FLOOD'",https://www.desinventar.net/DesInventar/profiletab.jsp?countrycode=zmb,MASK_YEAR,year-precision only: cannot be a positive (would flag ~365 days) and must not be a negative (a flood is documented in this location-year),NEGATIVE (contaminated),masked (neither class)
DI-99,DesInventar (UNDRR),2011-01-01,2011-12-31,year,Serenje,Central,"DesInventar national disaster inventory record, event='FLOOD'",https://www.desinventar.net/DesInventar/profiletab.jsp?countrycode=zmb,MASK_YEAR,year-precision only: cannot be a positive (would flag ~365 days) and must not be a negative (a flood is documented in this location-year),NEGATIVE (contaminated),masked (neither class)
DI-99,DesInventar (UNDRR),2011-01-01,2011-12-31,year,Kasama,Northern,"DesInventar national disaster inventory record, event='FLOOD'",https://www.desinventar.net/DesInventar/profiletab.jsp?countrycode=zmb,MASK_YEAR,year-precision only: cannot be a positive (would flag ~365 days) and must not be a negative (a flood is documented in this location-year),NEGATIVE (contaminated),masked (neither class)
DI-59,DesInventar (UNDRR),2011-01-05,2011-01-05,day,Lufwanyama,Copperbelt,"DesInventar national disaster inventory record, event='FLOOD'",https://www.desinventar.net/DesInventar/profiletab.jsp?countrycode=zmb,POSITIVE_DAY,day-precision window of 1 day(s) over a named district,positive,positive
DI-94,DesInventar (UNDRR),2011-01-07,2011-01-07,day,Chipata,Eastern,"DesInventar national disaster inventory record, event='FLOOD'",https://www.desinventar.net/DesInventar/profiletab.jsp?countrycode=zmb,POSITIVE_DAY,day-precision window of 1 day(s) over a named district,positive,positive
DI-102,DesInventar (UNDRR),2011-01-11,2011-01-11,day,Lufwanyama,Copperbelt,"DesInventar national disaster inventory record, event='FLOOD'",https://www.desinventar.net/DesInventar/profiletab.jsp?countrycode=zmb,POSITIVE_DAY,day-precision window of 1 day(s) over a named district,positive,positive
DI-96,DesInventar (UNDRR),2011-01-17,2011-01-17,day,Zimba,Southern,"DesInventar national disaster inventory record, event='FLOOD'",https://www.desinventar.net/DesInventar/profiletab.jsp?countrycode=zmb,POSITIVE_DAY,day-precision window of 1 day(s) over a named district,positive,positive
DI-95,DesInventar (UNDRR),2011-01-18,2011-01-18,day,Chipata,Eastern,"DesInventar national disaster inventory record, event='FLOOD'",https://www.desinventar.net/DesInventar/profiletab.jsp?countrycode=zmb,POSITIVE_DAY,day-precision window of 1 day(s) over a named district,positive,positive
DI-100,DesInventar (UNDRR),2011-05-04,2011-05-04,day,Kabwe,Central,"DesInventar national disaster inventory record, event='FLOOD'",https://www.desinventar.net/DesInventar/profiletab.jsp?countrycode=zmb,POSITIVE_DAY,day-precision window of 1 day(s) over a named district,positive,positive
DI-97,DesInventar (UNDRR),2011-06-01,2011-06-01,day,Serenje,Central,"DesInventar national disaster inventory record, event='FLOOD'",https://www.desinventar.net/DesInventar/profiletab.jsp?countrycode=zmb,POSITIVE_DAY,day-precision window of 1 day(s) over a named district,positive,positive
DI-95,DesInventar (UNDRR),2011-06-04,2011-06-04,day,Mkushi,Central,"DesInventar national disaster inventory record, event='FLOOD'",https://www.desinventar.net/DesInventar/profiletab.jsp?countrycode=zmb,POSITIVE_DAY,day-precision window of 1 day(s) over a named district,positive,positive
DI-96,DesInventar (UNDRR),2011-06-04,2011-06-04,day,Serenje,Central,"DesInventar national disaster inventory record, event='FLOOD'",https://www.desinventar.net/DesInventar/profiletab.jsp?countrycode=zmb,POSITIVE_DAY,day-precision window of 1 day(s) over a named district,positive,positive
DI-66,DesInventar (UNDRR),2011-07-13,2011-07-13,day,Chama,Muchinga,"DesInventar national disaster inventory record, event='FLOOD'",https://www.desinventar.net/DesInventar/profiletab.jsp?countrycode=zmb,POSITIVE_DAY,day-precision window of 1 day(s) over a named district,positive,positive
DI-61,DesInventar (UNDRR),2011-07-20,2011-07-20,day,Milengi,Luapula,"DesInventar national disaster inventory record, event='FLOOD'",https://www.desinventar.net/DesInventar/profiletab.jsp?countrycode=zmb,POSITIVE_DAY,day-precision window of 1 day(s) over a named district,positive,positive
DI-168,DesInventar (UNDRR),2011-08-31,2011-08-31,day,Kaputa,Northern,"DesInventar national disaster inventory record, event='FLOOD'",https://www.desinventar.net/DesInventar/profiletab.jsp?countrycode=zmb,POSITIVE_DAY,day-precision window of 1 day(s) over a named district,positive,positive
DI-100,DesInventar (UNDRR),2011-09-02,2011-09-02,day,Chibombo,Central,"DesInventar national disaster inventory record, event='FLOOD'",https://www.desinventar.net/DesInventar/profiletab.jsp?countrycode=zmb,POSITIVE_DAY,day-precision window of 1 day(s) over a named district,positive,positive
DI-64,DesInventar (UNDRR),2011-09-12,2011-09-12,day,Ndola,Copperbelt,"DesInventar national disaster inventory record, event='FLOOD'",https://www.desinventar.net/DesInventar/profiletab.jsp?countrycode=zmb,POSITIVE_DAY,day-precision window of 1 day(s) over a named district,positive,positive
DI-116,DesInventar (UNDRR),2011-10-04,2011-10-04,day,Serenje,Central,"DesInventar national disaster inventory record, event='FLOOD'",https://www.desinventar.net/DesInventar/profiletab.jsp?countrycode=zmb,POSITIVE_DAY,day-precision window of 1 day(s) over a named district,positive,positive
DI-85,DesInventar (UNDRR),2011-10-05,2011-10-05,day,Mongu,Western,"DesInventar national disaster inventory record, event='FLOOD'",https://www.desinventar.net/DesInventar/profiletab.jsp?countrycode=zmb,POSITIVE_DAY,day-precision window of 1 day(s) over a named district,positive,positive
DI-117,DesInventar (UNDRR),2011-11-03,2011-11-03,day,Chipata,Eastern,"DesInventar national disaster inventory record, event='FLOOD'",https://www.desinventar.net/DesInventar/profiletab.jsp?countrycode=zmb,POSITIVE_DAY,day-precision window of 1 day(s) over a named district,positive,positive
DI-118,DesInventar (UNDRR),2011-12-05,2011-12-05,day,Sesheke,Western,"DesInventar national disaster inventory record, event='FLOOD'",https://www.desinventar.net/DesInventar/profiletab.jsp?countrycode=zmb,POSITIVE_DAY,day-precision window of 1 day(s) over a named district,positive,positive
DI-98,DesInventar (UNDRR),2011-12-16,2011-12-16,day,Lusaka,Lusaka,"DesInventar national disaster inventory record, event='FLOOD'",https://www.desinventar.net/DesInventar/profiletab.jsp?countrycode=zmb,POSITIVE_DAY,day-precision window of 1 day(s) over a named district,positive,positive
DI-105,DesInventar (UNDRR),2012-01-01,2012-12-31,year,Lusaka,Lusaka,"DesInventar national disaster inventory record, event='FLOOD'",https://www.desinventar.net/DesInventar/profiletab.jsp?countrycode=zmb,MASK_YEAR,year-precision only: cannot be a positive (would flag ~365 days) and must not be a negative (a flood is documented in this location-year),NEGATIVE (contaminated),masked (neither class)
DI-106,DesInventar (UNDRR),2012-01-01,2012-12-31,year,Kitwe,Copperbelt,"DesInventar national disaster inventory record, event='FLOOD'",https://www.desinventar.net/DesInventar/profiletab.jsp?countrycode=zmb,MASK_YEAR,year-precision only: cannot be a positive (would flag ~365 days) and must not be a negative (a flood is documented in this location-year),NEGATIVE (contaminated),masked (neither class)
DI-109,DesInventar (UNDRR),2012-01-01,2012-12-31,year,Chongwe,Lusaka,"DesInventar national disaster inventory record, event='FLOOD'",https://www.desinventar.net/DesInventar/profiletab.jsp?countrycode=zmb,MASK_YEAR,year-precision only: cannot be a positive (would flag ~365 days) and must not be a negative (a flood is documented in this location-year),NEGATIVE (contaminated),masked (neither class)
DI-110,DesInventar (UNDRR),2012-01-01,2012-12-31,year,Lusaka,Lusaka,"DesInventar national disaster inventory record, event='FLOOD'",https://www.desinventar.net/DesInventar/profiletab.jsp?countrycode=zmb,MASK_YEAR,year-precision only: cannot be a positive (would flag ~365 days) and must not be a negative (a flood is documented in this location-year),NEGATIVE (contaminated),masked (neither class)
DI-111,DesInventar (UNDRR),2012-01-01,2012-12-31,year,Livingstone,Southern,"DesInventar national disaster inventory record, event='FLOOD'",https://www.desinventar.net/DesInventar/profiletab.jsp?countrycode=zmb,MASK_YEAR,year-precision only: cannot be a positive (would flag ~365 days) and must not be a negative (a flood is documented in this location-year),NEGATIVE (contaminated),masked (neither class)
DI-112,DesInventar (UNDRR),2012-01-01,2012-12-31,year,Petauke,Eastern,"DesInventar national disaster inventory record, event='FLOOD'",https://www.desinventar.net/DesInventar/profiletab.jsp?countrycode=zmb,MASK_YEAR,year-precision only: cannot be a positive (would flag ~365 days) and must not be a negative (a flood is documented in this location-year),NEGATIVE (contaminated),masked (neither class)
DI-113,DesInventar (UNDRR),2012-01-01,2012-12-31,year,Mambwe,Eastern,"DesInventar national disaster inventory record, event='FLOOD'",https://www.desinventar.net/DesInventar/profiletab.jsp?countrycode=zmb,MASK_YEAR,year-precision only: cannot be a positive (would flag ~365 days) and must not be a negative (a flood is documented in this location-year),NEGATIVE (contaminated),masked (neither class)
DI-115,DesInventar (UNDRR),2012-01-01,2012-12-31,year,Livingstone,Southern,"DesInventar national disaster inventory record, event='FLOOD'",https://www.desinventar.net/DesInventar/profiletab.jsp?countrycode=zmb,MASK_YEAR,year-precision only: cannot be a positive (would flag ~365 days) and must not be a negative (a flood is documented in this location-year),NEGATIVE (contaminated),masked (neither class)
DI-116,DesInventar (UNDRR),2012-01-01,2012-12-31,year,Chipata,Eastern,"DesInventar national disaster inventory record, event='FLOOD'",https://www.desinventar.net/DesInventar/profiletab.jsp?countrycode=zmb,MASK_YEAR,year-precision only: cannot be a positive (would flag ~365 days) and must not be a negative (a flood is documented in this location-year),NEGATIVE (contaminated),masked (neither class)
DI-117,DesInventar (UNDRR),2012-01-01,2012-12-31,year,Mkushi,Central,"DesInventar national disaster inventory record, event='FLOOD'",https://www.desinventar.net/DesInventar/profiletab.jsp?countrycode=zmb,MASK_YEAR,year-precision only: cannot be a positive (would flag ~365 days) and must not be a negative (a flood is documented in this location-year),NEGATIVE (contaminated),masked (neither class)
DI-118,DesInventar (UNDRR),2012-01-01,2012-12-31,year,Kabwe,Central,"DesInventar national disaster inventory record, event='FLOOD'",https://www.desinventar.net/DesInventar/profiletab.jsp?countrycode=zmb,MASK_YEAR,year-precision only: cannot be a positive (would flag ~365 days) and must not be a negative (a flood is documented in this location-year),NEGATIVE (contaminated),masked (neither class)
DI-119,DesInventar (UNDRR),2012-01-01,2012-12-31,year,Mongu,Western,"DesInventar national disaster inventory record, event='FLOOD'",https://www.desinventar.net/DesInventar/profiletab.jsp?countrycode=zmb,MASK_YEAR,year-precision only: cannot be a positive (would flag ~365 days) and must not be a negative (a flood is documented in this location-year),NEGATIVE (contaminated),masked (neither class)
DI-120,DesInventar (UNDRR),2012-01-01,2012-12-31,year,Kaputa,Northern,"DesInventar national disaster inventory record, event='FLOOD'",https://www.desinventar.net/DesInventar/profiletab.jsp?countrycode=zmb,MASK_YEAR,year-precision only: cannot be a positive (would flag ~365 days) and must not be a negative (a flood is documented in this location-year),NEGATIVE (contaminated),masked (neither class)
DI-121,DesInventar (UNDRR),2012-01-01,2012-12-31,year,Mongu,Western,"DesInventar national disaster inventory record, event='FLOOD'",https://www.desinventar.net/DesInventar/profiletab.jsp?countrycode=zmb,MASK_YEAR,year-precision only: cannot be a positive (would flag ~365 days) and must not be a negative (a flood is documented in this location-year),NEGATIVE (contaminated),masked (neither class)
DI-122,DesInventar (UNDRR),2012-01-01,2012-12-31,year,Ndola,Copperbelt,"DesInventar national disaster inventory record, event='FLOOD'",https://www.desinventar.net/DesInventar/profiletab.jsp?countrycode=zmb,MASK_YEAR,year-precision only: cannot be a positive (would flag ~365 days) and must not be a negative (a flood is documented in this location-year),NEGATIVE (contaminated),masked (neither class)
DI-142,DesInventar (UNDRR),2012-01-01,2012-12-31,year,Mansa,Luapula,"DesInventar national disaster inventory record, event='FLOOD'",https://www.desinventar.net/DesInventar/profiletab.jsp?countrycode=zmb,MASK_YEAR,year-precision only: cannot be a positive (would flag ~365 days) and must not be a negative (a flood is documented in this location-year),NEGATIVE (contaminated),masked (neither class)
DI-46,DesInventar (UNDRR),2012-01-01,2012-12-31,year,Kitwe,Copperbelt,"DesInventar national disaster inventory record, event='FLOOD'",https://www.desinventar.net/DesInventar/profiletab.jsp?countrycode=zmb,MASK_YEAR,year-precision only: cannot be a positive (would flag ~365 days) and must not be a negative (a flood is documented in this location-year),NEGATIVE (contaminated),masked (neither class)
DI-58,DesInventar (UNDRR),2012-01-01,2012-12-31,year,Lufwanyama,Copperbelt,"DesInventar national disaster inventory record, event='FLOOD'",https://www.desinventar.net/DesInventar/profiletab.jsp?countrycode=zmb,MASK_YEAR,year-precision only: cannot be a positive (would flag ~365 days) and must not be a negative (a flood is documented in this location-year),NEGATIVE (contaminated),masked (neither class)
DI-74,DesInventar (UNDRR),2012-01-01,2012-12-31,year,Chadiza,Eastern,"DesInventar national disaster inventory record, event='FLOOD'",https://www.desinventar.net/DesInventar/profiletab.jsp?countrycode=zmb,MASK_YEAR,year-precision only: cannot be a positive (would flag ~365 days) and must not be a negative (a flood is documented in this location-year),NEGATIVE (contaminated),masked (neither class)
DI-78,DesInventar (UNDRR),2012-01-01,2012-12-31,year,Lundazi,Eastern,"DesInventar national disaster inventory record, event='FLOOD'",https://www.desinventar.net/DesInventar/profiletab.jsp?countrycode=zmb,MASK_YEAR,year-precision only: cannot be a positive (would flag ~365 days) and must not be a negative (a flood is documented in this location-year),NEGATIVE (contaminated),masked (neither class)
DI-81,DesInventar (UNDRR),2012-01-01,2012-12-31,year,Mazabuka,Southern,"DesInventar national disaster inventory record, event='FLOOD'",https://www.desinventar.net/DesInventar/profiletab.jsp?countrycode=zmb,MASK_YEAR,year-precision only: cannot be a positive (would flag ~365 days) and must not be a negative (a flood is documented in this location-year),NEGATIVE (contaminated),masked (neither class)
DI-82,DesInventar (UNDRR),2012-01-01,2012-12-31,year,Nakonde,Muchinga,"DesInventar national disaster inventory record, event='FLOOD'",https://www.desinventar.net/DesInventar/profiletab.jsp?countrycode=zmb,MASK_YEAR,year-precision only: cannot be a positive (would flag ~365 days) and must not be a negative (a flood is documented in this location-year),NEGATIVE (contaminated),masked (neither class)
DI-91,DesInventar (UNDRR),2012-01-01,2012-12-31,year,Kalulushi,Copperbelt,"DesInventar national disaster inventory record, event='FLOOD'",https://www.desinventar.net/DesInventar/profiletab.jsp?countrycode=zmb,MASK_YEAR,year-precision only: cannot be a positive (would flag ~365 days) and must not be a negative (a flood is documented in this location-year),NEGATIVE (contaminated),masked (neither class)
DI-105,DesInventar (UNDRR),2012-01-16,2012-01-16,day,Kabwe,Central,"DesInventar national disaster inventory record, event='FLOOD'",https://www.desinventar.net/DesInventar/profiletab.jsp?countrycode=zmb,POSITIVE_DAY,day-precision window of 1 day(s) over a named district,positive,positive
DI-94,DesInventar (UNDRR),2012-02-01,2012-02-01,day,Mkushi,Central,"DesInventar national disaster inventory record, event='FLOOD'",https://www.desinventar.net/DesInventar/profiletab.jsp?countrycode=zmb,POSITIVE_DAY,day-precision window of 1 day(s) over a named district,positive,positive
DI-166,DesInventar (UNDRR),2012-02-09,2012-02-09,day,Kabwe,Central,"DesInventar national disaster inventory record, event='FLOOD'",https://www.desinventar.net/DesInventar/profiletab.jsp?countrycode=zmb,POSITIVE_DAY,day-precision window of 1 day(s) over a named district,positive,positive
DI-65,DesInventar (UNDRR),2012-02-14,2012-02-14,day,Sinda,Eastern,"DesInventar national disaster inventory record, event='FLOOD'",https://www.desinventar.net/DesInventar/profiletab.jsp?countrycode=zmb,POSITIVE_DAY,day-precision window of 1 day(s) over a named district,positive,positive
DI-45,DesInventar (UNDRR),2012-03-12,2012-03-12,day,Luwingu,Northern,"DesInventar national disaster inventory record, event='FLOOD'",https://www.desinventar.net/DesInventar/profiletab.jsp?countrycode=zmb,POSITIVE_DAY,day-precision window of 1 day(s) over a named district,positive,positive
DI-48,DesInventar (UNDRR),2012-03-29,2012-03-29,day,Mansa,Luapula,"DesInventar national disaster inventory record, event='FLOOD'",https://www.desinventar.net/DesInventar/profiletab.jsp?countrycode=zmb,POSITIVE_DAY,day-precision window of 1 day(s) over a named district,positive,positive
DI-61,DesInventar (UNDRR),2012-04-01,2012-04-30,month,Lusaka,Lusaka,"DesInventar national disaster inventory record, event='FLOOD'",https://www.desinventar.net/DesInventar/profiletab.jsp?countrycode=zmb,POSITIVE_MONTH,month-precision window of 30 days over a named district,positive,positive
DI-70,DesInventar (UNDRR),2012-05-03,2012-05-03,day,Kazungula,Southern,"DesInventar national disaster inventory record, event='FLOOD'",https://www.desinventar.net/DesInventar/profiletab.jsp?countrycode=zmb,POSITIVE_DAY,day-precision window of 1 day(s) over a named district,positive,positive
DI-71,DesInventar (UNDRR),2012-05-03,2012-05-03,day,Kazungula,Southern,"DesInventar national disaster inventory record, event='FLOOD'",https://www.desinventar.net/DesInventar/profiletab.jsp?countrycode=zmb,POSITIVE_DAY,day-precision window of 1 day(s) over a named district,positive,positive
DI-72,DesInventar (UNDRR),2012-05-03,2012-05-03,day,Kazungula,Southern,"DesInventar national disaster inventory record, event='FLOOD'",https://www.desinventar.net/DesInventar/profiletab.jsp?countrycode=zmb,POSITIVE_DAY,day-precision window of 1 day(s) over a named district,positive,positive
DI-73,DesInventar (UNDRR),2012-05-03,2012-05-03,day,Kazungula,Southern,"DesInventar national disaster inventory record, event='FLOOD'",https://www.desinventar.net/DesInventar/profiletab.jsp?countrycode=zmb,POSITIVE_DAY,day-precision window of 1 day(s) over a named district,positive,positive
DI-75,DesInventar (UNDRR),2012-05-03,2012-05-03,day,Kazungula,Southern,"DesInventar national disaster inventory record, event='FLOOD'",https://www.desinventar.net/DesInventar/profiletab.jsp?countrycode=zmb,POSITIVE_DAY,day-precision window of 1 day(s) over a named district,positive,positive
DI-105,DesInventar (UNDRR),2012-05-04,2012-05-04,day,Chipata,Eastern,"DesInventar national disaster inventory record, event='FLOOD'",https://www.desinventar.net/DesInventar/profiletab.jsp?countrycode=zmb,POSITIVE_DAY,day-precision window of 1 day(s) over a named district,positive,positive
DI-90,DesInventar (UNDRR),2012-05-04,2012-05-04,day,Chipata,Eastern,"DesInventar national disaster inventory record, event='FLOOD'",https://www.desinventar.net/DesInventar/profiletab.jsp?countrycode=zmb,POSITIVE_DAY,day-precision window of 1 day(s) over a named district,positive,positive
DI-192,DesInventar (UNDRR),2012-06-26,2012-06-26,day,Lunga,Luapula,"DesInventar national disaster inventory record, event='FLOOD'",https://www.desinventar.net/DesInventar/profiletab.jsp?countrycode=zmb,POSITIVE_DAY,day-precision window of 1 day(s) over a named district,positive,positive
DI-195,DesInventar (UNDRR),2012-07-15,2012-07-15,day,Mpika,Muchinga,"DesInventar national disaster inventory record, event='FLOOD'",https://www.desinventar.net/DesInventar/profiletab.jsp?countrycode=zmb,POSITIVE_DAY,day-precision window of 1 day(s) over a named district,positive,positive
DI-87,DesInventar (UNDRR),2012-10-05,2012-10-05,day,Mwinilunga,North-Western,"DesInventar national disaster inventory record, event='FLOOD'",https://www.desinventar.net/DesInventar/profiletab.jsp?countrycode=zmb,POSITIVE_DAY,day-precision window of 1 day(s) over a named district,positive,positive
DI-88,DesInventar (UNDRR),2012-10-05,2012-10-05,day,Kasama,Northern,"DesInventar national disaster inventory record, event='FLOOD'",https://www.desinventar.net/DesInventar/profiletab.jsp?countrycode=zmb,POSITIVE_DAY,day-precision window of 1 day(s) over a named district,positive,positive
DI-89,DesInventar (UNDRR),2012-10-05,2012-10-05,day,Mansa,Luapula,"DesInventar national disaster inventory record, event='FLOOD'",https://www.desinventar.net/DesInventar/profiletab.jsp?countrycode=zmb,POSITIVE_DAY,day-precision window of 1 day(s) over a named district,positive,positive
DI-91,DesInventar (UNDRR),2012-10-05,2012-10-05,day,Ndola,Copperbelt,"DesInventar national disaster inventory record, event='FLOOD'",https://www.desinventar.net/DesInventar/profiletab.jsp?countrycode=zmb,POSITIVE_DAY,day-precision window of 1 day(s) over a named district,positive,positive
DI-92,DesInventar (UNDRR),2012-10-05,2012-10-05,day,Kabwe,Central,"DesInventar national disaster inventory record, event='FLOOD'",https://www.desinventar.net/DesInventar/profiletab.jsp?countrycode=zmb,POSITIVE_DAY,day-precision window of 1 day(s) over a named district,positive,positive
DI-93,DesInventar (UNDRR),2012-10-05,2012-10-05,day,Lusaka,Lusaka,"DesInventar national disaster inventory record, event='FLOOD'",https://www.desinventar.net/DesInventar/profiletab.jsp?countrycode=zmb,POSITIVE_DAY,day-precision window of 1 day(s) over a named district,positive,positive
DI-50,DesInventar (UNDRR),2012-11-03,2012-11-03,day,Mpika,Muchinga,"DesInventar national disaster inventory record, event='FLOOD'",https://www.desinventar.net/DesInventar/profiletab.jsp?countrycode=zmb,POSITIVE_DAY,day-precision window of 1 day(s) over a named district,positive,positive
DI-173,DesInventar (UNDRR),2012-11-16,2012-11-16,day,Nakonde,Muchinga,"DesInventar national disaster inventory record, event='FLOOD'",https://www.desinventar.net/DesInventar/profiletab.jsp?countrycode=zmb,POSITIVE_DAY,day-precision window of 1 day(s) over a named district,positive,positive
DI-52,DesInventar (UNDRR),2012-11-30,2012-11-30,day,Lusaka,Lusaka,"DesInventar national disaster inventory record, event='FLOOD'",https://www.desinventar.net/DesInventar/profiletab.jsp?countrycode=zmb,POSITIVE_DAY,day-precision window of 1 day(s) over a named district,positive,positive
DI-152,DesInventar (UNDRR),2012-12-03,2012-12-03,day,Katete,Eastern,"DesInventar national disaster inventory record, event='FLOOD'",https://www.desinventar.net/DesInventar/profiletab.jsp?countrycode=zmb,POSITIVE_DAY,day-precision window of 1 day(s) over a named district,positive,positive
DI-49,DesInventar (UNDRR),2012-12-03,2012-12-03,day,Milengi,Luapula,"DesInventar national disaster inventory record, event='FLOOD'",https://www.desinventar.net/DesInventar/profiletab.jsp?countrycode=zmb,POSITIVE_DAY,day-precision window of 1 day(s) over a named district,positive,positive
DI-74,DesInventar (UNDRR),2012-12-13,2012-12-13,day,Chadiza,Eastern,"DesInventar national disaster inventory record, event='FLOOD'",https://www.desinventar.net/DesInventar/profiletab.jsp?countrycode=zmb,POSITIVE_DAY,day-precision window of 1 day(s) over a named district,positive,positive
DI-158,DesInventar (UNDRR),2013-01-01,2013-12-31,year,Chinsali,Muchinga,"DesInventar national disaster inventory record, event='FLOOD'",https://www.desinventar.net/DesInventar/profiletab.jsp?countrycode=zmb,MASK_YEAR,year-precision only: cannot be a positive (would flag ~365 days) and must not be a negative (a flood is documented in this location-year),NEGATIVE (contaminated),masked (neither class)
DI-167,DesInventar (UNDRR),2013-01-01,2013-12-31,year,Chibombo,Central,"DesInventar national disaster inventory record, event='FLOOD'",https://www.desinventar.net/DesInventar/profiletab.jsp?countrycode=zmb,MASK_YEAR,year-precision only: cannot be a positive (would flag ~365 days) and must not be a negative (a flood is documented in this location-year),NEGATIVE (contaminated),masked (neither class)
DI-168,DesInventar (UNDRR),2013-01-01,2013-12-31,year,Chibombo,Central,"DesInventar national disaster inventory record, event='FLOOD'",https://www.desinventar.net/DesInventar/profiletab.jsp?countrycode=zmb,MASK_YEAR,year-precision only: cannot be a positive (would flag ~365 days) and must not be a negative (a flood is documented in this location-year),NEGATIVE (contaminated),masked (neither class)
DI-170,DesInventar (UNDRR),2013-01-01,2013-12-31,year,Chibombo,Central,"DesInventar national disaster inventory record, event='FLOOD'",https://www.desinventar.net/DesInventar/profiletab.jsp?countrycode=zmb,MASK_YEAR,year-precision only: cannot be a positive (would flag ~365 days) and must not be a negative (a flood is documented in this location-year),NEGATIVE (contaminated),masked (neither class)
DI-171,DesInventar (UNDRR),2013-01-01,2013-12-31,year,Chibombo,Central,"DesInventar national disaster inventory record, event='FLOOD'",https://www.desinventar.net/DesInventar/profiletab.jsp?countrycode=zmb,MASK_YEAR,year-precision only: cannot be a positive (would flag ~365 days) and must not be a negative (a flood is documented in this location-year),NEGATIVE (contaminated),masked (neither class)
DI-174,DesInventar (UNDRR),2013-01-01,2013-12-31,year,Chibombo,Central,"DesInventar national disaster inventory record, event='FLOOD'",https://www.desinventar.net/DesInventar/profiletab.jsp?countrycode=zmb,MASK_YEAR,year-precision only: cannot be a positive (would flag ~365 days) and must not be a negative (a flood is documented in this location-year),NEGATIVE (contaminated),masked (neither class)
DI-175,DesInventar (UNDRR),2013-01-01,2013-12-31,year,Itezhi-tezhi,Central,"DesInventar national disaster inventory record, event='FLOOD'",https://www.desinventar.net/DesInventar/profiletab.jsp?countrycode=zmb,MASK_YEAR,year-precision only: cannot be a positive (would flag ~365 days) and must not be a negative (a flood is documented in this location-year),NEGATIVE (contaminated),masked (neither class)
DI-176,DesInventar (UNDRR),2013-01-01,2013-12-31,year,Itezhi-tezhi,Central,"DesInventar national disaster inventory record, event='FLOOD'",https://www.desinventar.net/DesInventar/profiletab.jsp?countrycode=zmb,MASK_YEAR,year-precision only: cannot be a positive (would flag ~365 days) and must not be a negative (a flood is documented in this location-year),NEGATIVE (contaminated),masked (neither class)
DI-177,DesInventar (UNDRR),2013-01-01,2013-12-31,year,Itezhi-tezhi,Central,"DesInventar national disaster inventory record, event='FLOOD'",https://www.desinventar.net/DesInventar/profiletab.jsp?countrycode=zmb,MASK_YEAR,year-precision only: cannot be a positive (would flag ~365 days) and must not be a negative (a flood is documented in this location-year),NEGATIVE (contaminated),masked (neither class)
DI-178,DesInventar (UNDRR),2013-01-01,2013-12-31,year,Mkushi,Central,"DesInventar national disaster inventory record, event='FLOOD'",https://www.desinventar.net/DesInventar/profiletab.jsp?countrycode=zmb,MASK_YEAR,year-precision only: cannot be a positive (would flag ~365 days) and must not be a negative (a flood is documented in this location-year),NEGATIVE (contaminated),masked (neither class)
DI-179,DesInventar (UNDRR),2013-01-01,2013-12-31,year,Mkushi,Central,"DesInventar national disaster inventory record, event='FLOOD'",https://www.desinventar.net/DesInventar/profiletab.jsp?countrycode=zmb,MASK_YEAR,year-precision only: cannot be a positive (would flag ~365 days) and must not be a negative (a flood is documented in this location-year),NEGATIVE (contaminated),masked (neither class)
DI-180,DesInventar (UNDRR),2013-01-01,2013-12-31,year,Mumbwa,Central,"DesInventar national disaster inventory record, event='FLOOD'",https://www.desinventar.net/DesInventar/profiletab.jsp?countrycode=zmb,MASK_YEAR,year-precision only: cannot be a positive (would flag ~365 days) and must not be a negative (a flood is documented in this location-year),NEGATIVE (contaminated),masked (neither class)
DI-181,DesInventar (UNDRR),2013-01-01,2013-12-31,year,Shibuyunji,Lusaka,"DesInventar national disaster inventory record, event='FLOOD'",https://www.desinventar.net/DesInventar/profiletab.jsp?countrycode=zmb,MASK_YEAR,year-precision only: cannot be a positive (would flag ~365 days) and must not be a negative (a flood is documented in this location-year),NEGATIVE (contaminated),masked (neither class)
DI-182,DesInventar (UNDRR),2013-01-01,2013-12-31,year,Shibuyunji,Lusaka,"DesInventar national disaster inventory record, event='FLOOD'",https://www.desinventar.net/DesInventar/profiletab.jsp?countrycode=zmb,MASK_YEAR,year-precision only: cannot be a positive (would flag ~365 days) and must not be a negative (a flood is documented in this location-year),NEGATIVE (contaminated),masked (neither class)
DI-183,DesInventar (UNDRR),2013-01-01,2013-12-31,year,Shibuyunji,Lusaka,"DesInventar national disaster inventory record, event='FLOOD'",https://www.desinventar.net/DesInventar/profiletab.jsp?countrycode=zmb,MASK_YEAR,year-precision only: cannot be a positive (would flag ~365 days) and must not be a negative (a flood is documented in this location-year),NEGATIVE (contaminated),masked (neither class)
DI-184,DesInventar (UNDRR),2013-01-01,2013-12-31,year,Chipata,Eastern,"DesInventar national disaster inventory record, event='FLOOD'",https://www.desinventar.net/DesInventar/profiletab.jsp?countrycode=zmb,MASK_YEAR,year-precision only: cannot be a positive (would flag ~365 days) and must not be a negative (a flood is documented in this location-year),NEGATIVE (contaminated),masked (neither class)
DI-185,DesInventar (UNDRR),2013-01-01,2013-12-31,year,Zambezi,North-Western,"DesInventar national disaster inventory record, event='FLOOD'",https://www.desinventar.net/DesInventar/profiletab.jsp?countrycode=zmb,MASK_YEAR,year-precision only: cannot be a positive (would flag ~365 days) and must not be a negative (a flood is documented in this location-year),NEGATIVE (contaminated),masked (neither class)
DI-186,DesInventar (UNDRR),2013-01-01,2013-12-31,year,Kalomo,Southern,"DesInventar national disaster inventory record, event='FLOOD'",https://www.desinventar.net/DesInventar/profiletab.jsp?countrycode=zmb,MASK_YEAR,year-precision only: cannot be a positive (would flag ~365 days) and must not be a negative (a flood is documented in this location-year),NEGATIVE (contaminated),masked (neither class)
DI-187,DesInventar (UNDRR),2013-01-01,2013-12-31,year,Monze,Southern,"DesInventar national disaster inventory record, event='FLOOD'",https://www.desinventar.net/DesInventar/profiletab.jsp?countrycode=zmb,MASK_YEAR,year-precision only: cannot be a positive (would flag ~365 days) and must not be a negative (a flood is documented in this location-year),NEGATIVE (contaminated),masked (neither class)
DI-188,DesInventar (UNDRR),2013-01-01,2013-12-31,year,Namwala,Southern,"DesInventar national disaster inventory record, event='FLOOD'",https://www.desinventar.net/DesInventar/profiletab.jsp?countrycode=zmb,MASK_YEAR,year-precision only: cannot be a positive (would flag ~365 days) and must not be a negative (a flood is documented in this location-year),NEGATIVE (contaminated),masked (neither class)
DI-189,DesInventar (UNDRR),2013-01-01,2013-12-31,year,Namwala,Southern,"DesInventar national disaster inventory record, event='FLOOD'",https://www.desinventar.net/DesInventar/profiletab.jsp?countrycode=zmb,MASK_YEAR,year-precision only: cannot be a positive (would flag ~365 days) and must not be a negative (a flood is documented in this location-year),NEGATIVE (contaminated),masked (neither class)
DI-190,DesInventar (UNDRR),2013-01-01,2013-12-31,year,Namwala,Southern,"DesInventar national disaster inventory record, event='FLOOD'",https://www.desinventar.net/DesInventar/profiletab.jsp?countrycode=zmb,MASK_YEAR,year-precision only: cannot be a positive (would flag ~365 days) and must not be a negative (a flood is documented in this location-year),NEGATIVE (contaminated),masked (neither class)
DI-191,DesInventar (UNDRR),2013-01-01,2013-12-31,year,Kalabo,Western,"DesInventar national disaster inventory record, event='FLOOD'",https://www.desinventar.net/DesInventar/profiletab.jsp?countrycode=zmb,MASK_YEAR,year-precision only: cannot be a positive (would flag ~365 days) and must not be a negative (a flood is documented in this location-year),NEGATIVE (contaminated),masked (neither class)
DI-192,DesInventar (UNDRR),2013-01-01,2013-12-31,year,Kalabo,Western,"DesInventar national disaster inventory record, event='FLOOD'",https://www.desinventar.net/DesInventar/profiletab.jsp?countrycode=zmb,MASK_YEAR,year-precision only: cannot be a positive (would flag ~365 days) and must not be a negative (a flood is documented in this location-year),NEGATIVE (contaminated),masked (neither class)
DI-193,DesInventar (UNDRR),2013-01-01,2013-12-31,year,Kalabo,Western,"DesInventar national disaster inventory record, event='FLOOD'",https://www.desinventar.net/DesInventar/profiletab.jsp?countrycode=zmb,MASK_YEAR,year-precision only: cannot be a positive (would flag ~365 days) and must not be a negative (a flood is documented in this location-year),NEGATIVE (contaminated),masked (neither class)
DI-194,DesInventar (UNDRR),2013-01-01,2013-12-31,year,Kalabo,Western,"DesInventar national disaster inventory record, event='FLOOD'",https://www.desinventar.net/DesInventar/profiletab.jsp?countrycode=zmb,MASK_YEAR,year-precision only: cannot be a positive (would flag ~365 days) and must not be a negative (a flood is documented in this location-year),NEGATIVE (contaminated),masked (neither class)
DI-195,DesInventar (UNDRR),2013-01-01,2013-12-31,year,Kalabo,Western,"DesInventar national disaster inventory record, event='FLOOD'",https://www.desinventar.net/DesInventar/profiletab.jsp?countrycode=zmb,MASK_YEAR,year-precision only: cannot be a positive (would flag ~365 days) and must not be a negative (a flood is documented in this location-year),NEGATIVE (contaminated),masked (neither class)
DI-196,DesInventar (UNDRR),2013-01-01,2013-12-31,year,Kalabo,Western,"DesInventar national disaster inventory record, event='FLOOD'",https://www.desinventar.net/DesInventar/profiletab.jsp?countrycode=zmb,MASK_YEAR,year-precision only: cannot be a positive (would flag ~365 days) and must not be a negative (a flood is documented in this location-year),NEGATIVE (contaminated),masked (neither class)
DI-197,DesInventar (UNDRR),2013-01-01,2013-12-31,year,Kalabo,Western,"DesInventar national disaster inventory record, event='FLOOD'",https://www.desinventar.net/DesInventar/profiletab.jsp?countrycode=zmb,MASK_YEAR,year-precision only: cannot be a positive (would flag ~365 days) and must not be a negative (a flood is documented in this location-year),NEGATIVE (contaminated),masked (neither class)
DI-198,DesInventar (UNDRR),2013-01-01,2013-12-31,year,Limulunga,Western,"DesInventar national disaster inventory record, event='FLOOD'",https://www.desinventar.net/DesInventar/profiletab.jsp?countrycode=zmb,MASK_YEAR,year-precision only: cannot be a positive (would flag ~365 days) and must not be a negative (a flood is documented in this location-year),NEGATIVE (contaminated),masked (neither class)
DI-199,DesInventar (UNDRR),2013-01-01,2013-12-31,year,Limulunga,Western,"DesInventar national disaster inventory record, event='FLOOD'",https://www.desinventar.net/DesInventar/profiletab.jsp?countrycode=zmb,MASK_YEAR,year-precision only: cannot be a positive (would flag ~365 days) and must not be a negative (a flood is documented in this location-year),NEGATIVE (contaminated),masked (neither class)
DI-200,DesInventar (UNDRR),2013-01-01,2013-12-31,year,Limulunga,Western,"DesInventar national disaster inventory record, event='FLOOD'",https://www.desinventar.net/DesInventar/profiletab.jsp?countrycode=zmb,MASK_YEAR,year-precision only: cannot be a positive (would flag ~365 days) and must not be a negative (a flood is documented in this location-year),NEGATIVE (contaminated),masked (neither class)
DI-201,DesInventar (UNDRR),2013-01-01,2013-12-31,year,Mitete,Western,"DesInventar national disaster inventory record, event='FLOOD'",https://www.desinventar.net/DesInventar/profiletab.jsp?countrycode=zmb,MASK_YEAR,year-precision only: cannot be a positive (would flag ~365 days) and must not be a negative (a flood is documented in this location-year),NEGATIVE (contaminated),masked (neither class)
DI-202,DesInventar (UNDRR),2013-01-01,2013-12-31,year,Mwandi,Western,"DesInventar national disaster inventory record, event='FLOOD'",https://www.desinventar.net/DesInventar/profiletab.jsp?countrycode=zmb,MASK_YEAR,year-precision only: cannot be a positive (would flag ~365 days) and must not be a negative (a flood is documented in this location-year),NEGATIVE (contaminated),masked (neither class)
DI-203,DesInventar (UNDRR),2013-01-01,2013-12-31,year,Mwandi,Western,"DesInventar national disaster inventory record, event='FLOOD'",https://www.desinventar.net/DesInventar/profiletab.jsp?countrycode=zmb,MASK_YEAR,year-precision only: cannot be a positive (would flag ~365 days) and must not be a negative (a flood is documented in this location-year),NEGATIVE (contaminated),masked (neither class)
DI-174,DesInventar (UNDRR),2013-01-07,2013-01-07,day,Mazabuka,Southern,"DesInventar national disaster inventory record, event='FLOOD'",https://www.desinventar.net/DesInventar/profiletab.jsp?countrycode=zmb,POSITIVE_DAY,day-precision window of 1 day(s) over a named district,positive,positive
DI-179,DesInventar (UNDRR),2013-01-09,2013-01-09,day,,Southern,"DesInventar national disaster inventory record, event='FLOOD'",https://www.desinventar.net/DesInventar/profiletab.jsp?countrycode=zmb,MASK_EPISODE,"date is day-precision but only province-level location (Southern); cannot attribute to a district, so the window is excluded from both classes rather than asserted",positive,masked (neither class)
DI-69,DesInventar (UNDRR),2013-01-15,2013-01-15,day,Ndola,Copperbelt,"DesInventar national disaster inventory record, event='FLOOD'",https://www.desinventar.net/DesInventar/profiletab.jsp?countrycode=zmb,POSITIVE_DAY,day-precision window of 1 day(s) over a named district,positive,positive
DI-139,DesInventar (UNDRR),2013-01-20,2013-01-20,day,Kabompo,North-Western,"DesInventar national disaster inventory record, event='FLOOD'",https://www.desinventar.net/DesInventar/profiletab.jsp?countrycode=zmb,POSITIVE_DAY,day-precision window of 1 day(s) over a named district,positive,positive
DI-141,DesInventar (UNDRR),2013-01-20,2013-01-20,day,Kabompo,North-Western,"DesInventar national disaster inventory record, event='FLOOD'",https://www.desinventar.net/DesInventar/profiletab.jsp?countrycode=zmb,POSITIVE_DAY,day-precision window of 1 day(s) over a named district,positive,positive
DI-142,DesInventar (UNDRR),2013-01-20,2013-01-20,day,Kabompo,North-Western,"DesInventar national disaster inventory record, event='FLOOD'",https://www.desinventar.net/DesInventar/profiletab.jsp?countrycode=zmb,POSITIVE_DAY,day-precision window of 1 day(s) over a named district,positive,positive
DI-231,DesInventar (UNDRR),2013-01-20,2013-01-20,day,Kalulushi,Copperbelt,"DesInventar national disaster inventory record, event='FLOOD'",https://www.desinventar.net/DesInventar/profiletab.jsp?countrycode=zmb,POSITIVE_DAY,day-precision window of 1 day(s) over a named district,positive,positive
DI-153,DesInventar (UNDRR),2013-01-27,2013-01-27,day,Lusaka,Lusaka,"DesInventar national disaster inventory record, event='FLOOD'",https://www.desinventar.net/DesInventar/profiletab.jsp?countrycode=zmb,POSITIVE_DAY,day-precision window of 1 day(s) over a named district,positive,positive
DI-76,DesInventar (UNDRR),2013-01-28,2013-01-28,day,Lunga,Luapula,"DesInventar national disaster inventory record, event='FLOOD'",https://www.desinventar.net/DesInventar/profiletab.jsp?countrycode=zmb,POSITIVE_DAY,day-precision window of 1 day(s) over a named district,positive,positive
DI-176,DesInventar (UNDRR),2013-02-16,2013-02-16,day,Zambezi,North-Western,"DesInventar national disaster inventory record, event='FLOOD'",https://www.desinventar.net/DesInventar/profiletab.jsp?countrycode=zmb,POSITIVE_DAY,day-precision window of 1 day(s) over a named district,positive,positive
DI-68,DesInventar (UNDRR),2013-02-28,2013-02-28,day,Sinazongwe,Southern,"DesInventar national disaster inventory record, event='FLOOD'",https://www.desinventar.net/DesInventar/profiletab.jsp?countrycode=zmb,POSITIVE_DAY,day-precision window of 1 day(s) over a named district,positive,positive
DI-62,DesInventar (UNDRR),2013-03-01,2013-03-31,month,Kalulushi,Copperbelt,"DesInventar national disaster inventory record, event='FLOOD'",https://www.desinventar.net/DesInventar/profiletab.jsp?countrycode=zmb,POSITIVE_MONTH,month-precision window of 31 days over a named district,positive,positive
DI-67,DesInventar (UNDRR),2013-03-11,2013-03-11,day,Lusaka,Lusaka,"DesInventar national disaster inventory record, event='FLOOD'",https://www.desinventar.net/DesInventar/profiletab.jsp?countrycode=zmb,POSITIVE_DAY,day-precision window of 1 day(s) over a named district,positive,positive
DI-224,DesInventar (UNDRR),2013-03-13,2013-03-13,day,Kasama,Northern,"DesInventar national disaster inventory record, event='FLOOD'",https://www.desinventar.net/DesInventar/profiletab.jsp?countrycode=zmb,POSITIVE_DAY,day-precision window of 1 day(s) over a named district,positive,positive
DI-78,DesInventar (UNDRR),2013-03-14,2013-03-14,day,Sinazongwe,Southern,"DesInventar national disaster inventory record, event='FLOOD'",https://www.desinventar.net/DesInventar/profiletab.jsp?countrycode=zmb,POSITIVE_DAY,day-precision window of 1 day(s) over a named district,positive,positive
DI-74,DesInventar (UNDRR),2013-05-03,2013-05-03,day,Kazungula,Southern,"DesInventar national disaster inventory record, event='FLOOD'",https://www.desinventar.net/DesInventar/profiletab.jsp?countrycode=zmb,POSITIVE_DAY,day-precision window of 1 day(s) over a named district,positive,positive
DI-80,DesInventar (UNDRR),2013-05-03,2013-05-03,day,Choma,Southern,"DesInventar national disaster inventory record, event='FLOOD'",https://www.desinventar.net/DesInventar/profiletab.jsp?countrycode=zmb,POSITIVE_DAY,day-precision window of 1 day(s) over a named district,positive,positive
DI-80,DesInventar (UNDRR),2013-05-03,2013-05-03,day,Petauke,Eastern,"DesInventar national disaster inventory record, event='FLOOD'",https://www.desinventar.net/DesInventar/profiletab.jsp?countrycode=zmb,POSITIVE_DAY,day-precision window of 1 day(s) over a named district,positive,positive
DI-149,DesInventar (UNDRR),2013-05-04,2013-05-04,day,Petauke,Eastern,"DesInventar national disaster inventory record, event='FLOOD'",https://www.desinventar.net/DesInventar/profiletab.jsp?countrycode=zmb,POSITIVE_DAY,day-precision window of 1 day(s) over a named district,positive,positive
DI-253,DesInventar (UNDRR),2013-06-05,2013-06-05,day,Luano,Central,"DesInventar national disaster inventory record, event='FLOOD'",https://www.desinventar.net/DesInventar/profiletab.jsp?countrycode=zmb,POSITIVE_DAY,day-precision window of 1 day(s) over a named district,positive,positive
DI-254,DesInventar (UNDRR),2013-06-06,2013-06-06,day,Kawambwa,Luapula,"DesInventar national disaster inventory record, event='FLOOD'",https://www.desinventar.net/DesInventar/profiletab.jsp?countrycode=zmb,POSITIVE_DAY,day-precision window of 1 day(s) over a named district,positive,positive
DI-256,DesInventar (UNDRR),2013-06-06,2013-06-06,day,Kawambwa,Luapula,"DesInventar national disaster inventory record, event='FLOOD'",https://www.desinventar.net/DesInventar/profiletab.jsp?countrycode=zmb,POSITIVE_DAY,day-precision window of 1 day(s) over a named district,positive,positive
DI-258,DesInventar (UNDRR),2013-06-06,2013-06-06,day,Kawambwa,Luapula,"DesInventar national disaster inventory record, event='FLOOD'",https://www.desinventar.net/DesInventar/profiletab.jsp?countrycode=zmb,POSITIVE_DAY,day-precision window of 1 day(s) over a named district,positive,positive
DI-259,DesInventar (UNDRR),2013-06-06,2013-06-06,day,Kawambwa,Luapula,"DesInventar national disaster inventory record, event='FLOOD'",https://www.desinventar.net/DesInventar/profiletab.jsp?countrycode=zmb,POSITIVE_DAY,day-precision window of 1 day(s) over a named district,positive,positive
DI-260,DesInventar (UNDRR),2013-06-06,2013-06-06,day,Nchelenge,Luapula,"DesInventar national disaster inventory record, event='FLOOD'",https://www.desinventar.net/DesInventar/profiletab.jsp?countrycode=zmb,POSITIVE_DAY,day-precision window of 1 day(s) over a named district,positive,positive
DI-261,DesInventar (UNDRR),2013-06-06,2013-06-06,day,Nchelenge,Luapula,"DesInventar national disaster inventory record, event='FLOOD'",https://www.desinventar.net/DesInventar/profiletab.jsp?countrycode=zmb,POSITIVE_DAY,day-precision window of 1 day(s) over a named district,positive,positive
DI-262,DesInventar (UNDRR),2013-06-06,2013-06-06,day,Nchelenge,Luapula,"DesInventar national disaster inventory record, event='FLOOD'",https://www.desinventar.net/DesInventar/profiletab.jsp?countrycode=zmb,POSITIVE_DAY,day-precision window of 1 day(s) over a named district,positive,positive
DI-263,DesInventar (UNDRR),2013-06-06,2013-06-06,day,Nchelenge,Luapula,"DesInventar national disaster inventory record, event='FLOOD'",https://www.desinventar.net/DesInventar/profiletab.jsp?countrycode=zmb,POSITIVE_DAY,day-precision window of 1 day(s) over a named district,positive,positive
DI-264,DesInventar (UNDRR),2013-06-06,2013-06-06,day,Nchelenge,Luapula,"DesInventar national disaster inventory record, event='FLOOD'",https://www.desinventar.net/DesInventar/profiletab.jsp?countrycode=zmb,POSITIVE_DAY,day-precision window of 1 day(s) over a named district,positive,positive
DI-265,DesInventar (UNDRR),2013-06-06,2013-06-06,day,Nchelenge,Luapula,"DesInventar national disaster inventory record, event='FLOOD'",https://www.desinventar.net/DesInventar/profiletab.jsp?countrycode=zmb,POSITIVE_DAY,day-precision window of 1 day(s) over a named district,positive,positive
DI-266,DesInventar (UNDRR),2013-06-06,2013-06-06,day,Nchelenge,Luapula,"DesInventar national disaster inventory record, event='FLOOD'",https://www.desinventar.net/DesInventar/profiletab.jsp?countrycode=zmb,POSITIVE_DAY,day-precision window of 1 day(s) over a named district,positive,positive
DI-267,DesInventar (UNDRR),2013-06-06,2013-06-06,day,Nchelenge,Luapula,"DesInventar national disaster inventory record, event='FLOOD'",https://www.desinventar.net/DesInventar/profiletab.jsp?countrycode=zmb,POSITIVE_DAY,day-precision window of 1 day(s) over a named district,positive,positive
DI-268,DesInventar (UNDRR),2013-06-06,2013-06-06,day,Nchelenge,Luapula,"DesInventar national disaster inventory record, event='FLOOD'",https://www.desinventar.net/DesInventar/profiletab.jsp?countrycode=zmb,POSITIVE_DAY,day-precision window of 1 day(s) over a named district,positive,positive
DI-269,DesInventar (UNDRR),2013-06-06,2013-06-06,day,Nchelenge,Luapula,"DesInventar national disaster inventory record, event='FLOOD'",https://www.desinventar.net/DesInventar/profiletab.jsp?countrycode=zmb,POSITIVE_DAY,day-precision window of 1 day(s) over a named district,positive,positive
DI-270,DesInventar (UNDRR),2013-06-06,2013-06-06,day,Nchelenge,Luapula,"DesInventar national disaster inventory record, event='FLOOD'",https://www.desinventar.net/DesInventar/profiletab.jsp?countrycode=zmb,POSITIVE_DAY,day-precision window of 1 day(s) over a named district,positive,positive
DI-271,DesInventar (UNDRR),2013-06-06,2013-06-06,day,Nchelenge,Luapula,"DesInventar national disaster inventory record, event='FLOOD'",https://www.desinventar.net/DesInventar/profiletab.jsp?countrycode=zmb,POSITIVE_DAY,day-precision window of 1 day(s) over a named district,positive,positive
DI-272,DesInventar (UNDRR),2013-06-06,2013-06-06,day,Nchelenge,Luapula,"DesInventar national disaster inventory record, event='FLOOD'",https://www.desinventar.net/DesInventar/profiletab.jsp?countrycode=zmb,POSITIVE_DAY,day-precision window of 1 day(s) over a named district,positive,positive
DI-273,DesInventar (UNDRR),2013-06-06,2013-06-06,day,Nchelenge,Luapula,"DesInventar national disaster inventory record, event='FLOOD'",https://www.desinventar.net/DesInventar/profiletab.jsp?countrycode=zmb,POSITIVE_DAY,day-precision window of 1 day(s) over a named district,positive,positive
DI-278,DesInventar (UNDRR),2013-06-06,2013-06-06,day,Shiwang'andu,Muchinga,"DesInventar national disaster inventory record, event='FLOOD'",https://www.desinventar.net/DesInventar/profiletab.jsp?countrycode=zmb,POSITIVE_DAY,day-precision window of 1 day(s) over a named district,positive,positive
DI-280,DesInventar (UNDRR),2013-06-06,2013-06-06,day,,Muchinga,"DesInventar national disaster inventory record, event='FLOOD'",https://www.desinventar.net/DesInventar/profiletab.jsp?countrycode=zmb,MASK_EPISODE,"date is day-precision but only province-level location (Muchinga); cannot attribute to a district, so the window is excluded from both classes rather than asserted",positive,masked (neither class)
DI-172,DesInventar (UNDRR),2013-09-16,2013-09-16,day,Lusaka,Lusaka,"DesInventar national disaster inventory record, event='FLOOD'",https://www.desinventar.net/DesInventar/profiletab.jsp?countrycode=zmb,POSITIVE_DAY,day-precision window of 1 day(s) over a named district,positive,positive
DI-79,DesInventar (UNDRR),2013-10-13,2013-10-13,day,Lusaka,Lusaka,"DesInventar national disaster inventory record, event='FLOOD'",https://www.desinventar.net/DesInventar/profiletab.jsp?countrycode=zmb,POSITIVE_DAY,day-precision window of 1 day(s) over a named district,positive,positive
DI-81,DesInventar (UNDRR),2013-10-13,2013-10-13,day,Lusaka,Lusaka,"DesInventar national disaster inventory record, event='FLOOD'",https://www.desinventar.net/DesInventar/profiletab.jsp?countrycode=zmb,POSITIVE_DAY,day-precision window of 1 day(s) over a named district,positive,positive
DI-82,DesInventar (UNDRR),2013-10-13,2013-10-13,day,Lusaka,Lusaka,"DesInventar national disaster inventory record, event='FLOOD'",https://www.desinventar.net/DesInventar/profiletab.jsp?countrycode=zmb,POSITIVE_DAY,day-precision window of 1 day(s) over a named district,positive,positive
DI-208,DesInventar (UNDRR),2013-10-31,2013-10-31,day,Mitete,Western,"DesInventar national disaster inventory record, event='FLOOD'",https://www.desinventar.net/DesInventar/profiletab.jsp?countrycode=zmb,POSITIVE_DAY,day-precision window of 1 day(s) over a named district,positive,positive
DI-151,DesInventar (UNDRR),2013-11-27,2013-11-27,day,Katete,Eastern,"DesInventar national disaster inventory record, event='FLOOD'",https://www.desinventar.net/DesInventar/profiletab.jsp?countrycode=zmb,POSITIVE_DAY,day-precision window of 1 day(s) over a named district,positive,positive
DI-70,DesInventar (UNDRR),2013-12-13,2013-12-13,day,Luanshya,Copperbelt,"DesInventar national disaster inventory record, event='FLOOD'",https://www.desinventar.net/DesInventar/profiletab.jsp?countrycode=zmb,POSITIVE_DAY,day-precision window of 1 day(s) over a named district,positive,positive
DI-71,DesInventar (UNDRR),2013-12-13,2013-12-13,day,Kitwe,Copperbelt,"DesInventar national disaster inventory record, event='FLOOD'",https://www.desinventar.net/DesInventar/profiletab.jsp?countrycode=zmb,POSITIVE_DAY,day-precision window of 1 day(s) over a named district,positive,positive
DI-72,DesInventar (UNDRR),2013-12-13,2013-12-13,day,Luanshya,Copperbelt,"DesInventar national disaster inventory record, event='FLOOD'",https://www.desinventar.net/DesInventar/profiletab.jsp?countrycode=zmb,POSITIVE_DAY,day-precision window of 1 day(s) over a named district,positive,positive
DI-73,DesInventar (UNDRR),2013-12-13,2013-12-13,day,Mporokoso,Northern,"DesInventar national disaster inventory record, event='FLOOD'",https://www.desinventar.net/DesInventar/profiletab.jsp?countrycode=zmb,POSITIVE_DAY,day-precision window of 1 day(s) over a named district,positive,positive
DI-75,DesInventar (UNDRR),2013-12-13,2013-12-13,day,Chadiza,Eastern,"DesInventar national disaster inventory record, event='FLOOD'",https://www.desinventar.net/DesInventar/profiletab.jsp?countrycode=zmb,POSITIVE_DAY,day-precision window of 1 day(s) over a named district,positive,positive
DI-76,DesInventar (UNDRR),2013-12-13,2013-12-13,day,Chadiza,Eastern,"DesInventar national disaster inventory record, event='FLOOD'",https://www.desinventar.net/DesInventar/profiletab.jsp?countrycode=zmb,POSITIVE_DAY,day-precision window of 1 day(s) over a named district,positive,positive
DI-77,DesInventar (UNDRR),2013-12-13,2013-12-13,day,Chadiza,Eastern,"DesInventar national disaster inventory record, event='FLOOD'",https://www.desinventar.net/DesInventar/profiletab.jsp?countrycode=zmb,POSITIVE_DAY,day-precision window of 1 day(s) over a named district,positive,positive
DI-78,DesInventar (UNDRR),2013-12-16,2013-12-16,day,Sinda,Eastern,"DesInventar national disaster inventory record, event='FLOOD'",https://www.desinventar.net/DesInventar/profiletab.jsp?countrycode=zmb,POSITIVE_DAY,day-precision window of 1 day(s) over a named district,positive,positive
DI-63,DesInventar (UNDRR),2013-12-25,2013-12-25,day,Chibombo,Central,"DesInventar national disaster inventory record, event='FLOOD'",https://www.desinventar.net/DesInventar/profiletab.jsp?countrycode=zmb,POSITIVE_DAY,day-precision window of 1 day(s) over a named district,positive,positive
DI-69,DesInventar (UNDRR),2013-12-25,2013-12-25,day,Chibombo,Central,"DesInventar national disaster inventory record, event='FLOOD'",https://www.desinventar.net/DesInventar/profiletab.jsp?countrycode=zmb,POSITIVE_DAY,day-precision window of 1 day(s) over a named district,positive,positive
DI-123,DesInventar (UNDRR),2014-01-01,2014-12-31,year,Kasama,Northern,"DesInventar national disaster inventory record, event='FLOOD'",https://www.desinventar.net/DesInventar/profiletab.jsp?countrycode=zmb,MASK_YEAR,year-precision only: cannot be a positive (would flag ~365 days) and must not be a negative (a flood is documented in this location-year),NEGATIVE (contaminated),masked (neither class)
DI-126,DesInventar (UNDRR),2014-01-01,2014-12-31,year,Chilanga,Lusaka,"DesInventar national disaster inventory record, event='FLOOD'",https://www.desinventar.net/DesInventar/profiletab.jsp?countrycode=zmb,MASK_YEAR,year-precision only: cannot be a positive (would flag ~365 days) and must not be a negative (a flood is documented in this location-year),NEGATIVE (contaminated),masked (neither class)
DI-143,DesInventar (UNDRR),2014-01-01,2014-12-31,year,Mambwe,Eastern,"DesInventar national disaster inventory record, event='FLOOD'",https://www.desinventar.net/DesInventar/profiletab.jsp?countrycode=zmb,MASK_YEAR,year-precision only: cannot be a positive (would flag ~365 days) and must not be a negative (a flood is documented in this location-year),NEGATIVE (contaminated),masked (neither class)
DI-157,DesInventar (UNDRR),2014-01-01,2014-12-31,year,Masaiti,Copperbelt,"DesInventar national disaster inventory record, event='FLOOD'",https://www.desinventar.net/DesInventar/profiletab.jsp?countrycode=zmb,MASK_YEAR,year-precision only: cannot be a positive (would flag ~365 days) and must not be a negative (a flood is documented in this location-year),NEGATIVE (contaminated),masked (neither class)
DI-164,DesInventar (UNDRR),2014-01-01,2014-12-31,year,Mpulungu,Northern,"DesInventar national disaster inventory record, event='FLOOD'",https://www.desinventar.net/DesInventar/profiletab.jsp?countrycode=zmb,MASK_YEAR,year-precision only: cannot be a positive (would flag ~365 days) and must not be a negative (a flood is documented in this location-year),NEGATIVE (contaminated),masked (neither class)
DI-177,DesInventar (UNDRR),2014-01-01,2014-12-31,year,Livingstone,Southern,"DesInventar national disaster inventory record, event='FLOOD'",https://www.desinventar.net/DesInventar/profiletab.jsp?countrycode=zmb,MASK_YEAR,year-precision only: cannot be a positive (would flag ~365 days) and must not be a negative (a flood is documented in this location-year),NEGATIVE (contaminated),masked (neither class)
DI-181,DesInventar (UNDRR),2014-01-01,2014-12-31,year,Nchelenge,Luapula,"DesInventar national disaster inventory record, event='FLOOD'",https://www.desinventar.net/DesInventar/profiletab.jsp?countrycode=zmb,MASK_YEAR,year-precision only: cannot be a positive (would flag ~365 days) and must not be a negative (a flood is documented in this location-year),NEGATIVE (contaminated),masked (neither class)
DI-221,DesInventar (UNDRR),2014-01-01,2014-12-31,year,Lunga,Luapula,"DesInventar national disaster inventory record, event='FLOOD'",https://www.desinventar.net/DesInventar/profiletab.jsp?countrycode=zmb,MASK_YEAR,year-precision only: cannot be a positive (would flag ~365 days) and must not be a negative (a flood is documented in this location-year),NEGATIVE (contaminated),masked (neither class)
DI-222,DesInventar (UNDRR),2014-01-01,2014-12-31,year,Lunga,Luapula,"DesInventar national disaster inventory record, event='FLOOD'",https://www.desinventar.net/DesInventar/profiletab.jsp?countrycode=zmb,MASK_YEAR,year-precision only: cannot be a positive (would flag ~365 days) and must not be a negative (a flood is documented in this location-year),NEGATIVE (contaminated),masked (neither class)
DI-225,DesInventar (UNDRR),2014-01-01,2014-12-31,year,Nchelenge,Luapula,"DesInventar national disaster inventory record, event='FLOOD'",https://www.desinventar.net/DesInventar/profiletab.jsp?countrycode=zmb,MASK_YEAR,year-precision only: cannot be a positive (would flag ~365 days) and must not be a negative (a flood is documented in this location-year),NEGATIVE (contaminated),masked (neither class)
DI-61,DesInventar (UNDRR),2014-01-01,2014-12-31,year,Rufunsa,Lusaka,"DesInventar national disaster inventory record, event='FLOOD'",https://www.desinventar.net/DesInventar/profiletab.jsp?countrycode=zmb,MASK_YEAR,year-precision only: cannot be a positive (would flag ~365 days) and must not be a negative (a flood is documented in this location-year),NEGATIVE (contaminated),masked (neither class)
DI-185,DesInventar (UNDRR),2014-01-09,2014-01-09,day,Senanga,Western,"DesInventar national disaster inventory record, event='FLOOD'",https://www.desinventar.net/DesInventar/profiletab.jsp?countrycode=zmb,POSITIVE_DAY,day-precision window of 1 day(s) over a named district,positive,positive
DI-66,DesInventar (UNDRR),2014-01-14,2014-01-14,day,Chililabombwe,Copperbelt,"DesInventar national disaster inventory record, event='FLOOD'",https://www.desinventar.net/DesInventar/profiletab.jsp?countrycode=zmb,POSITIVE_DAY,day-precision window of 1 day(s) over a named district,positive,positive
DI-90,DesInventar (UNDRR),2014-01-14,2014-01-14,day,Luwingu,Northern,"DesInventar national disaster inventory record, event='FLOOD'",https://www.desinventar.net/DesInventar/profiletab.jsp?countrycode=zmb,POSITIVE_DAY,day-precision window of 1 day(s) over a named district,positive,positive
DI-154,DesInventar (UNDRR),2014-02-04,2014-02-04,day,Chama,Muchinga,"DesInventar national disaster inventory record, event='FLOOD'",https://www.desinventar.net/DesInventar/profiletab.jsp?countrycode=zmb,POSITIVE_DAY,day-precision window of 1 day(s) over a named district,positive,positive
DI-165,DesInventar (UNDRR),2014-02-07,2014-02-07,day,Manyinga,North-Western,"DesInventar national disaster inventory record, event='FLOOD'",https://www.desinventar.net/DesInventar/profiletab.jsp?countrycode=zmb,POSITIVE_DAY,day-precision window of 1 day(s) over a named district,positive,positive
DI-166,DesInventar (UNDRR),2014-02-07,2014-02-07,day,Manyinga,North-Western,"DesInventar national disaster inventory record, event='FLOOD'",https://www.desinventar.net/DesInventar/profiletab.jsp?countrycode=zmb,POSITIVE_DAY,day-precision window of 1 day(s) over a named district,positive,positive
DI-97,DesInventar (UNDRR),2014-02-08,2014-02-08,day,Lusaka,Lusaka,"DesInventar national disaster inventory record, event='FLOOD'",https://www.desinventar.net/DesInventar/profiletab.jsp?countrycode=zmb,POSITIVE_DAY,day-precision window of 1 day(s) over a named district,positive,positive
DI-87,DesInventar (UNDRR),2014-02-14,2014-02-14,day,Kitwe,Copperbelt,"DesInventar national disaster inventory record, event='FLOOD'",https://www.desinventar.net/DesInventar/profiletab.jsp?countrycode=zmb,POSITIVE_DAY,day-precision window of 1 day(s) over a named district,positive,positive
DI-92,DesInventar (UNDRR),2014-02-14,2014-02-14,day,Kasama,Northern,"DesInventar national disaster inventory record, event='FLOOD'",https://www.desinventar.net/DesInventar/profiletab.jsp?countrycode=zmb,POSITIVE_DAY,day-precision window of 1 day(s) over a named district,positive,positive
DI-145,DesInventar (UNDRR),2014-02-27,2014-02-27,day,Kitwe,Copperbelt,"DesInventar national disaster inventory record, event='FLOOD'",https://www.desinventar.net/DesInventar/profiletab.jsp?countrycode=zmb,POSITIVE_DAY,day-precision window of 1 day(s) over a named district,positive,positive
DI-64,DesInventar (UNDRR),2014-03-01,2014-03-01,day,Kasama,Northern,"DesInventar national disaster inventory record, event='FLOOD'",https://www.desinventar.net/DesInventar/profiletab.jsp?countrycode=zmb,POSITIVE_DAY,day-precision window of 1 day(s) over a named district,positive,positive
DI-167,DesInventar (UNDRR),2014-03-05,2014-03-05,day,Manyinga,North-Western,"DesInventar national disaster inventory record, event='FLOOD'",https://www.desinventar.net/DesInventar/profiletab.jsp?countrycode=zmb,POSITIVE_DAY,day-precision window of 1 day(s) over a named district,positive,positive
DI-65,DesInventar (UNDRR),2014-03-05,2014-03-05,day,Chipata,Eastern,"DesInventar national disaster inventory record, event='FLOOD'",https://www.desinventar.net/DesInventar/profiletab.jsp?countrycode=zmb,POSITIVE_DAY,day-precision window of 1 day(s) over a named district,positive,positive
DI-64,DesInventar (UNDRR),2014-03-08,2014-03-08,day,Kabwe,Central,"DesInventar national disaster inventory record, event='FLOOD'",https://www.desinventar.net/DesInventar/profiletab.jsp?countrycode=zmb,POSITIVE_DAY,day-precision window of 1 day(s) over a named district,positive,positive
DI-111,DesInventar (UNDRR),2014-03-14,2014-03-14,day,Mporokoso,Northern,"DesInventar national disaster inventory record, event='FLOOD'",https://www.desinventar.net/DesInventar/profiletab.jsp?countrycode=zmb,POSITIVE_DAY,day-precision window of 1 day(s) over a named district,positive,positive
DI-63,DesInventar (UNDRR),2014-03-14,2014-03-14,day,Monze,Southern,"DesInventar national disaster inventory record, event='FLOOD'",https://www.desinventar.net/DesInventar/profiletab.jsp?countrycode=zmb,POSITIVE_DAY,day-precision window of 1 day(s) over a named district,positive,positive
DI-158,DesInventar (UNDRR),2014-03-17,2014-03-17,day,Kaputa,Northern,"DesInventar national disaster inventory record, event='FLOOD'",https://www.desinventar.net/DesInventar/profiletab.jsp?countrycode=zmb,POSITIVE_DAY,day-precision window of 1 day(s) over a named district,positive,positive
DI-62,DesInventar (UNDRR),2014-03-30,2014-03-30,day,Nakonde,Muchinga,"DesInventar national disaster inventory record, event='FLOOD'",https://www.desinventar.net/DesInventar/profiletab.jsp?countrycode=zmb,POSITIVE_DAY,day-precision window of 1 day(s) over a named district,positive,positive
DI-144,DesInventar (UNDRR),2014-03-31,2014-03-31,day,Zambezi,North-Western,"DesInventar national disaster inventory record, event='FLOOD'",https://www.desinventar.net/DesInventar/profiletab.jsp?countrycode=zmb,POSITIVE_DAY,day-precision window of 1 day(s) over a named district,positive,positive
DI-227,DesInventar (UNDRR),2014-04-04,2014-04-04,day,Senanga,Western,"DesInventar national disaster inventory record, event='FLOOD'",https://www.desinventar.net/DesInventar/profiletab.jsp?countrycode=zmb,POSITIVE_DAY,day-precision window of 1 day(s) over a named district,positive,positive
DI-103,DesInventar (UNDRR),2014-04-08,2014-04-08,day,Nsama,Northern,"DesInventar national disaster inventory record, event='FLOOD'",https://www.desinventar.net/DesInventar/profiletab.jsp?countrycode=zmb,POSITIVE_DAY,day-precision window of 1 day(s) over a named district,positive,positive
DI-107,DesInventar (UNDRR),2014-04-08,2014-04-08,day,Nsama,Northern,"DesInventar national disaster inventory record, event='FLOOD'",https://www.desinventar.net/DesInventar/profiletab.jsp?countrycode=zmb,POSITIVE_DAY,day-precision window of 1 day(s) over a named district,positive,positive
DI-47,DesInventar (UNDRR),2014-04-08,2014-04-08,day,Nsama,Northern,"DesInventar national disaster inventory record, event='FLOOD'",https://www.desinventar.net/DesInventar/profiletab.jsp?countrycode=zmb,POSITIVE_DAY,day-precision window of 1 day(s) over a named district,positive,positive
DI-80,DesInventar (UNDRR),2014-04-08,2014-04-08,day,Nsama,Northern,"DesInventar national disaster inventory record, event='FLOOD'",https://www.desinventar.net/DesInventar/profiletab.jsp?countrycode=zmb,POSITIVE_DAY,day-precision window of 1 day(s) over a named district,positive,positive
DI-178,DesInventar (UNDRR),2014-04-10,2014-04-10,day,Mwense,Luapula,"DesInventar national disaster inventory record, event='FLOOD'",https://www.desinventar.net/DesInventar/profiletab.jsp?countrycode=zmb,POSITIVE_DAY,day-precision window of 1 day(s) over a named district,positive,positive
DI-159,DesInventar (UNDRR),2014-04-14,2014-04-14,day,Kabompo,North-Western,"DesInventar national disaster inventory record, event='FLOOD'",https://www.desinventar.net/DesInventar/profiletab.jsp?countrycode=zmb,POSITIVE_DAY,day-precision window of 1 day(s) over a named district,positive,positive
DI-35,DesInventar (UNDRR),2014-05-02,2014-05-02,day,Mwinilunga,North-Western,"DesInventar national disaster inventory record, event='FLOOD'",https://www.desinventar.net/DesInventar/profiletab.jsp?countrycode=zmb,POSITIVE_DAY,day-precision window of 1 day(s) over a named district,positive,positive
DI-112,DesInventar (UNDRR),2014-05-04,2014-05-04,day,Mkushi,Central,"DesInventar national disaster inventory record, event='FLOOD'",https://www.desinventar.net/DesInventar/profiletab.jsp?countrycode=zmb,POSITIVE_DAY,day-precision window of 1 day(s) over a named district,positive,positive
DI-83,DesInventar (UNDRR),2014-05-08,2014-05-08,day,Mwinilunga,North-Western,"DesInventar national disaster inventory record, event='FLOOD'",https://www.desinventar.net/DesInventar/profiletab.jsp?countrycode=zmb,POSITIVE_DAY,day-precision window of 1 day(s) over a named district,positive,positive
DI-84,DesInventar (UNDRR),2014-10-04,2014-10-04,day,Mwinilunga,North-Western,"DesInventar national disaster inventory record, event='FLOOD'",https://www.desinventar.net/DesInventar/profiletab.jsp?countrycode=zmb,POSITIVE_DAY,day-precision window of 1 day(s) over a named district,positive,positive
DI-103,DesInventar (UNDRR),2014-10-14,2014-10-14,day,Sinda,Eastern,"DesInventar national disaster inventory record, event='FLOOD'",https://www.desinventar.net/DesInventar/profiletab.jsp?countrycode=zmb,POSITIVE_DAY,day-precision window of 1 day(s) over a named district,positive,positive
DI-107,DesInventar (UNDRR),2014-10-28,2014-10-28,day,Luano,Central,"DesInventar national disaster inventory record, event='FLOOD'",https://www.desinventar.net/DesInventar/profiletab.jsp?countrycode=zmb,POSITIVE_DAY,day-precision window of 1 day(s) over a named district,positive,positive
DI-87,DesInventar (UNDRR),2014-11-03,2014-11-03,day,Lusaka,Lusaka,"DesInventar national disaster inventory record, event='FLOOD'",https://www.desinventar.net/DesInventar/profiletab.jsp?countrycode=zmb,POSITIVE_DAY,day-precision window of 1 day(s) over a named district,positive,positive
DI-91,DesInventar (UNDRR),2014-12-01,2014-12-01,day,Chilanga,Lusaka,"DesInventar national disaster inventory record, event='FLOOD'",https://www.desinventar.net/DesInventar/profiletab.jsp?countrycode=zmb,POSITIVE_DAY,day-precision window of 1 day(s) over a named district,positive,positive
DI-71,DesInventar (UNDRR),2014-12-13,2014-12-13,day,Nchelenge,Luapula,"DesInventar national disaster inventory record, event='FLOOD'",https://www.desinventar.net/DesInventar/profiletab.jsp?countrycode=zmb,POSITIVE_DAY,day-precision window of 1 day(s) over a named district,positive,positive
DI-148,DesInventar (UNDRR),2015-01-01,2015-12-31,year,Kasama,Northern,"DesInventar national disaster inventory record, event='FLOOD'",https://www.desinventar.net/DesInventar/profiletab.jsp?countrycode=zmb,MASK_YEAR,year-precision only: cannot be a positive (would flag ~365 days) and must not be a negative (a flood is documented in this location-year),NEGATIVE (contaminated),masked (neither class)
DI-149,DesInventar (UNDRR),2015-01-01,2015-12-31,year,Mporokoso,Northern,"DesInventar national disaster inventory record, event='FLOOD'",https://www.desinventar.net/DesInventar/profiletab.jsp?countrycode=zmb,MASK_YEAR,year-precision only: cannot be a positive (would flag ~365 days) and must not be a negative (a flood is documented in this location-year),NEGATIVE (contaminated),masked (neither class)
DI-150,DesInventar (UNDRR),2015-01-01,2015-12-31,year,Mporokoso,Northern,"DesInventar national disaster inventory record, event='FLOOD'",https://www.desinventar.net/DesInventar/profiletab.jsp?countrycode=zmb,MASK_YEAR,year-precision only: cannot be a positive (would flag ~365 days) and must not be a negative (a flood is documented in this location-year),NEGATIVE (contaminated),masked (neither class)
DI-152,DesInventar (UNDRR),2015-01-01,2015-12-31,year,Samfya,Luapula,"DesInventar national disaster inventory record, event='FLOOD'",https://www.desinventar.net/DesInventar/profiletab.jsp?countrycode=zmb,MASK_YEAR,year-precision only: cannot be a positive (would flag ~365 days) and must not be a negative (a flood is documented in this location-year),NEGATIVE (contaminated),masked (neither class)
DI-153,DesInventar (UNDRR),2015-01-01,2015-12-31,year,Chipili,Luapula,"DesInventar national disaster inventory record, event='FLOOD'",https://www.desinventar.net/DesInventar/profiletab.jsp?countrycode=zmb,MASK_YEAR,year-precision only: cannot be a positive (would flag ~365 days) and must not be a negative (a flood is documented in this location-year),NEGATIVE (contaminated),masked (neither class)
DI-154,DesInventar (UNDRR),2015-01-01,2015-12-31,year,Chipili,Luapula,"DesInventar national disaster inventory record, event='FLOOD'",https://www.desinventar.net/DesInventar/profiletab.jsp?countrycode=zmb,MASK_YEAR,year-precision only: cannot be a positive (would flag ~365 days) and must not be a negative (a flood is documented in this location-year),NEGATIVE (contaminated),masked (neither class)
DI-60,DesInventar (UNDRR),2015-01-01,2015-12-31,year,Kabwe,Central,"DesInventar national disaster inventory record, event='FLOOD'",https://www.desinventar.net/DesInventar/profiletab.jsp?countrycode=zmb,MASK_YEAR,year-precision only: cannot be a positive (would flag ~365 days) and must not be a negative (a flood is documented in this location-year),NEGATIVE (contaminated),masked (neither class)
DI-65,DesInventar (UNDRR),2015-01-01,2015-12-31,year,Zambezi,North-Western,"DesInventar national disaster inventory record, event='FLOOD'",https://www.desinventar.net/DesInventar/profiletab.jsp?countrycode=zmb,MASK_YEAR,year-precision only: cannot be a positive (would flag ~365 days) and must not be a negative (a flood is documented in this location-year),NEGATIVE (contaminated),masked (neither class)
DI-73,DesInventar (UNDRR),2015-01-01,2015-12-31,year,Luano,Central,"DesInventar national disaster inventory record, event='FLOOD'",https://www.desinventar.net/DesInventar/profiletab.jsp?countrycode=zmb,MASK_YEAR,year-precision only: cannot be a positive (would flag ~365 days) and must not be a negative (a flood is documented in this location-year),NEGATIVE (contaminated),masked (neither class)
DI-89,DesInventar (UNDRR),2015-01-05,2015-01-05,day,Lusaka,Lusaka,"DesInventar national disaster inventory record, event='FLOOD'",https://www.desinventar.net/DesInventar/profiletab.jsp?countrycode=zmb,POSITIVE_DAY,day-precision window of 1 day(s) over a named district,positive,positive
DI-130,DesInventar (UNDRR),2015-01-09,2015-01-09,day,Lusaka,Lusaka,"DesInventar national disaster inventory record, event='FLOOD'",https://www.desinventar.net/DesInventar/profiletab.jsp?countrycode=zmb,POSITIVE_DAY,day-precision window of 1 day(s) over a named district,positive,positive
DI-239,DesInventar (UNDRR),2015-01-11,2015-01-11,day,Chirundu,Lusaka,"DesInventar national disaster inventory record, event='FLOOD'",https://www.desinventar.net/DesInventar/profiletab.jsp?countrycode=zmb,POSITIVE_DAY,day-precision window of 1 day(s) over a named district,positive,positive
DI-88,DesInventar (UNDRR),2015-02-03,2015-02-03,day,Sinda,Eastern,"DesInventar national disaster inventory record, event='FLOOD'",https://www.desinventar.net/DesInventar/profiletab.jsp?countrycode=zmb,POSITIVE_DAY,day-precision window of 1 day(s) over a named district,positive,positive
DI-79,DesInventar (UNDRR),2015-02-10,2015-02-10,day,Lundazi,Eastern,"DesInventar national disaster inventory record, event='FLOOD'",https://www.desinventar.net/DesInventar/profiletab.jsp?countrycode=zmb,POSITIVE_DAY,day-precision window of 1 day(s) over a named district,positive,positive
DI-177,DesInventar (UNDRR),2015-04-10,2015-04-10,day,Kaputa,Northern,"DesInventar national disaster inventory record, event='FLOOD'",https://www.desinventar.net/DesInventar/profiletab.jsp?countrycode=zmb,POSITIVE_DAY,day-precision window of 1 day(s) over a named district,positive,positive
DI-163,DesInventar (UNDRR),2015-04-18,2015-04-18,day,Petauke,Eastern,"DesInventar national disaster inventory record, event='FLOOD'",https://www.desinventar.net/DesInventar/profiletab.jsp?countrycode=zmb,POSITIVE_DAY,day-precision window of 1 day(s) over a named district,positive,positive
DI-81,DesInventar (UNDRR),2015-05-11,2015-05-11,day,Luwingu,Northern,"DesInventar national disaster inventory record, event='FLOOD'",https://www.desinventar.net/DesInventar/profiletab.jsp?countrycode=zmb,POSITIVE_DAY,day-precision window of 1 day(s) over a named district,positive,positive
DI-82,DesInventar (UNDRR),2015-05-11,2015-05-11,day,Shiwang'andu,Muchinga,"DesInventar national disaster inventory record, event='FLOOD'",https://www.desinventar.net/DesInventar/profiletab.jsp?countrycode=zmb,POSITIVE_DAY,day-precision window of 1 day(s) over a named district,positive,positive
DI-221,DesInventar (UNDRR),2015-06-10,2015-06-10,day,Chinsali,Muchinga,"DesInventar national disaster inventory record, event='FLOOD'",https://www.desinventar.net/DesInventar/profiletab.jsp?countrycode=zmb,POSITIVE_DAY,day-precision window of 1 day(s) over a named district,positive,positive
DI-155,DesInventar (UNDRR),2015-06-14,2015-06-14,day,Shiwang'andu,Muchinga,"DesInventar national disaster inventory record, event='FLOOD'",https://www.desinventar.net/DesInventar/profiletab.jsp?countrycode=zmb,POSITIVE_DAY,day-precision window of 1 day(s) over a named district,positive,positive
DI-156,DesInventar (UNDRR),2015-06-16,2015-06-16,day,Solwezi,North-Western,"DesInventar national disaster inventory record, event='FLOOD'",https://www.desinventar.net/DesInventar/profiletab.jsp?countrycode=zmb,POSITIVE_DAY,day-precision window of 1 day(s) over a named district,positive,positive
DI-46,DesInventar (UNDRR),2015-06-18,2015-06-18,day,Solwezi,North-Western,"DesInventar national disaster inventory record, event='FLOOD'",https://www.desinventar.net/DesInventar/profiletab.jsp?countrycode=zmb,POSITIVE_DAY,day-precision window of 1 day(s) over a named district,positive,positive
DI-194,DesInventar (UNDRR),2015-07-11,2015-07-11,day,Mpika,Muchinga,"DesInventar national disaster inventory record, event='FLOOD'",https://www.desinventar.net/DesInventar/profiletab.jsp?countrycode=zmb,POSITIVE_DAY,day-precision window of 1 day(s) over a named district,positive,positive
DI-68,DesInventar (UNDRR),2015-08-07,2015-08-07,day,Kabompo,North-Western,"DesInventar national disaster inventory record, event='FLOOD'",https://www.desinventar.net/DesInventar/profiletab.jsp?countrycode=zmb,POSITIVE_DAY,day-precision window of 1 day(s) over a named district,positive,positive
DI-67,DesInventar (UNDRR),2015-08-27,2015-08-27,day,Solwezi,North-Western,"DesInventar national disaster inventory record, event='FLOOD'",https://www.desinventar.net/DesInventar/profiletab.jsp?countrycode=zmb,POSITIVE_DAY,day-precision window of 1 day(s) over a named district,positive,positive
DI-181,DesInventar (UNDRR),2015-09-11,2015-09-11,day,Lukulu,Western,"DesInventar national disaster inventory record, event='FLOOD'",https://www.desinventar.net/DesInventar/profiletab.jsp?countrycode=zmb,POSITIVE_DAY,day-precision window of 1 day(s) over a named district,positive,positive
DI-66,DesInventar (UNDRR),2015-09-24,2015-09-24,day,Chipata,Eastern,"DesInventar national disaster inventory record, event='FLOOD'",https://www.desinventar.net/DesInventar/profiletab.jsp?countrycode=zmb,POSITIVE_DAY,day-precision window of 1 day(s) over a named district,positive,positive
DI-86,DesInventar (UNDRR),2015-11-06,2015-11-06,day,Nyimba,Eastern,"DesInventar national disaster inventory record, event='FLOOD'",https://www.desinventar.net/DesInventar/profiletab.jsp?countrycode=zmb,POSITIVE_DAY,day-precision window of 1 day(s) over a named district,positive,positive
DI-176,DesInventar (UNDRR),2015-11-15,2015-11-15,day,Samfya,Luapula,"DesInventar national disaster inventory record, event='FLOOD'",https://www.desinventar.net/DesInventar/profiletab.jsp?countrycode=zmb,POSITIVE_DAY,day-precision window of 1 day(s) over a named district,positive,positive
DI-122,DesInventar (UNDRR),2015-12-17,2015-12-17,day,Mazabuka,Southern,"DesInventar national disaster inventory record, event='FLOOD'",https://www.desinventar.net/DesInventar/profiletab.jsp?countrycode=zmb,POSITIVE_DAY,day-precision window of 1 day(s) over a named district,positive,positive
DI-242,DesInventar (UNDRR),2015-12-29,2015-12-29,day,Shibuyunji,Lusaka,"DesInventar national disaster inventory record, event='FLOOD'",https://www.desinventar.net/DesInventar/profiletab.jsp?countrycode=zmb,POSITIVE_DAY,day-precision window of 1 day(s) over a named district,positive,positive
DI-187,DesInventar (UNDRR),2016-01-01,2016-12-31,year,Mufumbwe,North-Western,"DesInventar national disaster inventory record, event='FLOOD'",https://www.desinventar.net/DesInventar/profiletab.jsp?countrycode=zmb,MASK_YEAR,year-precision only: cannot be a positive (would flag ~365 days) and must not be a negative (a flood is documented in this location-year),NEGATIVE (contaminated),masked (neither class)
DI-60,DesInventar (UNDRR),2016-01-16,2016-01-16,day,Siavonga,Southern,"DesInventar national disaster inventory record, event='FLOOD'",https://www.desinventar.net/DesInventar/profiletab.jsp?countrycode=zmb,POSITIVE_DAY,day-precision window of 1 day(s) over a named district,positive,positive
DI-178,DesInventar (UNDRR),2016-02-25,2016-02-25,day,Solwezi,North-Western,"DesInventar national disaster inventory record, event='FLOOD'",https://www.desinventar.net/DesInventar/profiletab.jsp?countrycode=zmb,POSITIVE_DAY,day-precision window of 1 day(s) over a named district,positive,positive
DI-236,DesInventar (UNDRR),2016-03-18,2016-03-18,day,Kafue,Lusaka,"DesInventar national disaster inventory record, event='FLOOD'",https://www.desinventar.net/DesInventar/profiletab.jsp?countrycode=zmb,POSITIVE_DAY,day-precision window of 1 day(s) over a named district,positive,positive
DI-83,DesInventar (UNDRR),2016-06-20,2016-06-20,day,Solwezi,North-Western,"DesInventar national disaster inventory record, event='FLOOD'",https://www.desinventar.net/DesInventar/profiletab.jsp?countrycode=zmb,POSITIVE_DAY,day-precision window of 1 day(s) over a named district,positive,positive
DI-104,DesInventar (UNDRR),2016-11-16,2016-11-16,day,Luangwa,Lusaka,"DesInventar national disaster inventory record, event='FLOOD'",https://www.desinventar.net/DesInventar/profiletab.jsp?countrycode=zmb,POSITIVE_DAY,day-precision window of 1 day(s) over a named district,positive,positive
DI-120,DesInventar (UNDRR),2016-12-09,2016-12-09,day,Nakonde,Muchinga,"DesInventar national disaster inventory record, event='FLOOD'",https://www.desinventar.net/DesInventar/profiletab.jsp?countrycode=zmb,POSITIVE_DAY,day-precision window of 1 day(s) over a named district,positive,positive
DI-167,DesInventar (UNDRR),2016-12-25,2016-12-25,day,Chirundu,Lusaka,"DesInventar national disaster inventory record, event='FLOOD'",https://www.desinventar.net/DesInventar/profiletab.jsp?countrycode=zmb,POSITIVE_DAY,day-precision window of 1 day(s) over a named district,positive,positive
DI-165,DesInventar (UNDRR),2016-12-26,2016-12-26,day,Milengi,Luapula,"DesInventar national disaster inventory record, event='FLOOD'",https://www.desinventar.net/DesInventar/profiletab.jsp?countrycode=zmb,POSITIVE_DAY,day-precision window of 1 day(s) over a named district,positive,positive
DI-220,DesInventar (UNDRR),2017-01-01,2017-12-31,year,Lunga,Luapula,"DesInventar national disaster inventory record, event='FLOOD'",https://www.desinventar.net/DesInventar/profiletab.jsp?countrycode=zmb,MASK_YEAR,year-precision only: cannot be a positive (would flag ~365 days) and must not be a negative (a flood is documented in this location-year),NEGATIVE (contaminated),masked (neither class)
DI-77,DesInventar (UNDRR),2017-01-01,2017-12-31,year,Lundazi,Eastern,"DesInventar national disaster inventory record, event='FLOOD'",https://www.desinventar.net/DesInventar/profiletab.jsp?countrycode=zmb,MASK_YEAR,year-precision only: cannot be a positive (would flag ~365 days) and must not be a negative (a flood is documented in this location-year),NEGATIVE (contaminated),masked (neither class)
DI-88,DesInventar (UNDRR),2017-01-01,2017-12-31,year,Lundazi,Eastern,"DesInventar national disaster inventory record, event='FLOOD'",https://www.desinventar.net/DesInventar/profiletab.jsp?countrycode=zmb,MASK_YEAR,year-precision only: cannot be a positive (would flag ~365 days) and must not be a negative (a flood is documented in this location-year),NEGATIVE (contaminated),masked (neither class)
DI-123,DesInventar (UNDRR),2017-01-04,2017-01-04,day,Samfya,Luapula,"DesInventar national disaster inventory record, event='FLOOD'",https://www.desinventar.net/DesInventar/profiletab.jsp?countrycode=zmb,POSITIVE_DAY,day-precision window of 1 day(s) over a named district,positive,positive
DI-486,DesInventar (UNDRR),2017-01-04,2017-01-04,day,Samfya,Luapula,"DesInventar national disaster inventory record, event='FLOOD'",https://www.desinventar.net/DesInventar/profiletab.jsp?countrycode=zmb,POSITIVE_DAY,day-precision window of 1 day(s) over a named district,positive,positive
DI-107,DesInventar (UNDRR),2017-01-17,2017-01-17,day,Mwandi,Western,"DesInventar national disaster inventory record, event='FLOOD'",https://www.desinventar.net/DesInventar/profiletab.jsp?countrycode=zmb,POSITIVE_DAY,day-precision window of 1 day(s) over a named district,positive,positive
DI-122,DesInventar (UNDRR),2017-01-17,2017-01-17,day,Chipata,Eastern,"DesInventar national disaster inventory record, event='FLOOD'",https://www.desinventar.net/DesInventar/profiletab.jsp?countrycode=zmb,POSITIVE_DAY,day-precision window of 1 day(s) over a named district,positive,positive
DI-108,DesInventar (UNDRR),2017-02-17,2017-02-17,day,Choma,Southern,"DesInventar national disaster inventory record, event='FLOOD'",https://www.desinventar.net/DesInventar/profiletab.jsp?countrycode=zmb,POSITIVE_DAY,day-precision window of 1 day(s) over a named district,positive,positive
DI-55,DesInventar (UNDRR),2017-03-10,2017-03-10,day,Chadiza,Eastern,"DesInventar national disaster inventory record, event='FLOOD'",https://www.desinventar.net/DesInventar/profiletab.jsp?countrycode=zmb,POSITIVE_DAY,day-precision window of 1 day(s) over a named district,positive,positive
DI-67,DesInventar (UNDRR),2017-04-09,2017-04-09,day,Mwinilunga,North-Western,"DesInventar national disaster inventory record, event='FLOOD'",https://www.desinventar.net/DesInventar/profiletab.jsp?countrycode=zmb,POSITIVE_DAY,day-precision window of 1 day(s) over a named district,positive,positive
DI-46,DesInventar (UNDRR),2017-05-03,2017-05-03,day,Kitwe,Copperbelt,"DesInventar national disaster inventory record, event='FLOOD'",https://www.desinventar.net/DesInventar/profiletab.jsp?countrycode=zmb,POSITIVE_DAY,day-precision window of 1 day(s) over a named district,positive,positive
DI-48,DesInventar (UNDRR),2017-05-03,2017-05-03,day,Mwense,Luapula,"DesInventar national disaster inventory record, event='FLOOD'",https://www.desinventar.net/DesInventar/profiletab.jsp?countrycode=zmb,POSITIVE_DAY,day-precision window of 1 day(s) over a named district,positive,positive
DI-48,DesInventar (UNDRR),2017-05-03,2017-05-03,day,Luanshya,Copperbelt,"DesInventar national disaster inventory record, event='FLOOD'",https://www.desinventar.net/DesInventar/profiletab.jsp?countrycode=zmb,POSITIVE_DAY,day-precision window of 1 day(s) over a named district,positive,positive
DI-53,DesInventar (UNDRR),2017-05-03,2017-05-03,day,Kaoma,Western,"DesInventar national disaster inventory record, event='FLOOD'",https://www.desinventar.net/DesInventar/profiletab.jsp?countrycode=zmb,POSITIVE_DAY,day-precision window of 1 day(s) over a named district,positive,positive
DI-54,DesInventar (UNDRR),2017-05-03,2017-05-03,day,Kaoma,Western,"DesInventar national disaster inventory record, event='FLOOD'",https://www.desinventar.net/DesInventar/profiletab.jsp?countrycode=zmb,POSITIVE_DAY,day-precision window of 1 day(s) over a named district,positive,positive
DI-55,DesInventar (UNDRR),2017-05-03,2017-05-03,day,Kaoma,Western,"DesInventar national disaster inventory record, event='FLOOD'",https://www.desinventar.net/DesInventar/profiletab.jsp?countrycode=zmb,POSITIVE_DAY,day-precision window of 1 day(s) over a named district,positive,positive
DI-56,DesInventar (UNDRR),2017-05-03,2017-05-03,day,Kaoma,Western,"DesInventar national disaster inventory record, event='FLOOD'",https://www.desinventar.net/DesInventar/profiletab.jsp?countrycode=zmb,POSITIVE_DAY,day-precision window of 1 day(s) over a named district,positive,positive
DI-57,DesInventar (UNDRR),2017-05-03,2017-05-03,day,Mwinilunga,North-Western,"DesInventar national disaster inventory record, event='FLOOD'",https://www.desinventar.net/DesInventar/profiletab.jsp?countrycode=zmb,POSITIVE_DAY,day-precision window of 1 day(s) over a named district,positive,positive
DI-58,DesInventar (UNDRR),2017-05-03,2017-05-03,day,Mwinilunga,North-Western,"DesInventar national disaster inventory record, event='FLOOD'",https://www.desinventar.net/DesInventar/profiletab.jsp?countrycode=zmb,POSITIVE_DAY,day-precision window of 1 day(s) over a named district,positive,positive
DI-59,DesInventar (UNDRR),2017-05-03,2017-05-03,day,Solwezi,North-Western,"DesInventar national disaster inventory record, event='FLOOD'",https://www.desinventar.net/DesInventar/profiletab.jsp?countrycode=zmb,POSITIVE_DAY,day-precision window of 1 day(s) over a named district,positive,positive
DI-62,DesInventar (UNDRR),2017-05-03,2017-05-03,day,Lusaka,Lusaka,"DesInventar national disaster inventory record, event='FLOOD'",https://www.desinventar.net/DesInventar/profiletab.jsp?countrycode=zmb,POSITIVE_DAY,day-precision window of 1 day(s) over a named district,positive,positive
DI-68,DesInventar (UNDRR),2017-05-03,2017-05-03,day,Chingola,Copperbelt,"DesInventar national disaster inventory record, event='FLOOD'",https://www.desinventar.net/DesInventar/profiletab.jsp?countrycode=zmb,POSITIVE_DAY,day-precision window of 1 day(s) over a named district,positive,positive
DI-71,DesInventar (UNDRR),2017-05-03,2017-05-03,day,Kitwe,Copperbelt,"DesInventar national disaster inventory record, event='FLOOD'",https://www.desinventar.net/DesInventar/profiletab.jsp?countrycode=zmb,POSITIVE_DAY,day-precision window of 1 day(s) over a named district,positive,positive
DI-74,DesInventar (UNDRR),2017-05-03,2017-05-03,day,Nsama,Northern,"DesInventar national disaster inventory record, event='FLOOD'",https://www.desinventar.net/DesInventar/profiletab.jsp?countrycode=zmb,POSITIVE_DAY,day-precision window of 1 day(s) over a named district,positive,positive
DI-77,DesInventar (UNDRR),2017-05-03,2017-05-03,day,Kafue,Lusaka,"DesInventar national disaster inventory record, event='FLOOD'",https://www.desinventar.net/DesInventar/profiletab.jsp?countrycode=zmb,POSITIVE_DAY,day-precision window of 1 day(s) over a named district,positive,positive
DI-106,DesInventar (UNDRR),2017-05-04,2017-05-04,day,Kitwe,Copperbelt,"DesInventar national disaster inventory record, event='FLOOD'",https://www.desinventar.net/DesInventar/profiletab.jsp?countrycode=zmb,POSITIVE_DAY,day-precision window of 1 day(s) over a named district,positive,positive
DI-108,DesInventar (UNDRR),2017-05-04,2017-05-04,day,Lusaka,Lusaka,"DesInventar national disaster inventory record, event='FLOOD'",https://www.desinventar.net/DesInventar/profiletab.jsp?countrycode=zmb,POSITIVE_DAY,day-precision window of 1 day(s) over a named district,positive,positive
DI-117,DesInventar (UNDRR),2017-05-04,2017-05-04,day,Petauke,Eastern,"DesInventar national disaster inventory record, event='FLOOD'",https://www.desinventar.net/DesInventar/profiletab.jsp?countrycode=zmb,POSITIVE_DAY,day-precision window of 1 day(s) over a named district,positive,positive
DI-84,DesInventar (UNDRR),2017-05-04,2017-05-04,day,Itezhi-tezhi,Central,"DesInventar national disaster inventory record, event='FLOOD'",https://www.desinventar.net/DesInventar/profiletab.jsp?countrycode=zmb,POSITIVE_DAY,day-precision window of 1 day(s) over a named district,positive,positive
DI-182,DesInventar (UNDRR),2017-05-08,2017-05-08,day,Chadiza,Eastern,"DesInventar national disaster inventory record, event='FLOOD'",https://www.desinventar.net/DesInventar/profiletab.jsp?countrycode=zmb,POSITIVE_DAY,day-precision window of 1 day(s) over a named district,positive,positive
DI-171,DesInventar (UNDRR),2017-05-09,2017-05-09,day,Shibuyunji,Lusaka,"DesInventar national disaster inventory record, event='FLOOD'",https://www.desinventar.net/DesInventar/profiletab.jsp?countrycode=zmb,POSITIVE_DAY,day-precision window of 1 day(s) over a named district,positive,positive
DI-179,DesInventar (UNDRR),2017-05-11,2017-05-11,day,Lukulu,Western,"DesInventar national disaster inventory record, event='FLOOD'",https://www.desinventar.net/DesInventar/profiletab.jsp?countrycode=zmb,POSITIVE_DAY,day-precision window of 1 day(s) over a named district,positive,positive
DI-222,DesInventar (UNDRR),2017-05-11,2017-05-11,day,Luwingu,Northern,"DesInventar national disaster inventory record, event='FLOOD'",https://www.desinventar.net/DesInventar/profiletab.jsp?countrycode=zmb,POSITIVE_DAY,day-precision window of 1 day(s) over a named district,positive,positive
DI-240,DesInventar (UNDRR),2017-05-22,2017-05-22,day,Chongwe,Lusaka,"DesInventar national disaster inventory record, event='FLOOD'",https://www.desinventar.net/DesInventar/profiletab.jsp?countrycode=zmb,POSITIVE_DAY,day-precision window of 1 day(s) over a named district,positive,positive
DI-241,DesInventar (UNDRR),2017-05-22,2017-05-22,day,Lusaka,Lusaka,"DesInventar national disaster inventory record, event='FLOOD'",https://www.desinventar.net/DesInventar/profiletab.jsp?countrycode=zmb,POSITIVE_DAY,day-precision window of 1 day(s) over a named district,positive,positive
DI-206,DesInventar (UNDRR),2017-05-23,2017-05-23,day,Kalabo,Western,"DesInventar national disaster inventory record, event='FLOOD'",https://www.desinventar.net/DesInventar/profiletab.jsp?countrycode=zmb,POSITIVE_DAY,day-precision window of 1 day(s) over a named district,positive,positive
DI-209,DesInventar (UNDRR),2017-05-23,2017-05-23,day,Kalabo,Western,"DesInventar national disaster inventory record, event='FLOOD'",https://www.desinventar.net/DesInventar/profiletab.jsp?countrycode=zmb,POSITIVE_DAY,day-precision window of 1 day(s) over a named district,positive,positive
DI-211,DesInventar (UNDRR),2017-05-23,2017-05-23,day,Kalabo,Western,"DesInventar national disaster inventory record, event='FLOOD'",https://www.desinventar.net/DesInventar/profiletab.jsp?countrycode=zmb,POSITIVE_DAY,day-precision window of 1 day(s) over a named district,positive,positive
DI-124,DesInventar (UNDRR),2017-05-29,2017-05-29,day,Kasama,Northern,"DesInventar national disaster inventory record, event='FLOOD'",https://www.desinventar.net/DesInventar/profiletab.jsp?countrycode=zmb,POSITIVE_DAY,day-precision window of 1 day(s) over a named district,positive,positive
DI-173,DesInventar (UNDRR),2017-06-05,2017-06-05,day,,Central,"DesInventar national disaster inventory record, event='FLOOD'",https://www.desinventar.net/DesInventar/profiletab.jsp?countrycode=zmb,MASK_EPISODE,"date is day-precision but only province-level location (Central); cannot attribute to a district, so the window is excluded from both classes rather than asserted",positive,masked (neither class)
DI-204,DesInventar (UNDRR),2017-06-06,2017-06-06,day,Gwembe,Southern,"DesInventar national disaster inventory record, event='FLOOD'",https://www.desinventar.net/DesInventar/profiletab.jsp?countrycode=zmb,POSITIVE_DAY,day-precision window of 1 day(s) over a named district,positive,positive
DI-257,DesInventar (UNDRR),2017-06-06,2017-06-06,day,Kawambwa,Luapula,"DesInventar national disaster inventory record, event='FLOOD'",https://www.desinventar.net/DesInventar/profiletab.jsp?countrycode=zmb,POSITIVE_DAY,day-precision window of 1 day(s) over a named district,positive,positive
ZM-2020-01,Curated log: FloodList,2020-01-03,2020-01-03,day,,Eastern,span=1d; affected=~300 families displaced; notes=Secondary source (news aggregator); no primary DMMU report located yet for this event.,https://floodlist.com/africa/zambia-roads-farms-hit-by-floods,MASK_EPISODE,"date is day-precision but only province-level location (Eastern); cannot attribute to a district, so the window is excluded from both classes rather than asserted",positive,masked (neither class)
ZM-2020-02,Curated log: FloodList,2020-01-17,2020-01-17,day,,Southern,"span=1d; affected=Crops destroyed (no displacement figure given); notes=Secondary source; described as affecting drought-hit farms, not primarily a displacement event.",https://floodlist.com/africa/zambia-floods-in-southern-province,MASK_EPISODE,"date is day-precision but only province-level location (Southern); cannot attribute to a district, so the window is excluded from both classes rather than asserted",positive,masked (neither class)
ZM-2020-03,Curated log: FloodList,2020-01-24,2020-01-24,day,,Eastern,span=1d; affected=~500 people displaced; 100+ homes damaged; notes=Secondary source.,https://floodlist.com/africa/zambia-floods-eastern-province-january-2020,MASK_EPISODE,"date is day-precision but only province-level location (Eastern); cannot attribute to a district, so the window is excluded from both classes rather than asserted",positive,masked (neither class)
ZM-2020-04,Curated log: FloodList,2020-02-06,2020-02-06,day,,Eastern,"span=1d; affected=116 families left homeless; notes=Secondary source; same URL slug reused by FloodList's site for a follow-up article, date per tag listing.",https://floodlist.com/africa/zambia-floods-eastern-province-january-2020,MASK_EPISODE,"date is day-precision but only province-level location (Eastern); cannot attribute to a district, so the window is excluded from both classes rather than asserted",positive,masked (neither class)
ZM-2020-05,Curated log: FloodList (cites satellite imagery),2020-03-11,2020-03-11,day,Lunga,Luapula,span=1d; affected=~7000 people affected; notes=Secondary source; explicitly references satellite-derived impact estimate.,https://floodlist.com/africa/zambia-floods-north-march-2020,POSITIVE_DAY,day-precision window of 1 day(s) over a named district,positive,positive
ZM-2020-06,Curated log: FloodList,2020-03-24,2020-03-24,day,Samfya,Luapula,span=1d; affected=Families displaced (no figure given); notes=Secondary source.,https://floodlist.com/africa/zambia-floods-luapula-march-2020,POSITIVE_DAY,day-precision window of 1 day(s) over a named district,positive,positive
ZM-2020-07,Curated log: FloodList,2020-04-02,2020-04-02,day,,"Luapula, Muchinga",span=1d; affected=Widespread flooding (no figure given); notes=Secondary source; described as continuation of the March 2020 northern flooding.,https://floodlist.com/africa/zambia-floods-north-march-2020,MASK_EPISODE,"date is day-precision but only province-level location (Luapula, Muchinga); cannot attribute to a district, so the window is excluded from both classes rather than asserted",positive,masked (neither class)
ZM-2021-01,Curated log: FloodList,2021-01-08,2021-01-08,day,Mumbwa,Central,"span=1d; affected=Hundreds homeless; notes=Distinct mechanism: Kandesha dam spillway collapse triggered by heavy rainfall on 2020-12-25 - a rainfall-triggered infrastructure failure, not simple riverine/",https://floodlist.com/africa/zambia-roads-farms-hit-by-floods,POSITIVE_DAY,day-precision window of 1 day(s) over a named district,positive,positive
ZM-2022-01,Curated log: FloodList; corroborated by ReliefWeb ECHO Daily Flash (31 Jan 2022),2022-01-20,2022-01-20,day,,Southern,"span=1d; affected=~15,000 people / 3,500 households; notes=Corroborated by a second independent source (ReliefWeb/ECHO), raising confidence relative to single-source entries.",https://floodlist.com/africa/zambia-floods-southern-province-january-2022,MASK_EPISODE,"date is day-precision but only province-level location (Southern); cannot attribute to a district, so the window is excluded from both classes rather than asserted",positive,masked (neither class)
DI-2199,DesInventar (UNDRR),2022-02-14,2022-02-14,day,Mongu,Western,"DesInventar national disaster inventory record, event='FLASH FLOODS'",https://www.desinventar.net/DesInventar/profiletab.jsp?countrycode=zmb,POSITIVE_DAY,day-precision window of 1 day(s) over a named district,positive,positive
ZM-2023-01,"Curated log: DMMU, WARMA (via UN-SPIDER); International Charter Activation #796 (10 Sentinel-2B-derived flood-extent products)",2023-01-16,2023-02-27,day,Chongwe;Luangwa;Luano;Lusaka;Mazabuka;Monze;Mumbwa;Namwala,"Southern, Central, Eastern, Lusaka","span=43d; affected=Luano: >20,000 people; Lusangazi: 27 households; Chongwe: 29 houses collapsed, 37 severely damaged; notes=Highest-confidence entry: named authoritative government sources (DMMU/WARMA) plus an independent satellite-derived flood-extent product. DATE CAVEAT: one Flood",https://www.un-spider.org/advisory-support/emergency-support/13047/floods-zambia ; https://disasterscharter.org/activations/flood-large-in-zambia-activation-796-,POSITIVE_DAY_ONSET_ONLY,"day-precision onset recorded, but the window spans 43 days (> 14); onset day is positive and the remainder is masked, because the source does not document which later days flooded",positive,positive (onset) + masked remainder
DI-2197,DesInventar (UNDRR),2023-11-22,2023-11-22,day,Lusaka,Lusaka,"DesInventar national disaster inventory record, event='FLASH FLOODS'",https://www.desinventar.net/DesInventar/profiletab.jsp?countrycode=zmb,POSITIVE_DAY,day-precision window of 1 day(s) over a named district,positive,positive
DI-2253,DesInventar (UNDRR),2025-01-23,2025-01-23,day,Gwembe,Southern,"DesInventar national disaster inventory record, event='FLASH FLOODS'",https://www.desinventar.net/DesInventar/profiletab.jsp?countrycode=zmb,POSITIVE_DAY,day-precision window of 1 day(s) over a named district,positive,positive
DI-2252,DesInventar (UNDRR),2025-01-25,2025-01-25,day,Lusaka,Lusaka,"DesInventar national disaster inventory record, event='FLOOD'",https://www.desinventar.net/DesInventar/profiletab.jsp?countrycode=zmb,POSITIVE_DAY,day-precision window of 1 day(s) over a named district,positive,positive
ZM-2025-01,Curated log: International Charter Activation #1009 (8 satellite-derived products); International Water Management Institute (project management),2025-12-30,2026-01-03,day,Chinsali;Lundazi;Nakonde,"Eastern, Muchinga","span=5d; affected=~250 households; up to 37 districts threatened nationwide (broader rainfall pattern); notes=Most recent event in this log. Charter-sourced, comparatively high confidence, but only the Charter's own summary has been reviewed - no DMMU/WARMA situation re",https://disasterscharter.org/activations/flood-in-zambia-activation-1009-,POSITIVE_DAY,day-precision window of 5 day(s) over a named district,positive,positive
DI-2259,DesInventar (UNDRR),2026-01-17,2026-01-17,day,Luangwa,Lusaka,"DesInventar national disaster inventory record, event='FLASH FLOODS'",https://www.desinventar.net/DesInventar/profiletab.jsp?countrycode=zmb,POSITIVE_DAY,day-precision window of 1 day(s) over a named district,positive,positive
DI-2260,DesInventar (UNDRR),2026-01-18,2026-01-18,day,Rufunsa,Lusaka,"DesInventar national disaster inventory record, event='FLASH FLOODS'",https://www.desinventar.net/DesInventar/profiletab.jsp?countrycode=zmb,POSITIVE_DAY,day-precision window of 1 day(s) over a named district,positive,positive
DI-2261,DesInventar (UNDRR),2026-01-18,2026-01-18,day,Chongwe,Lusaka,"DesInventar national disaster inventory record, event='FLASH FLOODS'",https://www.desinventar.net/DesInventar/profiletab.jsp?countrycode=zmb,POSITIVE_DAY,day-precision window of 1 day(s) over a named district,positive,positive
DI-2263,DesInventar (UNDRR),2026-01-18,2026-01-18,day,Kafue,Lusaka,"DesInventar national disaster inventory record, event='FLASH FLOODS'",https://www.desinventar.net/DesInventar/profiletab.jsp?countrycode=zmb,POSITIVE_DAY,day-precision window of 1 day(s) over a named district,positive,positive
DI-2256,DesInventar (UNDRR),2026-01-23,2026-01-23,day,Kabwe,Central,"DesInventar national disaster inventory record, event='FLASH FLOODS'",https://www.desinventar.net/DesInventar/profiletab.jsp?countrycode=zmb,POSITIVE_DAY,day-precision window of 1 day(s) over a named district,positive,positive
