timestamp_utc,source,target,url,attempts,error
2026-10-06T13:23:56+00:00,chirps,2011-03-07,https://data.chc.ucsb.edu/products/CHIRPS/v3.0/daily/final/rnl/cogs/2011/chirps-v3.0.rnl.2011.03.07.cog,5,failed: RasterioIOError('Read failed. See previous exception for details.')
2026-10-06T13:23:56+00:00,chirps,2011-03-09,https://data.chc.ucsb.edu/products/CHIRPS/v3.0/daily/final/rnl/cogs/2011/chirps-v3.0.rnl.2011.03.09.cog,5,failed: RasterioIOError('Read failed. See previous exception for details.')
2026-10-06T13:23:57+00:00,chirps,2011-03-10,https://data.chc.ucsb.edu/products/CHIRPS/v3.0/daily/final/rnl/cogs/2011/chirps-v3.0.rnl.2011.03.10.cog,5,failed: RasterioIOError('Read failed. See previous exception for details.')
2026-10-06T13:23:57+00:00,chirps,2011-03-11,https://data.chc.ucsb.edu/products/CHIRPS/v3.0/daily/final/rnl/cogs/2011/chirps-v3.0.rnl.2011.03.11.cog,5,failed: RasterioIOError('Read failed. See previous exception for details.')
2026-10-06T13:23:58+00:00,chirps,2011-03-12,https://data.chc.ucsb.edu/products/CHIRPS/v3.0/daily/final/rnl/cogs/2011/chirps-v3.0.rnl.2011.03.12.cog,5,failed: RasterioIOError('Read failed. See previous exception for details.')
2026-10-06T13:23:58+00:00,chirps,2011-03-13,https://data.chc.ucsb.edu/products/CHIRPS/v3.0/daily/final/rnl/cogs/2011/chirps-v3.0.rnl.2011.03.13.cog,5,failed: RasterioIOError('Read failed. See previous exception for details.')
2026-10-06T13:24:01+00:00,chirps,2011-03-14,https://data.chc.ucsb.edu/products/CHIRPS/v3.0/daily/final/rnl/cogs/2011/chirps-v3.0.rnl.2011.03.14.cog,5,failed: RasterioIOError('CURL error: Could not resolve host: data.chc.ucsb.edu')
2026-10-06T13:24:01+00:00,chirps,2011-03-15,https://data.chc.ucsb.edu/products/CHIRPS/v3.0/daily/final/rnl/cogs/2011/chirps-v3.0.rnl.2011.03.15.cog,5,failed: RasterioIOError('CURL error: Could not resolve host: data.chc.ucsb.edu')
2026-10-06T13:24:58+00:00,chirps,2011-03-16,https://data.chc.ucsb.edu/products/CHIRPS/v3.0/daily/final/rnl/cogs/2011/chirps-v3.0.rnl.2011.03.16.cog,5,failed: RasterioIOError('CURL error: Could not resolve host: data.chc.ucsb.edu')
2026-10-06T13:24:58+00:00,chirps,2011-03-17,https://data.chc.ucsb.edu/products/CHIRPS/v3.0/daily/final/rnl/cogs/2011/chirps-v3.0.rnl.2011.03.17.cog,5,failed: RasterioIOError('CURL error: Could not resolve host: data.chc.ucsb.edu')
2026-10-06T13:24:59+00:00,chirps,2011-03-18,https://data.chc.ucsb.edu/products/CHIRPS/v3.0/daily/final/rnl/cogs/2011/chirps-v3.0.rnl.2011.03.18.cog,5,failed: RasterioIOError('CURL error: Could not resolve host: data.chc.ucsb.edu')
2026-10-06T13:24:59+00:00,chirps,2011-03-19,https://data.chc.ucsb.edu/products/CHIRPS/v3.0/daily/final/rnl/cogs/2011/chirps-v3.0.rnl.2011.03.19.cog,5,failed: RasterioIOError('CURL error: Could not resolve host: data.chc.ucsb.edu')
2026-10-06T13:25:00+00:00,chirps,2011-03-20,https://data.chc.ucsb.edu/products/CHIRPS/v3.0/daily/final/rnl/cogs/2011/chirps-v3.0.rnl.2011.03.20.cog,5,failed: RasterioIOError('CURL error: Could not resolve host: data.chc.ucsb.edu')
2026-10-06T13:25:00+00:00,chirps,2011-03-21,https://data.chc.ucsb.edu/products/CHIRPS/v3.0/daily/final/rnl/cogs/2011/chirps-v3.0.rnl.2011.03.21.cog,5,failed: RasterioIOError('CURL error: Could not resolve host: data.chc.ucsb.edu')
2026-10-06T13:25:03+00:00,chirps,2011-03-22,https://data.chc.ucsb.edu/products/CHIRPS/v3.0/daily/final/rnl/cogs/2011/chirps-v3.0.rnl.2011.03.22.cog,5,failed: RasterioIOError('CURL error: Could not resolve host: data.chc.ucsb.edu')
2026-10-06T13:25:04+00:00,chirps,2011-03-23,https://data.chc.ucsb.edu/products/CHIRPS/v3.0/daily/final/rnl/cogs/2011/chirps-v3.0.rnl.2011.03.23.cog,5,failed: RasterioIOError('CURL error: Could not resolve host: data.chc.ucsb.edu')
2026-10-06T13:26:00+00:00,chirps,2011-03-24,https://data.chc.ucsb.edu/products/CHIRPS/v3.0/daily/final/rnl/cogs/2011/chirps-v3.0.rnl.2011.03.24.cog,5,failed: RasterioIOError('CURL error: Could not resolve host: data.chc.ucsb.edu')
2026-10-06T13:26:00+00:00,chirps,2011-03-25,https://data.chc.ucsb.edu/products/CHIRPS/v3.0/daily/final/rnl/cogs/2011/chirps-v3.0.rnl.2011.03.25.cog,5,failed: RasterioIOError('CURL error: Could not resolve host: data.chc.ucsb.edu')
2026-10-06T13:26:01+00:00,chirps,2011-03-26,https://data.chc.ucsb.edu/products/CHIRPS/v3.0/daily/final/rnl/cogs/2011/chirps-v3.0.rnl.2011.03.26.cog,5,failed: RasterioIOError('CURL error: Could not resolve host: data.chc.ucsb.edu')
2026-10-06T13:26:01+00:00,chirps,2011-03-27,https://data.chc.ucsb.edu/products/CHIRPS/v3.0/daily/final/rnl/cogs/2011/chirps-v3.0.rnl.2011.03.27.cog,5,failed: RasterioIOError('CURL error: Could not resolve host: data.chc.ucsb.edu')
2026-10-06T13:26:02+00:00,chirps,2011-03-28,https://data.chc.ucsb.edu/products/CHIRPS/v3.0/daily/final/rnl/cogs/2011/chirps-v3.0.rnl.2011.03.28.cog,5,failed: RasterioIOError('CURL error: Could not resolve host: data.chc.ucsb.edu')
2026-10-06T13:26:02+00:00,chirps,2011-03-29,https://data.chc.ucsb.edu/products/CHIRPS/v3.0/daily/final/rnl/cogs/2011/chirps-v3.0.rnl.2011.03.29.cog,5,failed: RasterioIOError('CURL error: Could not resolve host: data.chc.ucsb.edu')
2026-10-06T13:26:05+00:00,chirps,2011-03-30,https://data.chc.ucsb.edu/products/CHIRPS/v3.0/daily/final/rnl/cogs/2011/chirps-v3.0.rnl.2011.03.30.cog,5,failed: RasterioIOError('CURL error: Could not resolve host: data.chc.ucsb.edu')
2026-10-06T13:26:06+00:00,chirps,2011-03-31,https://data.chc.ucsb.edu/products/CHIRPS/v3.0/daily/final/rnl/cogs/2011/chirps-v3.0.rnl.2011.03.31.cog,5,failed: RasterioIOError('CURL error: Could not resolve host: data.chc.ucsb.edu')
2026-10-06T13:27:02+00:00,chirps,2011-04-01,https://data.chc.ucsb.edu/products/CHIRPS/v3.0/daily/final/rnl/cogs/2011/chirps-v3.0.rnl.2011.04.01.cog,5,failed: RasterioIOError('CURL error: Could not resolve host: data.chc.ucsb.edu')
2026-10-06T13:27:02+00:00,chirps,2011-04-02,https://data.chc.ucsb.edu/products/CHIRPS/v3.0/daily/final/rnl/cogs/2011/chirps-v3.0.rnl.2011.04.02.cog,5,failed: RasterioIOError('CURL error: Could not resolve host: data.chc.ucsb.edu')
2026-10-06T13:27:03+00:00,chirps,2011-04-03,https://data.chc.ucsb.edu/products/CHIRPS/v3.0/daily/final/rnl/cogs/2011/chirps-v3.0.rnl.2011.04.03.cog,5,failed: RasterioIOError('CURL error: Could not resolve host: data.chc.ucsb.edu')
2026-10-06T13:27:03+00:00,chirps,2011-04-04,https://data.chc.ucsb.edu/products/CHIRPS/v3.0/daily/final/rnl/cogs/2011/chirps-v3.0.rnl.2011.04.04.cog,5,failed: RasterioIOError('CURL error: Could not resolve host: data.chc.ucsb.edu')
2026-10-06T13:27:04+00:00,chirps,2011-04-05,https://data.chc.ucsb.edu/products/CHIRPS/v3.0/daily/final/rnl/cogs/2011/chirps-v3.0.rnl.2011.04.05.cog,5,failed: RasterioIOError('CURL error: Could not resolve host: data.chc.ucsb.edu')
2026-10-06T13:27:04+00:00,chirps,2011-04-06,https://data.chc.ucsb.edu/products/CHIRPS/v3.0/daily/final/rnl/cogs/2011/chirps-v3.0.rnl.2011.04.06.cog,5,failed: RasterioIOError('CURL error: Could not resolve host: data.chc.ucsb.edu')
2026-10-06T13:27:07+00:00,chirps,2011-04-07,https://data.chc.ucsb.edu/products/CHIRPS/v3.0/daily/final/rnl/cogs/2011/chirps-v3.0.rnl.2011.04.07.cog,5,failed: RasterioIOError('CURL error: Could not resolve host: data.chc.ucsb.edu')
2026-10-06T13:27:08+00:00,chirps,2011-04-08,https://data.chc.ucsb.edu/products/CHIRPS/v3.0/daily/final/rnl/cogs/2011/chirps-v3.0.rnl.2011.04.08.cog,5,failed: RasterioIOError('CURL error: Could not resolve host: data.chc.ucsb.edu')
2026-10-06T13:28:04+00:00,chirps,2011-04-09,https://data.chc.ucsb.edu/products/CHIRPS/v3.0/daily/final/rnl/cogs/2011/chirps-v3.0.rnl.2011.04.09.cog,5,failed: RasterioIOError('CURL error: Could not resolve host: data.chc.ucsb.edu')
2026-10-06T13:28:04+00:00,chirps,2011-04-10,https://data.chc.ucsb.edu/products/CHIRPS/v3.0/daily/final/rnl/cogs/2011/chirps-v3.0.rnl.2011.04.10.cog,5,failed: RasterioIOError('CURL error: Could not resolve host: data.chc.ucsb.edu')
2026-10-06T13:28:05+00:00,chirps,2011-04-11,https://data.chc.ucsb.edu/products/CHIRPS/v3.0/daily/final/rnl/cogs/2011/chirps-v3.0.rnl.2011.04.11.cog,5,failed: RasterioIOError('CURL error: Could not resolve host: data.chc.ucsb.edu')
2026-10-06T13:28:05+00:00,chirps,2011-04-12,https://data.chc.ucsb.edu/products/CHIRPS/v3.0/daily/final/rnl/cogs/2011/chirps-v3.0.rnl.2011.04.12.cog,5,failed: RasterioIOError('CURL error: Could not resolve host: data.chc.ucsb.edu')
2026-10-06T13:28:06+00:00,chirps,2011-04-13,https://data.chc.ucsb.edu/products/CHIRPS/v3.0/daily/final/rnl/cogs/2011/chirps-v3.0.rnl.2011.04.13.cog,5,failed: RasterioIOError('CURL error: Could not resolve host: data.chc.ucsb.edu')
2026-10-06T13:28:06+00:00,chirps,2011-04-14,https://data.chc.ucsb.edu/products/CHIRPS/v3.0/daily/final/rnl/cogs/2011/chirps-v3.0.rnl.2011.04.14.cog,5,failed: RasterioIOError('CURL error: Could not resolve host: data.chc.ucsb.edu')
2026-10-06T13:28:09+00:00,chirps,2011-04-15,https://data.chc.ucsb.edu/products/CHIRPS/v3.0/daily/final/rnl/cogs/2011/chirps-v3.0.rnl.2011.04.15.cog,5,failed: RasterioIOError('CURL error: Could not resolve host: data.chc.ucsb.edu')
2026-10-06T13:28:10+00:00,chirps,2011-04-16,https://data.chc.ucsb.edu/products/CHIRPS/v3.0/daily/final/rnl/cogs/2011/chirps-v3.0.rnl.2011.04.16.cog,5,failed: RasterioIOError('CURL error: Could not resolve host: data.chc.ucsb.edu')
2026-10-06T13:29:06+00:00,chirps,2011-04-17,https://data.chc.ucsb.edu/products/CHIRPS/v3.0/daily/final/rnl/cogs/2011/chirps-v3.0.rnl.2011.04.17.cog,5,failed: RasterioIOError('CURL error: Could not resolve host: data.chc.ucsb.edu')
2026-10-06T13:29:06+00:00,chirps,2011-04-18,https://data.chc.ucsb.edu/products/CHIRPS/v3.0/daily/final/rnl/cogs/2011/chirps-v3.0.rnl.2011.04.18.cog,5,failed: RasterioIOError('CURL error: Could not resolve host: data.chc.ucsb.edu')
2026-10-06T13:29:07+00:00,chirps,2011-04-19,https://data.chc.ucsb.edu/products/CHIRPS/v3.0/daily/final/rnl/cogs/2011/chirps-v3.0.rnl.2011.04.19.cog,5,failed: RasterioIOError('CURL error: Could not resolve host: data.chc.ucsb.edu')
2026-10-06T13:29:07+00:00,chirps,2011-04-20,https://data.chc.ucsb.edu/products/CHIRPS/v3.0/daily/final/rnl/cogs/2011/chirps-v3.0.rnl.2011.04.20.cog,5,failed: RasterioIOError('CURL error: Could not resolve host: data.chc.ucsb.edu')
2026-10-06T13:29:08+00:00,chirps,2011-04-21,https://data.chc.ucsb.edu/products/CHIRPS/v3.0/daily/final/rnl/cogs/2011/chirps-v3.0.rnl.2011.04.21.cog,5,failed: RasterioIOError('CURL error: Could not resolve host: data.chc.ucsb.edu')
2026-10-06T13:29:09+00:00,chirps,2011-04-22,https://data.chc.ucsb.edu/products/CHIRPS/v3.0/daily/final/rnl/cogs/2011/chirps-v3.0.rnl.2011.04.22.cog,5,failed: RasterioIOError('CURL error: Could not resolve host: data.chc.ucsb.edu')
2026-10-06T13:29:11+00:00,chirps,2011-04-23,https://data.chc.ucsb.edu/products/CHIRPS/v3.0/daily/final/rnl/cogs/2011/chirps-v3.0.rnl.2011.04.23.cog,5,failed: RasterioIOError('CURL error: Could not resolve host: data.chc.ucsb.edu')
2026-10-06T13:29:12+00:00,chirps,2011-04-24,https://data.chc.ucsb.edu/products/CHIRPS/v3.0/daily/final/rnl/cogs/2011/chirps-v3.0.rnl.2011.04.24.cog,5,failed: RasterioIOError('CURL error: Could not resolve host: data.chc.ucsb.edu')
2026-10-06T13:30:08+00:00,chirps,2011-04-25,https://data.chc.ucsb.edu/products/CHIRPS/v3.0/daily/final/rnl/cogs/2011/chirps-v3.0.rnl.2011.04.25.cog,5,failed: RasterioIOError('CURL error: Could not resolve host: data.chc.ucsb.edu')
2026-10-06T13:30:09+00:00,chirps,2011-04-26,https://data.chc.ucsb.edu/products/CHIRPS/v3.0/daily/final/rnl/cogs/2011/chirps-v3.0.rnl.2011.04.26.cog,5,failed: RasterioIOError('CURL error: Could not resolve host: data.chc.ucsb.edu')
2026-10-06T13:30:09+00:00,chirps,2011-04-27,https://data.chc.ucsb.edu/products/CHIRPS/v3.0/daily/final/rnl/cogs/2011/chirps-v3.0.rnl.2011.04.27.cog,5,failed: RasterioIOError('CURL error: Could not resolve host: data.chc.ucsb.edu')
2026-10-06T13:30:09+00:00,chirps,2011-04-28,https://data.chc.ucsb.edu/products/CHIRPS/v3.0/daily/final/rnl/cogs/2011/chirps-v3.0.rnl.2011.04.28.cog,5,failed: RasterioIOError('CURL error: Could not resolve host: data.chc.ucsb.edu')
2026-10-06T13:30:10+00:00,chirps,2011-04-29,https://data.chc.ucsb.edu/products/CHIRPS/v3.0/daily/final/rnl/cogs/2011/chirps-v3.0.rnl.2011.04.29.cog,5,failed: RasterioIOError('CURL error: Could not resolve host: data.chc.ucsb.edu')
2026-10-06T13:30:11+00:00,chirps,2011-04-30,https://data.chc.ucsb.edu/products/CHIRPS/v3.0/daily/final/rnl/cogs/2011/chirps-v3.0.rnl.2011.04.30.cog,5,failed: RasterioIOError('CURL error: Could not resolve host: data.chc.ucsb.edu')
2026-10-06T13:30:14+00:00,chirps,2011-05-01,https://data.chc.ucsb.edu/products/CHIRPS/v3.0/daily/final/rnl/cogs/2011/chirps-v3.0.rnl.2011.05.01.cog,5,failed: RasterioIOError('CURL error: Could not resolve host: data.chc.ucsb.edu')
2026-10-06T13:30:14+00:00,chirps,2011-05-02,https://data.chc.ucsb.edu/products/CHIRPS/v3.0/daily/final/rnl/cogs/2011/chirps-v3.0.rnl.2011.05.02.cog,5,failed: RasterioIOError('CURL error: Could not resolve host: data.chc.ucsb.edu')
2026-10-06T13:31:10+00:00,chirps,2011-05-03,https://data.chc.ucsb.edu/products/CHIRPS/v3.0/daily/final/rnl/cogs/2011/chirps-v3.0.rnl.2011.05.03.cog,5,failed: RasterioIOError('CURL error: Could not resolve host: data.chc.ucsb.edu')
2026-10-06T13:31:11+00:00,chirps,2011-05-04,https://data.chc.ucsb.edu/products/CHIRPS/v3.0/daily/final/rnl/cogs/2011/chirps-v3.0.rnl.2011.05.04.cog,5,failed: RasterioIOError('CURL error: Could not resolve host: data.chc.ucsb.edu')
2026-10-06T13:31:11+00:00,chirps,2011-05-05,https://data.chc.ucsb.edu/products/CHIRPS/v3.0/daily/final/rnl/cogs/2011/chirps-v3.0.rnl.2011.05.05.cog,5,failed: RasterioIOError('CURL error: Could not resolve host: data.chc.ucsb.edu')
2026-10-06T13:31:11+00:00,chirps,2011-05-06,https://data.chc.ucsb.edu/products/CHIRPS/v3.0/daily/final/rnl/cogs/2011/chirps-v3.0.rnl.2011.05.06.cog,5,failed: RasterioIOError('CURL error: Could not resolve host: data.chc.ucsb.edu')
2026-10-06T13:31:13+00:00,chirps,2011-05-07,https://data.chc.ucsb.edu/products/CHIRPS/v3.0/daily/final/rnl/cogs/2011/chirps-v3.0.rnl.2011.05.07.cog,5,failed: RasterioIOError('CURL error: Could not resolve host: data.chc.ucsb.edu')
2026-10-06T13:31:13+00:00,chirps,2011-05-08,https://data.chc.ucsb.edu/products/CHIRPS/v3.0/daily/final/rnl/cogs/2011/chirps-v3.0.rnl.2011.05.08.cog,5,failed: RasterioIOError('CURL error: Could not resolve host: data.chc.ucsb.edu')
2026-10-06T13:31:16+00:00,chirps,2011-05-09,https://data.chc.ucsb.edu/products/CHIRPS/v3.0/daily/final/rnl/cogs/2011/chirps-v3.0.rnl.2011.05.09.cog,5,failed: RasterioIOError('CURL error: Could not resolve host: data.chc.ucsb.edu')
2026-10-06T13:31:16+00:00,chirps,2011-05-10,https://data.chc.ucsb.edu/products/CHIRPS/v3.0/daily/final/rnl/cogs/2011/chirps-v3.0.rnl.2011.05.10.cog,5,failed: RasterioIOError('CURL error: Could not resolve host: data.chc.ucsb.edu')
2026-10-06T13:32:12+00:00,chirps,2011-05-11,https://data.chc.ucsb.edu/products/CHIRPS/v3.0/daily/final/rnl/cogs/2011/chirps-v3.0.rnl.2011.05.11.cog,5,failed: RasterioIOError('CURL error: Could not resolve host: data.chc.ucsb.edu')
2026-10-06T13:32:13+00:00,chirps,2011-05-12,https://data.chc.ucsb.edu/products/CHIRPS/v3.0/daily/final/rnl/cogs/2011/chirps-v3.0.rnl.2011.05.12.cog,5,failed: RasterioIOError('CURL error: Could not resolve host: data.chc.ucsb.edu')
2026-10-06T13:32:13+00:00,chirps,2011-05-13,https://data.chc.ucsb.edu/products/CHIRPS/v3.0/daily/final/rnl/cogs/2011/chirps-v3.0.rnl.2011.05.13.cog,5,failed: RasterioIOError('CURL error: Could not resolve host: data.chc.ucsb.edu')
2026-10-06T13:32:13+00:00,chirps,2011-05-14,https://data.chc.ucsb.edu/products/CHIRPS/v3.0/daily/final/rnl/cogs/2011/chirps-v3.0.rnl.2011.05.14.cog,5,failed: RasterioIOError('CURL error: Could not resolve host: data.chc.ucsb.edu')
2026-10-06T13:32:15+00:00,chirps,2011-05-15,https://data.chc.ucsb.edu/products/CHIRPS/v3.0/daily/final/rnl/cogs/2011/chirps-v3.0.rnl.2011.05.15.cog,5,failed: RasterioIOError('CURL error: Could not resolve host: data.chc.ucsb.edu')
2026-10-06T13:32:15+00:00,chirps,2011-05-16,https://data.chc.ucsb.edu/products/CHIRPS/v3.0/daily/final/rnl/cogs/2011/chirps-v3.0.rnl.2011.05.16.cog,5,failed: RasterioIOError('CURL error: Could not resolve host: data.chc.ucsb.edu')
2026-10-06T13:32:18+00:00,chirps,2011-05-17,https://data.chc.ucsb.edu/products/CHIRPS/v3.0/daily/final/rnl/cogs/2011/chirps-v3.0.rnl.2011.05.17.cog,5,failed: RasterioIOError('CURL error: Could not resolve host: data.chc.ucsb.edu')
2026-10-06T13:32:18+00:00,chirps,2011-05-18,https://data.chc.ucsb.edu/products/CHIRPS/v3.0/daily/final/rnl/cogs/2011/chirps-v3.0.rnl.2011.05.18.cog,5,failed: RasterioIOError('CURL error: Could not resolve host: data.chc.ucsb.edu')
2026-10-06T13:35:18+00:00,chirps,2011-05-19,https://data.chc.ucsb.edu/products/CHIRPS/v3.0/daily/final/rnl/cogs/2011/chirps-v3.0.rnl.2011.05.19.cog,5,failed: RasterioIOError('Read failed. See previous exception for details.')
2026-10-06T13:35:19+00:00,chirps,2011-05-20,https://data.chc.ucsb.edu/products/CHIRPS/v3.0/daily/final/rnl/cogs/2011/chirps-v3.0.rnl.2011.05.20.cog,5,failed: RasterioIOError('Read failed. See previous exception for details.')
2026-10-06T13:35:19+00:00,chirps,2011-05-22,https://data.chc.ucsb.edu/products/CHIRPS/v3.0/daily/final/rnl/cogs/2011/chirps-v3.0.rnl.2011.05.22.cog,5,failed: RasterioIOError('Read failed. See previous exception for details.')
2026-10-06T13:35:23+00:00,chirps,2011-05-23,https://data.chc.ucsb.edu/products/CHIRPS/v3.0/daily/final/rnl/cogs/2011/chirps-v3.0.rnl.2011.05.23.cog,5,failed: RasterioIOError('Read failed. See previous exception for details.')
2026-10-06T13:35:24+00:00,chirps,2011-05-24,https://data.chc.ucsb.edu/products/CHIRPS/v3.0/daily/final/rnl/cogs/2011/chirps-v3.0.rnl.2011.05.24.cog,5,failed: RasterioIOError('Read failed. See previous exception for details.')
2026-10-06T13:35:30+00:00,chirps,2011-05-21,https://data.chc.ucsb.edu/products/CHIRPS/v3.0/daily/final/rnl/cogs/2011/chirps-v3.0.rnl.2011.05.21.cog,5,failed: RasterioIOError('Read failed. See previous exception for details.')
2026-10-06T13:35:34+00:00,chirps,2011-05-25,https://data.chc.ucsb.edu/products/CHIRPS/v3.0/daily/final/rnl/cogs/2011/chirps-v3.0.rnl.2011.05.25.cog,5,"failed: RasterioIOError(""'/vsicurl/https://data.chc.ucsb.edu/products/CHIRPS/v3.0/daily/final/rnl/cogs/2011/chirps-v3.0.rnl.2011.05.25.cog' not recognized as being in a supported file format."")"
2026-10-06T13:35:35+00:00,chirps,2011-05-26,https://data.chc.ucsb.edu/products/CHIRPS/v3.0/daily/final/rnl/cogs/2011/chirps-v3.0.rnl.2011.05.26.cog,5,"failed: RasterioIOError(""'/vsicurl/https://data.chc.ucsb.edu/products/CHIRPS/v3.0/daily/final/rnl/cogs/2011/chirps-v3.0.rnl.2011.05.26.cog' not recognized as being in a supported file format."")"
2026-10-06T13:36:20+00:00,chirps,2011-05-27,https://data.chc.ucsb.edu/products/CHIRPS/v3.0/daily/final/rnl/cogs/2011/chirps-v3.0.rnl.2011.05.27.cog,5,failed: RasterioIOError('CURL error: Could not resolve host: data.chc.ucsb.edu')
2026-10-06T13:36:21+00:00,chirps,2011-05-28,https://data.chc.ucsb.edu/products/CHIRPS/v3.0/daily/final/rnl/cogs/2011/chirps-v3.0.rnl.2011.05.28.cog,5,failed: RasterioIOError('CURL error: Could not resolve host: data.chc.ucsb.edu')
2026-10-06T13:36:21+00:00,chirps,2011-05-29,https://data.chc.ucsb.edu/products/CHIRPS/v3.0/daily/final/rnl/cogs/2011/chirps-v3.0.rnl.2011.05.29.cog,5,failed: RasterioIOError('CURL error: Could not resolve host: data.chc.ucsb.edu')
2026-10-06T13:36:25+00:00,chirps,2011-05-30,https://data.chc.ucsb.edu/products/CHIRPS/v3.0/daily/final/rnl/cogs/2011/chirps-v3.0.rnl.2011.05.30.cog,5,failed: RasterioIOError('CURL error: Could not resolve host: data.chc.ucsb.edu')
2026-10-06T13:36:26+00:00,chirps,2011-05-31,https://data.chc.ucsb.edu/products/CHIRPS/v3.0/daily/final/rnl/cogs/2011/chirps-v3.0.rnl.2011.05.31.cog,5,failed: RasterioIOError('CURL error: Could not resolve host: data.chc.ucsb.edu')
2026-10-06T13:36:32+00:00,chirps,2011-06-01,https://data.chc.ucsb.edu/products/CHIRPS/v3.0/daily/final/rnl/cogs/2011/chirps-v3.0.rnl.2011.06.01.cog,5,failed: RasterioIOError('CURL error: Could not resolve host: data.chc.ucsb.edu')
2026-10-06T13:36:36+00:00,chirps,2011-06-02,https://data.chc.ucsb.edu/products/CHIRPS/v3.0/daily/final/rnl/cogs/2011/chirps-v3.0.rnl.2011.06.02.cog,5,failed: RasterioIOError('CURL error: Could not resolve host: data.chc.ucsb.edu')
2026-10-06T13:36:37+00:00,chirps,2011-06-03,https://data.chc.ucsb.edu/products/CHIRPS/v3.0/daily/final/rnl/cogs/2011/chirps-v3.0.rnl.2011.06.03.cog,5,failed: RasterioIOError('CURL error: Could not resolve host: data.chc.ucsb.edu')
2026-10-06T13:37:22+00:00,chirps,2011-06-04,https://data.chc.ucsb.edu/products/CHIRPS/v3.0/daily/final/rnl/cogs/2011/chirps-v3.0.rnl.2011.06.04.cog,5,failed: RasterioIOError('CURL error: Could not resolve host: data.chc.ucsb.edu')
2026-10-06T13:37:23+00:00,chirps,2011-06-05,https://data.chc.ucsb.edu/products/CHIRPS/v3.0/daily/final/rnl/cogs/2011/chirps-v3.0.rnl.2011.06.05.cog,5,failed: RasterioIOError('CURL error: Could not resolve host: data.chc.ucsb.edu')
2026-10-06T13:37:23+00:00,chirps,2011-06-06,https://data.chc.ucsb.edu/products/CHIRPS/v3.0/daily/final/rnl/cogs/2011/chirps-v3.0.rnl.2011.06.06.cog,5,failed: RasterioIOError('CURL error: Could not resolve host: data.chc.ucsb.edu')
2026-10-06T13:37:27+00:00,chirps,2011-06-07,https://data.chc.ucsb.edu/products/CHIRPS/v3.0/daily/final/rnl/cogs/2011/chirps-v3.0.rnl.2011.06.07.cog,5,failed: RasterioIOError('CURL error: Could not resolve host: data.chc.ucsb.edu')
2026-10-06T13:37:28+00:00,chirps,2011-06-08,https://data.chc.ucsb.edu/products/CHIRPS/v3.0/daily/final/rnl/cogs/2011/chirps-v3.0.rnl.2011.06.08.cog,5,failed: RasterioIOError('CURL error: Could not resolve host: data.chc.ucsb.edu')
2026-10-06T13:37:34+00:00,chirps,2011-06-09,https://data.chc.ucsb.edu/products/CHIRPS/v3.0/daily/final/rnl/cogs/2011/chirps-v3.0.rnl.2011.06.09.cog,5,failed: RasterioIOError('CURL error: Could not resolve host: data.chc.ucsb.edu')
2026-10-06T13:37:38+00:00,chirps,2011-06-10,https://data.chc.ucsb.edu/products/CHIRPS/v3.0/daily/final/rnl/cogs/2011/chirps-v3.0.rnl.2011.06.10.cog,5,failed: RasterioIOError('CURL error: Could not resolve host: data.chc.ucsb.edu')
2026-10-06T13:37:39+00:00,chirps,2011-06-11,https://data.chc.ucsb.edu/products/CHIRPS/v3.0/daily/final/rnl/cogs/2011/chirps-v3.0.rnl.2011.06.11.cog,5,failed: RasterioIOError('CURL error: Could not resolve host: data.chc.ucsb.edu')
2026-10-06T13:38:24+00:00,chirps,2011-06-12,https://data.chc.ucsb.edu/products/CHIRPS/v3.0/daily/final/rnl/cogs/2011/chirps-v3.0.rnl.2011.06.12.cog,5,failed: RasterioIOError('CURL error: Could not resolve host: data.chc.ucsb.edu')
2026-10-06T13:38:25+00:00,chirps,2011-06-13,https://data.chc.ucsb.edu/products/CHIRPS/v3.0/daily/final/rnl/cogs/2011/chirps-v3.0.rnl.2011.06.13.cog,5,failed: RasterioIOError('CURL error: Could not resolve host: data.chc.ucsb.edu')
2026-10-06T13:38:26+00:00,chirps,2011-06-14,https://data.chc.ucsb.edu/products/CHIRPS/v3.0/daily/final/rnl/cogs/2011/chirps-v3.0.rnl.2011.06.14.cog,5,failed: RasterioIOError('CURL error: Could not resolve host: data.chc.ucsb.edu')
2026-10-06T13:38:29+00:00,chirps,2011-06-15,https://data.chc.ucsb.edu/products/CHIRPS/v3.0/daily/final/rnl/cogs/2011/chirps-v3.0.rnl.2011.06.15.cog,5,failed: RasterioIOError('CURL error: Could not resolve host: data.chc.ucsb.edu')
2026-10-06T13:38:30+00:00,chirps,2011-06-16,https://data.chc.ucsb.edu/products/CHIRPS/v3.0/daily/final/rnl/cogs/2011/chirps-v3.0.rnl.2011.06.16.cog,5,failed: RasterioIOError('CURL error: Could not resolve host: data.chc.ucsb.edu')
2026-10-06T13:38:36+00:00,chirps,2011-06-17,https://data.chc.ucsb.edu/products/CHIRPS/v3.0/daily/final/rnl/cogs/2011/chirps-v3.0.rnl.2011.06.17.cog,5,failed: RasterioIOError('CURL error: Could not resolve host: data.chc.ucsb.edu')
2026-10-06T13:38:40+00:00,chirps,2011-06-18,https://data.chc.ucsb.edu/products/CHIRPS/v3.0/daily/final/rnl/cogs/2011/chirps-v3.0.rnl.2011.06.18.cog,5,failed: RasterioIOError('CURL error: Could not resolve host: data.chc.ucsb.edu')
2026-10-06T13:38:41+00:00,chirps,2011-06-19,https://data.chc.ucsb.edu/products/CHIRPS/v3.0/daily/final/rnl/cogs/2011/chirps-v3.0.rnl.2011.06.19.cog,5,failed: RasterioIOError('CURL error: Could not resolve host: data.chc.ucsb.edu')
2026-10-06T13:39:26+00:00,chirps,2011-06-20,https://data.chc.ucsb.edu/products/CHIRPS/v3.0/daily/final/rnl/cogs/2011/chirps-v3.0.rnl.2011.06.20.cog,5,failed: RasterioIOError('CURL error: Could not resolve host: data.chc.ucsb.edu')
2026-10-06T13:39:27+00:00,chirps,2011-06-21,https://data.chc.ucsb.edu/products/CHIRPS/v3.0/daily/final/rnl/cogs/2011/chirps-v3.0.rnl.2011.06.21.cog,5,failed: RasterioIOError('CURL error: Could not resolve host: data.chc.ucsb.edu')
2026-10-06T13:39:28+00:00,chirps,2011-06-22,https://data.chc.ucsb.edu/products/CHIRPS/v3.0/daily/final/rnl/cogs/2011/chirps-v3.0.rnl.2011.06.22.cog,5,failed: RasterioIOError('CURL error: Could not resolve host: data.chc.ucsb.edu')
2026-10-06T13:39:31+00:00,chirps,2011-06-23,https://data.chc.ucsb.edu/products/CHIRPS/v3.0/daily/final/rnl/cogs/2011/chirps-v3.0.rnl.2011.06.23.cog,5,failed: RasterioIOError('CURL error: Could not resolve host: data.chc.ucsb.edu')
2026-10-06T13:39:32+00:00,chirps,2011-06-24,https://data.chc.ucsb.edu/products/CHIRPS/v3.0/daily/final/rnl/cogs/2011/chirps-v3.0.rnl.2011.06.24.cog,5,failed: RasterioIOError('CURL error: Could not resolve host: data.chc.ucsb.edu')
2026-10-06T13:39:38+00:00,chirps,2011-06-25,https://data.chc.ucsb.edu/products/CHIRPS/v3.0/daily/final/rnl/cogs/2011/chirps-v3.0.rnl.2011.06.25.cog,5,failed: RasterioIOError('CURL error: Could not resolve host: data.chc.ucsb.edu')
2026-10-06T13:39:43+00:00,chirps,2011-06-26,https://data.chc.ucsb.edu/products/CHIRPS/v3.0/daily/final/rnl/cogs/2011/chirps-v3.0.rnl.2011.06.26.cog,5,failed: RasterioIOError('CURL error: Could not resolve host: data.chc.ucsb.edu')
2026-10-06T13:39:43+00:00,chirps,2011-06-27,https://data.chc.ucsb.edu/products/CHIRPS/v3.0/daily/final/rnl/cogs/2011/chirps-v3.0.rnl.2011.06.27.cog,5,failed: RasterioIOError('CURL error: Could not resolve host: data.chc.ucsb.edu')
2026-10-06T13:40:28+00:00,chirps,2011-06-28,https://data.chc.ucsb.edu/products/CHIRPS/v3.0/daily/final/rnl/cogs/2011/chirps-v3.0.rnl.2011.06.28.cog,5,failed: RasterioIOError('CURL error: Could not resolve host: data.chc.ucsb.edu')
2026-10-06T13:40:29+00:00,chirps,2011-06-29,https://data.chc.ucsb.edu/products/CHIRPS/v3.0/daily/final/rnl/cogs/2011/chirps-v3.0.rnl.2011.06.29.cog,5,failed: RasterioIOError('CURL error: Could not resolve host: data.chc.ucsb.edu')
2026-10-06T13:40:30+00:00,chirps,2011-06-30,https://data.chc.ucsb.edu/products/CHIRPS/v3.0/daily/final/rnl/cogs/2011/chirps-v3.0.rnl.2011.06.30.cog,5,failed: RasterioIOError('CURL error: Could not resolve host: data.chc.ucsb.edu')
2026-10-06T13:40:33+00:00,chirps,2011-07-01,https://data.chc.ucsb.edu/products/CHIRPS/v3.0/daily/final/rnl/cogs/2011/chirps-v3.0.rnl.2011.07.01.cog,5,failed: RasterioIOError('CURL error: Could not resolve host: data.chc.ucsb.edu')
2026-10-06T13:40:34+00:00,chirps,2011-07-02,https://data.chc.ucsb.edu/products/CHIRPS/v3.0/daily/final/rnl/cogs/2011/chirps-v3.0.rnl.2011.07.02.cog,5,failed: RasterioIOError('CURL error: Could not resolve host: data.chc.ucsb.edu')
2026-10-06T13:40:40+00:00,chirps,2011-07-03,https://data.chc.ucsb.edu/products/CHIRPS/v3.0/daily/final/rnl/cogs/2011/chirps-v3.0.rnl.2011.07.03.cog,5,failed: RasterioIOError('CURL error: Could not resolve host: data.chc.ucsb.edu')
2026-10-06T13:40:45+00:00,chirps,2011-07-04,https://data.chc.ucsb.edu/products/CHIRPS/v3.0/daily/final/rnl/cogs/2011/chirps-v3.0.rnl.2011.07.04.cog,5,failed: RasterioIOError('CURL error: Could not resolve host: data.chc.ucsb.edu')
2026-10-06T13:40:45+00:00,chirps,2011-07-05,https://data.chc.ucsb.edu/products/CHIRPS/v3.0/daily/final/rnl/cogs/2011/chirps-v3.0.rnl.2011.07.05.cog,5,failed: RasterioIOError('CURL error: Could not resolve host: data.chc.ucsb.edu')
2026-10-06T13:41:30+00:00,chirps,2011-07-06,https://data.chc.ucsb.edu/products/CHIRPS/v3.0/daily/final/rnl/cogs/2011/chirps-v3.0.rnl.2011.07.06.cog,5,failed: RasterioIOError('CURL error: Could not resolve host: data.chc.ucsb.edu')
2026-10-06T13:41:31+00:00,chirps,2011-07-07,https://data.chc.ucsb.edu/products/CHIRPS/v3.0/daily/final/rnl/cogs/2011/chirps-v3.0.rnl.2011.07.07.cog,5,failed: RasterioIOError('CURL error: Could not resolve host: data.chc.ucsb.edu')
2026-10-06T13:41:32+00:00,chirps,2011-07-08,https://data.chc.ucsb.edu/products/CHIRPS/v3.0/daily/final/rnl/cogs/2011/chirps-v3.0.rnl.2011.07.08.cog,5,failed: RasterioIOError('CURL error: Could not resolve host: data.chc.ucsb.edu')
2026-10-06T13:41:36+00:00,chirps,2011-07-09,https://data.chc.ucsb.edu/products/CHIRPS/v3.0/daily/final/rnl/cogs/2011/chirps-v3.0.rnl.2011.07.09.cog,5,failed: RasterioIOError('CURL error: Could not resolve host: data.chc.ucsb.edu')
2026-10-06T13:41:36+00:00,chirps,2011-07-10,https://data.chc.ucsb.edu/products/CHIRPS/v3.0/daily/final/rnl/cogs/2011/chirps-v3.0.rnl.2011.07.10.cog,5,failed: RasterioIOError('CURL error: Could not resolve host: data.chc.ucsb.edu')
2026-10-06T13:41:42+00:00,chirps,2011-07-11,https://data.chc.ucsb.edu/products/CHIRPS/v3.0/daily/final/rnl/cogs/2011/chirps-v3.0.rnl.2011.07.11.cog,5,failed: RasterioIOError('CURL error: Could not resolve host: data.chc.ucsb.edu')
2026-10-06T13:41:47+00:00,chirps,2011-07-12,https://data.chc.ucsb.edu/products/CHIRPS/v3.0/daily/final/rnl/cogs/2011/chirps-v3.0.rnl.2011.07.12.cog,5,failed: RasterioIOError('CURL error: Could not resolve host: data.chc.ucsb.edu')
2026-10-06T13:41:47+00:00,chirps,2011-07-13,https://data.chc.ucsb.edu/products/CHIRPS/v3.0/daily/final/rnl/cogs/2011/chirps-v3.0.rnl.2011.07.13.cog,5,failed: RasterioIOError('CURL error: Could not resolve host: data.chc.ucsb.edu')
2026-10-06T13:42:32+00:00,chirps,2011-07-14,https://data.chc.ucsb.edu/products/CHIRPS/v3.0/daily/final/rnl/cogs/2011/chirps-v3.0.rnl.2011.07.14.cog,5,failed: RasterioIOError('CURL error: Could not resolve host: data.chc.ucsb.edu')
2026-10-06T13:42:33+00:00,chirps,2011-07-15,https://data.chc.ucsb.edu/products/CHIRPS/v3.0/daily/final/rnl/cogs/2011/chirps-v3.0.rnl.2011.07.15.cog,5,failed: RasterioIOError('CURL error: Could not resolve host: data.chc.ucsb.edu')
2026-10-06T13:42:34+00:00,chirps,2011-07-16,https://data.chc.ucsb.edu/products/CHIRPS/v3.0/daily/final/rnl/cogs/2011/chirps-v3.0.rnl.2011.07.16.cog,5,failed: RasterioIOError('CURL error: Could not resolve host: data.chc.ucsb.edu')
2026-10-06T13:42:38+00:00,chirps,2011-07-17,https://data.chc.ucsb.edu/products/CHIRPS/v3.0/daily/final/rnl/cogs/2011/chirps-v3.0.rnl.2011.07.17.cog,5,failed: RasterioIOError('CURL error: Could not resolve host: data.chc.ucsb.edu')
2026-10-06T13:42:38+00:00,chirps,2011-07-18,https://data.chc.ucsb.edu/products/CHIRPS/v3.0/daily/final/rnl/cogs/2011/chirps-v3.0.rnl.2011.07.18.cog,5,failed: RasterioIOError('CURL error: Could not resolve host: data.chc.ucsb.edu')
2026-10-06T13:42:44+00:00,chirps,2011-07-19,https://data.chc.ucsb.edu/products/CHIRPS/v3.0/daily/final/rnl/cogs/2011/chirps-v3.0.rnl.2011.07.19.cog,5,failed: RasterioIOError('CURL error: Could not resolve host: data.chc.ucsb.edu')
2026-10-06T13:42:49+00:00,chirps,2011-07-20,https://data.chc.ucsb.edu/products/CHIRPS/v3.0/daily/final/rnl/cogs/2011/chirps-v3.0.rnl.2011.07.20.cog,5,failed: RasterioIOError('CURL error: Could not resolve host: data.chc.ucsb.edu')
2026-10-06T13:42:49+00:00,chirps,2011-07-21,https://data.chc.ucsb.edu/products/CHIRPS/v3.0/daily/final/rnl/cogs/2011/chirps-v3.0.rnl.2011.07.21.cog,5,failed: RasterioIOError('CURL error: Could not resolve host: data.chc.ucsb.edu')
2026-10-06T13:43:34+00:00,chirps,2011-07-22,https://data.chc.ucsb.edu/products/CHIRPS/v3.0/daily/final/rnl/cogs/2011/chirps-v3.0.rnl.2011.07.22.cog,5,failed: RasterioIOError('CURL error: Could not resolve host: data.chc.ucsb.edu')
2026-10-06T13:43:35+00:00,chirps,2011-07-23,https://data.chc.ucsb.edu/products/CHIRPS/v3.0/daily/final/rnl/cogs/2011/chirps-v3.0.rnl.2011.07.23.cog,5,failed: RasterioIOError('CURL error: Could not resolve host: data.chc.ucsb.edu')
2026-10-06T13:43:36+00:00,chirps,2011-07-24,https://data.chc.ucsb.edu/products/CHIRPS/v3.0/daily/final/rnl/cogs/2011/chirps-v3.0.rnl.2011.07.24.cog,5,failed: RasterioIOError('CURL error: Could not resolve host: data.chc.ucsb.edu')
2026-10-06T13:43:40+00:00,chirps,2011-07-25,https://data.chc.ucsb.edu/products/CHIRPS/v3.0/daily/final/rnl/cogs/2011/chirps-v3.0.rnl.2011.07.25.cog,5,failed: RasterioIOError('CURL error: Could not resolve host: data.chc.ucsb.edu')
2026-10-06T13:43:40+00:00,chirps,2011-07-26,https://data.chc.ucsb.edu/products/CHIRPS/v3.0/daily/final/rnl/cogs/2011/chirps-v3.0.rnl.2011.07.26.cog,5,failed: RasterioIOError('CURL error: Could not resolve host: data.chc.ucsb.edu')
2026-10-06T13:43:47+00:00,chirps,2011-07-27,https://data.chc.ucsb.edu/products/CHIRPS/v3.0/daily/final/rnl/cogs/2011/chirps-v3.0.rnl.2011.07.27.cog,5,failed: RasterioIOError('CURL error: Could not resolve host: data.chc.ucsb.edu')
2026-10-06T13:43:51+00:00,chirps,2011-07-28,https://data.chc.ucsb.edu/products/CHIRPS/v3.0/daily/final/rnl/cogs/2011/chirps-v3.0.rnl.2011.07.28.cog,5,failed: RasterioIOError('CURL error: Could not resolve host: data.chc.ucsb.edu')
2026-10-06T13:43:51+00:00,chirps,2011-07-29,https://data.chc.ucsb.edu/products/CHIRPS/v3.0/daily/final/rnl/cogs/2011/chirps-v3.0.rnl.2011.07.29.cog,5,failed: RasterioIOError('CURL error: Could not resolve host: data.chc.ucsb.edu')
2026-10-06T13:44:36+00:00,chirps,2011-07-30,https://data.chc.ucsb.edu/products/CHIRPS/v3.0/daily/final/rnl/cogs/2011/chirps-v3.0.rnl.2011.07.30.cog,5,failed: RasterioIOError('CURL error: Could not resolve host: data.chc.ucsb.edu')
2026-10-06T13:44:37+00:00,chirps,2011-07-31,https://data.chc.ucsb.edu/products/CHIRPS/v3.0/daily/final/rnl/cogs/2011/chirps-v3.0.rnl.2011.07.31.cog,5,failed: RasterioIOError('CURL error: Could not resolve host: data.chc.ucsb.edu')
2026-10-06T13:44:38+00:00,chirps,2011-08-01,https://data.chc.ucsb.edu/products/CHIRPS/v3.0/daily/final/rnl/cogs/2011/chirps-v3.0.rnl.2011.08.01.cog,5,failed: RasterioIOError('CURL error: Could not resolve host: data.chc.ucsb.edu')
2026-10-06T13:44:42+00:00,chirps,2011-08-02,https://data.chc.ucsb.edu/products/CHIRPS/v3.0/daily/final/rnl/cogs/2011/chirps-v3.0.rnl.2011.08.02.cog,5,failed: RasterioIOError('CURL error: Could not resolve host: data.chc.ucsb.edu')
2026-10-06T13:44:42+00:00,chirps,2011-08-03,https://data.chc.ucsb.edu/products/CHIRPS/v3.0/daily/final/rnl/cogs/2011/chirps-v3.0.rnl.2011.08.03.cog,5,failed: RasterioIOError('CURL error: Could not resolve host: data.chc.ucsb.edu')
2026-10-06T13:44:49+00:00,chirps,2011-08-04,https://data.chc.ucsb.edu/products/CHIRPS/v3.0/daily/final/rnl/cogs/2011/chirps-v3.0.rnl.2011.08.04.cog,5,failed: RasterioIOError('CURL error: Could not resolve host: data.chc.ucsb.edu')
2026-10-06T13:44:53+00:00,chirps,2011-08-05,https://data.chc.ucsb.edu/products/CHIRPS/v3.0/daily/final/rnl/cogs/2011/chirps-v3.0.rnl.2011.08.05.cog,5,failed: RasterioIOError('CURL error: Could not resolve host: data.chc.ucsb.edu')
2026-10-06T13:44:53+00:00,chirps,2011-08-06,https://data.chc.ucsb.edu/products/CHIRPS/v3.0/daily/final/rnl/cogs/2011/chirps-v3.0.rnl.2011.08.06.cog,5,failed: RasterioIOError('CURL error: Could not resolve host: data.chc.ucsb.edu')
2026-10-06T13:45:39+00:00,chirps,2011-08-07,https://data.chc.ucsb.edu/products/CHIRPS/v3.0/daily/final/rnl/cogs/2011/chirps-v3.0.rnl.2011.08.07.cog,5,failed: RasterioIOError('CURL error: Could not resolve host: data.chc.ucsb.edu')
2026-10-06T13:45:39+00:00,chirps,2011-08-08,https://data.chc.ucsb.edu/products/CHIRPS/v3.0/daily/final/rnl/cogs/2011/chirps-v3.0.rnl.2011.08.08.cog,5,failed: RasterioIOError('CURL error: Could not resolve host: data.chc.ucsb.edu')
2026-10-06T13:45:40+00:00,chirps,2011-08-09,https://data.chc.ucsb.edu/products/CHIRPS/v3.0/daily/final/rnl/cogs/2011/chirps-v3.0.rnl.2011.08.09.cog,5,failed: RasterioIOError('CURL error: Could not resolve host: data.chc.ucsb.edu')
2026-10-06T13:45:44+00:00,chirps,2011-08-10,https://data.chc.ucsb.edu/products/CHIRPS/v3.0/daily/final/rnl/cogs/2011/chirps-v3.0.rnl.2011.08.10.cog,5,failed: RasterioIOError('CURL error: Could not resolve host: data.chc.ucsb.edu')
2026-10-06T13:45:44+00:00,chirps,2011-08-11,https://data.chc.ucsb.edu/products/CHIRPS/v3.0/daily/final/rnl/cogs/2011/chirps-v3.0.rnl.2011.08.11.cog,5,failed: RasterioIOError('CURL error: Could not resolve host: data.chc.ucsb.edu')
2026-10-06T13:45:51+00:00,chirps,2011-08-12,https://data.chc.ucsb.edu/products/CHIRPS/v3.0/daily/final/rnl/cogs/2011/chirps-v3.0.rnl.2011.08.12.cog,5,failed: RasterioIOError('CURL error: Could not resolve host: data.chc.ucsb.edu')
2026-10-06T13:45:55+00:00,chirps,2011-08-13,https://data.chc.ucsb.edu/products/CHIRPS/v3.0/daily/final/rnl/cogs/2011/chirps-v3.0.rnl.2011.08.13.cog,5,failed: RasterioIOError('CURL error: Could not resolve host: data.chc.ucsb.edu')
2026-10-06T13:45:55+00:00,chirps,2011-08-14,https://data.chc.ucsb.edu/products/CHIRPS/v3.0/daily/final/rnl/cogs/2011/chirps-v3.0.rnl.2011.08.14.cog,5,failed: RasterioIOError('CURL error: Could not resolve host: data.chc.ucsb.edu')
2026-10-06T13:46:41+00:00,chirps,2011-08-15,https://data.chc.ucsb.edu/products/CHIRPS/v3.0/daily/final/rnl/cogs/2011/chirps-v3.0.rnl.2011.08.15.cog,5,failed: RasterioIOError('CURL error: Could not resolve host: data.chc.ucsb.edu')
2026-10-06T13:46:41+00:00,chirps,2011-08-16,https://data.chc.ucsb.edu/products/CHIRPS/v3.0/daily/final/rnl/cogs/2011/chirps-v3.0.rnl.2011.08.16.cog,5,failed: RasterioIOError('CURL error: Could not resolve host: data.chc.ucsb.edu')
2026-10-06T13:46:42+00:00,chirps,2011-08-17,https://data.chc.ucsb.edu/products/CHIRPS/v3.0/daily/final/rnl/cogs/2011/chirps-v3.0.rnl.2011.08.17.cog,5,failed: RasterioIOError('CURL error: Could not resolve host: data.chc.ucsb.edu')
2026-10-06T13:46:46+00:00,chirps,2011-08-18,https://data.chc.ucsb.edu/products/CHIRPS/v3.0/daily/final/rnl/cogs/2011/chirps-v3.0.rnl.2011.08.18.cog,5,failed: RasterioIOError('CURL error: Could not resolve host: data.chc.ucsb.edu')
2026-10-06T13:46:46+00:00,chirps,2011-08-19,https://data.chc.ucsb.edu/products/CHIRPS/v3.0/daily/final/rnl/cogs/2011/chirps-v3.0.rnl.2011.08.19.cog,5,failed: RasterioIOError('CURL error: Could not resolve host: data.chc.ucsb.edu')
2026-10-06T13:46:53+00:00,chirps,2011-08-20,https://data.chc.ucsb.edu/products/CHIRPS/v3.0/daily/final/rnl/cogs/2011/chirps-v3.0.rnl.2011.08.20.cog,5,failed: RasterioIOError('CURL error: Could not resolve host: data.chc.ucsb.edu')
2026-10-06T13:46:57+00:00,chirps,2011-08-21,https://data.chc.ucsb.edu/products/CHIRPS/v3.0/daily/final/rnl/cogs/2011/chirps-v3.0.rnl.2011.08.21.cog,5,failed: RasterioIOError('CURL error: Could not resolve host: data.chc.ucsb.edu')
2026-10-06T13:46:57+00:00,chirps,2011-08-22,https://data.chc.ucsb.edu/products/CHIRPS/v3.0/daily/final/rnl/cogs/2011/chirps-v3.0.rnl.2011.08.22.cog,5,failed: RasterioIOError('CURL error: Could not resolve host: data.chc.ucsb.edu')
2026-10-06T13:47:43+00:00,chirps,2011-08-23,https://data.chc.ucsb.edu/products/CHIRPS/v3.0/daily/final/rnl/cogs/2011/chirps-v3.0.rnl.2011.08.23.cog,5,failed: RasterioIOError('CURL error: Could not resolve host: data.chc.ucsb.edu')
2026-10-06T13:47:43+00:00,chirps,2011-08-24,https://data.chc.ucsb.edu/products/CHIRPS/v3.0/daily/final/rnl/cogs/2011/chirps-v3.0.rnl.2011.08.24.cog,5,failed: RasterioIOError('CURL error: Could not resolve host: data.chc.ucsb.edu')
2026-10-06T13:47:44+00:00,chirps,2011-08-25,https://data.chc.ucsb.edu/products/CHIRPS/v3.0/daily/final/rnl/cogs/2011/chirps-v3.0.rnl.2011.08.25.cog,5,failed: RasterioIOError('CURL error: Could not resolve host: data.chc.ucsb.edu')
2026-10-06T13:47:48+00:00,chirps,2011-08-26,https://data.chc.ucsb.edu/products/CHIRPS/v3.0/daily/final/rnl/cogs/2011/chirps-v3.0.rnl.2011.08.26.cog,5,failed: RasterioIOError('CURL error: Could not resolve host: data.chc.ucsb.edu')
2026-10-06T13:47:48+00:00,chirps,2011-08-27,https://data.chc.ucsb.edu/products/CHIRPS/v3.0/daily/final/rnl/cogs/2011/chirps-v3.0.rnl.2011.08.27.cog,5,failed: RasterioIOError('CURL error: Could not resolve host: data.chc.ucsb.edu')
2026-10-06T13:47:55+00:00,chirps,2011-08-28,https://data.chc.ucsb.edu/products/CHIRPS/v3.0/daily/final/rnl/cogs/2011/chirps-v3.0.rnl.2011.08.28.cog,5,failed: RasterioIOError('CURL error: Could not resolve host: data.chc.ucsb.edu')
2026-10-06T13:47:59+00:00,chirps,2011-08-29,https://data.chc.ucsb.edu/products/CHIRPS/v3.0/daily/final/rnl/cogs/2011/chirps-v3.0.rnl.2011.08.29.cog,5,failed: RasterioIOError('CURL error: Could not resolve host: data.chc.ucsb.edu')
2026-10-06T13:47:59+00:00,chirps,2011-08-30,https://data.chc.ucsb.edu/products/CHIRPS/v3.0/daily/final/rnl/cogs/2011/chirps-v3.0.rnl.2011.08.30.cog,5,failed: RasterioIOError('CURL error: Could not resolve host: data.chc.ucsb.edu')
2026-10-06T13:48:45+00:00,chirps,2011-08-31,https://data.chc.ucsb.edu/products/CHIRPS/v3.0/daily/final/rnl/cogs/2011/chirps-v3.0.rnl.2011.08.31.cog,5,failed: RasterioIOError('CURL error: Could not resolve host: data.chc.ucsb.edu')
2026-10-06T13:48:45+00:00,chirps,2011-09-01,https://data.chc.ucsb.edu/products/CHIRPS/v3.0/daily/final/rnl/cogs/2011/chirps-v3.0.rnl.2011.09.01.cog,5,failed: RasterioIOError('CURL error: Could not resolve host: data.chc.ucsb.edu')
2026-10-06T13:48:46+00:00,chirps,2011-09-02,https://data.chc.ucsb.edu/products/CHIRPS/v3.0/daily/final/rnl/cogs/2011/chirps-v3.0.rnl.2011.09.02.cog,5,failed: RasterioIOError('CURL error: Could not resolve host: data.chc.ucsb.edu')
2026-10-06T13:48:50+00:00,chirps,2011-09-03,https://data.chc.ucsb.edu/products/CHIRPS/v3.0/daily/final/rnl/cogs/2011/chirps-v3.0.rnl.2011.09.03.cog,5,failed: RasterioIOError('CURL error: Could not resolve host: data.chc.ucsb.edu')
2026-10-06T13:48:50+00:00,chirps,2011-09-04,https://data.chc.ucsb.edu/products/CHIRPS/v3.0/daily/final/rnl/cogs/2011/chirps-v3.0.rnl.2011.09.04.cog,5,failed: RasterioIOError('CURL error: Could not resolve host: data.chc.ucsb.edu')
2026-10-06T13:48:57+00:00,chirps,2011-09-05,https://data.chc.ucsb.edu/products/CHIRPS/v3.0/daily/final/rnl/cogs/2011/chirps-v3.0.rnl.2011.09.05.cog,5,failed: RasterioIOError('CURL error: Could not resolve host: data.chc.ucsb.edu')
2026-10-06T13:49:01+00:00,chirps,2011-09-06,https://data.chc.ucsb.edu/products/CHIRPS/v3.0/daily/final/rnl/cogs/2011/chirps-v3.0.rnl.2011.09.06.cog,5,failed: RasterioIOError('CURL error: Could not resolve host: data.chc.ucsb.edu')
2026-10-06T13:49:02+00:00,chirps,2011-09-07,https://data.chc.ucsb.edu/products/CHIRPS/v3.0/daily/final/rnl/cogs/2011/chirps-v3.0.rnl.2011.09.07.cog,5,failed: RasterioIOError('CURL error: Could not resolve host: data.chc.ucsb.edu')
2026-10-06T13:49:47+00:00,chirps,2011-09-08,https://data.chc.ucsb.edu/products/CHIRPS/v3.0/daily/final/rnl/cogs/2011/chirps-v3.0.rnl.2011.09.08.cog,5,failed: RasterioIOError('CURL error: Could not resolve host: data.chc.ucsb.edu')
2026-10-06T13:49:47+00:00,chirps,2011-09-09,https://data.chc.ucsb.edu/products/CHIRPS/v3.0/daily/final/rnl/cogs/2011/chirps-v3.0.rnl.2011.09.09.cog,5,failed: RasterioIOError('CURL error: Could not resolve host: data.chc.ucsb.edu')
2026-10-06T13:49:48+00:00,chirps,2011-09-10,https://data.chc.ucsb.edu/products/CHIRPS/v3.0/daily/final/rnl/cogs/2011/chirps-v3.0.rnl.2011.09.10.cog,5,failed: RasterioIOError('CURL error: Could not resolve host: data.chc.ucsb.edu')
2026-10-06T13:49:52+00:00,chirps,2011-09-11,https://data.chc.ucsb.edu/products/CHIRPS/v3.0/daily/final/rnl/cogs/2011/chirps-v3.0.rnl.2011.09.11.cog,5,failed: RasterioIOError('CURL error: Could not resolve host: data.chc.ucsb.edu')
2026-10-06T13:49:52+00:00,chirps,2011-09-12,https://data.chc.ucsb.edu/products/CHIRPS/v3.0/daily/final/rnl/cogs/2011/chirps-v3.0.rnl.2011.09.12.cog,5,failed: RasterioIOError('CURL error: Could not resolve host: data.chc.ucsb.edu')
2026-10-06T13:49:59+00:00,chirps,2011-09-13,https://data.chc.ucsb.edu/products/CHIRPS/v3.0/daily/final/rnl/cogs/2011/chirps-v3.0.rnl.2011.09.13.cog,5,failed: RasterioIOError('CURL error: Could not resolve host: data.chc.ucsb.edu')
2026-10-06T13:50:03+00:00,chirps,2011-09-14,https://data.chc.ucsb.edu/products/CHIRPS/v3.0/daily/final/rnl/cogs/2011/chirps-v3.0.rnl.2011.09.14.cog,5,failed: RasterioIOError('CURL error: Could not resolve host: data.chc.ucsb.edu')
2026-10-06T13:50:04+00:00,chirps,2011-09-15,https://data.chc.ucsb.edu/products/CHIRPS/v3.0/daily/final/rnl/cogs/2011/chirps-v3.0.rnl.2011.09.15.cog,5,failed: RasterioIOError('CURL error: Could not resolve host: data.chc.ucsb.edu')
2026-10-06T13:50:49+00:00,chirps,2011-09-16,https://data.chc.ucsb.edu/products/CHIRPS/v3.0/daily/final/rnl/cogs/2011/chirps-v3.0.rnl.2011.09.16.cog,5,failed: RasterioIOError('CURL error: Could not resolve host: data.chc.ucsb.edu')
2026-10-06T13:50:49+00:00,chirps,2011-09-17,https://data.chc.ucsb.edu/products/CHIRPS/v3.0/daily/final/rnl/cogs/2011/chirps-v3.0.rnl.2011.09.17.cog,5,failed: RasterioIOError('CURL error: Could not resolve host: data.chc.ucsb.edu')
2026-10-06T13:50:50+00:00,chirps,2011-09-18,https://data.chc.ucsb.edu/products/CHIRPS/v3.0/daily/final/rnl/cogs/2011/chirps-v3.0.rnl.2011.09.18.cog,5,failed: RasterioIOError('CURL error: Could not resolve host: data.chc.ucsb.edu')
2026-10-06T13:50:54+00:00,chirps,2011-09-19,https://data.chc.ucsb.edu/products/CHIRPS/v3.0/daily/final/rnl/cogs/2011/chirps-v3.0.rnl.2011.09.19.cog,5,failed: RasterioIOError('CURL error: Could not resolve host: data.chc.ucsb.edu')
2026-10-06T13:50:55+00:00,chirps,2011-09-20,https://data.chc.ucsb.edu/products/CHIRPS/v3.0/daily/final/rnl/cogs/2011/chirps-v3.0.rnl.2011.09.20.cog,5,failed: RasterioIOError('CURL error: Could not resolve host: data.chc.ucsb.edu')
2026-10-06T13:51:01+00:00,chirps,2011-09-21,https://data.chc.ucsb.edu/products/CHIRPS/v3.0/daily/final/rnl/cogs/2011/chirps-v3.0.rnl.2011.09.21.cog,5,failed: RasterioIOError('CURL error: Could not resolve host: data.chc.ucsb.edu')
2026-10-06T13:51:05+00:00,chirps,2011-09-22,https://data.chc.ucsb.edu/products/CHIRPS/v3.0/daily/final/rnl/cogs/2011/chirps-v3.0.rnl.2011.09.22.cog,5,failed: RasterioIOError('CURL error: Could not resolve host: data.chc.ucsb.edu')
2026-10-06T13:51:06+00:00,chirps,2011-09-23,https://data.chc.ucsb.edu/products/CHIRPS/v3.0/daily/final/rnl/cogs/2011/chirps-v3.0.rnl.2011.09.23.cog,5,failed: RasterioIOError('CURL error: Could not resolve host: data.chc.ucsb.edu')
2026-10-06T13:51:51+00:00,chirps,2011-09-24,https://data.chc.ucsb.edu/products/CHIRPS/v3.0/daily/final/rnl/cogs/2011/chirps-v3.0.rnl.2011.09.24.cog,5,failed: RasterioIOError('CURL error: Could not resolve host: data.chc.ucsb.edu')
2026-10-06T13:51:51+00:00,chirps,2011-09-25,https://data.chc.ucsb.edu/products/CHIRPS/v3.0/daily/final/rnl/cogs/2011/chirps-v3.0.rnl.2011.09.25.cog,5,failed: RasterioIOError('CURL error: Could not resolve host: data.chc.ucsb.edu')
2026-10-06T13:51:52+00:00,chirps,2011-09-26,https://data.chc.ucsb.edu/products/CHIRPS/v3.0/daily/final/rnl/cogs/2011/chirps-v3.0.rnl.2011.09.26.cog,5,failed: RasterioIOError('CURL error: Could not resolve host: data.chc.ucsb.edu')
2026-10-06T13:51:56+00:00,chirps,2011-09-27,https://data.chc.ucsb.edu/products/CHIRPS/v3.0/daily/final/rnl/cogs/2011/chirps-v3.0.rnl.2011.09.27.cog,5,failed: RasterioIOError('CURL error: Could not resolve host: data.chc.ucsb.edu')
2026-10-06T13:51:57+00:00,chirps,2011-09-28,https://data.chc.ucsb.edu/products/CHIRPS/v3.0/daily/final/rnl/cogs/2011/chirps-v3.0.rnl.2011.09.28.cog,5,failed: RasterioIOError('CURL error: Could not resolve host: data.chc.ucsb.edu')
2026-10-06T13:52:03+00:00,chirps,2011-09-29,https://data.chc.ucsb.edu/products/CHIRPS/v3.0/daily/final/rnl/cogs/2011/chirps-v3.0.rnl.2011.09.29.cog,5,failed: RasterioIOError('CURL error: Could not resolve host: data.chc.ucsb.edu')
2026-10-06T13:52:07+00:00,chirps,2011-09-30,https://data.chc.ucsb.edu/products/CHIRPS/v3.0/daily/final/rnl/cogs/2011/chirps-v3.0.rnl.2011.09.30.cog,5,failed: RasterioIOError('CURL error: Could not resolve host: data.chc.ucsb.edu')
2026-10-06T13:52:08+00:00,chirps,2011-10-01,https://data.chc.ucsb.edu/products/CHIRPS/v3.0/daily/final/rnl/cogs/2011/chirps-v3.0.rnl.2011.10.01.cog,5,failed: RasterioIOError('CURL error: Could not resolve host: data.chc.ucsb.edu')
2026-10-06T13:54:44+00:00,chirps,2011-03-07,https://data.chc.ucsb.edu/products/CHIRPS/v3.0/daily/final/rnl/cogs/2011/chirps-v3.0.rnl.2011.03.07.cog,5,failed: RasterioIOError('CURL error: Failed to connect to data.chc.ucsb.edu port 443 after 0 ms: Could not connect to server')
2026-10-06T13:54:44+00:00,chirps,2011-03-11,https://data.chc.ucsb.edu/products/CHIRPS/v3.0/daily/final/rnl/cogs/2011/chirps-v3.0.rnl.2011.03.11.cog,5,failed: RasterioIOError('CURL error: Failed to connect to data.chc.ucsb.edu port 443 after 0 ms: Could not connect to server')
2026-10-06T13:54:44+00:00,chirps,2011-03-13,https://data.chc.ucsb.edu/products/CHIRPS/v3.0/daily/final/rnl/cogs/2011/chirps-v3.0.rnl.2011.03.13.cog,5,failed: RasterioIOError('CURL error: Failed to connect to data.chc.ucsb.edu port 443 after 1 ms: Could not connect to server')
2026-10-06T13:54:44+00:00,chirps,2011-03-10,https://data.chc.ucsb.edu/products/CHIRPS/v3.0/daily/final/rnl/cogs/2011/chirps-v3.0.rnl.2011.03.10.cog,5,failed: RasterioIOError('CURL error: Failed to connect to data.chc.ucsb.edu port 443 after 0 ms: Could not connect to server')
2026-10-06T13:54:44+00:00,chirps,2011-03-14,https://data.chc.ucsb.edu/products/CHIRPS/v3.0/daily/final/rnl/cogs/2011/chirps-v3.0.rnl.2011.03.14.cog,5,failed: RasterioIOError('CURL error: Failed to connect to data.chc.ucsb.edu port 443 after 1 ms: Could not connect to server')
2026-10-06T13:54:44+00:00,chirps,2011-03-15,https://data.chc.ucsb.edu/products/CHIRPS/v3.0/daily/final/rnl/cogs/2011/chirps-v3.0.rnl.2011.03.15.cog,5,failed: RasterioIOError('CURL error: Failed to connect to data.chc.ucsb.edu port 443 after 1 ms: Could not connect to server')
2026-10-06T13:54:44+00:00,chirps,2011-03-09,https://data.chc.ucsb.edu/products/CHIRPS/v3.0/daily/final/rnl/cogs/2011/chirps-v3.0.rnl.2011.03.09.cog,5,failed: RasterioIOError('CURL error: Failed to connect to data.chc.ucsb.edu port 443 after 1 ms: Could not connect to server')
2026-10-06T13:54:44+00:00,chirps,2011-03-12,https://data.chc.ucsb.edu/products/CHIRPS/v3.0/daily/final/rnl/cogs/2011/chirps-v3.0.rnl.2011.03.12.cog,5,failed: RasterioIOError('CURL error: Failed to connect to data.chc.ucsb.edu port 443 after 0 ms: Could not connect to server')
2026-10-06T14:08:06+00:00,chirps,2011-03-25,https://data.chc.ucsb.edu/products/CHIRPS/v3.0/daily/final/rnl/cogs/2011/chirps-v3.0.rnl.2011.03.25.cog,5,failed: RasterioIOError('Read failed. See previous exception for details.')
2026-10-06T14:08:13+00:00,chirps,2011-05-03,https://data.chc.ucsb.edu/products/CHIRPS/v3.0/daily/final/rnl/cogs/2011/chirps-v3.0.rnl.2011.05.03.cog,5,failed: RasterioIOError('Read failed. See previous exception for details.')
2026-10-06T14:08:35+00:00,chirps,2011-05-12,https://data.chc.ucsb.edu/products/CHIRPS/v3.0/daily/final/rnl/cogs/2011/chirps-v3.0.rnl.2011.05.12.cog,5,failed: RasterioIOError('Read failed. See previous exception for details.')
2026-10-07T08:58:21+00:00,chirps,2018-02-08,https://data.chc.ucsb.edu/products/CHIRPS/v3.0/daily/final/rnl/cogs/2018/chirps-v3.0.rnl.2018.02.08.cog,5,failed: RasterioIOError('Read failed. See previous exception for details.')
2026-10-07T08:58:21+00:00,chirps,2018-02-09,https://data.chc.ucsb.edu/products/CHIRPS/v3.0/daily/final/rnl/cogs/2018/chirps-v3.0.rnl.2018.02.09.cog,5,failed: RasterioIOError('Read failed. See previous exception for details.')
2026-10-07T08:58:22+00:00,chirps,2018-02-10,https://data.chc.ucsb.edu/products/CHIRPS/v3.0/daily/final/rnl/cogs/2018/chirps-v3.0.rnl.2018.02.10.cog,5,failed: RasterioIOError('Read failed. See previous exception for details.')
2026-10-07T08:58:23+00:00,chirps,2018-02-06,https://data.chc.ucsb.edu/products/CHIRPS/v3.0/daily/final/rnl/cogs/2018/chirps-v3.0.rnl.2018.02.06.cog,5,failed: RasterioIOError('Read failed. See previous exception for details.')
2026-10-07T08:59:22+00:00,chirps,2018-02-03,https://data.chc.ucsb.edu/products/CHIRPS/v3.0/daily/final/rnl/cogs/2018/chirps-v3.0.rnl.2018.02.03.cog,5,failed: RasterioIOError('Read failed. See previous exception for details.')
2026-10-07T08:59:23+00:00,chirps,2018-01-31,https://data.chc.ucsb.edu/products/CHIRPS/v3.0/daily/final/rnl/cogs/2018/chirps-v3.0.rnl.2018.01.31.cog,5,failed: RasterioIOError('Read failed. See previous exception for details.')
2026-10-07T08:59:23+00:00,chirps,2018-02-07,https://data.chc.ucsb.edu/products/CHIRPS/v3.0/daily/final/rnl/cogs/2018/chirps-v3.0.rnl.2018.02.07.cog,5,failed: RasterioIOError('Read failed. See previous exception for details.')
2026-10-07T08:59:23+00:00,chirps,2018-02-02,https://data.chc.ucsb.edu/products/CHIRPS/v3.0/daily/final/rnl/cogs/2018/chirps-v3.0.rnl.2018.02.02.cog,5,failed: RasterioIOError('Read failed. See previous exception for details.')
2026-10-07T08:59:23+00:00,chirps,2018-02-12,https://data.chc.ucsb.edu/products/CHIRPS/v3.0/daily/final/rnl/cogs/2018/chirps-v3.0.rnl.2018.02.12.cog,5,failed: RasterioIOError('CURL error: Could not resolve host: data.chc.ucsb.edu')
2026-10-07T08:59:23+00:00,chirps,2018-02-11,https://data.chc.ucsb.edu/products/CHIRPS/v3.0/daily/final/rnl/cogs/2018/chirps-v3.0.rnl.2018.02.11.cog,5,failed: RasterioIOError('CURL error: Could not resolve host: data.chc.ucsb.edu')
2026-10-07T08:59:24+00:00,chirps,2018-02-13,https://data.chc.ucsb.edu/products/CHIRPS/v3.0/daily/final/rnl/cogs/2018/chirps-v3.0.rnl.2018.02.13.cog,5,failed: RasterioIOError('CURL error: Could not resolve host: data.chc.ucsb.edu')
2026-10-07T08:59:25+00:00,chirps,2018-02-14,https://data.chc.ucsb.edu/products/CHIRPS/v3.0/daily/final/rnl/cogs/2018/chirps-v3.0.rnl.2018.02.14.cog,5,failed: RasterioIOError('CURL error: Could not resolve host: data.chc.ucsb.edu')
2026-10-07T09:00:24+00:00,chirps,2018-02-15,https://data.chc.ucsb.edu/products/CHIRPS/v3.0/daily/final/rnl/cogs/2018/chirps-v3.0.rnl.2018.02.15.cog,5,failed: RasterioIOError('CURL error: Could not resolve host: data.chc.ucsb.edu')
2026-10-07T09:00:25+00:00,chirps,2018-02-16,https://data.chc.ucsb.edu/products/CHIRPS/v3.0/daily/final/rnl/cogs/2018/chirps-v3.0.rnl.2018.02.16.cog,5,failed: RasterioIOError('CURL error: Could not resolve host: data.chc.ucsb.edu')
2026-10-07T09:00:25+00:00,chirps,2018-02-17,https://data.chc.ucsb.edu/products/CHIRPS/v3.0/daily/final/rnl/cogs/2018/chirps-v3.0.rnl.2018.02.17.cog,5,failed: RasterioIOError('CURL error: Could not resolve host: data.chc.ucsb.edu')
2026-10-07T09:00:25+00:00,chirps,2018-02-18,https://data.chc.ucsb.edu/products/CHIRPS/v3.0/daily/final/rnl/cogs/2018/chirps-v3.0.rnl.2018.02.18.cog,5,failed: RasterioIOError('CURL error: Could not resolve host: data.chc.ucsb.edu')
2026-10-07T09:00:26+00:00,chirps,2018-02-19,https://data.chc.ucsb.edu/products/CHIRPS/v3.0/daily/final/rnl/cogs/2018/chirps-v3.0.rnl.2018.02.19.cog,5,failed: RasterioIOError('CURL error: Could not resolve host: data.chc.ucsb.edu')
2026-10-07T09:00:26+00:00,chirps,2018-02-20,https://data.chc.ucsb.edu/products/CHIRPS/v3.0/daily/final/rnl/cogs/2018/chirps-v3.0.rnl.2018.02.20.cog,5,failed: RasterioIOError('CURL error: Could not resolve host: data.chc.ucsb.edu')
2026-10-07T09:00:26+00:00,chirps,2018-02-21,https://data.chc.ucsb.edu/products/CHIRPS/v3.0/daily/final/rnl/cogs/2018/chirps-v3.0.rnl.2018.02.21.cog,5,failed: RasterioIOError('CURL error: Could not resolve host: data.chc.ucsb.edu')
2026-10-07T09:00:27+00:00,chirps,2018-02-22,https://data.chc.ucsb.edu/products/CHIRPS/v3.0/daily/final/rnl/cogs/2018/chirps-v3.0.rnl.2018.02.22.cog,5,failed: RasterioIOError('CURL error: Could not resolve host: data.chc.ucsb.edu')
2026-10-07T09:01:26+00:00,chirps,2018-02-23,https://data.chc.ucsb.edu/products/CHIRPS/v3.0/daily/final/rnl/cogs/2018/chirps-v3.0.rnl.2018.02.23.cog,5,failed: RasterioIOError('CURL error: Could not resolve host: data.chc.ucsb.edu')
2026-10-07T09:01:27+00:00,chirps,2018-02-24,https://data.chc.ucsb.edu/products/CHIRPS/v3.0/daily/final/rnl/cogs/2018/chirps-v3.0.rnl.2018.02.24.cog,5,failed: RasterioIOError('CURL error: Could not resolve host: data.chc.ucsb.edu')
2026-10-07T09:01:27+00:00,chirps,2018-02-25,https://data.chc.ucsb.edu/products/CHIRPS/v3.0/daily/final/rnl/cogs/2018/chirps-v3.0.rnl.2018.02.25.cog,5,failed: RasterioIOError('CURL error: Could not resolve host: data.chc.ucsb.edu')
2026-10-07T09:01:27+00:00,chirps,2018-02-26,https://data.chc.ucsb.edu/products/CHIRPS/v3.0/daily/final/rnl/cogs/2018/chirps-v3.0.rnl.2018.02.26.cog,5,failed: RasterioIOError('CURL error: Could not resolve host: data.chc.ucsb.edu')
2026-10-07T09:01:28+00:00,chirps,2018-02-27,https://data.chc.ucsb.edu/products/CHIRPS/v3.0/daily/final/rnl/cogs/2018/chirps-v3.0.rnl.2018.02.27.cog,5,failed: RasterioIOError('CURL error: Could not resolve host: data.chc.ucsb.edu')
2026-10-07T09:01:28+00:00,chirps,2018-02-28,https://data.chc.ucsb.edu/products/CHIRPS/v3.0/daily/final/rnl/cogs/2018/chirps-v3.0.rnl.2018.02.28.cog,5,failed: RasterioIOError('CURL error: Could not resolve host: data.chc.ucsb.edu')
2026-10-07T09:01:28+00:00,chirps,2018-03-01,https://data.chc.ucsb.edu/products/CHIRPS/v3.0/daily/final/rnl/cogs/2018/chirps-v3.0.rnl.2018.03.01.cog,5,failed: RasterioIOError('CURL error: Could not resolve host: data.chc.ucsb.edu')
2026-10-07T09:01:29+00:00,chirps,2018-03-02,https://data.chc.ucsb.edu/products/CHIRPS/v3.0/daily/final/rnl/cogs/2018/chirps-v3.0.rnl.2018.03.02.cog,5,failed: RasterioIOError('CURL error: Could not resolve host: data.chc.ucsb.edu')
2026-10-07T09:02:28+00:00,chirps,2018-03-03,https://data.chc.ucsb.edu/products/CHIRPS/v3.0/daily/final/rnl/cogs/2018/chirps-v3.0.rnl.2018.03.03.cog,5,failed: RasterioIOError('CURL error: Could not resolve host: data.chc.ucsb.edu')
2026-10-07T09:02:29+00:00,chirps,2018-03-04,https://data.chc.ucsb.edu/products/CHIRPS/v3.0/daily/final/rnl/cogs/2018/chirps-v3.0.rnl.2018.03.04.cog,5,failed: RasterioIOError('CURL error: Could not resolve host: data.chc.ucsb.edu')
2026-10-07T09:02:29+00:00,chirps,2018-03-05,https://data.chc.ucsb.edu/products/CHIRPS/v3.0/daily/final/rnl/cogs/2018/chirps-v3.0.rnl.2018.03.05.cog,5,failed: RasterioIOError('CURL error: Could not resolve host: data.chc.ucsb.edu')
2026-10-07T09:02:29+00:00,chirps,2018-03-06,https://data.chc.ucsb.edu/products/CHIRPS/v3.0/daily/final/rnl/cogs/2018/chirps-v3.0.rnl.2018.03.06.cog,5,failed: RasterioIOError('CURL error: Could not resolve host: data.chc.ucsb.edu')
2026-10-07T09:02:30+00:00,chirps,2018-03-07,https://data.chc.ucsb.edu/products/CHIRPS/v3.0/daily/final/rnl/cogs/2018/chirps-v3.0.rnl.2018.03.07.cog,5,failed: RasterioIOError('CURL error: Could not resolve host: data.chc.ucsb.edu')
2026-10-07T09:02:30+00:00,chirps,2018-03-08,https://data.chc.ucsb.edu/products/CHIRPS/v3.0/daily/final/rnl/cogs/2018/chirps-v3.0.rnl.2018.03.08.cog,5,failed: RasterioIOError('CURL error: Could not resolve host: data.chc.ucsb.edu')
2026-10-07T09:02:31+00:00,chirps,2018-03-09,https://data.chc.ucsb.edu/products/CHIRPS/v3.0/daily/final/rnl/cogs/2018/chirps-v3.0.rnl.2018.03.09.cog,5,failed: RasterioIOError('CURL error: Could not resolve host: data.chc.ucsb.edu')
2026-10-07T09:02:31+00:00,chirps,2018-03-10,https://data.chc.ucsb.edu/products/CHIRPS/v3.0/daily/final/rnl/cogs/2018/chirps-v3.0.rnl.2018.03.10.cog,5,failed: RasterioIOError('CURL error: Could not resolve host: data.chc.ucsb.edu')
2026-10-07T09:03:30+00:00,chirps,2018-03-11,https://data.chc.ucsb.edu/products/CHIRPS/v3.0/daily/final/rnl/cogs/2018/chirps-v3.0.rnl.2018.03.11.cog,5,failed: RasterioIOError('CURL error: Could not resolve host: data.chc.ucsb.edu')
2026-10-07T09:03:31+00:00,chirps,2018-03-12,https://data.chc.ucsb.edu/products/CHIRPS/v3.0/daily/final/rnl/cogs/2018/chirps-v3.0.rnl.2018.03.12.cog,5,failed: RasterioIOError('CURL error: Could not resolve host: data.chc.ucsb.edu')
2026-10-07T09:03:31+00:00,chirps,2018-03-13,https://data.chc.ucsb.edu/products/CHIRPS/v3.0/daily/final/rnl/cogs/2018/chirps-v3.0.rnl.2018.03.13.cog,5,failed: RasterioIOError('CURL error: Could not resolve host: data.chc.ucsb.edu')
2026-10-07T09:03:31+00:00,chirps,2018-03-14,https://data.chc.ucsb.edu/products/CHIRPS/v3.0/daily/final/rnl/cogs/2018/chirps-v3.0.rnl.2018.03.14.cog,5,failed: RasterioIOError('CURL error: Could not resolve host: data.chc.ucsb.edu')
2026-10-07T09:03:32+00:00,chirps,2018-03-15,https://data.chc.ucsb.edu/products/CHIRPS/v3.0/daily/final/rnl/cogs/2018/chirps-v3.0.rnl.2018.03.15.cog,5,failed: RasterioIOError('CURL error: Could not resolve host: data.chc.ucsb.edu')
2026-10-07T09:03:32+00:00,chirps,2018-03-16,https://data.chc.ucsb.edu/products/CHIRPS/v3.0/daily/final/rnl/cogs/2018/chirps-v3.0.rnl.2018.03.16.cog,5,failed: RasterioIOError('CURL error: Could not resolve host: data.chc.ucsb.edu')
2026-10-07T09:03:33+00:00,chirps,2018-03-17,https://data.chc.ucsb.edu/products/CHIRPS/v3.0/daily/final/rnl/cogs/2018/chirps-v3.0.rnl.2018.03.17.cog,5,failed: RasterioIOError('CURL error: Could not resolve host: data.chc.ucsb.edu')
2026-10-07T09:03:33+00:00,chirps,2018-03-18,https://data.chc.ucsb.edu/products/CHIRPS/v3.0/daily/final/rnl/cogs/2018/chirps-v3.0.rnl.2018.03.18.cog,5,failed: RasterioIOError('CURL error: Could not resolve host: data.chc.ucsb.edu')
2026-10-07T09:04:32+00:00,chirps,2018-03-19,https://data.chc.ucsb.edu/products/CHIRPS/v3.0/daily/final/rnl/cogs/2018/chirps-v3.0.rnl.2018.03.19.cog,5,failed: RasterioIOError('CURL error: Could not resolve host: data.chc.ucsb.edu')
2026-10-07T09:04:33+00:00,chirps,2018-03-20,https://data.chc.ucsb.edu/products/CHIRPS/v3.0/daily/final/rnl/cogs/2018/chirps-v3.0.rnl.2018.03.20.cog,5,failed: RasterioIOError('CURL error: Could not resolve host: data.chc.ucsb.edu')
2026-10-07T09:04:33+00:00,chirps,2018-03-21,https://data.chc.ucsb.edu/products/CHIRPS/v3.0/daily/final/rnl/cogs/2018/chirps-v3.0.rnl.2018.03.21.cog,5,failed: RasterioIOError('CURL error: Could not resolve host: data.chc.ucsb.edu')
2026-10-07T09:04:33+00:00,chirps,2018-03-22,https://data.chc.ucsb.edu/products/CHIRPS/v3.0/daily/final/rnl/cogs/2018/chirps-v3.0.rnl.2018.03.22.cog,5,failed: RasterioIOError('CURL error: Could not resolve host: data.chc.ucsb.edu')
2026-10-07T09:04:34+00:00,chirps,2018-03-23,https://data.chc.ucsb.edu/products/CHIRPS/v3.0/daily/final/rnl/cogs/2018/chirps-v3.0.rnl.2018.03.23.cog,5,failed: RasterioIOError('CURL error: Could not resolve host: data.chc.ucsb.edu')
2026-10-07T09:04:34+00:00,chirps,2018-03-24,https://data.chc.ucsb.edu/products/CHIRPS/v3.0/daily/final/rnl/cogs/2018/chirps-v3.0.rnl.2018.03.24.cog,5,failed: RasterioIOError('CURL error: Could not resolve host: data.chc.ucsb.edu')
2026-10-07T09:04:35+00:00,chirps,2018-03-25,https://data.chc.ucsb.edu/products/CHIRPS/v3.0/daily/final/rnl/cogs/2018/chirps-v3.0.rnl.2018.03.25.cog,5,failed: RasterioIOError('CURL error: Could not resolve host: data.chc.ucsb.edu')
2026-10-07T09:04:35+00:00,chirps,2018-03-26,https://data.chc.ucsb.edu/products/CHIRPS/v3.0/daily/final/rnl/cogs/2018/chirps-v3.0.rnl.2018.03.26.cog,5,failed: RasterioIOError('CURL error: Could not resolve host: data.chc.ucsb.edu')
2026-10-07T09:05:34+00:00,chirps,2018-03-27,https://data.chc.ucsb.edu/products/CHIRPS/v3.0/daily/final/rnl/cogs/2018/chirps-v3.0.rnl.2018.03.27.cog,5,failed: RasterioIOError('CURL error: Could not resolve host: data.chc.ucsb.edu')
2026-10-07T09:05:35+00:00,chirps,2018-03-28,https://data.chc.ucsb.edu/products/CHIRPS/v3.0/daily/final/rnl/cogs/2018/chirps-v3.0.rnl.2018.03.28.cog,5,failed: RasterioIOError('CURL error: Could not resolve host: data.chc.ucsb.edu')
2026-10-07T09:05:35+00:00,chirps,2018-03-29,https://data.chc.ucsb.edu/products/CHIRPS/v3.0/daily/final/rnl/cogs/2018/chirps-v3.0.rnl.2018.03.29.cog,5,failed: RasterioIOError('CURL error: Could not resolve host: data.chc.ucsb.edu')
2026-10-07T09:05:35+00:00,chirps,2018-03-30,https://data.chc.ucsb.edu/products/CHIRPS/v3.0/daily/final/rnl/cogs/2018/chirps-v3.0.rnl.2018.03.30.cog,5,failed: RasterioIOError('CURL error: Could not resolve host: data.chc.ucsb.edu')
2026-10-07T09:05:36+00:00,chirps,2018-04-01,https://data.chc.ucsb.edu/products/CHIRPS/v3.0/daily/final/rnl/cogs/2018/chirps-v3.0.rnl.2018.04.01.cog,5,failed: RasterioIOError('CURL error: Could not resolve host: data.chc.ucsb.edu')
2026-10-07T09:05:36+00:00,chirps,2018-03-31,https://data.chc.ucsb.edu/products/CHIRPS/v3.0/daily/final/rnl/cogs/2018/chirps-v3.0.rnl.2018.03.31.cog,5,failed: RasterioIOError('CURL error: Could not resolve host: data.chc.ucsb.edu')
2026-10-07T09:05:37+00:00,chirps,2018-04-02,https://data.chc.ucsb.edu/products/CHIRPS/v3.0/daily/final/rnl/cogs/2018/chirps-v3.0.rnl.2018.04.02.cog,5,failed: RasterioIOError('CURL error: Could not resolve host: data.chc.ucsb.edu')
2026-10-07T09:05:37+00:00,chirps,2018-04-03,https://data.chc.ucsb.edu/products/CHIRPS/v3.0/daily/final/rnl/cogs/2018/chirps-v3.0.rnl.2018.04.03.cog,5,failed: RasterioIOError('CURL error: Could not resolve host: data.chc.ucsb.edu')
2026-10-07T09:06:36+00:00,chirps,2018-04-04,https://data.chc.ucsb.edu/products/CHIRPS/v3.0/daily/final/rnl/cogs/2018/chirps-v3.0.rnl.2018.04.04.cog,5,failed: RasterioIOError('CURL error: Could not resolve host: data.chc.ucsb.edu')
2026-10-07T09:06:37+00:00,chirps,2018-04-05,https://data.chc.ucsb.edu/products/CHIRPS/v3.0/daily/final/rnl/cogs/2018/chirps-v3.0.rnl.2018.04.05.cog,5,failed: RasterioIOError('CURL error: Could not resolve host: data.chc.ucsb.edu')
2026-10-07T09:06:37+00:00,chirps,2018-04-06,https://data.chc.ucsb.edu/products/CHIRPS/v3.0/daily/final/rnl/cogs/2018/chirps-v3.0.rnl.2018.04.06.cog,5,failed: RasterioIOError('CURL error: Could not resolve host: data.chc.ucsb.edu')
2026-10-07T09:06:37+00:00,chirps,2018-04-07,https://data.chc.ucsb.edu/products/CHIRPS/v3.0/daily/final/rnl/cogs/2018/chirps-v3.0.rnl.2018.04.07.cog,5,failed: RasterioIOError('CURL error: Could not resolve host: data.chc.ucsb.edu')
2026-10-07T09:06:38+00:00,chirps,2018-04-09,https://data.chc.ucsb.edu/products/CHIRPS/v3.0/daily/final/rnl/cogs/2018/chirps-v3.0.rnl.2018.04.09.cog,5,failed: RasterioIOError('CURL error: Could not resolve host: data.chc.ucsb.edu')
2026-10-07T09:06:38+00:00,chirps,2018-04-08,https://data.chc.ucsb.edu/products/CHIRPS/v3.0/daily/final/rnl/cogs/2018/chirps-v3.0.rnl.2018.04.08.cog,5,failed: RasterioIOError('CURL error: Could not resolve host: data.chc.ucsb.edu')
2026-10-07T09:06:39+00:00,chirps,2018-04-10,https://data.chc.ucsb.edu/products/CHIRPS/v3.0/daily/final/rnl/cogs/2018/chirps-v3.0.rnl.2018.04.10.cog,5,failed: RasterioIOError('CURL error: Could not resolve host: data.chc.ucsb.edu')
2026-10-07T09:06:39+00:00,chirps,2018-04-11,https://data.chc.ucsb.edu/products/CHIRPS/v3.0/daily/final/rnl/cogs/2018/chirps-v3.0.rnl.2018.04.11.cog,5,failed: RasterioIOError('CURL error: Could not resolve host: data.chc.ucsb.edu')
2026-10-07T09:07:38+00:00,chirps,2018-04-12,https://data.chc.ucsb.edu/products/CHIRPS/v3.0/daily/final/rnl/cogs/2018/chirps-v3.0.rnl.2018.04.12.cog,5,failed: RasterioIOError('CURL error: Could not resolve host: data.chc.ucsb.edu')
2026-10-07T09:07:39+00:00,chirps,2018-04-13,https://data.chc.ucsb.edu/products/CHIRPS/v3.0/daily/final/rnl/cogs/2018/chirps-v3.0.rnl.2018.04.13.cog,5,failed: RasterioIOError('CURL error: Could not resolve host: data.chc.ucsb.edu')
2026-10-07T09:07:39+00:00,chirps,2018-04-14,https://data.chc.ucsb.edu/products/CHIRPS/v3.0/daily/final/rnl/cogs/2018/chirps-v3.0.rnl.2018.04.14.cog,5,failed: RasterioIOError('CURL error: Could not resolve host: data.chc.ucsb.edu')
2026-10-07T09:07:39+00:00,chirps,2018-04-15,https://data.chc.ucsb.edu/products/CHIRPS/v3.0/daily/final/rnl/cogs/2018/chirps-v3.0.rnl.2018.04.15.cog,5,failed: RasterioIOError('CURL error: Could not resolve host: data.chc.ucsb.edu')
2026-10-07T09:07:40+00:00,chirps,2018-04-16,https://data.chc.ucsb.edu/products/CHIRPS/v3.0/daily/final/rnl/cogs/2018/chirps-v3.0.rnl.2018.04.16.cog,5,failed: RasterioIOError('CURL error: Could not resolve host: data.chc.ucsb.edu')
2026-10-07T09:07:40+00:00,chirps,2018-04-17,https://data.chc.ucsb.edu/products/CHIRPS/v3.0/daily/final/rnl/cogs/2018/chirps-v3.0.rnl.2018.04.17.cog,5,failed: RasterioIOError('CURL error: Could not resolve host: data.chc.ucsb.edu')
2026-10-07T09:07:41+00:00,chirps,2018-04-18,https://data.chc.ucsb.edu/products/CHIRPS/v3.0/daily/final/rnl/cogs/2018/chirps-v3.0.rnl.2018.04.18.cog,5,failed: RasterioIOError('CURL error: Could not resolve host: data.chc.ucsb.edu')
2026-10-07T09:07:41+00:00,chirps,2018-04-19,https://data.chc.ucsb.edu/products/CHIRPS/v3.0/daily/final/rnl/cogs/2018/chirps-v3.0.rnl.2018.04.19.cog,5,failed: RasterioIOError('CURL error: Could not resolve host: data.chc.ucsb.edu')
2026-10-07T09:08:40+00:00,chirps,2018-04-20,https://data.chc.ucsb.edu/products/CHIRPS/v3.0/daily/final/rnl/cogs/2018/chirps-v3.0.rnl.2018.04.20.cog,5,failed: RasterioIOError('CURL error: Could not resolve host: data.chc.ucsb.edu')
2026-10-07T09:08:41+00:00,chirps,2018-04-21,https://data.chc.ucsb.edu/products/CHIRPS/v3.0/daily/final/rnl/cogs/2018/chirps-v3.0.rnl.2018.04.21.cog,5,failed: RasterioIOError('CURL error: Could not resolve host: data.chc.ucsb.edu')
2026-10-07T09:08:41+00:00,chirps,2018-04-22,https://data.chc.ucsb.edu/products/CHIRPS/v3.0/daily/final/rnl/cogs/2018/chirps-v3.0.rnl.2018.04.22.cog,5,failed: RasterioIOError('CURL error: Could not resolve host: data.chc.ucsb.edu')
2026-10-07T09:08:41+00:00,chirps,2018-04-23,https://data.chc.ucsb.edu/products/CHIRPS/v3.0/daily/final/rnl/cogs/2018/chirps-v3.0.rnl.2018.04.23.cog,5,failed: RasterioIOError('CURL error: Could not resolve host: data.chc.ucsb.edu')
2026-10-07T09:08:42+00:00,chirps,2018-04-24,https://data.chc.ucsb.edu/products/CHIRPS/v3.0/daily/final/rnl/cogs/2018/chirps-v3.0.rnl.2018.04.24.cog,5,failed: RasterioIOError('CURL error: Could not resolve host: data.chc.ucsb.edu')
2026-10-07T09:08:42+00:00,chirps,2018-04-25,https://data.chc.ucsb.edu/products/CHIRPS/v3.0/daily/final/rnl/cogs/2018/chirps-v3.0.rnl.2018.04.25.cog,5,failed: RasterioIOError('CURL error: Could not resolve host: data.chc.ucsb.edu')
2026-10-07T09:08:43+00:00,chirps,2018-04-26,https://data.chc.ucsb.edu/products/CHIRPS/v3.0/daily/final/rnl/cogs/2018/chirps-v3.0.rnl.2018.04.26.cog,5,failed: RasterioIOError('CURL error: Could not resolve host: data.chc.ucsb.edu')
2026-10-07T09:08:43+00:00,chirps,2018-04-27,https://data.chc.ucsb.edu/products/CHIRPS/v3.0/daily/final/rnl/cogs/2018/chirps-v3.0.rnl.2018.04.27.cog,5,failed: RasterioIOError('CURL error: Could not resolve host: data.chc.ucsb.edu')
2026-10-07T09:09:43+00:00,chirps,2018-04-28,https://data.chc.ucsb.edu/products/CHIRPS/v3.0/daily/final/rnl/cogs/2018/chirps-v3.0.rnl.2018.04.28.cog,5,failed: RasterioIOError('CURL error: Could not resolve host: data.chc.ucsb.edu')
2026-10-07T09:09:43+00:00,chirps,2018-04-29,https://data.chc.ucsb.edu/products/CHIRPS/v3.0/daily/final/rnl/cogs/2018/chirps-v3.0.rnl.2018.04.29.cog,5,failed: RasterioIOError('CURL error: Could not resolve host: data.chc.ucsb.edu')
2026-10-07T09:09:43+00:00,chirps,2018-04-30,https://data.chc.ucsb.edu/products/CHIRPS/v3.0/daily/final/rnl/cogs/2018/chirps-v3.0.rnl.2018.04.30.cog,5,failed: RasterioIOError('CURL error: Could not resolve host: data.chc.ucsb.edu')
2026-10-07T09:09:43+00:00,chirps,2018-05-01,https://data.chc.ucsb.edu/products/CHIRPS/v3.0/daily/final/rnl/cogs/2018/chirps-v3.0.rnl.2018.05.01.cog,5,failed: RasterioIOError('CURL error: Could not resolve host: data.chc.ucsb.edu')
2026-10-07T09:09:44+00:00,chirps,2018-05-02,https://data.chc.ucsb.edu/products/CHIRPS/v3.0/daily/final/rnl/cogs/2018/chirps-v3.0.rnl.2018.05.02.cog,5,failed: RasterioIOError('CURL error: Could not resolve host: data.chc.ucsb.edu')
2026-10-07T09:09:44+00:00,chirps,2018-05-03,https://data.chc.ucsb.edu/products/CHIRPS/v3.0/daily/final/rnl/cogs/2018/chirps-v3.0.rnl.2018.05.03.cog,5,failed: RasterioIOError('CURL error: Could not resolve host: data.chc.ucsb.edu')
2026-10-07T09:09:45+00:00,chirps,2018-05-04,https://data.chc.ucsb.edu/products/CHIRPS/v3.0/daily/final/rnl/cogs/2018/chirps-v3.0.rnl.2018.05.04.cog,5,failed: RasterioIOError('CURL error: Could not resolve host: data.chc.ucsb.edu')
2026-10-07T09:09:45+00:00,chirps,2018-05-05,https://data.chc.ucsb.edu/products/CHIRPS/v3.0/daily/final/rnl/cogs/2018/chirps-v3.0.rnl.2018.05.05.cog,5,failed: RasterioIOError('CURL error: Could not resolve host: data.chc.ucsb.edu')
2026-10-07T09:10:45+00:00,chirps,2018-05-06,https://data.chc.ucsb.edu/products/CHIRPS/v3.0/daily/final/rnl/cogs/2018/chirps-v3.0.rnl.2018.05.06.cog,5,failed: RasterioIOError('CURL error: Could not resolve host: data.chc.ucsb.edu')
2026-10-07T09:10:45+00:00,chirps,2018-05-07,https://data.chc.ucsb.edu/products/CHIRPS/v3.0/daily/final/rnl/cogs/2018/chirps-v3.0.rnl.2018.05.07.cog,5,failed: RasterioIOError('CURL error: Could not resolve host: data.chc.ucsb.edu')
2026-10-07T09:10:45+00:00,chirps,2018-05-08,https://data.chc.ucsb.edu/products/CHIRPS/v3.0/daily/final/rnl/cogs/2018/chirps-v3.0.rnl.2018.05.08.cog,5,failed: RasterioIOError('CURL error: Could not resolve host: data.chc.ucsb.edu')
2026-10-07T09:10:46+00:00,chirps,2018-05-09,https://data.chc.ucsb.edu/products/CHIRPS/v3.0/daily/final/rnl/cogs/2018/chirps-v3.0.rnl.2018.05.09.cog,5,failed: RasterioIOError('CURL error: Could not resolve host: data.chc.ucsb.edu')
2026-10-07T09:10:46+00:00,chirps,2018-05-10,https://data.chc.ucsb.edu/products/CHIRPS/v3.0/daily/final/rnl/cogs/2018/chirps-v3.0.rnl.2018.05.10.cog,5,failed: RasterioIOError('CURL error: Could not resolve host: data.chc.ucsb.edu')
2026-10-07T09:10:46+00:00,chirps,2018-05-11,https://data.chc.ucsb.edu/products/CHIRPS/v3.0/daily/final/rnl/cogs/2018/chirps-v3.0.rnl.2018.05.11.cog,5,failed: RasterioIOError('CURL error: Could not resolve host: data.chc.ucsb.edu')
2026-10-07T09:10:47+00:00,chirps,2018-05-12,https://data.chc.ucsb.edu/products/CHIRPS/v3.0/daily/final/rnl/cogs/2018/chirps-v3.0.rnl.2018.05.12.cog,5,failed: RasterioIOError('CURL error: Could not resolve host: data.chc.ucsb.edu')
2026-10-07T09:10:47+00:00,chirps,2018-05-13,https://data.chc.ucsb.edu/products/CHIRPS/v3.0/daily/final/rnl/cogs/2018/chirps-v3.0.rnl.2018.05.13.cog,5,failed: RasterioIOError('CURL error: Could not resolve host: data.chc.ucsb.edu')
2026-10-07T09:11:47+00:00,chirps,2018-05-14,https://data.chc.ucsb.edu/products/CHIRPS/v3.0/daily/final/rnl/cogs/2018/chirps-v3.0.rnl.2018.05.14.cog,5,failed: RasterioIOError('CURL error: Could not resolve host: data.chc.ucsb.edu')
2026-10-07T09:11:47+00:00,chirps,2018-05-15,https://data.chc.ucsb.edu/products/CHIRPS/v3.0/daily/final/rnl/cogs/2018/chirps-v3.0.rnl.2018.05.15.cog,5,failed: RasterioIOError('CURL error: Could not resolve host: data.chc.ucsb.edu')
2026-10-07T09:11:47+00:00,chirps,2018-05-16,https://data.chc.ucsb.edu/products/CHIRPS/v3.0/daily/final/rnl/cogs/2018/chirps-v3.0.rnl.2018.05.16.cog,5,failed: RasterioIOError('CURL error: Could not resolve host: data.chc.ucsb.edu')
2026-10-07T09:11:48+00:00,chirps,2018-05-17,https://data.chc.ucsb.edu/products/CHIRPS/v3.0/daily/final/rnl/cogs/2018/chirps-v3.0.rnl.2018.05.17.cog,5,failed: RasterioIOError('CURL error: Could not resolve host: data.chc.ucsb.edu')
2026-10-07T09:11:48+00:00,chirps,2018-05-19,https://data.chc.ucsb.edu/products/CHIRPS/v3.0/daily/final/rnl/cogs/2018/chirps-v3.0.rnl.2018.05.19.cog,5,failed: RasterioIOError('CURL error: Could not resolve host: data.chc.ucsb.edu')
2026-10-07T09:11:48+00:00,chirps,2018-05-18,https://data.chc.ucsb.edu/products/CHIRPS/v3.0/daily/final/rnl/cogs/2018/chirps-v3.0.rnl.2018.05.18.cog,5,failed: RasterioIOError('CURL error: Could not resolve host: data.chc.ucsb.edu')
2026-10-07T09:11:49+00:00,chirps,2018-05-20,https://data.chc.ucsb.edu/products/CHIRPS/v3.0/daily/final/rnl/cogs/2018/chirps-v3.0.rnl.2018.05.20.cog,5,failed: RasterioIOError('CURL error: Could not resolve host: data.chc.ucsb.edu')
2026-10-07T09:11:50+00:00,chirps,2018-05-21,https://data.chc.ucsb.edu/products/CHIRPS/v3.0/daily/final/rnl/cogs/2018/chirps-v3.0.rnl.2018.05.21.cog,5,failed: RasterioIOError('CURL error: Could not resolve host: data.chc.ucsb.edu')
2026-10-07T09:12:49+00:00,chirps,2018-05-22,https://data.chc.ucsb.edu/products/CHIRPS/v3.0/daily/final/rnl/cogs/2018/chirps-v3.0.rnl.2018.05.22.cog,5,failed: RasterioIOError('CURL error: Could not resolve host: data.chc.ucsb.edu')
2026-10-07T09:12:49+00:00,chirps,2018-05-23,https://data.chc.ucsb.edu/products/CHIRPS/v3.0/daily/final/rnl/cogs/2018/chirps-v3.0.rnl.2018.05.23.cog,5,failed: RasterioIOError('CURL error: Could not resolve host: data.chc.ucsb.edu')
2026-10-07T09:12:50+00:00,chirps,2018-05-24,https://data.chc.ucsb.edu/products/CHIRPS/v3.0/daily/final/rnl/cogs/2018/chirps-v3.0.rnl.2018.05.24.cog,5,failed: RasterioIOError('CURL error: Could not resolve host: data.chc.ucsb.edu')
2026-10-07T09:12:50+00:00,chirps,2018-05-25,https://data.chc.ucsb.edu/products/CHIRPS/v3.0/daily/final/rnl/cogs/2018/chirps-v3.0.rnl.2018.05.25.cog,5,failed: RasterioIOError('CURL error: Could not resolve host: data.chc.ucsb.edu')
2026-10-07T09:12:50+00:00,chirps,2018-05-27,https://data.chc.ucsb.edu/products/CHIRPS/v3.0/daily/final/rnl/cogs/2018/chirps-v3.0.rnl.2018.05.27.cog,5,failed: RasterioIOError('CURL error: Could not resolve host: data.chc.ucsb.edu')
2026-10-07T09:12:50+00:00,chirps,2018-05-26,https://data.chc.ucsb.edu/products/CHIRPS/v3.0/daily/final/rnl/cogs/2018/chirps-v3.0.rnl.2018.05.26.cog,5,failed: RasterioIOError('CURL error: Could not resolve host: data.chc.ucsb.edu')
2026-10-07T09:12:51+00:00,chirps,2018-05-28,https://data.chc.ucsb.edu/products/CHIRPS/v3.0/daily/final/rnl/cogs/2018/chirps-v3.0.rnl.2018.05.28.cog,5,failed: RasterioIOError('CURL error: Could not resolve host: data.chc.ucsb.edu')
2026-10-07T09:12:52+00:00,chirps,2018-05-29,https://data.chc.ucsb.edu/products/CHIRPS/v3.0/daily/final/rnl/cogs/2018/chirps-v3.0.rnl.2018.05.29.cog,5,failed: RasterioIOError('CURL error: Could not resolve host: data.chc.ucsb.edu')
2026-10-07T09:13:51+00:00,chirps,2018-05-30,https://data.chc.ucsb.edu/products/CHIRPS/v3.0/daily/final/rnl/cogs/2018/chirps-v3.0.rnl.2018.05.30.cog,5,failed: RasterioIOError('CURL error: Could not resolve host: data.chc.ucsb.edu')
2026-10-07T09:13:52+00:00,chirps,2018-05-31,https://data.chc.ucsb.edu/products/CHIRPS/v3.0/daily/final/rnl/cogs/2018/chirps-v3.0.rnl.2018.05.31.cog,5,failed: RasterioIOError('CURL error: Could not resolve host: data.chc.ucsb.edu')
2026-10-07T09:13:52+00:00,chirps,2018-06-01,https://data.chc.ucsb.edu/products/CHIRPS/v3.0/daily/final/rnl/cogs/2018/chirps-v3.0.rnl.2018.06.01.cog,5,failed: RasterioIOError('CURL error: Could not resolve host: data.chc.ucsb.edu')
2026-10-07T09:13:52+00:00,chirps,2018-06-02,https://data.chc.ucsb.edu/products/CHIRPS/v3.0/daily/final/rnl/cogs/2018/chirps-v3.0.rnl.2018.06.02.cog,5,failed: RasterioIOError('CURL error: Could not resolve host: data.chc.ucsb.edu')
2026-10-07T09:13:52+00:00,chirps,2018-06-03,https://data.chc.ucsb.edu/products/CHIRPS/v3.0/daily/final/rnl/cogs/2018/chirps-v3.0.rnl.2018.06.03.cog,5,failed: RasterioIOError('CURL error: Could not resolve host: data.chc.ucsb.edu')
2026-10-07T09:13:52+00:00,chirps,2018-06-04,https://data.chc.ucsb.edu/products/CHIRPS/v3.0/daily/final/rnl/cogs/2018/chirps-v3.0.rnl.2018.06.04.cog,5,failed: RasterioIOError('CURL error: Could not resolve host: data.chc.ucsb.edu')
2026-10-07T09:13:53+00:00,chirps,2018-06-05,https://data.chc.ucsb.edu/products/CHIRPS/v3.0/daily/final/rnl/cogs/2018/chirps-v3.0.rnl.2018.06.05.cog,5,failed: RasterioIOError('CURL error: Could not resolve host: data.chc.ucsb.edu')
2026-10-07T09:13:54+00:00,chirps,2018-06-06,https://data.chc.ucsb.edu/products/CHIRPS/v3.0/daily/final/rnl/cogs/2018/chirps-v3.0.rnl.2018.06.06.cog,5,failed: RasterioIOError('CURL error: Could not resolve host: data.chc.ucsb.edu')
2026-10-07T09:14:53+00:00,chirps,2018-06-07,https://data.chc.ucsb.edu/products/CHIRPS/v3.0/daily/final/rnl/cogs/2018/chirps-v3.0.rnl.2018.06.07.cog,5,failed: RasterioIOError('CURL error: Could not resolve host: data.chc.ucsb.edu')
2026-10-07T09:14:54+00:00,chirps,2018-06-08,https://data.chc.ucsb.edu/products/CHIRPS/v3.0/daily/final/rnl/cogs/2018/chirps-v3.0.rnl.2018.06.08.cog,5,failed: RasterioIOError('CURL error: Could not resolve host: data.chc.ucsb.edu')
2026-10-07T09:14:54+00:00,chirps,2018-06-09,https://data.chc.ucsb.edu/products/CHIRPS/v3.0/daily/final/rnl/cogs/2018/chirps-v3.0.rnl.2018.06.09.cog,5,failed: RasterioIOError('CURL error: Could not resolve host: data.chc.ucsb.edu')
2026-10-07T09:14:54+00:00,chirps,2018-06-10,https://data.chc.ucsb.edu/products/CHIRPS/v3.0/daily/final/rnl/cogs/2018/chirps-v3.0.rnl.2018.06.10.cog,5,failed: RasterioIOError('CURL error: Could not resolve host: data.chc.ucsb.edu')
2026-10-07T09:14:55+00:00,chirps,2018-06-12,https://data.chc.ucsb.edu/products/CHIRPS/v3.0/daily/final/rnl/cogs/2018/chirps-v3.0.rnl.2018.06.12.cog,5,failed: RasterioIOError('CURL error: Could not resolve host: data.chc.ucsb.edu')
2026-10-07T09:14:55+00:00,chirps,2018-06-11,https://data.chc.ucsb.edu/products/CHIRPS/v3.0/daily/final/rnl/cogs/2018/chirps-v3.0.rnl.2018.06.11.cog,5,failed: RasterioIOError('CURL error: Could not resolve host: data.chc.ucsb.edu')
2026-10-07T09:14:55+00:00,chirps,2018-06-13,https://data.chc.ucsb.edu/products/CHIRPS/v3.0/daily/final/rnl/cogs/2018/chirps-v3.0.rnl.2018.06.13.cog,5,failed: RasterioIOError('CURL error: Could not resolve host: data.chc.ucsb.edu')
2026-10-07T09:14:56+00:00,chirps,2018-06-14,https://data.chc.ucsb.edu/products/CHIRPS/v3.0/daily/final/rnl/cogs/2018/chirps-v3.0.rnl.2018.06.14.cog,5,failed: RasterioIOError('CURL error: Could not resolve host: data.chc.ucsb.edu')
2026-10-07T09:15:55+00:00,chirps,2018-06-15,https://data.chc.ucsb.edu/products/CHIRPS/v3.0/daily/final/rnl/cogs/2018/chirps-v3.0.rnl.2018.06.15.cog,5,failed: RasterioIOError('CURL error: Could not resolve host: data.chc.ucsb.edu')
2026-10-07T09:15:56+00:00,chirps,2018-06-16,https://data.chc.ucsb.edu/products/CHIRPS/v3.0/daily/final/rnl/cogs/2018/chirps-v3.0.rnl.2018.06.16.cog,5,failed: RasterioIOError('CURL error: Could not resolve host: data.chc.ucsb.edu')
2026-10-07T09:15:56+00:00,chirps,2018-06-17,https://data.chc.ucsb.edu/products/CHIRPS/v3.0/daily/final/rnl/cogs/2018/chirps-v3.0.rnl.2018.06.17.cog,5,failed: RasterioIOError('CURL error: Could not resolve host: data.chc.ucsb.edu')
2026-10-07T09:15:56+00:00,chirps,2018-06-18,https://data.chc.ucsb.edu/products/CHIRPS/v3.0/daily/final/rnl/cogs/2018/chirps-v3.0.rnl.2018.06.18.cog,5,failed: RasterioIOError('CURL error: Could not resolve host: data.chc.ucsb.edu')
2026-10-07T09:15:57+00:00,chirps,2018-06-20,https://data.chc.ucsb.edu/products/CHIRPS/v3.0/daily/final/rnl/cogs/2018/chirps-v3.0.rnl.2018.06.20.cog,5,failed: RasterioIOError('CURL error: Could not resolve host: data.chc.ucsb.edu')
2026-10-07T09:15:57+00:00,chirps,2018-06-19,https://data.chc.ucsb.edu/products/CHIRPS/v3.0/daily/final/rnl/cogs/2018/chirps-v3.0.rnl.2018.06.19.cog,5,failed: RasterioIOError('CURL error: Could not resolve host: data.chc.ucsb.edu')
2026-10-07T09:15:57+00:00,chirps,2018-06-21,https://data.chc.ucsb.edu/products/CHIRPS/v3.0/daily/final/rnl/cogs/2018/chirps-v3.0.rnl.2018.06.21.cog,5,failed: RasterioIOError('CURL error: Could not resolve host: data.chc.ucsb.edu')
2026-10-07T09:15:58+00:00,chirps,2018-06-22,https://data.chc.ucsb.edu/products/CHIRPS/v3.0/daily/final/rnl/cogs/2018/chirps-v3.0.rnl.2018.06.22.cog,5,failed: RasterioIOError('CURL error: Could not resolve host: data.chc.ucsb.edu')
2026-10-07T09:16:57+00:00,chirps,2018-06-23,https://data.chc.ucsb.edu/products/CHIRPS/v3.0/daily/final/rnl/cogs/2018/chirps-v3.0.rnl.2018.06.23.cog,5,failed: RasterioIOError('CURL error: Could not resolve host: data.chc.ucsb.edu')
2026-10-07T09:16:58+00:00,chirps,2018-06-24,https://data.chc.ucsb.edu/products/CHIRPS/v3.0/daily/final/rnl/cogs/2018/chirps-v3.0.rnl.2018.06.24.cog,5,failed: RasterioIOError('CURL error: Could not resolve host: data.chc.ucsb.edu')
2026-10-07T09:16:58+00:00,chirps,2018-06-25,https://data.chc.ucsb.edu/products/CHIRPS/v3.0/daily/final/rnl/cogs/2018/chirps-v3.0.rnl.2018.06.25.cog,5,failed: RasterioIOError('CURL error: Could not resolve host: data.chc.ucsb.edu')
2026-10-07T09:16:58+00:00,chirps,2018-06-26,https://data.chc.ucsb.edu/products/CHIRPS/v3.0/daily/final/rnl/cogs/2018/chirps-v3.0.rnl.2018.06.26.cog,5,failed: RasterioIOError('CURL error: Could not resolve host: data.chc.ucsb.edu')
2026-10-07T09:16:59+00:00,chirps,2018-06-27,https://data.chc.ucsb.edu/products/CHIRPS/v3.0/daily/final/rnl/cogs/2018/chirps-v3.0.rnl.2018.06.27.cog,5,failed: RasterioIOError('CURL error: Could not resolve host: data.chc.ucsb.edu')
2026-10-07T09:16:59+00:00,chirps,2018-06-28,https://data.chc.ucsb.edu/products/CHIRPS/v3.0/daily/final/rnl/cogs/2018/chirps-v3.0.rnl.2018.06.28.cog,5,failed: RasterioIOError('CURL error: Could not resolve host: data.chc.ucsb.edu')
2026-10-07T09:16:59+00:00,chirps,2018-06-29,https://data.chc.ucsb.edu/products/CHIRPS/v3.0/daily/final/rnl/cogs/2018/chirps-v3.0.rnl.2018.06.29.cog,5,failed: RasterioIOError('CURL error: Could not resolve host: data.chc.ucsb.edu')
2026-10-07T09:17:00+00:00,chirps,2018-06-30,https://data.chc.ucsb.edu/products/CHIRPS/v3.0/daily/final/rnl/cogs/2018/chirps-v3.0.rnl.2018.06.30.cog,5,failed: RasterioIOError('CURL error: Could not resolve host: data.chc.ucsb.edu')
2026-10-07T09:17:59+00:00,chirps,2018-07-01,https://data.chc.ucsb.edu/products/CHIRPS/v3.0/daily/final/rnl/cogs/2018/chirps-v3.0.rnl.2018.07.01.cog,5,failed: RasterioIOError('CURL error: Could not resolve host: data.chc.ucsb.edu')
2026-10-07T09:18:00+00:00,chirps,2018-07-02,https://data.chc.ucsb.edu/products/CHIRPS/v3.0/daily/final/rnl/cogs/2018/chirps-v3.0.rnl.2018.07.02.cog,5,failed: RasterioIOError('CURL error: Could not resolve host: data.chc.ucsb.edu')
2026-10-07T09:18:00+00:00,chirps,2018-07-03,https://data.chc.ucsb.edu/products/CHIRPS/v3.0/daily/final/rnl/cogs/2018/chirps-v3.0.rnl.2018.07.03.cog,5,failed: RasterioIOError('CURL error: Could not resolve host: data.chc.ucsb.edu')
2026-10-07T09:18:00+00:00,chirps,2018-07-04,https://data.chc.ucsb.edu/products/CHIRPS/v3.0/daily/final/rnl/cogs/2018/chirps-v3.0.rnl.2018.07.04.cog,5,failed: RasterioIOError('CURL error: Could not resolve host: data.chc.ucsb.edu')
2026-10-07T09:18:01+00:00,chirps,2018-07-06,https://data.chc.ucsb.edu/products/CHIRPS/v3.0/daily/final/rnl/cogs/2018/chirps-v3.0.rnl.2018.07.06.cog,5,failed: RasterioIOError('CURL error: Could not resolve host: data.chc.ucsb.edu')
2026-10-07T09:18:01+00:00,chirps,2018-07-05,https://data.chc.ucsb.edu/products/CHIRPS/v3.0/daily/final/rnl/cogs/2018/chirps-v3.0.rnl.2018.07.05.cog,5,failed: RasterioIOError('CURL error: Could not resolve host: data.chc.ucsb.edu')
2026-10-07T09:18:01+00:00,chirps,2018-07-07,https://data.chc.ucsb.edu/products/CHIRPS/v3.0/daily/final/rnl/cogs/2018/chirps-v3.0.rnl.2018.07.07.cog,5,failed: RasterioIOError('CURL error: Could not resolve host: data.chc.ucsb.edu')
2026-10-07T09:18:02+00:00,chirps,2018-07-08,https://data.chc.ucsb.edu/products/CHIRPS/v3.0/daily/final/rnl/cogs/2018/chirps-v3.0.rnl.2018.07.08.cog,5,failed: RasterioIOError('CURL error: Could not resolve host: data.chc.ucsb.edu')
2026-10-07T09:39:41+00:00,chirps,2019-03-21,https://data.chc.ucsb.edu/products/CHIRPS/v3.0/daily/final/rnl/cogs/2019/chirps-v3.0.rnl.2019.03.21.cog,5,"failed: RasterioIOError(""'/vsicurl/https://data.chc.ucsb.edu/products/CHIRPS/v3.0/daily/final/rnl/cogs/2019/chirps-v3.0.rnl.2019.03.21.cog' not recognized as being in a supported file format."")"
2026-10-07T09:39:50+00:00,chirps,2019-03-20,https://data.chc.ucsb.edu/products/CHIRPS/v3.0/daily/final/rnl/cogs/2019/chirps-v3.0.rnl.2019.03.20.cog,5,failed: RasterioIOError('Read failed. See previous exception for details.')
2026-10-07T09:39:53+00:00,chirps,2019-03-16,https://data.chc.ucsb.edu/products/CHIRPS/v3.0/daily/final/rnl/cogs/2019/chirps-v3.0.rnl.2019.03.16.cog,5,failed: RasterioIOError('Read failed. See previous exception for details.')
2026-10-07T09:39:54+00:00,chirps,2019-03-19,https://data.chc.ucsb.edu/products/CHIRPS/v3.0/daily/final/rnl/cogs/2019/chirps-v3.0.rnl.2019.03.19.cog,5,failed: RasterioIOError('Read failed. See previous exception for details.')
2026-10-07T09:39:55+00:00,chirps,2019-03-17,https://data.chc.ucsb.edu/products/CHIRPS/v3.0/daily/final/rnl/cogs/2019/chirps-v3.0.rnl.2019.03.17.cog,5,failed: RasterioIOError('Read failed. See previous exception for details.')
2026-10-07T09:39:55+00:00,chirps,2019-03-18,https://data.chc.ucsb.edu/products/CHIRPS/v3.0/daily/final/rnl/cogs/2019/chirps-v3.0.rnl.2019.03.18.cog,5,failed: RasterioIOError('Read failed. See previous exception for details.')
2026-10-07T09:39:55+00:00,chirps,2019-03-14,https://data.chc.ucsb.edu/products/CHIRPS/v3.0/daily/final/rnl/cogs/2019/chirps-v3.0.rnl.2019.03.14.cog,5,failed: RasterioIOError('Read failed. See previous exception for details.')
2026-10-07T09:39:55+00:00,chirps,2019-03-13,https://data.chc.ucsb.edu/products/CHIRPS/v3.0/daily/final/rnl/cogs/2019/chirps-v3.0.rnl.2019.03.13.cog,5,failed: RasterioIOError('Read failed. See previous exception for details.')
2026-10-07T09:40:43+00:00,chirps,2019-03-22,https://data.chc.ucsb.edu/products/CHIRPS/v3.0/daily/final/rnl/cogs/2019/chirps-v3.0.rnl.2019.03.22.cog,5,failed: RasterioIOError('CURL error: Could not resolve host: data.chc.ucsb.edu')
2026-10-07T09:40:52+00:00,chirps,2019-03-23,https://data.chc.ucsb.edu/products/CHIRPS/v3.0/daily/final/rnl/cogs/2019/chirps-v3.0.rnl.2019.03.23.cog,5,failed: RasterioIOError('CURL error: Could not resolve host: data.chc.ucsb.edu')
2026-10-07T09:40:56+00:00,chirps,2019-03-24,https://data.chc.ucsb.edu/products/CHIRPS/v3.0/daily/final/rnl/cogs/2019/chirps-v3.0.rnl.2019.03.24.cog,5,failed: RasterioIOError('CURL error: Could not resolve host: data.chc.ucsb.edu')
2026-10-07T09:40:56+00:00,chirps,2019-03-25,https://data.chc.ucsb.edu/products/CHIRPS/v3.0/daily/final/rnl/cogs/2019/chirps-v3.0.rnl.2019.03.25.cog,5,failed: RasterioIOError('CURL error: Could not resolve host: data.chc.ucsb.edu')
2026-10-07T09:40:57+00:00,chirps,2019-03-26,https://data.chc.ucsb.edu/products/CHIRPS/v3.0/daily/final/rnl/cogs/2019/chirps-v3.0.rnl.2019.03.26.cog,5,failed: RasterioIOError('CURL error: Could not resolve host: data.chc.ucsb.edu')
2026-10-07T09:40:57+00:00,chirps,2019-03-27,https://data.chc.ucsb.edu/products/CHIRPS/v3.0/daily/final/rnl/cogs/2019/chirps-v3.0.rnl.2019.03.27.cog,5,failed: RasterioIOError('CURL error: Could not resolve host: data.chc.ucsb.edu')
2026-10-07T09:40:57+00:00,chirps,2019-03-28,https://data.chc.ucsb.edu/products/CHIRPS/v3.0/daily/final/rnl/cogs/2019/chirps-v3.0.rnl.2019.03.28.cog,5,failed: RasterioIOError('CURL error: Could not resolve host: data.chc.ucsb.edu')
2026-10-07T09:40:57+00:00,chirps,2019-03-29,https://data.chc.ucsb.edu/products/CHIRPS/v3.0/daily/final/rnl/cogs/2019/chirps-v3.0.rnl.2019.03.29.cog,5,failed: RasterioIOError('CURL error: Could not resolve host: data.chc.ucsb.edu')
2026-10-07T09:41:45+00:00,chirps,2019-03-30,https://data.chc.ucsb.edu/products/CHIRPS/v3.0/daily/final/rnl/cogs/2019/chirps-v3.0.rnl.2019.03.30.cog,5,failed: RasterioIOError('CURL error: Could not resolve host: data.chc.ucsb.edu')
2026-10-07T09:41:54+00:00,chirps,2019-03-31,https://data.chc.ucsb.edu/products/CHIRPS/v3.0/daily/final/rnl/cogs/2019/chirps-v3.0.rnl.2019.03.31.cog,5,failed: RasterioIOError('CURL error: Could not resolve host: data.chc.ucsb.edu')
2026-10-07T09:41:58+00:00,chirps,2019-04-01,https://data.chc.ucsb.edu/products/CHIRPS/v3.0/daily/final/rnl/cogs/2019/chirps-v3.0.rnl.2019.04.01.cog,5,failed: RasterioIOError('CURL error: Could not resolve host: data.chc.ucsb.edu')
2026-10-07T09:41:58+00:00,chirps,2019-04-02,https://data.chc.ucsb.edu/products/CHIRPS/v3.0/daily/final/rnl/cogs/2019/chirps-v3.0.rnl.2019.04.02.cog,5,failed: RasterioIOError('CURL error: Could not resolve host: data.chc.ucsb.edu')
2026-10-07T09:41:59+00:00,chirps,2019-04-04,https://data.chc.ucsb.edu/products/CHIRPS/v3.0/daily/final/rnl/cogs/2019/chirps-v3.0.rnl.2019.04.04.cog,5,failed: RasterioIOError('CURL error: Could not resolve host: data.chc.ucsb.edu')
2026-10-07T09:41:59+00:00,chirps,2019-04-05,https://data.chc.ucsb.edu/products/CHIRPS/v3.0/daily/final/rnl/cogs/2019/chirps-v3.0.rnl.2019.04.05.cog,5,failed: RasterioIOError('CURL error: Could not resolve host: data.chc.ucsb.edu')
2026-10-07T09:41:59+00:00,chirps,2019-04-03,https://data.chc.ucsb.edu/products/CHIRPS/v3.0/daily/final/rnl/cogs/2019/chirps-v3.0.rnl.2019.04.03.cog,5,failed: RasterioIOError('CURL error: Could not resolve host: data.chc.ucsb.edu')
2026-10-07T09:41:59+00:00,chirps,2019-04-06,https://data.chc.ucsb.edu/products/CHIRPS/v3.0/daily/final/rnl/cogs/2019/chirps-v3.0.rnl.2019.04.06.cog,5,failed: RasterioIOError('CURL error: Could not resolve host: data.chc.ucsb.edu')
2026-10-07T09:42:23+00:00,hydrosheds,hyd_af_dem_15s.zip,https://data.hydrosheds.org/file/hydrosheds-v1-dem/hyd_af_dem_15s.zip,10,"ConnectionError(MaxRetryError('HTTPSConnectionPool(host=\'data.hydrosheds.org\', port=443): Max retries exceeded with url: /file/hydrosheds-v1-dem/hyd_af_dem_15s.zip (Caused by NameResolutionError(""<urllib3.connection.HTTPSConnection object at 0x0000022ACFA55590>: Failed to resolve \'data.hydrosheds.org\' ([Errno 11001] getaddrinfo failed)""))'))"
2026-10-07T09:42:47+00:00,chirps,2019-04-07,https://data.chc.ucsb.edu/products/CHIRPS/v3.0/daily/final/rnl/cogs/2019/chirps-v3.0.rnl.2019.04.07.cog,5,failed: RasterioIOError('CURL error: Could not resolve host: data.chc.ucsb.edu')
2026-10-07T09:42:56+00:00,chirps,2019-04-08,https://data.chc.ucsb.edu/products/CHIRPS/v3.0/daily/final/rnl/cogs/2019/chirps-v3.0.rnl.2019.04.08.cog,5,failed: RasterioIOError('CURL error: Could not resolve host: data.chc.ucsb.edu')
2026-10-07T09:43:00+00:00,chirps,2019-04-09,https://data.chc.ucsb.edu/products/CHIRPS/v3.0/daily/final/rnl/cogs/2019/chirps-v3.0.rnl.2019.04.09.cog,5,failed: RasterioIOError('CURL error: Could not resolve host: data.chc.ucsb.edu')
2026-10-07T09:43:00+00:00,chirps,2019-04-10,https://data.chc.ucsb.edu/products/CHIRPS/v3.0/daily/final/rnl/cogs/2019/chirps-v3.0.rnl.2019.04.10.cog,5,failed: RasterioIOError('CURL error: Could not resolve host: data.chc.ucsb.edu')
2026-10-07T09:43:01+00:00,chirps,2019-04-11,https://data.chc.ucsb.edu/products/CHIRPS/v3.0/daily/final/rnl/cogs/2019/chirps-v3.0.rnl.2019.04.11.cog,5,failed: RasterioIOError('CURL error: Could not resolve host: data.chc.ucsb.edu')
2026-10-07T09:43:01+00:00,chirps,2019-04-12,https://data.chc.ucsb.edu/products/CHIRPS/v3.0/daily/final/rnl/cogs/2019/chirps-v3.0.rnl.2019.04.12.cog,5,failed: RasterioIOError('CURL error: Could not resolve host: data.chc.ucsb.edu')
2026-10-07T09:43:01+00:00,chirps,2019-04-14,https://data.chc.ucsb.edu/products/CHIRPS/v3.0/daily/final/rnl/cogs/2019/chirps-v3.0.rnl.2019.04.14.cog,5,failed: RasterioIOError('CURL error: Could not resolve host: data.chc.ucsb.edu')
2026-10-07T09:43:01+00:00,chirps,2019-04-13,https://data.chc.ucsb.edu/products/CHIRPS/v3.0/daily/final/rnl/cogs/2019/chirps-v3.0.rnl.2019.04.13.cog,5,failed: RasterioIOError('CURL error: Could not resolve host: data.chc.ucsb.edu')
2026-10-07T09:43:49+00:00,chirps,2019-04-15,https://data.chc.ucsb.edu/products/CHIRPS/v3.0/daily/final/rnl/cogs/2019/chirps-v3.0.rnl.2019.04.15.cog,5,failed: RasterioIOError('CURL error: Could not resolve host: data.chc.ucsb.edu')
2026-10-07T09:43:58+00:00,chirps,2019-04-16,https://data.chc.ucsb.edu/products/CHIRPS/v3.0/daily/final/rnl/cogs/2019/chirps-v3.0.rnl.2019.04.16.cog,5,failed: RasterioIOError('CURL error: Could not resolve host: data.chc.ucsb.edu')
2026-10-07T09:44:02+00:00,chirps,2019-04-17,https://data.chc.ucsb.edu/products/CHIRPS/v3.0/daily/final/rnl/cogs/2019/chirps-v3.0.rnl.2019.04.17.cog,5,failed: RasterioIOError('CURL error: Could not resolve host: data.chc.ucsb.edu')
2026-10-07T09:44:02+00:00,chirps,2019-04-18,https://data.chc.ucsb.edu/products/CHIRPS/v3.0/daily/final/rnl/cogs/2019/chirps-v3.0.rnl.2019.04.18.cog,5,failed: RasterioIOError('CURL error: Could not resolve host: data.chc.ucsb.edu')
2026-10-07T09:44:03+00:00,chirps,2019-04-19,https://data.chc.ucsb.edu/products/CHIRPS/v3.0/daily/final/rnl/cogs/2019/chirps-v3.0.rnl.2019.04.19.cog,5,failed: RasterioIOError('CURL error: Could not resolve host: data.chc.ucsb.edu')
2026-10-07T09:44:03+00:00,chirps,2019-04-20,https://data.chc.ucsb.edu/products/CHIRPS/v3.0/daily/final/rnl/cogs/2019/chirps-v3.0.rnl.2019.04.20.cog,5,failed: RasterioIOError('CURL error: Could not resolve host: data.chc.ucsb.edu')
2026-10-07T09:44:03+00:00,chirps,2019-04-22,https://data.chc.ucsb.edu/products/CHIRPS/v3.0/daily/final/rnl/cogs/2019/chirps-v3.0.rnl.2019.04.22.cog,5,failed: RasterioIOError('CURL error: Could not resolve host: data.chc.ucsb.edu')
2026-10-07T09:44:03+00:00,chirps,2019-04-21,https://data.chc.ucsb.edu/products/CHIRPS/v3.0/daily/final/rnl/cogs/2019/chirps-v3.0.rnl.2019.04.21.cog,5,failed: RasterioIOError('CURL error: Could not resolve host: data.chc.ucsb.edu')
2026-10-07T09:46:05+00:00,chirps,2019-04-23,https://data.chc.ucsb.edu/products/CHIRPS/v3.0/daily/final/rnl/cogs/2019/chirps-v3.0.rnl.2019.04.23.cog,5,failed: RasterioIOError('CURL error: Failed to connect to data.chc.ucsb.edu port 443 after 0 ms: Could not connect to server')
2026-10-07T09:46:05+00:00,chirps,2019-04-25,https://data.chc.ucsb.edu/products/CHIRPS/v3.0/daily/final/rnl/cogs/2019/chirps-v3.0.rnl.2019.04.25.cog,5,failed: RasterioIOError('CURL error: Could not resolve host: data.chc.ucsb.edu')
2026-10-07T09:46:05+00:00,chirps,2019-04-28,https://data.chc.ucsb.edu/products/CHIRPS/v3.0/daily/final/rnl/cogs/2019/chirps-v3.0.rnl.2019.04.28.cog,5,failed: RasterioIOError('CURL error: Could not resolve host: data.chc.ucsb.edu')
2026-10-07T09:46:05+00:00,chirps,2019-04-29,https://data.chc.ucsb.edu/products/CHIRPS/v3.0/daily/final/rnl/cogs/2019/chirps-v3.0.rnl.2019.04.29.cog,5,failed: RasterioIOError('CURL error: Could not resolve host: data.chc.ucsb.edu')
2026-10-07T09:46:05+00:00,chirps,2019-04-26,https://data.chc.ucsb.edu/products/CHIRPS/v3.0/daily/final/rnl/cogs/2019/chirps-v3.0.rnl.2019.04.26.cog,5,failed: RasterioIOError('CURL error: Could not resolve host: data.chc.ucsb.edu')
2026-10-07T09:46:05+00:00,chirps,2019-04-24,https://data.chc.ucsb.edu/products/CHIRPS/v3.0/daily/final/rnl/cogs/2019/chirps-v3.0.rnl.2019.04.24.cog,5,failed: RasterioIOError('CURL error: Could not resolve host: data.chc.ucsb.edu')
2026-10-07T09:46:05+00:00,chirps,2019-04-27,https://data.chc.ucsb.edu/products/CHIRPS/v3.0/daily/final/rnl/cogs/2019/chirps-v3.0.rnl.2019.04.27.cog,5,failed: RasterioIOError('CURL error: Could not resolve host: data.chc.ucsb.edu')
2026-10-07T09:46:05+00:00,chirps,2019-04-30,https://data.chc.ucsb.edu/products/CHIRPS/v3.0/daily/final/rnl/cogs/2019/chirps-v3.0.rnl.2019.04.30.cog,5,failed: RasterioIOError('CURL error: Could not resolve host: data.chc.ucsb.edu')
2026-10-07T09:47:07+00:00,chirps,2019-05-01,https://data.chc.ucsb.edu/products/CHIRPS/v3.0/daily/final/rnl/cogs/2019/chirps-v3.0.rnl.2019.05.01.cog,5,failed: RasterioIOError('CURL error: Could not resolve host: data.chc.ucsb.edu')
2026-10-07T09:47:07+00:00,chirps,2019-05-02,https://data.chc.ucsb.edu/products/CHIRPS/v3.0/daily/final/rnl/cogs/2019/chirps-v3.0.rnl.2019.05.02.cog,5,failed: RasterioIOError('CURL error: Could not resolve host: data.chc.ucsb.edu')
2026-10-07T09:47:07+00:00,chirps,2019-05-03,https://data.chc.ucsb.edu/products/CHIRPS/v3.0/daily/final/rnl/cogs/2019/chirps-v3.0.rnl.2019.05.03.cog,5,failed: RasterioIOError('CURL error: Could not resolve host: data.chc.ucsb.edu')
2026-10-07T09:47:07+00:00,chirps,2019-05-05,https://data.chc.ucsb.edu/products/CHIRPS/v3.0/daily/final/rnl/cogs/2019/chirps-v3.0.rnl.2019.05.05.cog,5,failed: RasterioIOError('CURL error: Could not resolve host: data.chc.ucsb.edu')
2026-10-07T09:47:07+00:00,chirps,2019-05-06,https://data.chc.ucsb.edu/products/CHIRPS/v3.0/daily/final/rnl/cogs/2019/chirps-v3.0.rnl.2019.05.06.cog,5,failed: RasterioIOError('CURL error: Could not resolve host: data.chc.ucsb.edu')
2026-10-07T09:47:07+00:00,chirps,2019-05-04,https://data.chc.ucsb.edu/products/CHIRPS/v3.0/daily/final/rnl/cogs/2019/chirps-v3.0.rnl.2019.05.04.cog,5,failed: RasterioIOError('CURL error: Could not resolve host: data.chc.ucsb.edu')
2026-10-07T09:47:07+00:00,chirps,2019-05-07,https://data.chc.ucsb.edu/products/CHIRPS/v3.0/daily/final/rnl/cogs/2019/chirps-v3.0.rnl.2019.05.07.cog,5,failed: RasterioIOError('CURL error: Could not resolve host: data.chc.ucsb.edu')
2026-10-07T09:47:07+00:00,chirps,2019-05-08,https://data.chc.ucsb.edu/products/CHIRPS/v3.0/daily/final/rnl/cogs/2019/chirps-v3.0.rnl.2019.05.08.cog,5,failed: RasterioIOError('CURL error: Could not resolve host: data.chc.ucsb.edu')
2026-10-07T09:48:09+00:00,chirps,2019-05-09,https://data.chc.ucsb.edu/products/CHIRPS/v3.0/daily/final/rnl/cogs/2019/chirps-v3.0.rnl.2019.05.09.cog,5,failed: RasterioIOError('CURL error: Could not resolve host: data.chc.ucsb.edu')
2026-10-07T09:48:09+00:00,chirps,2019-05-13,https://data.chc.ucsb.edu/products/CHIRPS/v3.0/daily/final/rnl/cogs/2019/chirps-v3.0.rnl.2019.05.13.cog,5,failed: RasterioIOError('CURL error: Could not resolve host: data.chc.ucsb.edu')
2026-10-07T09:48:09+00:00,chirps,2019-05-12,https://data.chc.ucsb.edu/products/CHIRPS/v3.0/daily/final/rnl/cogs/2019/chirps-v3.0.rnl.2019.05.12.cog,5,failed: RasterioIOError('CURL error: Could not resolve host: data.chc.ucsb.edu')
2026-10-07T09:48:09+00:00,chirps,2019-05-11,https://data.chc.ucsb.edu/products/CHIRPS/v3.0/daily/final/rnl/cogs/2019/chirps-v3.0.rnl.2019.05.11.cog,5,failed: RasterioIOError('CURL error: Could not resolve host: data.chc.ucsb.edu')
2026-10-07T09:48:09+00:00,chirps,2019-05-14,https://data.chc.ucsb.edu/products/CHIRPS/v3.0/daily/final/rnl/cogs/2019/chirps-v3.0.rnl.2019.05.14.cog,5,failed: RasterioIOError('CURL error: Could not resolve host: data.chc.ucsb.edu')
2026-10-07T09:48:09+00:00,chirps,2019-05-10,https://data.chc.ucsb.edu/products/CHIRPS/v3.0/daily/final/rnl/cogs/2019/chirps-v3.0.rnl.2019.05.10.cog,5,failed: RasterioIOError('CURL error: Could not resolve host: data.chc.ucsb.edu')
2026-10-07T09:48:09+00:00,chirps,2019-05-16,https://data.chc.ucsb.edu/products/CHIRPS/v3.0/daily/final/rnl/cogs/2019/chirps-v3.0.rnl.2019.05.16.cog,5,failed: RasterioIOError('CURL error: Could not resolve host: data.chc.ucsb.edu')
2026-10-07T09:48:09+00:00,chirps,2019-05-15,https://data.chc.ucsb.edu/products/CHIRPS/v3.0/daily/final/rnl/cogs/2019/chirps-v3.0.rnl.2019.05.15.cog,5,failed: RasterioIOError('CURL error: Could not resolve host: data.chc.ucsb.edu')
2026-10-07T09:49:11+00:00,chirps,2019-05-17,https://data.chc.ucsb.edu/products/CHIRPS/v3.0/daily/final/rnl/cogs/2019/chirps-v3.0.rnl.2019.05.17.cog,5,failed: RasterioIOError('CURL error: Could not resolve host: data.chc.ucsb.edu')
2026-10-07T09:49:11+00:00,chirps,2019-05-18,https://data.chc.ucsb.edu/products/CHIRPS/v3.0/daily/final/rnl/cogs/2019/chirps-v3.0.rnl.2019.05.18.cog,5,failed: RasterioIOError('CURL error: Could not resolve host: data.chc.ucsb.edu')
2026-10-07T09:49:11+00:00,chirps,2019-05-20,https://data.chc.ucsb.edu/products/CHIRPS/v3.0/daily/final/rnl/cogs/2019/chirps-v3.0.rnl.2019.05.20.cog,5,failed: RasterioIOError('CURL error: Could not resolve host: data.chc.ucsb.edu')
2026-10-07T09:49:11+00:00,chirps,2019-05-19,https://data.chc.ucsb.edu/products/CHIRPS/v3.0/daily/final/rnl/cogs/2019/chirps-v3.0.rnl.2019.05.19.cog,5,failed: RasterioIOError('CURL error: Could not resolve host: data.chc.ucsb.edu')
2026-10-07T09:49:11+00:00,chirps,2019-05-21,https://data.chc.ucsb.edu/products/CHIRPS/v3.0/daily/final/rnl/cogs/2019/chirps-v3.0.rnl.2019.05.21.cog,5,failed: RasterioIOError('CURL error: Could not resolve host: data.chc.ucsb.edu')
2026-10-07T09:49:11+00:00,chirps,2019-05-22,https://data.chc.ucsb.edu/products/CHIRPS/v3.0/daily/final/rnl/cogs/2019/chirps-v3.0.rnl.2019.05.22.cog,5,failed: RasterioIOError('CURL error: Could not resolve host: data.chc.ucsb.edu')
2026-10-07T09:49:11+00:00,chirps,2019-05-24,https://data.chc.ucsb.edu/products/CHIRPS/v3.0/daily/final/rnl/cogs/2019/chirps-v3.0.rnl.2019.05.24.cog,5,failed: RasterioIOError('CURL error: Could not resolve host: data.chc.ucsb.edu')
2026-10-07T09:49:11+00:00,chirps,2019-05-23,https://data.chc.ucsb.edu/products/CHIRPS/v3.0/daily/final/rnl/cogs/2019/chirps-v3.0.rnl.2019.05.23.cog,5,failed: RasterioIOError('CURL error: Could not resolve host: data.chc.ucsb.edu')
2026-10-07T09:50:13+00:00,chirps,2019-05-25,https://data.chc.ucsb.edu/products/CHIRPS/v3.0/daily/final/rnl/cogs/2019/chirps-v3.0.rnl.2019.05.25.cog,5,failed: RasterioIOError('CURL error: Could not resolve host: data.chc.ucsb.edu')
2026-10-07T09:50:13+00:00,chirps,2019-05-26,https://data.chc.ucsb.edu/products/CHIRPS/v3.0/daily/final/rnl/cogs/2019/chirps-v3.0.rnl.2019.05.26.cog,5,failed: RasterioIOError('CURL error: Could not resolve host: data.chc.ucsb.edu')
2026-10-07T09:50:13+00:00,chirps,2019-05-27,https://data.chc.ucsb.edu/products/CHIRPS/v3.0/daily/final/rnl/cogs/2019/chirps-v3.0.rnl.2019.05.27.cog,5,failed: RasterioIOError('CURL error: Could not resolve host: data.chc.ucsb.edu')
2026-10-07T09:50:13+00:00,chirps,2019-05-28,https://data.chc.ucsb.edu/products/CHIRPS/v3.0/daily/final/rnl/cogs/2019/chirps-v3.0.rnl.2019.05.28.cog,5,failed: RasterioIOError('CURL error: Could not resolve host: data.chc.ucsb.edu')
2026-10-07T09:50:13+00:00,chirps,2019-05-29,https://data.chc.ucsb.edu/products/CHIRPS/v3.0/daily/final/rnl/cogs/2019/chirps-v3.0.rnl.2019.05.29.cog,5,failed: RasterioIOError('CURL error: Could not resolve host: data.chc.ucsb.edu')
2026-10-07T09:50:13+00:00,chirps,2019-05-30,https://data.chc.ucsb.edu/products/CHIRPS/v3.0/daily/final/rnl/cogs/2019/chirps-v3.0.rnl.2019.05.30.cog,5,failed: RasterioIOError('CURL error: Could not resolve host: data.chc.ucsb.edu')
2026-10-07T09:50:13+00:00,chirps,2019-05-31,https://data.chc.ucsb.edu/products/CHIRPS/v3.0/daily/final/rnl/cogs/2019/chirps-v3.0.rnl.2019.05.31.cog,5,failed: RasterioIOError('CURL error: Could not resolve host: data.chc.ucsb.edu')
2026-10-07T09:50:13+00:00,chirps,2019-06-01,https://data.chc.ucsb.edu/products/CHIRPS/v3.0/daily/final/rnl/cogs/2019/chirps-v3.0.rnl.2019.06.01.cog,5,failed: RasterioIOError('CURL error: Could not resolve host: data.chc.ucsb.edu')
2026-10-07T09:51:15+00:00,chirps,2019-06-02,https://data.chc.ucsb.edu/products/CHIRPS/v3.0/daily/final/rnl/cogs/2019/chirps-v3.0.rnl.2019.06.02.cog,5,failed: RasterioIOError('CURL error: Could not resolve host: data.chc.ucsb.edu')
2026-10-07T09:51:15+00:00,chirps,2019-06-03,https://data.chc.ucsb.edu/products/CHIRPS/v3.0/daily/final/rnl/cogs/2019/chirps-v3.0.rnl.2019.06.03.cog,5,failed: RasterioIOError('CURL error: Could not resolve host: data.chc.ucsb.edu')
2026-10-07T09:51:15+00:00,chirps,2019-06-04,https://data.chc.ucsb.edu/products/CHIRPS/v3.0/daily/final/rnl/cogs/2019/chirps-v3.0.rnl.2019.06.04.cog,5,failed: RasterioIOError('CURL error: Could not resolve host: data.chc.ucsb.edu')
2026-10-07T09:51:15+00:00,chirps,2019-06-05,https://data.chc.ucsb.edu/products/CHIRPS/v3.0/daily/final/rnl/cogs/2019/chirps-v3.0.rnl.2019.06.05.cog,5,failed: RasterioIOError('CURL error: Could not resolve host: data.chc.ucsb.edu')
2026-10-07T09:51:15+00:00,chirps,2019-06-06,https://data.chc.ucsb.edu/products/CHIRPS/v3.0/daily/final/rnl/cogs/2019/chirps-v3.0.rnl.2019.06.06.cog,5,failed: RasterioIOError('CURL error: Could not resolve host: data.chc.ucsb.edu')
2026-10-07T09:51:15+00:00,chirps,2019-06-07,https://data.chc.ucsb.edu/products/CHIRPS/v3.0/daily/final/rnl/cogs/2019/chirps-v3.0.rnl.2019.06.07.cog,5,failed: RasterioIOError('CURL error: Could not resolve host: data.chc.ucsb.edu')
2026-10-07T09:51:15+00:00,chirps,2019-06-09,https://data.chc.ucsb.edu/products/CHIRPS/v3.0/daily/final/rnl/cogs/2019/chirps-v3.0.rnl.2019.06.09.cog,5,failed: RasterioIOError('CURL error: Could not resolve host: data.chc.ucsb.edu')
2026-10-07T09:51:15+00:00,chirps,2019-06-08,https://data.chc.ucsb.edu/products/CHIRPS/v3.0/daily/final/rnl/cogs/2019/chirps-v3.0.rnl.2019.06.08.cog,5,failed: RasterioIOError('CURL error: Could not resolve host: data.chc.ucsb.edu')
2026-10-07T09:52:54+00:00,hydrosheds,HydroRIVERS_v10_af_shp.zip,https://data.hydrosheds.org/file/HydroRIVERS/HydroRIVERS_v10_af_shp.zip,10,"ConnectionError(MaxRetryError('HTTPSConnectionPool(host=\'data.hydrosheds.org\', port=443): Max retries exceeded with url: /file/HydroRIVERS/HydroRIVERS_v10_af_shp.zip (Caused by NameResolutionError(""<urllib3.connection.HTTPSConnection object at 0x0000022ACFA57390>: Failed to resolve \'data.hydrosheds.org\' ([Errno 11001] getaddrinfo failed)""))'))"
2026-10-07T09:56:10+00:00,chirps,2019-06-13,https://data.chc.ucsb.edu/products/CHIRPS/v3.0/daily/final/rnl/cogs/2019/chirps-v3.0.rnl.2019.06.13.cog,5,failed: RasterioIOError('Read failed. See previous exception for details.')
2026-10-07T09:56:12+00:00,chirps,2019-06-11,https://data.chc.ucsb.edu/products/CHIRPS/v3.0/daily/final/rnl/cogs/2019/chirps-v3.0.rnl.2019.06.11.cog,5,failed: RasterioIOError('Read failed. See previous exception for details.')
2026-10-07T09:56:16+00:00,chirps,2019-06-14,https://data.chc.ucsb.edu/products/CHIRPS/v3.0/daily/final/rnl/cogs/2019/chirps-v3.0.rnl.2019.06.14.cog,5,failed: RasterioIOError('Read failed. See previous exception for details.')
2026-10-07T09:56:16+00:00,chirps,2019-06-15,https://data.chc.ucsb.edu/products/CHIRPS/v3.0/daily/final/rnl/cogs/2019/chirps-v3.0.rnl.2019.06.15.cog,5,failed: RasterioIOError('Read failed. See previous exception for details.')
2026-10-07T09:56:16+00:00,chirps,2019-06-10,https://data.chc.ucsb.edu/products/CHIRPS/v3.0/daily/final/rnl/cogs/2019/chirps-v3.0.rnl.2019.06.10.cog,5,failed: RasterioIOError('Read failed. See previous exception for details.')
2026-10-07T09:56:17+00:00,chirps,2019-06-17,https://data.chc.ucsb.edu/products/CHIRPS/v3.0/daily/final/rnl/cogs/2019/chirps-v3.0.rnl.2019.06.17.cog,5,failed: RasterioIOError('Read failed. See previous exception for details.')
2026-10-07T09:56:17+00:00,chirps,2019-06-12,https://data.chc.ucsb.edu/products/CHIRPS/v3.0/daily/final/rnl/cogs/2019/chirps-v3.0.rnl.2019.06.12.cog,5,failed: RasterioIOError('Read failed. See previous exception for details.')
2026-10-07T09:56:17+00:00,chirps,2019-06-16,https://data.chc.ucsb.edu/products/CHIRPS/v3.0/daily/final/rnl/cogs/2019/chirps-v3.0.rnl.2019.06.16.cog,5,failed: RasterioIOError('Read failed. See previous exception for details.')
2026-10-07T09:57:12+00:00,chirps,2019-06-18,https://data.chc.ucsb.edu/products/CHIRPS/v3.0/daily/final/rnl/cogs/2019/chirps-v3.0.rnl.2019.06.18.cog,5,failed: RasterioIOError('CURL error: Could not resolve host: data.chc.ucsb.edu')
2026-10-07T09:57:14+00:00,chirps,2019-06-19,https://data.chc.ucsb.edu/products/CHIRPS/v3.0/daily/final/rnl/cogs/2019/chirps-v3.0.rnl.2019.06.19.cog,5,failed: RasterioIOError('CURL error: Could not resolve host: data.chc.ucsb.edu')
2026-10-07T09:57:18+00:00,chirps,2019-06-20,https://data.chc.ucsb.edu/products/CHIRPS/v3.0/daily/final/rnl/cogs/2019/chirps-v3.0.rnl.2019.06.20.cog,5,failed: RasterioIOError('CURL error: Could not resolve host: data.chc.ucsb.edu')
2026-10-07T09:57:18+00:00,chirps,2019-06-21,https://data.chc.ucsb.edu/products/CHIRPS/v3.0/daily/final/rnl/cogs/2019/chirps-v3.0.rnl.2019.06.21.cog,5,failed: RasterioIOError('CURL error: Could not resolve host: data.chc.ucsb.edu')
2026-10-07T09:57:18+00:00,chirps,2019-06-22,https://data.chc.ucsb.edu/products/CHIRPS/v3.0/daily/final/rnl/cogs/2019/chirps-v3.0.rnl.2019.06.22.cog,5,failed: RasterioIOError('CURL error: Could not resolve host: data.chc.ucsb.edu')
2026-10-07T09:57:19+00:00,chirps,2019-06-24,https://data.chc.ucsb.edu/products/CHIRPS/v3.0/daily/final/rnl/cogs/2019/chirps-v3.0.rnl.2019.06.24.cog,5,failed: RasterioIOError('CURL error: Could not resolve host: data.chc.ucsb.edu')
2026-10-07T09:57:19+00:00,chirps,2019-06-23,https://data.chc.ucsb.edu/products/CHIRPS/v3.0/daily/final/rnl/cogs/2019/chirps-v3.0.rnl.2019.06.23.cog,5,failed: RasterioIOError('CURL error: Could not resolve host: data.chc.ucsb.edu')
2026-10-07T09:57:19+00:00,chirps,2019-06-25,https://data.chc.ucsb.edu/products/CHIRPS/v3.0/daily/final/rnl/cogs/2019/chirps-v3.0.rnl.2019.06.25.cog,5,failed: RasterioIOError('CURL error: Could not resolve host: data.chc.ucsb.edu')
2026-10-07T09:58:14+00:00,chirps,2019-06-26,https://data.chc.ucsb.edu/products/CHIRPS/v3.0/daily/final/rnl/cogs/2019/chirps-v3.0.rnl.2019.06.26.cog,5,failed: RasterioIOError('CURL error: Could not resolve host: data.chc.ucsb.edu')
2026-10-07T09:58:16+00:00,chirps,2019-06-27,https://data.chc.ucsb.edu/products/CHIRPS/v3.0/daily/final/rnl/cogs/2019/chirps-v3.0.rnl.2019.06.27.cog,5,failed: RasterioIOError('CURL error: Could not resolve host: data.chc.ucsb.edu')
2026-10-07T09:58:20+00:00,chirps,2019-06-28,https://data.chc.ucsb.edu/products/CHIRPS/v3.0/daily/final/rnl/cogs/2019/chirps-v3.0.rnl.2019.06.28.cog,5,failed: RasterioIOError('CURL error: Could not resolve host: data.chc.ucsb.edu')
2026-10-07T09:58:20+00:00,chirps,2019-06-29,https://data.chc.ucsb.edu/products/CHIRPS/v3.0/daily/final/rnl/cogs/2019/chirps-v3.0.rnl.2019.06.29.cog,5,failed: RasterioIOError('CURL error: Could not resolve host: data.chc.ucsb.edu')
2026-10-07T09:58:20+00:00,chirps,2019-06-30,https://data.chc.ucsb.edu/products/CHIRPS/v3.0/daily/final/rnl/cogs/2019/chirps-v3.0.rnl.2019.06.30.cog,5,failed: RasterioIOError('CURL error: Could not resolve host: data.chc.ucsb.edu')
2026-10-07T09:58:21+00:00,chirps,2019-07-01,https://data.chc.ucsb.edu/products/CHIRPS/v3.0/daily/final/rnl/cogs/2019/chirps-v3.0.rnl.2019.07.01.cog,5,failed: RasterioIOError('CURL error: Could not resolve host: data.chc.ucsb.edu')
2026-10-07T09:58:21+00:00,chirps,2019-07-02,https://data.chc.ucsb.edu/products/CHIRPS/v3.0/daily/final/rnl/cogs/2019/chirps-v3.0.rnl.2019.07.02.cog,5,failed: RasterioIOError('CURL error: Could not resolve host: data.chc.ucsb.edu')
2026-10-07T09:58:21+00:00,chirps,2019-07-03,https://data.chc.ucsb.edu/products/CHIRPS/v3.0/daily/final/rnl/cogs/2019/chirps-v3.0.rnl.2019.07.03.cog,5,failed: RasterioIOError('CURL error: Could not resolve host: data.chc.ucsb.edu')
2026-10-07T09:59:16+00:00,chirps,2019-07-04,https://data.chc.ucsb.edu/products/CHIRPS/v3.0/daily/final/rnl/cogs/2019/chirps-v3.0.rnl.2019.07.04.cog,5,failed: RasterioIOError('CURL error: Could not resolve host: data.chc.ucsb.edu')
2026-10-07T09:59:18+00:00,chirps,2019-07-05,https://data.chc.ucsb.edu/products/CHIRPS/v3.0/daily/final/rnl/cogs/2019/chirps-v3.0.rnl.2019.07.05.cog,5,failed: RasterioIOError('CURL error: Could not resolve host: data.chc.ucsb.edu')
2026-10-07T09:59:22+00:00,chirps,2019-07-06,https://data.chc.ucsb.edu/products/CHIRPS/v3.0/daily/final/rnl/cogs/2019/chirps-v3.0.rnl.2019.07.06.cog,5,failed: RasterioIOError('CURL error: Could not resolve host: data.chc.ucsb.edu')
2026-10-07T09:59:22+00:00,chirps,2019-07-07,https://data.chc.ucsb.edu/products/CHIRPS/v3.0/daily/final/rnl/cogs/2019/chirps-v3.0.rnl.2019.07.07.cog,5,failed: RasterioIOError('CURL error: Could not resolve host: data.chc.ucsb.edu')
2026-10-07T09:59:22+00:00,chirps,2019-07-08,https://data.chc.ucsb.edu/products/CHIRPS/v3.0/daily/final/rnl/cogs/2019/chirps-v3.0.rnl.2019.07.08.cog,5,failed: RasterioIOError('CURL error: Could not resolve host: data.chc.ucsb.edu')
2026-10-07T09:59:23+00:00,chirps,2019-07-09,https://data.chc.ucsb.edu/products/CHIRPS/v3.0/daily/final/rnl/cogs/2019/chirps-v3.0.rnl.2019.07.09.cog,5,failed: RasterioIOError('CURL error: Could not resolve host: data.chc.ucsb.edu')
2026-10-07T09:59:23+00:00,chirps,2019-07-10,https://data.chc.ucsb.edu/products/CHIRPS/v3.0/daily/final/rnl/cogs/2019/chirps-v3.0.rnl.2019.07.10.cog,5,failed: RasterioIOError('CURL error: Could not resolve host: data.chc.ucsb.edu')
2026-10-07T09:59:23+00:00,chirps,2019-07-11,https://data.chc.ucsb.edu/products/CHIRPS/v3.0/daily/final/rnl/cogs/2019/chirps-v3.0.rnl.2019.07.11.cog,5,failed: RasterioIOError('CURL error: Could not resolve host: data.chc.ucsb.edu')
2026-10-07T10:00:18+00:00,chirps,2019-07-12,https://data.chc.ucsb.edu/products/CHIRPS/v3.0/daily/final/rnl/cogs/2019/chirps-v3.0.rnl.2019.07.12.cog,5,failed: RasterioIOError('CURL error: Could not resolve host: data.chc.ucsb.edu')
2026-10-07T10:00:20+00:00,chirps,2019-07-13,https://data.chc.ucsb.edu/products/CHIRPS/v3.0/daily/final/rnl/cogs/2019/chirps-v3.0.rnl.2019.07.13.cog,5,failed: RasterioIOError('CURL error: Could not resolve host: data.chc.ucsb.edu')
2026-10-07T10:00:24+00:00,chirps,2019-07-14,https://data.chc.ucsb.edu/products/CHIRPS/v3.0/daily/final/rnl/cogs/2019/chirps-v3.0.rnl.2019.07.14.cog,5,failed: RasterioIOError('CURL error: Could not resolve host: data.chc.ucsb.edu')
2026-10-07T10:00:24+00:00,chirps,2019-07-15,https://data.chc.ucsb.edu/products/CHIRPS/v3.0/daily/final/rnl/cogs/2019/chirps-v3.0.rnl.2019.07.15.cog,5,failed: RasterioIOError('CURL error: Could not resolve host: data.chc.ucsb.edu')
2026-10-07T10:00:24+00:00,chirps,2019-07-16,https://data.chc.ucsb.edu/products/CHIRPS/v3.0/daily/final/rnl/cogs/2019/chirps-v3.0.rnl.2019.07.16.cog,5,failed: RasterioIOError('CURL error: Could not resolve host: data.chc.ucsb.edu')
2026-10-07T10:00:25+00:00,chirps,2019-07-17,https://data.chc.ucsb.edu/products/CHIRPS/v3.0/daily/final/rnl/cogs/2019/chirps-v3.0.rnl.2019.07.17.cog,5,failed: RasterioIOError('CURL error: Could not resolve host: data.chc.ucsb.edu')
2026-10-07T10:00:25+00:00,chirps,2019-07-18,https://data.chc.ucsb.edu/products/CHIRPS/v3.0/daily/final/rnl/cogs/2019/chirps-v3.0.rnl.2019.07.18.cog,5,failed: RasterioIOError('CURL error: Could not resolve host: data.chc.ucsb.edu')
2026-10-07T10:00:25+00:00,chirps,2019-07-19,https://data.chc.ucsb.edu/products/CHIRPS/v3.0/daily/final/rnl/cogs/2019/chirps-v3.0.rnl.2019.07.19.cog,5,failed: RasterioIOError('CURL error: Could not resolve host: data.chc.ucsb.edu')
2026-10-07T10:01:20+00:00,chirps,2019-07-20,https://data.chc.ucsb.edu/products/CHIRPS/v3.0/daily/final/rnl/cogs/2019/chirps-v3.0.rnl.2019.07.20.cog,5,failed: RasterioIOError('CURL error: Could not resolve host: data.chc.ucsb.edu')
2026-10-07T10:01:22+00:00,chirps,2019-07-21,https://data.chc.ucsb.edu/products/CHIRPS/v3.0/daily/final/rnl/cogs/2019/chirps-v3.0.rnl.2019.07.21.cog,5,failed: RasterioIOError('CURL error: Could not resolve host: data.chc.ucsb.edu')
2026-10-07T10:01:26+00:00,chirps,2019-07-22,https://data.chc.ucsb.edu/products/CHIRPS/v3.0/daily/final/rnl/cogs/2019/chirps-v3.0.rnl.2019.07.22.cog,5,failed: RasterioIOError('CURL error: Could not resolve host: data.chc.ucsb.edu')
2026-10-07T10:01:26+00:00,chirps,2019-07-23,https://data.chc.ucsb.edu/products/CHIRPS/v3.0/daily/final/rnl/cogs/2019/chirps-v3.0.rnl.2019.07.23.cog,5,failed: RasterioIOError('CURL error: Could not resolve host: data.chc.ucsb.edu')
2026-10-07T10:01:26+00:00,chirps,2019-07-24,https://data.chc.ucsb.edu/products/CHIRPS/v3.0/daily/final/rnl/cogs/2019/chirps-v3.0.rnl.2019.07.24.cog,5,failed: RasterioIOError('CURL error: Could not resolve host: data.chc.ucsb.edu')
2026-10-07T10:01:28+00:00,chirps,2019-07-26,https://data.chc.ucsb.edu/products/CHIRPS/v3.0/daily/final/rnl/cogs/2019/chirps-v3.0.rnl.2019.07.26.cog,5,failed: RasterioIOError('CURL error: Could not resolve host: data.chc.ucsb.edu')
2026-10-07T10:01:28+00:00,chirps,2019-07-27,https://data.chc.ucsb.edu/products/CHIRPS/v3.0/daily/final/rnl/cogs/2019/chirps-v3.0.rnl.2019.07.27.cog,5,failed: RasterioIOError('CURL error: Could not resolve host: data.chc.ucsb.edu')
2026-10-07T10:01:28+00:00,chirps,2019-07-25,https://data.chc.ucsb.edu/products/CHIRPS/v3.0/daily/final/rnl/cogs/2019/chirps-v3.0.rnl.2019.07.25.cog,5,failed: RasterioIOError('CURL error: Could not resolve host: data.chc.ucsb.edu')
2026-10-07T10:02:22+00:00,chirps,2019-07-28,https://data.chc.ucsb.edu/products/CHIRPS/v3.0/daily/final/rnl/cogs/2019/chirps-v3.0.rnl.2019.07.28.cog,5,failed: RasterioIOError('CURL error: Could not resolve host: data.chc.ucsb.edu')
2026-10-07T10:02:24+00:00,chirps,2019-07-29,https://data.chc.ucsb.edu/products/CHIRPS/v3.0/daily/final/rnl/cogs/2019/chirps-v3.0.rnl.2019.07.29.cog,5,failed: RasterioIOError('CURL error: Could not resolve host: data.chc.ucsb.edu')
2026-10-07T10:02:28+00:00,chirps,2019-07-30,https://data.chc.ucsb.edu/products/CHIRPS/v3.0/daily/final/rnl/cogs/2019/chirps-v3.0.rnl.2019.07.30.cog,5,failed: RasterioIOError('CURL error: Could not resolve host: data.chc.ucsb.edu')
2026-10-07T10:02:28+00:00,chirps,2019-07-31,https://data.chc.ucsb.edu/products/CHIRPS/v3.0/daily/final/rnl/cogs/2019/chirps-v3.0.rnl.2019.07.31.cog,5,failed: RasterioIOError('CURL error: Could not resolve host: data.chc.ucsb.edu')
2026-10-07T10:02:29+00:00,chirps,2019-08-01,https://data.chc.ucsb.edu/products/CHIRPS/v3.0/daily/final/rnl/cogs/2019/chirps-v3.0.rnl.2019.08.01.cog,5,failed: RasterioIOError('CURL error: Could not resolve host: data.chc.ucsb.edu')
2026-10-07T10:02:30+00:00,chirps,2019-08-03,https://data.chc.ucsb.edu/products/CHIRPS/v3.0/daily/final/rnl/cogs/2019/chirps-v3.0.rnl.2019.08.03.cog,5,failed: RasterioIOError('CURL error: Could not resolve host: data.chc.ucsb.edu')
2026-10-07T10:02:30+00:00,chirps,2019-08-02,https://data.chc.ucsb.edu/products/CHIRPS/v3.0/daily/final/rnl/cogs/2019/chirps-v3.0.rnl.2019.08.02.cog,5,failed: RasterioIOError('CURL error: Could not resolve host: data.chc.ucsb.edu')
2026-10-07T10:02:30+00:00,chirps,2019-08-04,https://data.chc.ucsb.edu/products/CHIRPS/v3.0/daily/final/rnl/cogs/2019/chirps-v3.0.rnl.2019.08.04.cog,5,failed: RasterioIOError('CURL error: Could not resolve host: data.chc.ucsb.edu')
2026-10-07T10:03:24+00:00,chirps,2019-08-05,https://data.chc.ucsb.edu/products/CHIRPS/v3.0/daily/final/rnl/cogs/2019/chirps-v3.0.rnl.2019.08.05.cog,5,failed: RasterioIOError('CURL error: Could not resolve host: data.chc.ucsb.edu')
2026-10-07T10:03:26+00:00,chirps,2019-08-06,https://data.chc.ucsb.edu/products/CHIRPS/v3.0/daily/final/rnl/cogs/2019/chirps-v3.0.rnl.2019.08.06.cog,5,failed: RasterioIOError('CURL error: Could not resolve host: data.chc.ucsb.edu')
2026-10-07T10:03:29+00:00,hydrosheds,hybas_af_lev04_v1c.zip,https://data.hydrosheds.org/file/hydrobasins/standard/hybas_af_lev04_v1c.zip,10,"ConnectionError(MaxRetryError('HTTPSConnectionPool(host=\'data.hydrosheds.org\', port=443): Max retries exceeded with url: /file/hydrobasins/standard/hybas_af_lev04_v1c.zip (Caused by NameResolutionError(""<urllib3.connection.HTTPSConnection object at 0x0000022ACFA55950>: Failed to resolve \'data.hydrosheds.org\' ([Errno 11001] getaddrinfo failed)""))'))"
2026-10-07T10:03:30+00:00,chirps,2019-08-07,https://data.chc.ucsb.edu/products/CHIRPS/v3.0/daily/final/rnl/cogs/2019/chirps-v3.0.rnl.2019.08.07.cog,5,failed: RasterioIOError('CURL error: Could not resolve host: data.chc.ucsb.edu')
2026-10-07T10:03:30+00:00,chirps,2019-08-08,https://data.chc.ucsb.edu/products/CHIRPS/v3.0/daily/final/rnl/cogs/2019/chirps-v3.0.rnl.2019.08.08.cog,5,failed: RasterioIOError('CURL error: Could not resolve host: data.chc.ucsb.edu')
2026-10-07T10:03:31+00:00,chirps,2019-08-09,https://data.chc.ucsb.edu/products/CHIRPS/v3.0/daily/final/rnl/cogs/2019/chirps-v3.0.rnl.2019.08.09.cog,5,failed: RasterioIOError('CURL error: Could not resolve host: data.chc.ucsb.edu')
2026-10-07T10:03:32+00:00,chirps,2019-08-10,https://data.chc.ucsb.edu/products/CHIRPS/v3.0/daily/final/rnl/cogs/2019/chirps-v3.0.rnl.2019.08.10.cog,5,failed: RasterioIOError('CURL error: Could not resolve host: data.chc.ucsb.edu')
2026-10-07T10:03:32+00:00,chirps,2019-08-12,https://data.chc.ucsb.edu/products/CHIRPS/v3.0/daily/final/rnl/cogs/2019/chirps-v3.0.rnl.2019.08.12.cog,5,failed: RasterioIOError('CURL error: Could not resolve host: data.chc.ucsb.edu')
2026-10-07T10:03:32+00:00,chirps,2019-08-11,https://data.chc.ucsb.edu/products/CHIRPS/v3.0/daily/final/rnl/cogs/2019/chirps-v3.0.rnl.2019.08.11.cog,5,failed: RasterioIOError('CURL error: Could not resolve host: data.chc.ucsb.edu')
2026-10-07T10:04:26+00:00,chirps,2019-08-13,https://data.chc.ucsb.edu/products/CHIRPS/v3.0/daily/final/rnl/cogs/2019/chirps-v3.0.rnl.2019.08.13.cog,5,failed: RasterioIOError('CURL error: Could not resolve host: data.chc.ucsb.edu')
2026-10-07T10:04:28+00:00,chirps,2019-08-14,https://data.chc.ucsb.edu/products/CHIRPS/v3.0/daily/final/rnl/cogs/2019/chirps-v3.0.rnl.2019.08.14.cog,5,failed: RasterioIOError('CURL error: Could not resolve host: data.chc.ucsb.edu')
2026-10-07T10:04:32+00:00,chirps,2019-08-15,https://data.chc.ucsb.edu/products/CHIRPS/v3.0/daily/final/rnl/cogs/2019/chirps-v3.0.rnl.2019.08.15.cog,5,failed: RasterioIOError('CURL error: Could not resolve host: data.chc.ucsb.edu')
2026-10-07T10:04:32+00:00,chirps,2019-08-16,https://data.chc.ucsb.edu/products/CHIRPS/v3.0/daily/final/rnl/cogs/2019/chirps-v3.0.rnl.2019.08.16.cog,5,failed: RasterioIOError('CURL error: Could not resolve host: data.chc.ucsb.edu')
2026-10-07T10:04:33+00:00,chirps,2019-08-17,https://data.chc.ucsb.edu/products/CHIRPS/v3.0/daily/final/rnl/cogs/2019/chirps-v3.0.rnl.2019.08.17.cog,5,failed: RasterioIOError('CURL error: Could not resolve host: data.chc.ucsb.edu')
2026-10-07T10:04:34+00:00,chirps,2019-08-20,https://data.chc.ucsb.edu/products/CHIRPS/v3.0/daily/final/rnl/cogs/2019/chirps-v3.0.rnl.2019.08.20.cog,5,failed: RasterioIOError('CURL error: Could not resolve host: data.chc.ucsb.edu')
2026-10-07T10:04:34+00:00,chirps,2019-08-19,https://data.chc.ucsb.edu/products/CHIRPS/v3.0/daily/final/rnl/cogs/2019/chirps-v3.0.rnl.2019.08.19.cog,5,failed: RasterioIOError('CURL error: Could not resolve host: data.chc.ucsb.edu')
2026-10-07T10:04:34+00:00,chirps,2019-08-18,https://data.chc.ucsb.edu/products/CHIRPS/v3.0/daily/final/rnl/cogs/2019/chirps-v3.0.rnl.2019.08.18.cog,5,failed: RasterioIOError('CURL error: Could not resolve host: data.chc.ucsb.edu')
2026-10-07T10:05:28+00:00,chirps,2019-08-21,https://data.chc.ucsb.edu/products/CHIRPS/v3.0/daily/final/rnl/cogs/2019/chirps-v3.0.rnl.2019.08.21.cog,5,failed: RasterioIOError('CURL error: Could not resolve host: data.chc.ucsb.edu')
2026-10-07T10:05:30+00:00,chirps,2019-08-22,https://data.chc.ucsb.edu/products/CHIRPS/v3.0/daily/final/rnl/cogs/2019/chirps-v3.0.rnl.2019.08.22.cog,5,failed: RasterioIOError('CURL error: Could not resolve host: data.chc.ucsb.edu')
2026-10-07T10:05:34+00:00,chirps,2019-08-23,https://data.chc.ucsb.edu/products/CHIRPS/v3.0/daily/final/rnl/cogs/2019/chirps-v3.0.rnl.2019.08.23.cog,5,failed: RasterioIOError('CURL error: Could not resolve host: data.chc.ucsb.edu')
2026-10-07T10:05:34+00:00,chirps,2019-08-24,https://data.chc.ucsb.edu/products/CHIRPS/v3.0/daily/final/rnl/cogs/2019/chirps-v3.0.rnl.2019.08.24.cog,5,failed: RasterioIOError('CURL error: Could not resolve host: data.chc.ucsb.edu')
2026-10-07T10:05:35+00:00,chirps,2019-08-25,https://data.chc.ucsb.edu/products/CHIRPS/v3.0/daily/final/rnl/cogs/2019/chirps-v3.0.rnl.2019.08.25.cog,5,failed: RasterioIOError('CURL error: Could not resolve host: data.chc.ucsb.edu')
2026-10-07T10:05:36+00:00,chirps,2019-08-27,https://data.chc.ucsb.edu/products/CHIRPS/v3.0/daily/final/rnl/cogs/2019/chirps-v3.0.rnl.2019.08.27.cog,5,failed: RasterioIOError('CURL error: Could not resolve host: data.chc.ucsb.edu')
2026-10-07T10:05:36+00:00,chirps,2019-08-28,https://data.chc.ucsb.edu/products/CHIRPS/v3.0/daily/final/rnl/cogs/2019/chirps-v3.0.rnl.2019.08.28.cog,5,failed: RasterioIOError('CURL error: Could not resolve host: data.chc.ucsb.edu')
2026-10-07T10:05:36+00:00,chirps,2019-08-26,https://data.chc.ucsb.edu/products/CHIRPS/v3.0/daily/final/rnl/cogs/2019/chirps-v3.0.rnl.2019.08.26.cog,5,failed: RasterioIOError('CURL error: Could not resolve host: data.chc.ucsb.edu')
2026-10-07T10:07:38+00:00,chirps,2019-08-30,https://data.chc.ucsb.edu/products/CHIRPS/v3.0/daily/final/rnl/cogs/2019/chirps-v3.0.rnl.2019.08.30.cog,5,failed: RasterioIOError('CURL error: Could not resolve host: data.chc.ucsb.edu')
2026-10-07T10:07:42+00:00,chirps,2019-08-31,https://data.chc.ucsb.edu/products/CHIRPS/v3.0/daily/final/rnl/cogs/2019/chirps-v3.0.rnl.2019.08.31.cog,5,failed: RasterioIOError('CURL error: Could not resolve host: data.chc.ucsb.edu')
2026-10-07T10:07:42+00:00,chirps,2019-09-01,https://data.chc.ucsb.edu/products/CHIRPS/v3.0/daily/final/rnl/cogs/2019/chirps-v3.0.rnl.2019.09.01.cog,5,failed: RasterioIOError('CURL error: Could not resolve host: data.chc.ucsb.edu')
2026-10-07T10:07:43+00:00,chirps,2019-09-02,https://data.chc.ucsb.edu/products/CHIRPS/v3.0/daily/final/rnl/cogs/2019/chirps-v3.0.rnl.2019.09.02.cog,5,failed: RasterioIOError('CURL error: Could not resolve host: data.chc.ucsb.edu')
2026-10-07T10:07:44+00:00,chirps,2019-09-03,https://data.chc.ucsb.edu/products/CHIRPS/v3.0/daily/final/rnl/cogs/2019/chirps-v3.0.rnl.2019.09.03.cog,5,failed: RasterioIOError('CURL error: Could not resolve host: data.chc.ucsb.edu')
2026-10-07T10:07:44+00:00,chirps,2019-09-04,https://data.chc.ucsb.edu/products/CHIRPS/v3.0/daily/final/rnl/cogs/2019/chirps-v3.0.rnl.2019.09.04.cog,5,failed: RasterioIOError('CURL error: Could not resolve host: data.chc.ucsb.edu')
2026-10-07T10:07:44+00:00,chirps,2019-09-05,https://data.chc.ucsb.edu/products/CHIRPS/v3.0/daily/final/rnl/cogs/2019/chirps-v3.0.rnl.2019.09.05.cog,5,failed: RasterioIOError('CURL error: Could not resolve host: data.chc.ucsb.edu')
2026-10-07T10:07:57+00:00,chirps,2019-08-29,https://data.chc.ucsb.edu/products/CHIRPS/v3.0/daily/final/rnl/cogs/2019/chirps-v3.0.rnl.2019.08.29.cog,5,failed: RasterioIOError('CURL error: Failed to connect to data.chc.ucsb.edu port 443 after 21038 ms: Could not connect to server')
2026-10-07T10:08:41+00:00,chirps,2019-09-06,https://data.chc.ucsb.edu/products/CHIRPS/v3.0/daily/final/rnl/cogs/2019/chirps-v3.0.rnl.2019.09.06.cog,5,failed: RasterioIOError('CURL error: Could not resolve host: data.chc.ucsb.edu')
2026-10-07T10:08:44+00:00,chirps,2019-09-08,https://data.chc.ucsb.edu/products/CHIRPS/v3.0/daily/final/rnl/cogs/2019/chirps-v3.0.rnl.2019.09.08.cog,5,failed: RasterioIOError('CURL error: Could not resolve host: data.chc.ucsb.edu')
2026-10-07T10:08:44+00:00,chirps,2019-09-07,https://data.chc.ucsb.edu/products/CHIRPS/v3.0/daily/final/rnl/cogs/2019/chirps-v3.0.rnl.2019.09.07.cog,5,failed: RasterioIOError('CURL error: Could not resolve host: data.chc.ucsb.edu')
2026-10-07T10:08:45+00:00,chirps,2019-09-09,https://data.chc.ucsb.edu/products/CHIRPS/v3.0/daily/final/rnl/cogs/2019/chirps-v3.0.rnl.2019.09.09.cog,5,failed: RasterioIOError('CURL error: Could not resolve host: data.chc.ucsb.edu')
2026-10-07T10:08:46+00:00,chirps,2019-09-10,https://data.chc.ucsb.edu/products/CHIRPS/v3.0/daily/final/rnl/cogs/2019/chirps-v3.0.rnl.2019.09.10.cog,5,failed: RasterioIOError('CURL error: Could not resolve host: data.chc.ucsb.edu')
2026-10-07T10:08:46+00:00,chirps,2019-09-11,https://data.chc.ucsb.edu/products/CHIRPS/v3.0/daily/final/rnl/cogs/2019/chirps-v3.0.rnl.2019.09.11.cog,5,failed: RasterioIOError('CURL error: Could not resolve host: data.chc.ucsb.edu')
2026-10-07T10:08:46+00:00,chirps,2019-09-12,https://data.chc.ucsb.edu/products/CHIRPS/v3.0/daily/final/rnl/cogs/2019/chirps-v3.0.rnl.2019.09.12.cog,5,failed: RasterioIOError('CURL error: Could not resolve host: data.chc.ucsb.edu')
2026-10-07T10:08:59+00:00,chirps,2019-09-13,https://data.chc.ucsb.edu/products/CHIRPS/v3.0/daily/final/rnl/cogs/2019/chirps-v3.0.rnl.2019.09.13.cog,5,failed: RasterioIOError('CURL error: Could not resolve host: data.chc.ucsb.edu')
2026-10-07T10:09:43+00:00,chirps,2019-09-14,https://data.chc.ucsb.edu/products/CHIRPS/v3.0/daily/final/rnl/cogs/2019/chirps-v3.0.rnl.2019.09.14.cog,5,failed: RasterioIOError('CURL error: Could not resolve host: data.chc.ucsb.edu')
2026-10-07T10:09:46+00:00,chirps,2019-09-16,https://data.chc.ucsb.edu/products/CHIRPS/v3.0/daily/final/rnl/cogs/2019/chirps-v3.0.rnl.2019.09.16.cog,5,failed: RasterioIOError('CURL error: Could not resolve host: data.chc.ucsb.edu')
2026-10-07T10:09:46+00:00,chirps,2019-09-15,https://data.chc.ucsb.edu/products/CHIRPS/v3.0/daily/final/rnl/cogs/2019/chirps-v3.0.rnl.2019.09.15.cog,5,failed: RasterioIOError('CURL error: Could not resolve host: data.chc.ucsb.edu')
2026-10-07T10:09:47+00:00,chirps,2019-09-17,https://data.chc.ucsb.edu/products/CHIRPS/v3.0/daily/final/rnl/cogs/2019/chirps-v3.0.rnl.2019.09.17.cog,5,failed: RasterioIOError('CURL error: Could not resolve host: data.chc.ucsb.edu')
2026-10-07T10:09:48+00:00,chirps,2019-09-18,https://data.chc.ucsb.edu/products/CHIRPS/v3.0/daily/final/rnl/cogs/2019/chirps-v3.0.rnl.2019.09.18.cog,5,failed: RasterioIOError('CURL error: Could not resolve host: data.chc.ucsb.edu')
2026-10-07T10:09:48+00:00,chirps,2019-09-19,https://data.chc.ucsb.edu/products/CHIRPS/v3.0/daily/final/rnl/cogs/2019/chirps-v3.0.rnl.2019.09.19.cog,5,failed: RasterioIOError('CURL error: Could not resolve host: data.chc.ucsb.edu')
2026-10-07T10:09:48+00:00,chirps,2019-09-20,https://data.chc.ucsb.edu/products/CHIRPS/v3.0/daily/final/rnl/cogs/2019/chirps-v3.0.rnl.2019.09.20.cog,5,failed: RasterioIOError('CURL error: Could not resolve host: data.chc.ucsb.edu')
2026-10-07T10:10:01+00:00,chirps,2019-09-21,https://data.chc.ucsb.edu/products/CHIRPS/v3.0/daily/final/rnl/cogs/2019/chirps-v3.0.rnl.2019.09.21.cog,5,failed: RasterioIOError('CURL error: Could not resolve host: data.chc.ucsb.edu')
2026-10-07T10:10:45+00:00,chirps,2019-09-22,https://data.chc.ucsb.edu/products/CHIRPS/v3.0/daily/final/rnl/cogs/2019/chirps-v3.0.rnl.2019.09.22.cog,5,failed: RasterioIOError('CURL error: Could not resolve host: data.chc.ucsb.edu')
2026-10-07T10:10:48+00:00,chirps,2019-09-23,https://data.chc.ucsb.edu/products/CHIRPS/v3.0/daily/final/rnl/cogs/2019/chirps-v3.0.rnl.2019.09.23.cog,5,failed: RasterioIOError('CURL error: Could not resolve host: data.chc.ucsb.edu')
2026-10-07T10:10:48+00:00,chirps,2019-09-24,https://data.chc.ucsb.edu/products/CHIRPS/v3.0/daily/final/rnl/cogs/2019/chirps-v3.0.rnl.2019.09.24.cog,5,failed: RasterioIOError('CURL error: Could not resolve host: data.chc.ucsb.edu')
2026-10-07T10:10:49+00:00,chirps,2019-09-25,https://data.chc.ucsb.edu/products/CHIRPS/v3.0/daily/final/rnl/cogs/2019/chirps-v3.0.rnl.2019.09.25.cog,5,failed: RasterioIOError('CURL error: Could not resolve host: data.chc.ucsb.edu')
2026-10-07T10:10:50+00:00,chirps,2019-09-26,https://data.chc.ucsb.edu/products/CHIRPS/v3.0/daily/final/rnl/cogs/2019/chirps-v3.0.rnl.2019.09.26.cog,5,failed: RasterioIOError('CURL error: Could not resolve host: data.chc.ucsb.edu')
2026-10-07T10:10:50+00:00,chirps,2019-09-27,https://data.chc.ucsb.edu/products/CHIRPS/v3.0/daily/final/rnl/cogs/2019/chirps-v3.0.rnl.2019.09.27.cog,5,failed: RasterioIOError('CURL error: Could not resolve host: data.chc.ucsb.edu')
2026-10-07T10:10:50+00:00,chirps,2019-09-28,https://data.chc.ucsb.edu/products/CHIRPS/v3.0/daily/final/rnl/cogs/2019/chirps-v3.0.rnl.2019.09.28.cog,5,failed: RasterioIOError('CURL error: Could not resolve host: data.chc.ucsb.edu')
2026-10-07T10:11:03+00:00,chirps,2019-09-29,https://data.chc.ucsb.edu/products/CHIRPS/v3.0/daily/final/rnl/cogs/2019/chirps-v3.0.rnl.2019.09.29.cog,5,failed: RasterioIOError('CURL error: Could not resolve host: data.chc.ucsb.edu')
2026-10-07T10:11:47+00:00,chirps,2019-09-30,https://data.chc.ucsb.edu/products/CHIRPS/v3.0/daily/final/rnl/cogs/2019/chirps-v3.0.rnl.2019.09.30.cog,5,failed: RasterioIOError('CURL error: Could not resolve host: data.chc.ucsb.edu')
2026-10-07T10:11:50+00:00,chirps,2019-10-02,https://data.chc.ucsb.edu/products/CHIRPS/v3.0/daily/final/rnl/cogs/2019/chirps-v3.0.rnl.2019.10.02.cog,5,failed: RasterioIOError('CURL error: Could not resolve host: data.chc.ucsb.edu')
2026-10-07T10:11:50+00:00,chirps,2019-10-01,https://data.chc.ucsb.edu/products/CHIRPS/v3.0/daily/final/rnl/cogs/2019/chirps-v3.0.rnl.2019.10.01.cog,5,failed: RasterioIOError('CURL error: Could not resolve host: data.chc.ucsb.edu')
2026-10-07T10:11:51+00:00,chirps,2019-10-03,https://data.chc.ucsb.edu/products/CHIRPS/v3.0/daily/final/rnl/cogs/2019/chirps-v3.0.rnl.2019.10.03.cog,5,failed: RasterioIOError('CURL error: Could not resolve host: data.chc.ucsb.edu')
2026-10-07T10:11:52+00:00,chirps,2019-10-05,https://data.chc.ucsb.edu/products/CHIRPS/v3.0/daily/final/rnl/cogs/2019/chirps-v3.0.rnl.2019.10.05.cog,5,failed: RasterioIOError('CURL error: Could not resolve host: data.chc.ucsb.edu')
2026-10-07T10:11:52+00:00,chirps,2019-10-06,https://data.chc.ucsb.edu/products/CHIRPS/v3.0/daily/final/rnl/cogs/2019/chirps-v3.0.rnl.2019.10.06.cog,5,failed: RasterioIOError('CURL error: Could not resolve host: data.chc.ucsb.edu')
2026-10-07T10:11:52+00:00,chirps,2019-10-04,https://data.chc.ucsb.edu/products/CHIRPS/v3.0/daily/final/rnl/cogs/2019/chirps-v3.0.rnl.2019.10.04.cog,5,failed: RasterioIOError('CURL error: Could not resolve host: data.chc.ucsb.edu')
2026-10-07T10:12:05+00:00,chirps,2019-10-07,https://data.chc.ucsb.edu/products/CHIRPS/v3.0/daily/final/rnl/cogs/2019/chirps-v3.0.rnl.2019.10.07.cog,5,failed: RasterioIOError('CURL error: Could not resolve host: data.chc.ucsb.edu')
2026-10-07T10:13:07+00:00,chirps,2019-10-15,https://data.chc.ucsb.edu/products/CHIRPS/v3.0/daily/final/rnl/cogs/2019/chirps-v3.0.rnl.2019.10.15.cog,5,failed: RasterioIOError('CURL error: Could not resolve host: data.chc.ucsb.edu')
2026-10-07T10:13:10+00:00,chirps,2019-10-08,https://data.chc.ucsb.edu/products/CHIRPS/v3.0/daily/final/rnl/cogs/2019/chirps-v3.0.rnl.2019.10.08.cog,5,failed: RasterioIOError('CURL error: Failed to connect to data.chc.ucsb.edu port 443 after 21034 ms: Could not connect to server')
2026-10-07T10:13:13+00:00,chirps,2019-10-10,https://data.chc.ucsb.edu/products/CHIRPS/v3.0/daily/final/rnl/cogs/2019/chirps-v3.0.rnl.2019.10.10.cog,5,failed: RasterioIOError('CURL error: Failed to connect to data.chc.ucsb.edu port 443 after 21054 ms: Could not connect to server')
2026-10-07T10:13:13+00:00,chirps,2019-10-09,https://data.chc.ucsb.edu/products/CHIRPS/v3.0/daily/final/rnl/cogs/2019/chirps-v3.0.rnl.2019.10.09.cog,5,failed: RasterioIOError('CURL error: Failed to connect to data.chc.ucsb.edu port 443 after 21054 ms: Could not connect to server')
2026-10-07T10:13:14+00:00,chirps,2019-10-11,https://data.chc.ucsb.edu/products/CHIRPS/v3.0/daily/final/rnl/cogs/2019/chirps-v3.0.rnl.2019.10.11.cog,5,failed: RasterioIOError('CURL error: Failed to connect to data.chc.ucsb.edu port 443 after 21052 ms: Could not connect to server')
2026-10-07T10:13:15+00:00,chirps,2019-10-14,https://data.chc.ucsb.edu/products/CHIRPS/v3.0/daily/final/rnl/cogs/2019/chirps-v3.0.rnl.2019.10.14.cog,5,failed: RasterioIOError('CURL error: Failed to connect to data.chc.ucsb.edu port 443 after 21024 ms: Could not connect to server')
2026-10-07T10:13:15+00:00,chirps,2019-10-12,https://data.chc.ucsb.edu/products/CHIRPS/v3.0/daily/final/rnl/cogs/2019/chirps-v3.0.rnl.2019.10.12.cog,5,failed: RasterioIOError('CURL error: Failed to connect to data.chc.ucsb.edu port 443 after 21027 ms: Could not connect to server')
2026-10-07T10:13:15+00:00,chirps,2019-10-13,https://data.chc.ucsb.edu/products/CHIRPS/v3.0/daily/final/rnl/cogs/2019/chirps-v3.0.rnl.2019.10.13.cog,5,failed: RasterioIOError('CURL error: Failed to connect to data.chc.ucsb.edu port 443 after 21024 ms: Could not connect to server')
2026-10-07T10:13:40+00:00,hydrosheds,hybas_af_lev06_v1c.zip,https://data.hydrosheds.org/file/hydrobasins/standard/hybas_af_lev06_v1c.zip,10,"ConnectionError(MaxRetryError('HTTPSConnectionPool(host=\'data.hydrosheds.org\', port=443): Max retries exceeded with url: /file/hydrobasins/standard/hybas_af_lev06_v1c.zip (Caused by NameResolutionError(""<urllib3.connection.HTTPSConnection object at 0x0000022ACFA55D10>: Failed to resolve \'data.hydrosheds.org\' ([Errno 11001] getaddrinfo failed)""))'))"
2026-10-07T10:14:09+00:00,chirps,2019-10-16,https://data.chc.ucsb.edu/products/CHIRPS/v3.0/daily/final/rnl/cogs/2019/chirps-v3.0.rnl.2019.10.16.cog,5,failed: RasterioIOError('CURL error: Could not resolve host: data.chc.ucsb.edu')
2026-10-07T10:14:12+00:00,chirps,2019-10-17,https://data.chc.ucsb.edu/products/CHIRPS/v3.0/daily/final/rnl/cogs/2019/chirps-v3.0.rnl.2019.10.17.cog,5,failed: RasterioIOError('CURL error: Could not resolve host: data.chc.ucsb.edu')
2026-10-07T10:14:15+00:00,chirps,2019-10-19,https://data.chc.ucsb.edu/products/CHIRPS/v3.0/daily/final/rnl/cogs/2019/chirps-v3.0.rnl.2019.10.19.cog,5,failed: RasterioIOError('CURL error: Could not resolve host: data.chc.ucsb.edu')
2026-10-07T10:14:16+00:00,chirps,2019-10-18,https://data.chc.ucsb.edu/products/CHIRPS/v3.0/daily/final/rnl/cogs/2019/chirps-v3.0.rnl.2019.10.18.cog,5,failed: RasterioIOError('CURL error: Could not resolve host: data.chc.ucsb.edu')
2026-10-07T10:14:16+00:00,chirps,2019-10-20,https://data.chc.ucsb.edu/products/CHIRPS/v3.0/daily/final/rnl/cogs/2019/chirps-v3.0.rnl.2019.10.20.cog,5,failed: RasterioIOError('CURL error: Could not resolve host: data.chc.ucsb.edu')
2026-10-07T10:14:17+00:00,chirps,2019-10-23,https://data.chc.ucsb.edu/products/CHIRPS/v3.0/daily/final/rnl/cogs/2019/chirps-v3.0.rnl.2019.10.23.cog,5,failed: RasterioIOError('CURL error: Could not resolve host: data.chc.ucsb.edu')
2026-10-07T10:14:17+00:00,chirps,2019-10-21,https://data.chc.ucsb.edu/products/CHIRPS/v3.0/daily/final/rnl/cogs/2019/chirps-v3.0.rnl.2019.10.21.cog,5,failed: RasterioIOError('CURL error: Could not resolve host: data.chc.ucsb.edu')
2026-10-07T10:14:17+00:00,chirps,2019-10-22,https://data.chc.ucsb.edu/products/CHIRPS/v3.0/daily/final/rnl/cogs/2019/chirps-v3.0.rnl.2019.10.22.cog,5,failed: RasterioIOError('CURL error: Could not resolve host: data.chc.ucsb.edu')
2026-10-07T10:15:36+00:00,chirps,2019-10-25,https://data.chc.ucsb.edu/products/CHIRPS/v3.0/daily/final/rnl/cogs/2019/chirps-v3.0.rnl.2019.10.25.cog,5,failed: RasterioIOError('CURL error: Failed to connect to data.chc.ucsb.edu port 443 after 21034 ms: Could not connect to server')
2026-10-07T10:15:36+00:00,chirps,2019-10-24,https://data.chc.ucsb.edu/products/CHIRPS/v3.0/daily/final/rnl/cogs/2019/chirps-v3.0.rnl.2019.10.24.cog,5,failed: RasterioIOError('CURL error: Failed to connect to data.chc.ucsb.edu port 443 after 21054 ms: Could not connect to server')
2026-10-07T10:16:47+00:00,chirps,2019-10-29,https://data.chc.ucsb.edu/products/CHIRPS/v3.0/daily/final/rnl/cogs/2019/chirps-v3.0.rnl.2019.10.29.cog,5,failed: RasterioIOError('CURL error: Failed to connect to data.chc.ucsb.edu port 443 after 0 ms: Could not connect to server')
2026-10-07T10:16:47+00:00,chirps,2019-10-27,https://data.chc.ucsb.edu/products/CHIRPS/v3.0/daily/final/rnl/cogs/2019/chirps-v3.0.rnl.2019.10.27.cog,5,failed: RasterioIOError('CURL error: Failed to connect to data.chc.ucsb.edu port 443 after 0 ms: Could not connect to server')
2026-10-07T10:16:47+00:00,chirps,2019-10-26,https://data.chc.ucsb.edu/products/CHIRPS/v3.0/daily/final/rnl/cogs/2019/chirps-v3.0.rnl.2019.10.26.cog,5,failed: RasterioIOError('CURL error: Failed to connect to data.chc.ucsb.edu port 443 after 0 ms: Could not connect to server')
2026-10-07T10:16:47+00:00,chirps,2019-10-31,https://data.chc.ucsb.edu/products/CHIRPS/v3.0/daily/final/rnl/cogs/2019/chirps-v3.0.rnl.2019.10.31.cog,5,failed: RasterioIOError('CURL error: Failed to connect to data.chc.ucsb.edu port 443 after 0 ms: Could not connect to server')
2026-10-07T10:16:47+00:00,chirps,2019-10-28,https://data.chc.ucsb.edu/products/CHIRPS/v3.0/daily/final/rnl/cogs/2019/chirps-v3.0.rnl.2019.10.28.cog,5,failed: RasterioIOError('CURL error: Failed to connect to data.chc.ucsb.edu port 443 after 0 ms: Could not connect to server')
2026-10-07T10:16:47+00:00,chirps,2019-10-30,https://data.chc.ucsb.edu/products/CHIRPS/v3.0/daily/final/rnl/cogs/2019/chirps-v3.0.rnl.2019.10.30.cog,5,failed: RasterioIOError('CURL error: Failed to connect to data.chc.ucsb.edu port 443 after 0 ms: Could not connect to server')
2026-10-07T10:17:21+00:00,chirps,2019-11-01,https://data.chc.ucsb.edu/products/CHIRPS/v3.0/daily/final/rnl/cogs/2019/chirps-v3.0.rnl.2019.11.01.cog,5,failed: RasterioIOError('CURL error: Failed to connect to data.chc.ucsb.edu port 443 after 0 ms: Could not connect to server')
2026-10-07T10:17:21+00:00,chirps,2019-11-02,https://data.chc.ucsb.edu/products/CHIRPS/v3.0/daily/final/rnl/cogs/2019/chirps-v3.0.rnl.2019.11.02.cog,5,failed: RasterioIOError('CURL error: Failed to connect to data.chc.ucsb.edu port 443 after 0 ms: Could not connect to server')
2026-10-07T10:17:49+00:00,chirps,2019-11-04,https://data.chc.ucsb.edu/products/CHIRPS/v3.0/daily/final/rnl/cogs/2019/chirps-v3.0.rnl.2019.11.04.cog,5,failed: RasterioIOError('CURL error: Could not resolve host: data.chc.ucsb.edu')
2026-10-07T10:17:49+00:00,chirps,2019-11-03,https://data.chc.ucsb.edu/products/CHIRPS/v3.0/daily/final/rnl/cogs/2019/chirps-v3.0.rnl.2019.11.03.cog,5,failed: RasterioIOError('CURL error: Could not resolve host: data.chc.ucsb.edu')
2026-10-07T10:17:49+00:00,chirps,2019-11-06,https://data.chc.ucsb.edu/products/CHIRPS/v3.0/daily/final/rnl/cogs/2019/chirps-v3.0.rnl.2019.11.06.cog,5,failed: RasterioIOError('CURL error: Could not resolve host: data.chc.ucsb.edu')
2026-10-07T10:17:49+00:00,chirps,2019-11-05,https://data.chc.ucsb.edu/products/CHIRPS/v3.0/daily/final/rnl/cogs/2019/chirps-v3.0.rnl.2019.11.05.cog,5,failed: RasterioIOError('CURL error: Could not resolve host: data.chc.ucsb.edu')
2026-10-07T10:17:49+00:00,chirps,2019-11-08,https://data.chc.ucsb.edu/products/CHIRPS/v3.0/daily/final/rnl/cogs/2019/chirps-v3.0.rnl.2019.11.08.cog,5,failed: RasterioIOError('CURL error: Could not resolve host: data.chc.ucsb.edu')
2026-10-07T10:17:49+00:00,chirps,2019-11-07,https://data.chc.ucsb.edu/products/CHIRPS/v3.0/daily/final/rnl/cogs/2019/chirps-v3.0.rnl.2019.11.07.cog,5,failed: RasterioIOError('CURL error: Could not resolve host: data.chc.ucsb.edu')
2026-10-07T10:21:53+00:00,chirps,2019-11-09,https://data.chc.ucsb.edu/products/CHIRPS/v3.0/daily/final/rnl/cogs/2019/chirps-v3.0.rnl.2019.11.09.cog,5,failed: RasterioIOError('CURL error: Failed to connect to data.chc.ucsb.edu port 443 after 21025 ms: Could not connect to server')
2026-10-07T10:21:53+00:00,chirps,2019-11-10,https://data.chc.ucsb.edu/products/CHIRPS/v3.0/daily/final/rnl/cogs/2019/chirps-v3.0.rnl.2019.11.10.cog,5,failed: RasterioIOError('CURL error: Failed to connect to data.chc.ucsb.edu port 443 after 21047 ms: Could not connect to server')
2026-10-07T10:22:21+00:00,chirps,2019-11-16,https://data.chc.ucsb.edu/products/CHIRPS/v3.0/daily/final/rnl/cogs/2019/chirps-v3.0.rnl.2019.11.16.cog,5,failed: RasterioIOError('CURL error: Failed to connect to data.chc.ucsb.edu port 443 after 21023 ms: Could not connect to server')
2026-10-07T10:22:21+00:00,chirps,2019-11-12,https://data.chc.ucsb.edu/products/CHIRPS/v3.0/daily/final/rnl/cogs/2019/chirps-v3.0.rnl.2019.11.12.cog,5,failed: RasterioIOError('CURL error: Failed to connect to data.chc.ucsb.edu port 443 after 21044 ms: Could not connect to server')
2026-10-07T10:22:21+00:00,chirps,2019-11-11,https://data.chc.ucsb.edu/products/CHIRPS/v3.0/daily/final/rnl/cogs/2019/chirps-v3.0.rnl.2019.11.11.cog,5,failed: RasterioIOError('CURL error: Failed to connect to data.chc.ucsb.edu port 443 after 21044 ms: Could not connect to server')
2026-10-07T10:22:21+00:00,chirps,2019-11-15,https://data.chc.ucsb.edu/products/CHIRPS/v3.0/daily/final/rnl/cogs/2019/chirps-v3.0.rnl.2019.11.15.cog,5,failed: RasterioIOError('CURL error: Failed to connect to data.chc.ucsb.edu port 443 after 21023 ms: Could not connect to server')
2026-10-07T10:22:21+00:00,chirps,2019-11-14,https://data.chc.ucsb.edu/products/CHIRPS/v3.0/daily/final/rnl/cogs/2019/chirps-v3.0.rnl.2019.11.14.cog,5,failed: RasterioIOError('CURL error: Failed to connect to data.chc.ucsb.edu port 443 after 21044 ms: Could not connect to server')
2026-10-07T10:22:21+00:00,chirps,2019-11-13,https://data.chc.ucsb.edu/products/CHIRPS/v3.0/daily/final/rnl/cogs/2019/chirps-v3.0.rnl.2019.11.13.cog,5,failed: RasterioIOError('CURL error: Failed to connect to data.chc.ucsb.edu port 443 after 21044 ms: Could not connect to server')
2026-10-07T10:26:25+00:00,chirps,2019-11-17,https://data.chc.ucsb.edu/products/CHIRPS/v3.0/daily/final/rnl/cogs/2019/chirps-v3.0.rnl.2019.11.17.cog,5,failed: RasterioIOError('CURL error: Failed to connect to data.chc.ucsb.edu port 443 after 21030 ms: Could not connect to server')
2026-10-07T10:26:25+00:00,chirps,2019-11-18,https://data.chc.ucsb.edu/products/CHIRPS/v3.0/daily/final/rnl/cogs/2019/chirps-v3.0.rnl.2019.11.18.cog,5,failed: RasterioIOError('CURL error: Failed to connect to data.chc.ucsb.edu port 443 after 21029 ms: Could not connect to server')
2026-10-07T10:26:53+00:00,chirps,2019-11-20,https://data.chc.ucsb.edu/products/CHIRPS/v3.0/daily/final/rnl/cogs/2019/chirps-v3.0.rnl.2019.11.20.cog,5,failed: RasterioIOError('CURL error: Failed to connect to data.chc.ucsb.edu port 443 after 21037 ms: Could not connect to server')
2026-10-07T10:26:53+00:00,chirps,2019-11-19,https://data.chc.ucsb.edu/products/CHIRPS/v3.0/daily/final/rnl/cogs/2019/chirps-v3.0.rnl.2019.11.19.cog,5,failed: RasterioIOError('CURL error: Failed to connect to data.chc.ucsb.edu port 443 after 21038 ms: Could not connect to server')
2026-10-07T10:26:53+00:00,chirps,2019-11-23,https://data.chc.ucsb.edu/products/CHIRPS/v3.0/daily/final/rnl/cogs/2019/chirps-v3.0.rnl.2019.11.23.cog,5,failed: RasterioIOError('CURL error: Failed to connect to data.chc.ucsb.edu port 443 after 21038 ms: Could not connect to server')
2026-10-07T10:26:53+00:00,chirps,2019-11-21,https://data.chc.ucsb.edu/products/CHIRPS/v3.0/daily/final/rnl/cogs/2019/chirps-v3.0.rnl.2019.11.21.cog,5,failed: RasterioIOError('CURL error: Failed to connect to data.chc.ucsb.edu port 443 after 21038 ms: Could not connect to server')
2026-10-07T10:26:54+00:00,chirps,2019-11-22,https://data.chc.ucsb.edu/products/CHIRPS/v3.0/daily/final/rnl/cogs/2019/chirps-v3.0.rnl.2019.11.22.cog,5,failed: RasterioIOError('CURL error: Failed to connect to data.chc.ucsb.edu port 443 after 21038 ms: Could not connect to server')
2026-10-07T10:26:54+00:00,chirps,2019-11-24,https://data.chc.ucsb.edu/products/CHIRPS/v3.0/daily/final/rnl/cogs/2019/chirps-v3.0.rnl.2019.11.24.cog,5,failed: RasterioIOError('CURL error: Failed to connect to data.chc.ucsb.edu port 443 after 21037 ms: Could not connect to server')
2026-10-07T10:27:27+00:00,chirps,2019-11-25,https://data.chc.ucsb.edu/products/CHIRPS/v3.0/daily/final/rnl/cogs/2019/chirps-v3.0.rnl.2019.11.25.cog,5,failed: RasterioIOError('CURL error: Could not resolve host: data.chc.ucsb.edu')
2026-10-07T10:27:28+00:00,chirps,2019-11-26,https://data.chc.ucsb.edu/products/CHIRPS/v3.0/daily/final/rnl/cogs/2019/chirps-v3.0.rnl.2019.11.26.cog,5,failed: RasterioIOError('CURL error: Could not resolve host: data.chc.ucsb.edu')
2026-10-07T10:27:56+00:00,chirps,2019-11-27,https://data.chc.ucsb.edu/products/CHIRPS/v3.0/daily/final/rnl/cogs/2019/chirps-v3.0.rnl.2019.11.27.cog,5,failed: RasterioIOError('CURL error: Could not resolve host: data.chc.ucsb.edu')
2026-10-07T10:27:56+00:00,chirps,2019-11-28,https://data.chc.ucsb.edu/products/CHIRPS/v3.0/daily/final/rnl/cogs/2019/chirps-v3.0.rnl.2019.11.28.cog,5,failed: RasterioIOError('CURL error: Could not resolve host: data.chc.ucsb.edu')
2026-10-07T10:27:56+00:00,chirps,2019-11-29,https://data.chc.ucsb.edu/products/CHIRPS/v3.0/daily/final/rnl/cogs/2019/chirps-v3.0.rnl.2019.11.29.cog,5,failed: RasterioIOError('CURL error: Could not resolve host: data.chc.ucsb.edu')
2026-10-07T10:27:56+00:00,chirps,2019-11-30,https://data.chc.ucsb.edu/products/CHIRPS/v3.0/daily/final/rnl/cogs/2019/chirps-v3.0.rnl.2019.11.30.cog,5,failed: RasterioIOError('CURL error: Could not resolve host: data.chc.ucsb.edu')
2026-10-07T10:27:56+00:00,chirps,2019-12-01,https://data.chc.ucsb.edu/products/CHIRPS/v3.0/daily/final/rnl/cogs/2019/chirps-v3.0.rnl.2019.12.01.cog,5,failed: RasterioIOError('CURL error: Could not resolve host: data.chc.ucsb.edu')
2026-10-07T10:27:56+00:00,chirps,2019-12-02,https://data.chc.ucsb.edu/products/CHIRPS/v3.0/daily/final/rnl/cogs/2019/chirps-v3.0.rnl.2019.12.02.cog,5,failed: RasterioIOError('CURL error: Could not resolve host: data.chc.ucsb.edu')
2026-10-07T10:28:30+00:00,chirps,2019-12-03,https://data.chc.ucsb.edu/products/CHIRPS/v3.0/daily/final/rnl/cogs/2019/chirps-v3.0.rnl.2019.12.03.cog,5,failed: RasterioIOError('CURL error: Could not resolve host: data.chc.ucsb.edu')
2026-10-07T10:28:30+00:00,chirps,2019-12-04,https://data.chc.ucsb.edu/products/CHIRPS/v3.0/daily/final/rnl/cogs/2019/chirps-v3.0.rnl.2019.12.04.cog,5,failed: RasterioIOError('CURL error: Could not resolve host: data.chc.ucsb.edu')
2026-10-07T10:28:58+00:00,chirps,2019-12-06,https://data.chc.ucsb.edu/products/CHIRPS/v3.0/daily/final/rnl/cogs/2019/chirps-v3.0.rnl.2019.12.06.cog,5,failed: RasterioIOError('CURL error: Could not resolve host: data.chc.ucsb.edu')
2026-10-07T10:28:58+00:00,chirps,2019-12-05,https://data.chc.ucsb.edu/products/CHIRPS/v3.0/daily/final/rnl/cogs/2019/chirps-v3.0.rnl.2019.12.05.cog,5,failed: RasterioIOError('CURL error: Could not resolve host: data.chc.ucsb.edu')
2026-10-07T10:28:58+00:00,chirps,2019-12-07,https://data.chc.ucsb.edu/products/CHIRPS/v3.0/daily/final/rnl/cogs/2019/chirps-v3.0.rnl.2019.12.07.cog,5,failed: RasterioIOError('CURL error: Could not resolve host: data.chc.ucsb.edu')
2026-10-07T10:28:58+00:00,chirps,2019-12-08,https://data.chc.ucsb.edu/products/CHIRPS/v3.0/daily/final/rnl/cogs/2019/chirps-v3.0.rnl.2019.12.08.cog,5,failed: RasterioIOError('CURL error: Could not resolve host: data.chc.ucsb.edu')
2026-10-07T10:28:58+00:00,chirps,2019-12-09,https://data.chc.ucsb.edu/products/CHIRPS/v3.0/daily/final/rnl/cogs/2019/chirps-v3.0.rnl.2019.12.09.cog,5,failed: RasterioIOError('CURL error: Could not resolve host: data.chc.ucsb.edu')
2026-10-07T10:28:58+00:00,chirps,2019-12-10,https://data.chc.ucsb.edu/products/CHIRPS/v3.0/daily/final/rnl/cogs/2019/chirps-v3.0.rnl.2019.12.10.cog,5,failed: RasterioIOError('CURL error: Could not resolve host: data.chc.ucsb.edu')
2026-10-07T11:04:48+00:00,worldcover,S18E021,https://esa-worldcover.s3.eu-central-1.amazonaws.com/v200/2021/map/ESA_WorldCover_10m_2021_v200_S18E021_Map.tif,1,RasterioIOError('Read failed. See previous exception for details.')
2026-10-07T11:04:48+00:00,worldcover,S18E024,https://esa-worldcover.s3.eu-central-1.amazonaws.com/v200/2021/map/ESA_WorldCover_10m_2021_v200_S18E024_Map.tif,1,RasterioIOError('CURL error: Could not resolve host: esa-worldcover.s3.eu-central-1.amazonaws.com')
2026-10-07T11:04:48+00:00,worldcover,S18E027,https://esa-worldcover.s3.eu-central-1.amazonaws.com/v200/2021/map/ESA_WorldCover_10m_2021_v200_S18E027_Map.tif,1,RasterioIOError('CURL error: Could not resolve host: esa-worldcover.s3.eu-central-1.amazonaws.com')
2026-10-07T11:04:48+00:00,worldcover,S18E030,https://esa-worldcover.s3.eu-central-1.amazonaws.com/v200/2021/map/ESA_WorldCover_10m_2021_v200_S18E030_Map.tif,1,RasterioIOError('CURL error: Could not resolve host: esa-worldcover.s3.eu-central-1.amazonaws.com')
2026-10-07T11:04:48+00:00,worldcover,S15E021,https://esa-worldcover.s3.eu-central-1.amazonaws.com/v200/2021/map/ESA_WorldCover_10m_2021_v200_S15E021_Map.tif,1,RasterioIOError('CURL error: Could not resolve host: esa-worldcover.s3.eu-central-1.amazonaws.com')
2026-10-07T11:04:48+00:00,worldcover,S15E024,https://esa-worldcover.s3.eu-central-1.amazonaws.com/v200/2021/map/ESA_WorldCover_10m_2021_v200_S15E024_Map.tif,1,RasterioIOError('CURL error: Could not resolve host: esa-worldcover.s3.eu-central-1.amazonaws.com')
2026-10-07T11:04:48+00:00,worldcover,S15E027,https://esa-worldcover.s3.eu-central-1.amazonaws.com/v200/2021/map/ESA_WorldCover_10m_2021_v200_S15E027_Map.tif,1,RasterioIOError('CURL error: Could not resolve host: esa-worldcover.s3.eu-central-1.amazonaws.com')
2026-10-07T11:04:48+00:00,worldcover,S15E030,https://esa-worldcover.s3.eu-central-1.amazonaws.com/v200/2021/map/ESA_WorldCover_10m_2021_v200_S15E030_Map.tif,1,RasterioIOError('CURL error: Could not resolve host: esa-worldcover.s3.eu-central-1.amazonaws.com')
2026-10-07T11:04:48+00:00,worldcover,S15E033,https://esa-worldcover.s3.eu-central-1.amazonaws.com/v200/2021/map/ESA_WorldCover_10m_2021_v200_S15E033_Map.tif,1,RasterioIOError('CURL error: Could not resolve host: esa-worldcover.s3.eu-central-1.amazonaws.com')
2026-10-07T11:04:48+00:00,worldcover,S12E021,https://esa-worldcover.s3.eu-central-1.amazonaws.com/v200/2021/map/ESA_WorldCover_10m_2021_v200_S12E021_Map.tif,1,RasterioIOError('CURL error: Could not resolve host: esa-worldcover.s3.eu-central-1.amazonaws.com')
2026-10-07T11:04:48+00:00,worldcover,S12E024,https://esa-worldcover.s3.eu-central-1.amazonaws.com/v200/2021/map/ESA_WorldCover_10m_2021_v200_S12E024_Map.tif,1,RasterioIOError('CURL error: Could not resolve host: esa-worldcover.s3.eu-central-1.amazonaws.com')
2026-10-07T11:04:48+00:00,worldcover,S12E027,https://esa-worldcover.s3.eu-central-1.amazonaws.com/v200/2021/map/ESA_WorldCover_10m_2021_v200_S12E027_Map.tif,1,RasterioIOError('CURL error: Could not resolve host: esa-worldcover.s3.eu-central-1.amazonaws.com')
2026-10-07T11:04:48+00:00,worldcover,S12E030,https://esa-worldcover.s3.eu-central-1.amazonaws.com/v200/2021/map/ESA_WorldCover_10m_2021_v200_S12E030_Map.tif,1,RasterioIOError('CURL error: Could not resolve host: esa-worldcover.s3.eu-central-1.amazonaws.com')
2026-10-07T11:04:48+00:00,worldcover,S12E033,https://esa-worldcover.s3.eu-central-1.amazonaws.com/v200/2021/map/ESA_WorldCover_10m_2021_v200_S12E033_Map.tif,1,RasterioIOError('CURL error: Could not resolve host: esa-worldcover.s3.eu-central-1.amazonaws.com')
2026-10-07T11:04:48+00:00,worldcover,S09E027,https://esa-worldcover.s3.eu-central-1.amazonaws.com/v200/2021/map/ESA_WorldCover_10m_2021_v200_S09E027_Map.tif,1,RasterioIOError('CURL error: Could not resolve host: esa-worldcover.s3.eu-central-1.amazonaws.com')
2026-10-07T11:04:48+00:00,worldcover,S09E030,https://esa-worldcover.s3.eu-central-1.amazonaws.com/v200/2021/map/ESA_WorldCover_10m_2021_v200_S09E030_Map.tif,1,RasterioIOError('CURL error: Could not resolve host: esa-worldcover.s3.eu-central-1.amazonaws.com')
2026-10-07T11:05:49+00:00,chirps,2020-03-29,https://data.chc.ucsb.edu/products/CHIRPS/v3.0/daily/final/rnl/cogs/2020/chirps-v3.0.rnl.2020.03.29.cog,5,failed: RasterioIOError('Read failed. See previous exception for details.')
2026-10-07T11:05:57+00:00,nasa_power_soil,ZMB-D-0101__1999-04-14_2026-01-30,"https://power.larc.nasa.gov/api/temporal/daily/point?parameters=GWETTOP,GWETROOT,GWETPROF&community=AG&longitude=26.248338&latitude=-15.916576&start=19990414&end=20260130&format=JSON&time-standard=LST",5,"ConnectionError(MaxRetryError('HTTPSConnectionPool(host=\'power.larc.nasa.gov\', port=443): Max retries exceeded with url: /api/temporal/daily/point?parameters=GWETTOP%2CGWETROOT%2CGWETPROF&community=AG&longitude=26.248338&latitude=-15.916576&start=19990414&end=20260130&format=JSON&time-standard=LST (Caused by NameResolutionError(""<urllib3.connection.HTTPSConnection object at 0x000001D8BCB26710>: Failed to resolve \'power.larc.nasa.gov\' ([Errno 11001] getaddrinfo failed)""))'))"
2026-10-07T11:06:46+00:00,chirps,2020-03-22,https://data.chc.ucsb.edu/products/CHIRPS/v3.0/daily/final/rnl/cogs/2020/chirps-v3.0.rnl.2020.03.22.cog,5,failed: RasterioIOError('Read failed. See previous exception for details.')
2026-10-07T11:06:49+00:00,chirps,2020-03-23,https://data.chc.ucsb.edu/products/CHIRPS/v3.0/daily/final/rnl/cogs/2020/chirps-v3.0.rnl.2020.03.23.cog,5,failed: RasterioIOError('Read failed. See previous exception for details.')
2026-10-07T11:06:49+00:00,chirps,2020-03-27,https://data.chc.ucsb.edu/products/CHIRPS/v3.0/daily/final/rnl/cogs/2020/chirps-v3.0.rnl.2020.03.27.cog,5,failed: RasterioIOError('Read failed. See previous exception for details.')
2026-10-07T11:06:49+00:00,chirps,2020-03-24,https://data.chc.ucsb.edu/products/CHIRPS/v3.0/daily/final/rnl/cogs/2020/chirps-v3.0.rnl.2020.03.24.cog,5,failed: RasterioIOError('Read failed. See previous exception for details.')
2026-10-07T11:06:49+00:00,chirps,2020-03-28,https://data.chc.ucsb.edu/products/CHIRPS/v3.0/daily/final/rnl/cogs/2020/chirps-v3.0.rnl.2020.03.28.cog,5,failed: RasterioIOError('Read failed. See previous exception for details.')
2026-10-07T11:06:49+00:00,chirps,2020-03-25,https://data.chc.ucsb.edu/products/CHIRPS/v3.0/daily/final/rnl/cogs/2020/chirps-v3.0.rnl.2020.03.25.cog,5,failed: RasterioIOError('Read failed. See previous exception for details.')
2026-10-07T11:06:49+00:00,chirps,2020-03-26,https://data.chc.ucsb.edu/products/CHIRPS/v3.0/daily/final/rnl/cogs/2020/chirps-v3.0.rnl.2020.03.26.cog,5,failed: RasterioIOError('Read failed. See previous exception for details.')
2026-10-07T11:06:51+00:00,chirps,2020-03-30,https://data.chc.ucsb.edu/products/CHIRPS/v3.0/daily/final/rnl/cogs/2020/chirps-v3.0.rnl.2020.03.30.cog,5,failed: RasterioIOError('CURL error: Could not resolve host: data.chc.ucsb.edu')
2026-10-07T11:07:02+00:00,nasa_power_soil,ZMB-D-0102__1999-04-14_2026-01-30,"https://power.larc.nasa.gov/api/temporal/daily/point?parameters=GWETTOP,GWETROOT,GWETPROF&community=AG&longitude=27.76502&latitude=-14.852076&start=19990414&end=20260130&format=JSON&time-standard=LST",5,"ConnectionError(MaxRetryError('HTTPSConnectionPool(host=\'power.larc.nasa.gov\', port=443): Max retries exceeded with url: /api/temporal/daily/point?parameters=GWETTOP%2CGWETROOT%2CGWETPROF&community=AG&longitude=27.76502&latitude=-14.852076&start=19990414&end=20260130&format=JSON&time-standard=LST (Caused by NameResolutionError(""<urllib3.connection.HTTPSConnection object at 0x000001D8BCB27610>: Failed to resolve \'power.larc.nasa.gov\' ([Errno 11001] getaddrinfo failed)""))'))"
2026-10-07T11:07:48+00:00,chirps,2020-03-31,https://data.chc.ucsb.edu/products/CHIRPS/v3.0/daily/final/rnl/cogs/2020/chirps-v3.0.rnl.2020.03.31.cog,5,failed: RasterioIOError('CURL error: Could not resolve host: data.chc.ucsb.edu')
2026-10-07T11:07:51+00:00,chirps,2020-04-01,https://data.chc.ucsb.edu/products/CHIRPS/v3.0/daily/final/rnl/cogs/2020/chirps-v3.0.rnl.2020.04.01.cog,5,failed: RasterioIOError('CURL error: Could not resolve host: data.chc.ucsb.edu')
2026-10-07T11:07:51+00:00,chirps,2020-04-02,https://data.chc.ucsb.edu/products/CHIRPS/v3.0/daily/final/rnl/cogs/2020/chirps-v3.0.rnl.2020.04.02.cog,5,failed: RasterioIOError('CURL error: Could not resolve host: data.chc.ucsb.edu')
2026-10-07T11:07:51+00:00,chirps,2020-04-04,https://data.chc.ucsb.edu/products/CHIRPS/v3.0/daily/final/rnl/cogs/2020/chirps-v3.0.rnl.2020.04.04.cog,5,failed: RasterioIOError('CURL error: Could not resolve host: data.chc.ucsb.edu')
2026-10-07T11:07:51+00:00,chirps,2020-04-03,https://data.chc.ucsb.edu/products/CHIRPS/v3.0/daily/final/rnl/cogs/2020/chirps-v3.0.rnl.2020.04.03.cog,5,failed: RasterioIOError('CURL error: Could not resolve host: data.chc.ucsb.edu')
2026-10-07T11:07:51+00:00,chirps,2020-04-05,https://data.chc.ucsb.edu/products/CHIRPS/v3.0/daily/final/rnl/cogs/2020/chirps-v3.0.rnl.2020.04.05.cog,5,failed: RasterioIOError('CURL error: Could not resolve host: data.chc.ucsb.edu')
2026-10-07T11:07:51+00:00,chirps,2020-04-06,https://data.chc.ucsb.edu/products/CHIRPS/v3.0/daily/final/rnl/cogs/2020/chirps-v3.0.rnl.2020.04.06.cog,5,failed: RasterioIOError('CURL error: Could not resolve host: data.chc.ucsb.edu')
2026-10-07T11:07:53+00:00,chirps,2020-04-07,https://data.chc.ucsb.edu/products/CHIRPS/v3.0/daily/final/rnl/cogs/2020/chirps-v3.0.rnl.2020.04.07.cog,5,failed: RasterioIOError('CURL error: Could not resolve host: data.chc.ucsb.edu')
2026-10-07T11:08:08+00:00,nasa_power_soil,ZMB-D-0103__1999-04-14_2026-01-30,"https://power.larc.nasa.gov/api/temporal/daily/point?parameters=GWETTOP,GWETROOT,GWETPROF&community=AG&longitude=28.372838&latitude=-14.468776&start=19990414&end=20260130&format=JSON&time-standard=LST",5,"ConnectionError(MaxRetryError('HTTPSConnectionPool(host=\'power.larc.nasa.gov\', port=443): Max retries exceeded with url: /api/temporal/daily/point?parameters=GWETTOP%2CGWETROOT%2CGWETPROF&community=AG&longitude=28.372838&latitude=-14.468776&start=19990414&end=20260130&format=JSON&time-standard=LST (Caused by NameResolutionError(""<urllib3.connection.HTTPSConnection object at 0x000001D8BCB260D0>: Failed to resolve \'power.larc.nasa.gov\' ([Errno 11001] getaddrinfo failed)""))'))"
2026-10-07T11:08:50+00:00,chirps,2020-04-08,https://data.chc.ucsb.edu/products/CHIRPS/v3.0/daily/final/rnl/cogs/2020/chirps-v3.0.rnl.2020.04.08.cog,5,failed: RasterioIOError('CURL error: Could not resolve host: data.chc.ucsb.edu')
2026-10-07T11:08:53+00:00,chirps,2020-04-09,https://data.chc.ucsb.edu/products/CHIRPS/v3.0/daily/final/rnl/cogs/2020/chirps-v3.0.rnl.2020.04.09.cog,5,failed: RasterioIOError('CURL error: Could not resolve host: data.chc.ucsb.edu')
2026-10-07T11:08:53+00:00,chirps,2020-04-10,https://data.chc.ucsb.edu/products/CHIRPS/v3.0/daily/final/rnl/cogs/2020/chirps-v3.0.rnl.2020.04.10.cog,5,failed: RasterioIOError('CURL error: Could not resolve host: data.chc.ucsb.edu')
2026-10-07T11:08:53+00:00,chirps,2020-04-11,https://data.chc.ucsb.edu/products/CHIRPS/v3.0/daily/final/rnl/cogs/2020/chirps-v3.0.rnl.2020.04.11.cog,5,failed: RasterioIOError('CURL error: Could not resolve host: data.chc.ucsb.edu')
2026-10-07T11:08:53+00:00,chirps,2020-04-12,https://data.chc.ucsb.edu/products/CHIRPS/v3.0/daily/final/rnl/cogs/2020/chirps-v3.0.rnl.2020.04.12.cog,5,failed: RasterioIOError('CURL error: Could not resolve host: data.chc.ucsb.edu')
2026-10-07T11:08:53+00:00,chirps,2020-04-13,https://data.chc.ucsb.edu/products/CHIRPS/v3.0/daily/final/rnl/cogs/2020/chirps-v3.0.rnl.2020.04.13.cog,5,failed: RasterioIOError('CURL error: Could not resolve host: data.chc.ucsb.edu')
2026-10-07T11:08:53+00:00,chirps,2020-04-14,https://data.chc.ucsb.edu/products/CHIRPS/v3.0/daily/final/rnl/cogs/2020/chirps-v3.0.rnl.2020.04.14.cog,5,failed: RasterioIOError('CURL error: Could not resolve host: data.chc.ucsb.edu')
2026-10-07T11:08:55+00:00,chirps,2020-04-15,https://data.chc.ucsb.edu/products/CHIRPS/v3.0/daily/final/rnl/cogs/2020/chirps-v3.0.rnl.2020.04.15.cog,5,failed: RasterioIOError('CURL error: Could not resolve host: data.chc.ucsb.edu')
2026-10-07T11:09:14+00:00,nasa_power_soil,ZMB-D-0104__1999-04-14_2026-01-30,"https://power.larc.nasa.gov/api/temporal/daily/point?parameters=GWETTOP,GWETROOT,GWETPROF&community=AG&longitude=26.478555&latitude=-14.956076&start=19990414&end=20260130&format=JSON&time-standard=LST",5,"ConnectionError(MaxRetryError('HTTPSConnectionPool(host=\'power.larc.nasa.gov\', port=443): Max retries exceeded with url: /api/temporal/daily/point?parameters=GWETTOP%2CGWETROOT%2CGWETPROF&community=AG&longitude=26.478555&latitude=-14.956076&start=19990414&end=20260130&format=JSON&time-standard=LST (Caused by NameResolutionError(""<urllib3.connection.HTTPSConnection object at 0x000001D8BCB25810>: Failed to resolve \'power.larc.nasa.gov\' ([Errno 11001] getaddrinfo failed)""))'))"
2026-10-07T11:09:52+00:00,chirps,2020-04-16,https://data.chc.ucsb.edu/products/CHIRPS/v3.0/daily/final/rnl/cogs/2020/chirps-v3.0.rnl.2020.04.16.cog,5,failed: RasterioIOError('CURL error: Could not resolve host: data.chc.ucsb.edu')
2026-10-07T11:09:55+00:00,chirps,2020-04-17,https://data.chc.ucsb.edu/products/CHIRPS/v3.0/daily/final/rnl/cogs/2020/chirps-v3.0.rnl.2020.04.17.cog,5,failed: RasterioIOError('CURL error: Could not resolve host: data.chc.ucsb.edu')
2026-10-07T11:09:55+00:00,chirps,2020-04-18,https://data.chc.ucsb.edu/products/CHIRPS/v3.0/daily/final/rnl/cogs/2020/chirps-v3.0.rnl.2020.04.18.cog,5,failed: RasterioIOError('CURL error: Could not resolve host: data.chc.ucsb.edu')
2026-10-07T11:09:55+00:00,chirps,2020-04-19,https://data.chc.ucsb.edu/products/CHIRPS/v3.0/daily/final/rnl/cogs/2020/chirps-v3.0.rnl.2020.04.19.cog,5,failed: RasterioIOError('CURL error: Could not resolve host: data.chc.ucsb.edu')
2026-10-07T11:09:55+00:00,chirps,2020-04-20,https://data.chc.ucsb.edu/products/CHIRPS/v3.0/daily/final/rnl/cogs/2020/chirps-v3.0.rnl.2020.04.20.cog,5,failed: RasterioIOError('CURL error: Could not resolve host: data.chc.ucsb.edu')
2026-10-07T11:09:55+00:00,chirps,2020-04-21,https://data.chc.ucsb.edu/products/CHIRPS/v3.0/daily/final/rnl/cogs/2020/chirps-v3.0.rnl.2020.04.21.cog,5,failed: RasterioIOError('CURL error: Could not resolve host: data.chc.ucsb.edu')
2026-10-07T11:09:55+00:00,chirps,2020-04-22,https://data.chc.ucsb.edu/products/CHIRPS/v3.0/daily/final/rnl/cogs/2020/chirps-v3.0.rnl.2020.04.22.cog,5,failed: RasterioIOError('CURL error: Could not resolve host: data.chc.ucsb.edu')
2026-10-07T11:09:57+00:00,chirps,2020-04-23,https://data.chc.ucsb.edu/products/CHIRPS/v3.0/daily/final/rnl/cogs/2020/chirps-v3.0.rnl.2020.04.23.cog,5,failed: RasterioIOError('CURL error: Could not resolve host: data.chc.ucsb.edu')
2026-10-07T11:10:19+00:00,nasa_power_soil,ZMB-D-0105__1999-04-14_2026-01-30,"https://power.larc.nasa.gov/api/temporal/daily/point?parameters=GWETTOP,GWETROOT,GWETPROF&community=AG&longitude=27.420593&latitude=-14.080505&start=19990414&end=20260130&format=JSON&time-standard=LST",5,"ConnectionError(MaxRetryError('HTTPSConnectionPool(host=\'power.larc.nasa.gov\', port=443): Max retries exceeded with url: /api/temporal/daily/point?parameters=GWETTOP%2CGWETROOT%2CGWETPROF&community=AG&longitude=27.420593&latitude=-14.080505&start=19990414&end=20260130&format=JSON&time-standard=LST (Caused by NameResolutionError(""<urllib3.connection.HTTPSConnection object at 0x000001D8BCB7C050>: Failed to resolve \'power.larc.nasa.gov\' ([Errno 11001] getaddrinfo failed)""))'))"
2026-10-07T11:10:54+00:00,chirps,2020-04-24,https://data.chc.ucsb.edu/products/CHIRPS/v3.0/daily/final/rnl/cogs/2020/chirps-v3.0.rnl.2020.04.24.cog,5,failed: RasterioIOError('CURL error: Could not resolve host: data.chc.ucsb.edu')
2026-10-07T11:10:57+00:00,chirps,2020-04-25,https://data.chc.ucsb.edu/products/CHIRPS/v3.0/daily/final/rnl/cogs/2020/chirps-v3.0.rnl.2020.04.25.cog,5,failed: RasterioIOError('CURL error: Could not resolve host: data.chc.ucsb.edu')
2026-10-07T11:10:57+00:00,chirps,2020-04-26,https://data.chc.ucsb.edu/products/CHIRPS/v3.0/daily/final/rnl/cogs/2020/chirps-v3.0.rnl.2020.04.26.cog,5,failed: RasterioIOError('CURL error: Could not resolve host: data.chc.ucsb.edu')
2026-10-07T11:10:57+00:00,chirps,2020-04-27,https://data.chc.ucsb.edu/products/CHIRPS/v3.0/daily/final/rnl/cogs/2020/chirps-v3.0.rnl.2020.04.27.cog,5,failed: RasterioIOError('CURL error: Could not resolve host: data.chc.ucsb.edu')
2026-10-07T11:10:57+00:00,chirps,2020-04-28,https://data.chc.ucsb.edu/products/CHIRPS/v3.0/daily/final/rnl/cogs/2020/chirps-v3.0.rnl.2020.04.28.cog,5,failed: RasterioIOError('CURL error: Could not resolve host: data.chc.ucsb.edu')
2026-10-07T11:10:57+00:00,chirps,2020-04-29,https://data.chc.ucsb.edu/products/CHIRPS/v3.0/daily/final/rnl/cogs/2020/chirps-v3.0.rnl.2020.04.29.cog,5,failed: RasterioIOError('CURL error: Could not resolve host: data.chc.ucsb.edu')
2026-10-07T11:10:57+00:00,chirps,2020-04-30,https://data.chc.ucsb.edu/products/CHIRPS/v3.0/daily/final/rnl/cogs/2020/chirps-v3.0.rnl.2020.04.30.cog,5,failed: RasterioIOError('CURL error: Could not resolve host: data.chc.ucsb.edu')
2026-10-07T11:10:59+00:00,chirps,2020-05-01,https://data.chc.ucsb.edu/products/CHIRPS/v3.0/daily/final/rnl/cogs/2020/chirps-v3.0.rnl.2020.05.01.cog,5,failed: RasterioIOError('CURL error: Could not resolve host: data.chc.ucsb.edu')
2026-10-07T11:11:26+00:00,nasa_power_soil,ZMB-D-0106__1999-04-14_2026-01-30,"https://power.larc.nasa.gov/api/temporal/daily/point?parameters=GWETTOP,GWETROOT,GWETPROF&community=AG&longitude=29.604575&latitude=-14.459017&start=19990414&end=20260130&format=JSON&time-standard=LST",5,"ConnectionError(MaxRetryError('HTTPSConnectionPool(host=\'power.larc.nasa.gov\', port=443): Max retries exceeded with url: /api/temporal/daily/point?parameters=GWETTOP%2CGWETROOT%2CGWETPROF&community=AG&longitude=29.604575&latitude=-14.459017&start=19990414&end=20260130&format=JSON&time-standard=LST (Caused by NameResolutionError(""<urllib3.connection.HTTPSConnection object at 0x000001D8BCB7CCD0>: Failed to resolve \'power.larc.nasa.gov\' ([Errno 11001] getaddrinfo failed)""))'))"
2026-10-07T11:11:56+00:00,chirps,2020-05-02,https://data.chc.ucsb.edu/products/CHIRPS/v3.0/daily/final/rnl/cogs/2020/chirps-v3.0.rnl.2020.05.02.cog,5,failed: RasterioIOError('CURL error: Could not resolve host: data.chc.ucsb.edu')
2026-10-07T11:11:59+00:00,chirps,2020-05-03,https://data.chc.ucsb.edu/products/CHIRPS/v3.0/daily/final/rnl/cogs/2020/chirps-v3.0.rnl.2020.05.03.cog,5,failed: RasterioIOError('CURL error: Could not resolve host: data.chc.ucsb.edu')
2026-10-07T11:11:59+00:00,chirps,2020-05-04,https://data.chc.ucsb.edu/products/CHIRPS/v3.0/daily/final/rnl/cogs/2020/chirps-v3.0.rnl.2020.05.04.cog,5,failed: RasterioIOError('CURL error: Could not resolve host: data.chc.ucsb.edu')
2026-10-07T11:11:59+00:00,chirps,2020-05-05,https://data.chc.ucsb.edu/products/CHIRPS/v3.0/daily/final/rnl/cogs/2020/chirps-v3.0.rnl.2020.05.05.cog,5,failed: RasterioIOError('CURL error: Could not resolve host: data.chc.ucsb.edu')
2026-10-07T11:11:59+00:00,chirps,2020-05-06,https://data.chc.ucsb.edu/products/CHIRPS/v3.0/daily/final/rnl/cogs/2020/chirps-v3.0.rnl.2020.05.06.cog,5,failed: RasterioIOError('CURL error: Could not resolve host: data.chc.ucsb.edu')
2026-10-07T11:11:59+00:00,chirps,2020-05-07,https://data.chc.ucsb.edu/products/CHIRPS/v3.0/daily/final/rnl/cogs/2020/chirps-v3.0.rnl.2020.05.07.cog,5,failed: RasterioIOError('CURL error: Could not resolve host: data.chc.ucsb.edu')
2026-10-07T11:11:59+00:00,chirps,2020-05-08,https://data.chc.ucsb.edu/products/CHIRPS/v3.0/daily/final/rnl/cogs/2020/chirps-v3.0.rnl.2020.05.08.cog,5,failed: RasterioIOError('CURL error: Could not resolve host: data.chc.ucsb.edu')
2026-10-07T11:12:01+00:00,chirps,2020-05-09,https://data.chc.ucsb.edu/products/CHIRPS/v3.0/daily/final/rnl/cogs/2020/chirps-v3.0.rnl.2020.05.09.cog,5,failed: RasterioIOError('CURL error: Could not resolve host: data.chc.ucsb.edu')
2026-10-07T11:12:30+00:00,nasa_power_soil,ZMB-D-0107__1999-04-14_2026-01-30,"https://power.larc.nasa.gov/api/temporal/daily/point?parameters=GWETTOP,GWETROOT,GWETPROF&community=AG&longitude=30.632124&latitude=-12.881426&start=19990414&end=20260130&format=JSON&time-standard=LST",5,"ConnectionError(MaxRetryError('HTTPSConnectionPool(host=\'power.larc.nasa.gov\', port=443): Max retries exceeded with url: /api/temporal/daily/point?parameters=GWETTOP%2CGWETROOT%2CGWETPROF&community=AG&longitude=30.632124&latitude=-12.881426&start=19990414&end=20260130&format=JSON&time-standard=LST (Caused by NameResolutionError(""<urllib3.connection.HTTPSConnection object at 0x000001D8BCB7D950>: Failed to resolve \'power.larc.nasa.gov\' ([Errno 11001] getaddrinfo failed)""))'))"
2026-10-07T11:12:58+00:00,chirps,2020-05-10,https://data.chc.ucsb.edu/products/CHIRPS/v3.0/daily/final/rnl/cogs/2020/chirps-v3.0.rnl.2020.05.10.cog,5,failed: RasterioIOError('CURL error: Could not resolve host: data.chc.ucsb.edu')
2026-10-07T11:13:01+00:00,chirps,2020-05-11,https://data.chc.ucsb.edu/products/CHIRPS/v3.0/daily/final/rnl/cogs/2020/chirps-v3.0.rnl.2020.05.11.cog,5,failed: RasterioIOError('CURL error: Could not resolve host: data.chc.ucsb.edu')
2026-10-07T11:13:01+00:00,chirps,2020-05-12,https://data.chc.ucsb.edu/products/CHIRPS/v3.0/daily/final/rnl/cogs/2020/chirps-v3.0.rnl.2020.05.12.cog,5,failed: RasterioIOError('CURL error: Could not resolve host: data.chc.ucsb.edu')
2026-10-07T11:13:01+00:00,chirps,2020-05-14,https://data.chc.ucsb.edu/products/CHIRPS/v3.0/daily/final/rnl/cogs/2020/chirps-v3.0.rnl.2020.05.14.cog,5,failed: RasterioIOError('CURL error: Could not resolve host: data.chc.ucsb.edu')
2026-10-07T11:13:01+00:00,chirps,2020-05-13,https://data.chc.ucsb.edu/products/CHIRPS/v3.0/daily/final/rnl/cogs/2020/chirps-v3.0.rnl.2020.05.13.cog,5,failed: RasterioIOError('CURL error: Could not resolve host: data.chc.ucsb.edu')
2026-10-07T11:13:02+00:00,chirps,2020-05-16,https://data.chc.ucsb.edu/products/CHIRPS/v3.0/daily/final/rnl/cogs/2020/chirps-v3.0.rnl.2020.05.16.cog,5,failed: RasterioIOError('CURL error: Could not resolve host: data.chc.ucsb.edu')
2026-10-07T11:13:02+00:00,chirps,2020-05-15,https://data.chc.ucsb.edu/products/CHIRPS/v3.0/daily/final/rnl/cogs/2020/chirps-v3.0.rnl.2020.05.15.cog,5,failed: RasterioIOError('CURL error: Could not resolve host: data.chc.ucsb.edu')
2026-10-07T11:13:04+00:00,chirps,2020-05-17,https://data.chc.ucsb.edu/products/CHIRPS/v3.0/daily/final/rnl/cogs/2020/chirps-v3.0.rnl.2020.05.17.cog,5,failed: RasterioIOError('CURL error: Could not resolve host: data.chc.ucsb.edu')
2026-10-07T11:13:35+00:00,nasa_power_soil,ZMB-D-0108__1999-04-14_2026-01-30,"https://power.larc.nasa.gov/api/temporal/daily/point?parameters=GWETTOP,GWETROOT,GWETPROF&community=AG&longitude=29.4626&latitude=-13.766746&start=19990414&end=20260130&format=JSON&time-standard=LST",5,"ConnectionError(MaxRetryError('HTTPSConnectionPool(host=\'power.larc.nasa.gov\', port=443): Max retries exceeded with url: /api/temporal/daily/point?parameters=GWETTOP%2CGWETROOT%2CGWETPROF&community=AG&longitude=29.4626&latitude=-13.766746&start=19990414&end=20260130&format=JSON&time-standard=LST (Caused by NameResolutionError(""<urllib3.connection.HTTPSConnection object at 0x000001D8BCB27B10>: Failed to resolve \'power.larc.nasa.gov\' ([Errno 11001] getaddrinfo failed)""))'))"
2026-10-07T11:14:00+00:00,chirps,2020-05-18,https://data.chc.ucsb.edu/products/CHIRPS/v3.0/daily/final/rnl/cogs/2020/chirps-v3.0.rnl.2020.05.18.cog,5,failed: RasterioIOError('CURL error: Could not resolve host: data.chc.ucsb.edu')
2026-10-07T11:14:03+00:00,chirps,2020-05-19,https://data.chc.ucsb.edu/products/CHIRPS/v3.0/daily/final/rnl/cogs/2020/chirps-v3.0.rnl.2020.05.19.cog,5,failed: RasterioIOError('CURL error: Could not resolve host: data.chc.ucsb.edu')
2026-10-07T11:14:03+00:00,chirps,2020-05-20,https://data.chc.ucsb.edu/products/CHIRPS/v3.0/daily/final/rnl/cogs/2020/chirps-v3.0.rnl.2020.05.20.cog,5,failed: RasterioIOError('CURL error: Could not resolve host: data.chc.ucsb.edu')
2026-10-07T11:14:03+00:00,chirps,2020-05-22,https://data.chc.ucsb.edu/products/CHIRPS/v3.0/daily/final/rnl/cogs/2020/chirps-v3.0.rnl.2020.05.22.cog,5,failed: RasterioIOError('CURL error: Could not resolve host: data.chc.ucsb.edu')
2026-10-07T11:14:03+00:00,chirps,2020-05-21,https://data.chc.ucsb.edu/products/CHIRPS/v3.0/daily/final/rnl/cogs/2020/chirps-v3.0.rnl.2020.05.21.cog,5,failed: RasterioIOError('CURL error: Could not resolve host: data.chc.ucsb.edu')
2026-10-07T11:14:04+00:00,chirps,2020-05-23,https://data.chc.ucsb.edu/products/CHIRPS/v3.0/daily/final/rnl/cogs/2020/chirps-v3.0.rnl.2020.05.23.cog,5,failed: RasterioIOError('CURL error: Could not resolve host: data.chc.ucsb.edu')
2026-10-07T11:14:04+00:00,chirps,2020-05-24,https://data.chc.ucsb.edu/products/CHIRPS/v3.0/daily/final/rnl/cogs/2020/chirps-v3.0.rnl.2020.05.24.cog,5,failed: RasterioIOError('CURL error: Could not resolve host: data.chc.ucsb.edu')
2026-10-07T11:14:06+00:00,chirps,2020-05-25,https://data.chc.ucsb.edu/products/CHIRPS/v3.0/daily/final/rnl/cogs/2020/chirps-v3.0.rnl.2020.05.25.cog,5,failed: RasterioIOError('CURL error: Could not resolve host: data.chc.ucsb.edu')
2026-10-07T11:14:41+00:00,nasa_power_soil,ZMB-D-0109__1999-04-14_2026-01-30,"https://power.larc.nasa.gov/api/temporal/daily/point?parameters=GWETTOP,GWETROOT,GWETPROF&community=AG&longitude=28.528361&latitude=-14.776176&start=19990414&end=20260130&format=JSON&time-standard=LST",5,"ConnectionError(MaxRetryError('HTTPSConnectionPool(host=\'power.larc.nasa.gov\', port=443): Max retries exceeded with url: /api/temporal/daily/point?parameters=GWETTOP%2CGWETROOT%2CGWETPROF&community=AG&longitude=28.528361&latitude=-14.776176&start=19990414&end=20260130&format=JSON&time-standard=LST (Caused by NameResolutionError(""<urllib3.connection.HTTPSConnection object at 0x000001D8BCB25E50>: Failed to resolve \'power.larc.nasa.gov\' ([Errno 11001] getaddrinfo failed)""))'))"
2026-10-07T11:15:02+00:00,chirps,2020-05-26,https://data.chc.ucsb.edu/products/CHIRPS/v3.0/daily/final/rnl/cogs/2020/chirps-v3.0.rnl.2020.05.26.cog,5,failed: RasterioIOError('CURL error: Could not resolve host: data.chc.ucsb.edu')
2026-10-07T11:15:05+00:00,chirps,2020-05-27,https://data.chc.ucsb.edu/products/CHIRPS/v3.0/daily/final/rnl/cogs/2020/chirps-v3.0.rnl.2020.05.27.cog,5,failed: RasterioIOError('CURL error: Could not resolve host: data.chc.ucsb.edu')
2026-10-07T11:15:05+00:00,chirps,2020-05-28,https://data.chc.ucsb.edu/products/CHIRPS/v3.0/daily/final/rnl/cogs/2020/chirps-v3.0.rnl.2020.05.28.cog,5,failed: RasterioIOError('CURL error: Could not resolve host: data.chc.ucsb.edu')
2026-10-07T11:15:05+00:00,chirps,2020-05-29,https://data.chc.ucsb.edu/products/CHIRPS/v3.0/daily/final/rnl/cogs/2020/chirps-v3.0.rnl.2020.05.29.cog,5,failed: RasterioIOError('CURL error: Could not resolve host: data.chc.ucsb.edu')
2026-10-07T11:15:05+00:00,chirps,2020-05-30,https://data.chc.ucsb.edu/products/CHIRPS/v3.0/daily/final/rnl/cogs/2020/chirps-v3.0.rnl.2020.05.30.cog,5,failed: RasterioIOError('CURL error: Could not resolve host: data.chc.ucsb.edu')
2026-10-07T11:15:06+00:00,chirps,2020-05-31,https://data.chc.ucsb.edu/products/CHIRPS/v3.0/daily/final/rnl/cogs/2020/chirps-v3.0.rnl.2020.05.31.cog,5,failed: RasterioIOError('CURL error: Could not resolve host: data.chc.ucsb.edu')
2026-10-07T11:15:06+00:00,chirps,2020-06-01,https://data.chc.ucsb.edu/products/CHIRPS/v3.0/daily/final/rnl/cogs/2020/chirps-v3.0.rnl.2020.06.01.cog,5,failed: RasterioIOError('CURL error: Could not resolve host: data.chc.ucsb.edu')
2026-10-07T11:15:08+00:00,chirps,2020-06-02,https://data.chc.ucsb.edu/products/CHIRPS/v3.0/daily/final/rnl/cogs/2020/chirps-v3.0.rnl.2020.06.02.cog,5,failed: RasterioIOError('CURL error: Could not resolve host: data.chc.ucsb.edu')
2026-10-07T11:15:47+00:00,nasa_power_soil,ZMB-D-0110__1999-04-14_2026-01-30,"https://power.larc.nasa.gov/api/temporal/daily/point?parameters=GWETTOP,GWETROOT,GWETPROF&community=AG&longitude=28.481995&latitude=-14.198395&start=19990414&end=20260130&format=JSON&time-standard=LST",5,"ConnectionError(MaxRetryError('HTTPSConnectionPool(host=\'power.larc.nasa.gov\', port=443): Max retries exceeded with url: /api/temporal/daily/point?parameters=GWETTOP%2CGWETROOT%2CGWETPROF&community=AG&longitude=28.481995&latitude=-14.198395&start=19990414&end=20260130&format=JSON&time-standard=LST (Caused by NameResolutionError(""<urllib3.connection.HTTPSConnection object at 0x000001D8BCB25F90>: Failed to resolve \'power.larc.nasa.gov\' ([Errno 11001] getaddrinfo failed)""))'))"
2026-10-07T11:16:04+00:00,chirps,2020-06-03,https://data.chc.ucsb.edu/products/CHIRPS/v3.0/daily/final/rnl/cogs/2020/chirps-v3.0.rnl.2020.06.03.cog,5,failed: RasterioIOError('CURL error: Could not resolve host: data.chc.ucsb.edu')
2026-10-07T11:16:07+00:00,chirps,2020-06-04,https://data.chc.ucsb.edu/products/CHIRPS/v3.0/daily/final/rnl/cogs/2020/chirps-v3.0.rnl.2020.06.04.cog,5,failed: RasterioIOError('CURL error: Could not resolve host: data.chc.ucsb.edu')
2026-10-07T11:16:07+00:00,chirps,2020-06-05,https://data.chc.ucsb.edu/products/CHIRPS/v3.0/daily/final/rnl/cogs/2020/chirps-v3.0.rnl.2020.06.05.cog,5,failed: RasterioIOError('CURL error: Could not resolve host: data.chc.ucsb.edu')
2026-10-07T11:16:07+00:00,chirps,2020-06-06,https://data.chc.ucsb.edu/products/CHIRPS/v3.0/daily/final/rnl/cogs/2020/chirps-v3.0.rnl.2020.06.06.cog,5,failed: RasterioIOError('CURL error: Could not resolve host: data.chc.ucsb.edu')
2026-10-07T11:16:07+00:00,chirps,2020-06-07,https://data.chc.ucsb.edu/products/CHIRPS/v3.0/daily/final/rnl/cogs/2020/chirps-v3.0.rnl.2020.06.07.cog,5,failed: RasterioIOError('CURL error: Could not resolve host: data.chc.ucsb.edu')
2026-10-07T11:16:08+00:00,chirps,2020-06-08,https://data.chc.ucsb.edu/products/CHIRPS/v3.0/daily/final/rnl/cogs/2020/chirps-v3.0.rnl.2020.06.08.cog,5,failed: RasterioIOError('CURL error: Could not resolve host: data.chc.ucsb.edu')
2026-10-07T11:16:08+00:00,chirps,2020-06-09,https://data.chc.ucsb.edu/products/CHIRPS/v3.0/daily/final/rnl/cogs/2020/chirps-v3.0.rnl.2020.06.09.cog,5,failed: RasterioIOError('CURL error: Could not resolve host: data.chc.ucsb.edu')
2026-10-07T11:16:10+00:00,chirps,2020-06-10,https://data.chc.ucsb.edu/products/CHIRPS/v3.0/daily/final/rnl/cogs/2020/chirps-v3.0.rnl.2020.06.10.cog,5,failed: RasterioIOError('CURL error: Could not resolve host: data.chc.ucsb.edu')
2026-10-07T11:16:52+00:00,nasa_power_soil,ZMB-D-0111__1999-04-14_2026-01-30,"https://power.larc.nasa.gov/api/temporal/daily/point?parameters=GWETTOP,GWETROOT,GWETPROF&community=AG&longitude=30.423903&latitude=-13.187476&start=19990414&end=20260130&format=JSON&time-standard=LST",5,"ConnectionError(MaxRetryError('HTTPSConnectionPool(host=\'power.larc.nasa.gov\', port=443): Max retries exceeded with url: /api/temporal/daily/point?parameters=GWETTOP%2CGWETROOT%2CGWETPROF&community=AG&longitude=30.423903&latitude=-13.187476&start=19990414&end=20260130&format=JSON&time-standard=LST (Caused by NameResolutionError(""<urllib3.connection.HTTPSConnection object at 0x000001D8BCB7DA90>: Failed to resolve \'power.larc.nasa.gov\' ([Errno 11001] getaddrinfo failed)""))'))"
2026-10-07T11:17:06+00:00,chirps,2020-06-11,https://data.chc.ucsb.edu/products/CHIRPS/v3.0/daily/final/rnl/cogs/2020/chirps-v3.0.rnl.2020.06.11.cog,5,failed: RasterioIOError('CURL error: Could not resolve host: data.chc.ucsb.edu')
2026-10-07T11:17:09+00:00,chirps,2020-06-12,https://data.chc.ucsb.edu/products/CHIRPS/v3.0/daily/final/rnl/cogs/2020/chirps-v3.0.rnl.2020.06.12.cog,5,failed: RasterioIOError('CURL error: Could not resolve host: data.chc.ucsb.edu')
2026-10-07T11:17:09+00:00,chirps,2020-06-13,https://data.chc.ucsb.edu/products/CHIRPS/v3.0/daily/final/rnl/cogs/2020/chirps-v3.0.rnl.2020.06.13.cog,5,failed: RasterioIOError('CURL error: Could not resolve host: data.chc.ucsb.edu')
2026-10-07T11:17:09+00:00,chirps,2020-06-15,https://data.chc.ucsb.edu/products/CHIRPS/v3.0/daily/final/rnl/cogs/2020/chirps-v3.0.rnl.2020.06.15.cog,5,failed: RasterioIOError('CURL error: Could not resolve host: data.chc.ucsb.edu')
2026-10-07T11:17:09+00:00,chirps,2020-06-14,https://data.chc.ucsb.edu/products/CHIRPS/v3.0/daily/final/rnl/cogs/2020/chirps-v3.0.rnl.2020.06.14.cog,5,failed: RasterioIOError('CURL error: Could not resolve host: data.chc.ucsb.edu')
2026-10-07T11:17:10+00:00,chirps,2020-06-17,https://data.chc.ucsb.edu/products/CHIRPS/v3.0/daily/final/rnl/cogs/2020/chirps-v3.0.rnl.2020.06.17.cog,5,failed: RasterioIOError('CURL error: Could not resolve host: data.chc.ucsb.edu')
2026-10-07T11:17:10+00:00,chirps,2020-06-16,https://data.chc.ucsb.edu/products/CHIRPS/v3.0/daily/final/rnl/cogs/2020/chirps-v3.0.rnl.2020.06.16.cog,5,failed: RasterioIOError('CURL error: Could not resolve host: data.chc.ucsb.edu')
2026-10-07T11:17:12+00:00,chirps,2020-06-18,https://data.chc.ucsb.edu/products/CHIRPS/v3.0/daily/final/rnl/cogs/2020/chirps-v3.0.rnl.2020.06.18.cog,5,failed: RasterioIOError('CURL error: Could not resolve host: data.chc.ucsb.edu')
2026-10-07T11:17:58+00:00,nasa_power_soil,ZMB-D-0201__1999-04-14_2026-01-30,"https://power.larc.nasa.gov/api/temporal/daily/point?parameters=GWETTOP,GWETROOT,GWETPROF&community=AG&longitude=27.649688&latitude=-13.559876&start=19990414&end=20260130&format=JSON&time-standard=LST",5,"ConnectionError(MaxRetryError('HTTPSConnectionPool(host=\'power.larc.nasa.gov\', port=443): Max retries exceeded with url: /api/temporal/daily/point?parameters=GWETTOP%2CGWETROOT%2CGWETPROF&community=AG&longitude=27.649688&latitude=-13.559876&start=19990414&end=20260130&format=JSON&time-standard=LST (Caused by NameResolutionError(""<urllib3.connection.HTTPSConnection object at 0x000001D8BCB7CE10>: Failed to resolve \'power.larc.nasa.gov\' ([Errno 11001] getaddrinfo failed)""))'))"
2026-10-07T11:18:08+00:00,chirps,2020-06-19,https://data.chc.ucsb.edu/products/CHIRPS/v3.0/daily/final/rnl/cogs/2020/chirps-v3.0.rnl.2020.06.19.cog,5,failed: RasterioIOError('CURL error: Could not resolve host: data.chc.ucsb.edu')
2026-10-07T11:18:11+00:00,chirps,2020-06-20,https://data.chc.ucsb.edu/products/CHIRPS/v3.0/daily/final/rnl/cogs/2020/chirps-v3.0.rnl.2020.06.20.cog,5,failed: RasterioIOError('CURL error: Could not resolve host: data.chc.ucsb.edu')
2026-10-07T11:18:11+00:00,chirps,2020-06-21,https://data.chc.ucsb.edu/products/CHIRPS/v3.0/daily/final/rnl/cogs/2020/chirps-v3.0.rnl.2020.06.21.cog,5,failed: RasterioIOError('CURL error: Could not resolve host: data.chc.ucsb.edu')
2026-10-07T11:18:11+00:00,chirps,2020-06-22,https://data.chc.ucsb.edu/products/CHIRPS/v3.0/daily/final/rnl/cogs/2020/chirps-v3.0.rnl.2020.06.22.cog,5,failed: RasterioIOError('CURL error: Could not resolve host: data.chc.ucsb.edu')
2026-10-07T11:18:11+00:00,chirps,2020-06-23,https://data.chc.ucsb.edu/products/CHIRPS/v3.0/daily/final/rnl/cogs/2020/chirps-v3.0.rnl.2020.06.23.cog,5,failed: RasterioIOError('CURL error: Could not resolve host: data.chc.ucsb.edu')
2026-10-07T11:18:12+00:00,chirps,2020-06-24,https://data.chc.ucsb.edu/products/CHIRPS/v3.0/daily/final/rnl/cogs/2020/chirps-v3.0.rnl.2020.06.24.cog,5,failed: RasterioIOError('CURL error: Could not resolve host: data.chc.ucsb.edu')
2026-10-07T11:18:12+00:00,chirps,2020-06-25,https://data.chc.ucsb.edu/products/CHIRPS/v3.0/daily/final/rnl/cogs/2020/chirps-v3.0.rnl.2020.06.25.cog,5,failed: RasterioIOError('CURL error: Could not resolve host: data.chc.ucsb.edu')
2026-10-07T11:18:14+00:00,chirps,2020-06-26,https://data.chc.ucsb.edu/products/CHIRPS/v3.0/daily/final/rnl/cogs/2020/chirps-v3.0.rnl.2020.06.26.cog,5,failed: RasterioIOError('CURL error: Could not resolve host: data.chc.ucsb.edu')
2026-10-07T11:19:03+00:00,nasa_power_soil,ZMB-D-0202__1999-04-14_2026-01-30,"https://power.larc.nasa.gov/api/temporal/daily/point?parameters=GWETTOP,GWETROOT,GWETPROF&community=AG&longitude=28.296438&latitude=-12.803426&start=19990414&end=20260130&format=JSON&time-standard=LST",5,"ConnectionError(MaxRetryError('HTTPSConnectionPool(host=\'power.larc.nasa.gov\', port=443): Max retries exceeded with url: /api/temporal/daily/point?parameters=GWETTOP%2CGWETROOT%2CGWETPROF&community=AG&longitude=28.296438&latitude=-12.803426&start=19990414&end=20260130&format=JSON&time-standard=LST (Caused by NameResolutionError(""<urllib3.connection.HTTPSConnection object at 0x000001D8BCB7C190>: Failed to resolve \'power.larc.nasa.gov\' ([Errno 11001] getaddrinfo failed)""))'))"
2026-10-07T11:19:10+00:00,chirps,2020-06-27,https://data.chc.ucsb.edu/products/CHIRPS/v3.0/daily/final/rnl/cogs/2020/chirps-v3.0.rnl.2020.06.27.cog,5,failed: RasterioIOError('CURL error: Could not resolve host: data.chc.ucsb.edu')
2026-10-07T11:19:13+00:00,chirps,2020-06-28,https://data.chc.ucsb.edu/products/CHIRPS/v3.0/daily/final/rnl/cogs/2020/chirps-v3.0.rnl.2020.06.28.cog,5,failed: RasterioIOError('CURL error: Could not resolve host: data.chc.ucsb.edu')
2026-10-07T11:19:13+00:00,chirps,2020-06-29,https://data.chc.ucsb.edu/products/CHIRPS/v3.0/daily/final/rnl/cogs/2020/chirps-v3.0.rnl.2020.06.29.cog,5,failed: RasterioIOError('CURL error: Could not resolve host: data.chc.ucsb.edu')
2026-10-07T11:19:14+00:00,chirps,2020-07-01,https://data.chc.ucsb.edu/products/CHIRPS/v3.0/daily/final/rnl/cogs/2020/chirps-v3.0.rnl.2020.07.01.cog,5,failed: RasterioIOError('CURL error: Could not resolve host: data.chc.ucsb.edu')
2026-10-07T11:19:14+00:00,chirps,2020-06-30,https://data.chc.ucsb.edu/products/CHIRPS/v3.0/daily/final/rnl/cogs/2020/chirps-v3.0.rnl.2020.06.30.cog,5,failed: RasterioIOError('CURL error: Could not resolve host: data.chc.ucsb.edu')
2026-10-07T11:19:14+00:00,chirps,2020-07-02,https://data.chc.ucsb.edu/products/CHIRPS/v3.0/daily/final/rnl/cogs/2020/chirps-v3.0.rnl.2020.07.02.cog,5,failed: RasterioIOError('CURL error: Could not resolve host: data.chc.ucsb.edu')
2026-10-07T11:19:14+00:00,chirps,2020-07-03,https://data.chc.ucsb.edu/products/CHIRPS/v3.0/daily/final/rnl/cogs/2020/chirps-v3.0.rnl.2020.07.03.cog,5,failed: RasterioIOError('CURL error: Could not resolve host: data.chc.ucsb.edu')
2026-10-07T11:19:16+00:00,chirps,2020-07-04,https://data.chc.ucsb.edu/products/CHIRPS/v3.0/daily/final/rnl/cogs/2020/chirps-v3.0.rnl.2020.07.04.cog,5,failed: RasterioIOError('CURL error: Could not resolve host: data.chc.ucsb.edu')
2026-10-07T11:20:09+00:00,nasa_power_soil,ZMB-D-0203__1999-04-14_2026-01-30,"https://power.larc.nasa.gov/api/temporal/daily/point?parameters=GWETTOP,GWETROOT,GWETPROF&community=AG&longitude=27.943288&latitude=-12.730926&start=19990414&end=20260130&format=JSON&time-standard=LST",5,"ConnectionError(MaxRetryError('HTTPSConnectionPool(host=\'power.larc.nasa.gov\', port=443): Max retries exceeded with url: /api/temporal/daily/point?parameters=GWETTOP%2CGWETROOT%2CGWETPROF&community=AG&longitude=27.943288&latitude=-12.730926&start=19990414&end=20260130&format=JSON&time-standard=LST (Caused by NameResolutionError(""<urllib3.connection.HTTPSConnection object at 0x000001D8BCB26C10>: Failed to resolve \'power.larc.nasa.gov\' ([Errno 11001] getaddrinfo failed)""))'))"
2026-10-07T11:20:13+00:00,chirps,2020-07-05,https://data.chc.ucsb.edu/products/CHIRPS/v3.0/daily/final/rnl/cogs/2020/chirps-v3.0.rnl.2020.07.05.cog,5,failed: RasterioIOError('CURL error: Could not resolve host: data.chc.ucsb.edu')
2026-10-07T11:20:15+00:00,chirps,2020-07-06,https://data.chc.ucsb.edu/products/CHIRPS/v3.0/daily/final/rnl/cogs/2020/chirps-v3.0.rnl.2020.07.06.cog,5,failed: RasterioIOError('CURL error: Could not resolve host: data.chc.ucsb.edu')
2026-10-07T11:20:16+00:00,chirps,2020-07-07,https://data.chc.ucsb.edu/products/CHIRPS/v3.0/daily/final/rnl/cogs/2020/chirps-v3.0.rnl.2020.07.07.cog,5,failed: RasterioIOError('CURL error: Could not resolve host: data.chc.ucsb.edu')
2026-10-07T11:20:16+00:00,chirps,2020-07-08,https://data.chc.ucsb.edu/products/CHIRPS/v3.0/daily/final/rnl/cogs/2020/chirps-v3.0.rnl.2020.07.08.cog,5,failed: RasterioIOError('CURL error: Could not resolve host: data.chc.ucsb.edu')
2026-10-07T11:20:16+00:00,chirps,2020-07-09,https://data.chc.ucsb.edu/products/CHIRPS/v3.0/daily/final/rnl/cogs/2020/chirps-v3.0.rnl.2020.07.09.cog,5,failed: RasterioIOError('CURL error: Could not resolve host: data.chc.ucsb.edu')
2026-10-07T11:20:16+00:00,chirps,2020-07-10,https://data.chc.ucsb.edu/products/CHIRPS/v3.0/daily/final/rnl/cogs/2020/chirps-v3.0.rnl.2020.07.10.cog,5,failed: RasterioIOError('CURL error: Could not resolve host: data.chc.ucsb.edu')
2026-10-07T11:20:16+00:00,chirps,2020-07-11,https://data.chc.ucsb.edu/products/CHIRPS/v3.0/daily/final/rnl/cogs/2020/chirps-v3.0.rnl.2020.07.11.cog,5,failed: RasterioIOError('CURL error: Could not resolve host: data.chc.ucsb.edu')
2026-10-07T11:20:18+00:00,chirps,2020-07-12,https://data.chc.ucsb.edu/products/CHIRPS/v3.0/daily/final/rnl/cogs/2020/chirps-v3.0.rnl.2020.07.12.cog,5,failed: RasterioIOError('CURL error: Could not resolve host: data.chc.ucsb.edu')
2026-10-07T11:21:14+00:00,nasa_power_soil,ZMB-D-0204__1999-04-14_2026-01-30,"https://power.larc.nasa.gov/api/temporal/daily/point?parameters=GWETTOP,GWETROOT,GWETPROF&community=AG&longitude=28.268788&latitude=-12.549126&start=19990414&end=20260130&format=JSON&time-standard=LST",5,"ConnectionError(MaxRetryError('HTTPSConnectionPool(host=\'power.larc.nasa.gov\', port=443): Max retries exceeded with url: /api/temporal/daily/point?parameters=GWETTOP%2CGWETROOT%2CGWETPROF&community=AG&longitude=28.268788&latitude=-12.549126&start=19990414&end=20260130&format=JSON&time-standard=LST (Caused by NameResolutionError(""<urllib3.connection.HTTPSConnection object at 0x000001D8BCB260D0>: Failed to resolve \'power.larc.nasa.gov\' ([Errno 11001] getaddrinfo failed)""))'))"
2026-10-07T11:21:15+00:00,chirps,2020-07-13,https://data.chc.ucsb.edu/products/CHIRPS/v3.0/daily/final/rnl/cogs/2020/chirps-v3.0.rnl.2020.07.13.cog,5,failed: RasterioIOError('CURL error: Could not resolve host: data.chc.ucsb.edu')
2026-10-07T11:21:18+00:00,chirps,2020-07-14,https://data.chc.ucsb.edu/products/CHIRPS/v3.0/daily/final/rnl/cogs/2020/chirps-v3.0.rnl.2020.07.14.cog,5,failed: RasterioIOError('CURL error: Could not resolve host: data.chc.ucsb.edu')
2026-10-07T11:21:18+00:00,chirps,2020-07-15,https://data.chc.ucsb.edu/products/CHIRPS/v3.0/daily/final/rnl/cogs/2020/chirps-v3.0.rnl.2020.07.15.cog,5,failed: RasterioIOError('CURL error: Could not resolve host: data.chc.ucsb.edu')
2026-10-07T11:21:18+00:00,chirps,2020-07-16,https://data.chc.ucsb.edu/products/CHIRPS/v3.0/daily/final/rnl/cogs/2020/chirps-v3.0.rnl.2020.07.16.cog,5,failed: RasterioIOError('CURL error: Could not resolve host: data.chc.ucsb.edu')
2026-10-07T11:21:18+00:00,chirps,2020-07-17,https://data.chc.ucsb.edu/products/CHIRPS/v3.0/daily/final/rnl/cogs/2020/chirps-v3.0.rnl.2020.07.17.cog,5,failed: RasterioIOError('CURL error: Could not resolve host: data.chc.ucsb.edu')
2026-10-07T11:21:18+00:00,chirps,2020-07-18,https://data.chc.ucsb.edu/products/CHIRPS/v3.0/daily/final/rnl/cogs/2020/chirps-v3.0.rnl.2020.07.18.cog,5,failed: RasterioIOError('CURL error: Could not resolve host: data.chc.ucsb.edu')
2026-10-07T11:21:18+00:00,chirps,2020-07-19,https://data.chc.ucsb.edu/products/CHIRPS/v3.0/daily/final/rnl/cogs/2020/chirps-v3.0.rnl.2020.07.19.cog,5,failed: RasterioIOError('CURL error: Could not resolve host: data.chc.ucsb.edu')
2026-10-07T11:21:20+00:00,chirps,2020-07-20,https://data.chc.ucsb.edu/products/CHIRPS/v3.0/daily/final/rnl/cogs/2020/chirps-v3.0.rnl.2020.07.20.cog,5,failed: RasterioIOError('CURL error: Could not resolve host: data.chc.ucsb.edu')
2026-10-07T11:22:17+00:00,chirps,2020-07-21,https://data.chc.ucsb.edu/products/CHIRPS/v3.0/daily/final/rnl/cogs/2020/chirps-v3.0.rnl.2020.07.21.cog,5,failed: RasterioIOError('CURL error: Could not resolve host: data.chc.ucsb.edu')
2026-10-07T11:22:20+00:00,chirps,2020-07-22,https://data.chc.ucsb.edu/products/CHIRPS/v3.0/daily/final/rnl/cogs/2020/chirps-v3.0.rnl.2020.07.22.cog,5,failed: RasterioIOError('CURL error: Could not resolve host: data.chc.ucsb.edu')
2026-10-07T11:22:20+00:00,chirps,2020-07-23,https://data.chc.ucsb.edu/products/CHIRPS/v3.0/daily/final/rnl/cogs/2020/chirps-v3.0.rnl.2020.07.23.cog,5,failed: RasterioIOError('CURL error: Could not resolve host: data.chc.ucsb.edu')
2026-10-07T11:22:20+00:00,chirps,2020-07-24,https://data.chc.ucsb.edu/products/CHIRPS/v3.0/daily/final/rnl/cogs/2020/chirps-v3.0.rnl.2020.07.24.cog,5,failed: RasterioIOError('CURL error: Could not resolve host: data.chc.ucsb.edu')
2026-10-07T11:22:20+00:00,chirps,2020-07-25,https://data.chc.ucsb.edu/products/CHIRPS/v3.0/daily/final/rnl/cogs/2020/chirps-v3.0.rnl.2020.07.25.cog,5,failed: RasterioIOError('CURL error: Could not resolve host: data.chc.ucsb.edu')
2026-10-07T11:22:20+00:00,chirps,2020-07-26,https://data.chc.ucsb.edu/products/CHIRPS/v3.0/daily/final/rnl/cogs/2020/chirps-v3.0.rnl.2020.07.26.cog,5,failed: RasterioIOError('CURL error: Could not resolve host: data.chc.ucsb.edu')
2026-10-07T11:22:20+00:00,chirps,2020-07-27,https://data.chc.ucsb.edu/products/CHIRPS/v3.0/daily/final/rnl/cogs/2020/chirps-v3.0.rnl.2020.07.27.cog,5,failed: RasterioIOError('CURL error: Could not resolve host: data.chc.ucsb.edu')
2026-10-07T11:22:20+00:00,nasa_power_soil,ZMB-D-0205__1999-04-14_2026-01-30,"https://power.larc.nasa.gov/api/temporal/daily/point?parameters=GWETTOP,GWETROOT,GWETPROF&community=AG&longitude=27.537588&latitude=-12.932476&start=19990414&end=20260130&format=JSON&time-standard=LST",5,"ConnectionError(MaxRetryError('HTTPSConnectionPool(host=\'power.larc.nasa.gov\', port=443): Max retries exceeded with url: /api/temporal/daily/point?parameters=GWETTOP%2CGWETROOT%2CGWETPROF&community=AG&longitude=27.537588&latitude=-12.932476&start=19990414&end=20260130&format=JSON&time-standard=LST (Caused by NameResolutionError(""<urllib3.connection.HTTPSConnection object at 0x000001D8BCB25450>: Failed to resolve \'power.larc.nasa.gov\' ([Errno 11001] getaddrinfo failed)""))'))"
2026-10-07T11:22:22+00:00,chirps,2020-07-28,https://data.chc.ucsb.edu/products/CHIRPS/v3.0/daily/final/rnl/cogs/2020/chirps-v3.0.rnl.2020.07.28.cog,5,failed: RasterioIOError('CURL error: Could not resolve host: data.chc.ucsb.edu')
2026-10-07T11:23:19+00:00,chirps,2020-07-29,https://data.chc.ucsb.edu/products/CHIRPS/v3.0/daily/final/rnl/cogs/2020/chirps-v3.0.rnl.2020.07.29.cog,5,failed: RasterioIOError('CURL error: Could not resolve host: data.chc.ucsb.edu')
2026-10-07T11:23:22+00:00,chirps,2020-07-30,https://data.chc.ucsb.edu/products/CHIRPS/v3.0/daily/final/rnl/cogs/2020/chirps-v3.0.rnl.2020.07.30.cog,5,failed: RasterioIOError('CURL error: Could not resolve host: data.chc.ucsb.edu')
2026-10-07T11:23:22+00:00,chirps,2020-07-31,https://data.chc.ucsb.edu/products/CHIRPS/v3.0/daily/final/rnl/cogs/2020/chirps-v3.0.rnl.2020.07.31.cog,5,failed: RasterioIOError('CURL error: Could not resolve host: data.chc.ucsb.edu')
2026-10-07T11:23:22+00:00,chirps,2020-08-01,https://data.chc.ucsb.edu/products/CHIRPS/v3.0/daily/final/rnl/cogs/2020/chirps-v3.0.rnl.2020.08.01.cog,5,failed: RasterioIOError('CURL error: Could not resolve host: data.chc.ucsb.edu')
2026-10-07T11:23:22+00:00,chirps,2020-08-02,https://data.chc.ucsb.edu/products/CHIRPS/v3.0/daily/final/rnl/cogs/2020/chirps-v3.0.rnl.2020.08.02.cog,5,failed: RasterioIOError('CURL error: Could not resolve host: data.chc.ucsb.edu')
2026-10-07T11:23:22+00:00,chirps,2020-08-03,https://data.chc.ucsb.edu/products/CHIRPS/v3.0/daily/final/rnl/cogs/2020/chirps-v3.0.rnl.2020.08.03.cog,5,failed: RasterioIOError('CURL error: Could not resolve host: data.chc.ucsb.edu')
2026-10-07T11:23:22+00:00,chirps,2020-08-04,https://data.chc.ucsb.edu/products/CHIRPS/v3.0/daily/final/rnl/cogs/2020/chirps-v3.0.rnl.2020.08.04.cog,5,failed: RasterioIOError('CURL error: Could not resolve host: data.chc.ucsb.edu')
2026-10-07T11:23:24+00:00,chirps,2020-08-05,https://data.chc.ucsb.edu/products/CHIRPS/v3.0/daily/final/rnl/cogs/2020/chirps-v3.0.rnl.2020.08.05.cog,5,failed: RasterioIOError('CURL error: Could not resolve host: data.chc.ucsb.edu')
2026-10-07T11:23:25+00:00,nasa_power_soil,ZMB-D-0206__1999-04-14_2026-01-30,"https://power.larc.nasa.gov/api/temporal/daily/point?parameters=GWETTOP,GWETROOT,GWETPROF&community=AG&longitude=27.711438&latitude=-12.485226&start=19990414&end=20260130&format=JSON&time-standard=LST",5,"ConnectionError(MaxRetryError('HTTPSConnectionPool(host=\'power.larc.nasa.gov\', port=443): Max retries exceeded with url: /api/temporal/daily/point?parameters=GWETTOP%2CGWETROOT%2CGWETPROF&community=AG&longitude=27.711438&latitude=-12.485226&start=19990414&end=20260130&format=JSON&time-standard=LST (Caused by NameResolutionError(""<urllib3.connection.HTTPSConnection object at 0x000001D8BCB7E850>: Failed to resolve \'power.larc.nasa.gov\' ([Errno 11001] getaddrinfo failed)""))'))"
2026-10-07T11:24:21+00:00,chirps,2020-08-06,https://data.chc.ucsb.edu/products/CHIRPS/v3.0/daily/final/rnl/cogs/2020/chirps-v3.0.rnl.2020.08.06.cog,5,failed: RasterioIOError('CURL error: Could not resolve host: data.chc.ucsb.edu')
2026-10-07T11:24:24+00:00,chirps,2020-08-07,https://data.chc.ucsb.edu/products/CHIRPS/v3.0/daily/final/rnl/cogs/2020/chirps-v3.0.rnl.2020.08.07.cog,5,failed: RasterioIOError('CURL error: Could not resolve host: data.chc.ucsb.edu')
2026-10-07T11:24:24+00:00,chirps,2020-08-08,https://data.chc.ucsb.edu/products/CHIRPS/v3.0/daily/final/rnl/cogs/2020/chirps-v3.0.rnl.2020.08.08.cog,5,failed: RasterioIOError('CURL error: Could not resolve host: data.chc.ucsb.edu')
2026-10-07T11:24:24+00:00,chirps,2020-08-09,https://data.chc.ucsb.edu/products/CHIRPS/v3.0/daily/final/rnl/cogs/2020/chirps-v3.0.rnl.2020.08.09.cog,5,failed: RasterioIOError('CURL error: Could not resolve host: data.chc.ucsb.edu')
2026-10-07T11:24:24+00:00,chirps,2020-08-10,https://data.chc.ucsb.edu/products/CHIRPS/v3.0/daily/final/rnl/cogs/2020/chirps-v3.0.rnl.2020.08.10.cog,5,failed: RasterioIOError('CURL error: Could not resolve host: data.chc.ucsb.edu')
2026-10-07T11:24:24+00:00,chirps,2020-08-11,https://data.chc.ucsb.edu/products/CHIRPS/v3.0/daily/final/rnl/cogs/2020/chirps-v3.0.rnl.2020.08.11.cog,5,failed: RasterioIOError('CURL error: Could not resolve host: data.chc.ucsb.edu')
2026-10-07T11:24:24+00:00,chirps,2020-08-12,https://data.chc.ucsb.edu/products/CHIRPS/v3.0/daily/final/rnl/cogs/2020/chirps-v3.0.rnl.2020.08.12.cog,5,failed: RasterioIOError('CURL error: Could not resolve host: data.chc.ucsb.edu')
2026-10-07T11:24:26+00:00,chirps,2020-08-13,https://data.chc.ucsb.edu/products/CHIRPS/v3.0/daily/final/rnl/cogs/2020/chirps-v3.0.rnl.2020.08.13.cog,5,failed: RasterioIOError('CURL error: Could not resolve host: data.chc.ucsb.edu')
2026-10-07T11:24:30+00:00,nasa_power_soil,ZMB-D-0207__1999-04-14_2026-01-30,"https://power.larc.nasa.gov/api/temporal/daily/point?parameters=GWETTOP,GWETROOT,GWETPROF&community=AG&longitude=27.901838&latitude=-12.390426&start=19990414&end=20260130&format=JSON&time-standard=LST",5,"ConnectionError(MaxRetryError('HTTPSConnectionPool(host=\'power.larc.nasa.gov\', port=443): Max retries exceeded with url: /api/temporal/daily/point?parameters=GWETTOP%2CGWETROOT%2CGWETPROF&community=AG&longitude=27.901838&latitude=-12.390426&start=19990414&end=20260130&format=JSON&time-standard=LST (Caused by NameResolutionError(""<urllib3.connection.HTTPSConnection object at 0x000001D8BCB7C550>: Failed to resolve \'power.larc.nasa.gov\' ([Errno 11001] getaddrinfo failed)""))'))"
2026-10-07T11:25:23+00:00,chirps,2020-08-14,https://data.chc.ucsb.edu/products/CHIRPS/v3.0/daily/final/rnl/cogs/2020/chirps-v3.0.rnl.2020.08.14.cog,5,failed: RasterioIOError('CURL error: Could not resolve host: data.chc.ucsb.edu')
2026-10-07T11:25:26+00:00,chirps,2020-08-15,https://data.chc.ucsb.edu/products/CHIRPS/v3.0/daily/final/rnl/cogs/2020/chirps-v3.0.rnl.2020.08.15.cog,5,failed: RasterioIOError('CURL error: Could not resolve host: data.chc.ucsb.edu')
2026-10-07T11:25:26+00:00,chirps,2020-08-16,https://data.chc.ucsb.edu/products/CHIRPS/v3.0/daily/final/rnl/cogs/2020/chirps-v3.0.rnl.2020.08.16.cog,5,failed: RasterioIOError('CURL error: Could not resolve host: data.chc.ucsb.edu')
2026-10-07T11:25:26+00:00,chirps,2020-08-17,https://data.chc.ucsb.edu/products/CHIRPS/v3.0/daily/final/rnl/cogs/2020/chirps-v3.0.rnl.2020.08.17.cog,5,failed: RasterioIOError('CURL error: Could not resolve host: data.chc.ucsb.edu')
2026-10-07T11:25:26+00:00,chirps,2020-08-18,https://data.chc.ucsb.edu/products/CHIRPS/v3.0/daily/final/rnl/cogs/2020/chirps-v3.0.rnl.2020.08.18.cog,5,failed: RasterioIOError('CURL error: Could not resolve host: data.chc.ucsb.edu')
2026-10-07T11:25:26+00:00,chirps,2020-08-20,https://data.chc.ucsb.edu/products/CHIRPS/v3.0/daily/final/rnl/cogs/2020/chirps-v3.0.rnl.2020.08.20.cog,5,failed: RasterioIOError('CURL error: Could not resolve host: data.chc.ucsb.edu')
2026-10-07T11:25:26+00:00,chirps,2020-08-19,https://data.chc.ucsb.edu/products/CHIRPS/v3.0/daily/final/rnl/cogs/2020/chirps-v3.0.rnl.2020.08.19.cog,5,failed: RasterioIOError('CURL error: Could not resolve host: data.chc.ucsb.edu')
2026-10-07T11:25:28+00:00,chirps,2020-08-21,https://data.chc.ucsb.edu/products/CHIRPS/v3.0/daily/final/rnl/cogs/2020/chirps-v3.0.rnl.2020.08.21.cog,5,failed: RasterioIOError('CURL error: Could not resolve host: data.chc.ucsb.edu')
2026-10-07T11:25:35+00:00,nasa_power_soil,ZMB-D-0208__1999-04-14_2026-01-30,"https://power.larc.nasa.gov/api/temporal/daily/point?parameters=GWETTOP,GWETROOT,GWETPROF&community=AG&longitude=28.612038&latitude=-13.349176&start=19990414&end=20260130&format=JSON&time-standard=LST",5,"ConnectionError(MaxRetryError('HTTPSConnectionPool(host=\'power.larc.nasa.gov\', port=443): Max retries exceeded with url: /api/temporal/daily/point?parameters=GWETTOP%2CGWETROOT%2CGWETPROF&community=AG&longitude=28.612038&latitude=-13.349176&start=19990414&end=20260130&format=JSON&time-standard=LST (Caused by NameResolutionError(""<urllib3.connection.HTTPSConnection object at 0x000001D8BCB7D1D0>: Failed to resolve \'power.larc.nasa.gov\' ([Errno 11001] getaddrinfo failed)""))'))"
2026-10-07T11:26:25+00:00,chirps,2020-08-22,https://data.chc.ucsb.edu/products/CHIRPS/v3.0/daily/final/rnl/cogs/2020/chirps-v3.0.rnl.2020.08.22.cog,5,failed: RasterioIOError('CURL error: Could not resolve host: data.chc.ucsb.edu')
2026-10-07T11:26:28+00:00,chirps,2020-08-23,https://data.chc.ucsb.edu/products/CHIRPS/v3.0/daily/final/rnl/cogs/2020/chirps-v3.0.rnl.2020.08.23.cog,5,failed: RasterioIOError('CURL error: Could not resolve host: data.chc.ucsb.edu')
2026-10-07T11:26:28+00:00,chirps,2020-08-24,https://data.chc.ucsb.edu/products/CHIRPS/v3.0/daily/final/rnl/cogs/2020/chirps-v3.0.rnl.2020.08.24.cog,5,failed: RasterioIOError('CURL error: Could not resolve host: data.chc.ucsb.edu')
2026-10-07T11:26:28+00:00,chirps,2020-08-25,https://data.chc.ucsb.edu/products/CHIRPS/v3.0/daily/final/rnl/cogs/2020/chirps-v3.0.rnl.2020.08.25.cog,5,failed: RasterioIOError('CURL error: Could not resolve host: data.chc.ucsb.edu')
2026-10-07T11:26:28+00:00,chirps,2020-08-26,https://data.chc.ucsb.edu/products/CHIRPS/v3.0/daily/final/rnl/cogs/2020/chirps-v3.0.rnl.2020.08.26.cog,5,failed: RasterioIOError('CURL error: Could not resolve host: data.chc.ucsb.edu')
2026-10-07T11:26:28+00:00,chirps,2020-08-27,https://data.chc.ucsb.edu/products/CHIRPS/v3.0/daily/final/rnl/cogs/2020/chirps-v3.0.rnl.2020.08.27.cog,5,failed: RasterioIOError('CURL error: Could not resolve host: data.chc.ucsb.edu')
2026-10-07T11:26:28+00:00,chirps,2020-08-28,https://data.chc.ucsb.edu/products/CHIRPS/v3.0/daily/final/rnl/cogs/2020/chirps-v3.0.rnl.2020.08.28.cog,5,failed: RasterioIOError('CURL error: Could not resolve host: data.chc.ucsb.edu')
2026-10-07T11:26:30+00:00,chirps,2020-08-29,https://data.chc.ucsb.edu/products/CHIRPS/v3.0/daily/final/rnl/cogs/2020/chirps-v3.0.rnl.2020.08.29.cog,5,failed: RasterioIOError('CURL error: Could not resolve host: data.chc.ucsb.edu')
2026-10-07T11:26:40+00:00,nasa_power_soil,ZMB-D-0209__1999-04-14_2026-01-30,"https://power.larc.nasa.gov/api/temporal/daily/point?parameters=GWETTOP,GWETROOT,GWETPROF&community=AG&longitude=28.394332&latitude=-13.075413&start=19990414&end=20260130&format=JSON&time-standard=LST",5,"ConnectionError(MaxRetryError('HTTPSConnectionPool(host=\'power.larc.nasa.gov\', port=443): Max retries exceeded with url: /api/temporal/daily/point?parameters=GWETTOP%2CGWETROOT%2CGWETPROF&community=AG&longitude=28.394332&latitude=-13.075413&start=19990414&end=20260130&format=JSON&time-standard=LST (Caused by NameResolutionError(""<urllib3.connection.HTTPSConnection object at 0x000001D8BCB7F110>: Failed to resolve \'power.larc.nasa.gov\' ([Errno 11001] getaddrinfo failed)""))'))"
2026-10-07T11:27:27+00:00,chirps,2020-08-30,https://data.chc.ucsb.edu/products/CHIRPS/v3.0/daily/final/rnl/cogs/2020/chirps-v3.0.rnl.2020.08.30.cog,5,failed: RasterioIOError('CURL error: Could not resolve host: data.chc.ucsb.edu')
2026-10-07T11:27:30+00:00,chirps,2020-08-31,https://data.chc.ucsb.edu/products/CHIRPS/v3.0/daily/final/rnl/cogs/2020/chirps-v3.0.rnl.2020.08.31.cog,5,failed: RasterioIOError('CURL error: Could not resolve host: data.chc.ucsb.edu')
2026-10-07T11:27:30+00:00,chirps,2020-09-01,https://data.chc.ucsb.edu/products/CHIRPS/v3.0/daily/final/rnl/cogs/2020/chirps-v3.0.rnl.2020.09.01.cog,5,failed: RasterioIOError('CURL error: Could not resolve host: data.chc.ucsb.edu')
2026-10-07T11:27:30+00:00,chirps,2020-09-02,https://data.chc.ucsb.edu/products/CHIRPS/v3.0/daily/final/rnl/cogs/2020/chirps-v3.0.rnl.2020.09.02.cog,5,failed: RasterioIOError('CURL error: Could not resolve host: data.chc.ucsb.edu')
2026-10-07T11:27:30+00:00,chirps,2020-09-03,https://data.chc.ucsb.edu/products/CHIRPS/v3.0/daily/final/rnl/cogs/2020/chirps-v3.0.rnl.2020.09.03.cog,5,failed: RasterioIOError('CURL error: Could not resolve host: data.chc.ucsb.edu')
2026-10-07T11:27:30+00:00,chirps,2020-09-04,https://data.chc.ucsb.edu/products/CHIRPS/v3.0/daily/final/rnl/cogs/2020/chirps-v3.0.rnl.2020.09.04.cog,5,failed: RasterioIOError('CURL error: Could not resolve host: data.chc.ucsb.edu')
2026-10-07T11:27:30+00:00,chirps,2020-09-05,https://data.chc.ucsb.edu/products/CHIRPS/v3.0/daily/final/rnl/cogs/2020/chirps-v3.0.rnl.2020.09.05.cog,5,failed: RasterioIOError('CURL error: Could not resolve host: data.chc.ucsb.edu')
2026-10-07T11:27:32+00:00,chirps,2020-09-06,https://data.chc.ucsb.edu/products/CHIRPS/v3.0/daily/final/rnl/cogs/2020/chirps-v3.0.rnl.2020.09.06.cog,5,failed: RasterioIOError('CURL error: Could not resolve host: data.chc.ucsb.edu')
2026-10-07T11:27:46+00:00,nasa_power_soil,ZMB-D-0210__1999-04-14_2026-01-30,"https://power.larc.nasa.gov/api/temporal/daily/point?parameters=GWETTOP,GWETROOT,GWETPROF&community=AG&longitude=28.542282&latitude=-12.963666&start=19990414&end=20260130&format=JSON&time-standard=LST",5,"ConnectionError(MaxRetryError('HTTPSConnectionPool(host=\'power.larc.nasa.gov\', port=443): Max retries exceeded with url: /api/temporal/daily/point?parameters=GWETTOP%2CGWETROOT%2CGWETPROF&community=AG&longitude=28.542282&latitude=-12.963666&start=19990414&end=20260130&format=JSON&time-standard=LST (Caused by NameResolutionError(""<urllib3.connection.HTTPSConnection object at 0x000001D8BCB25810>: Failed to resolve \'power.larc.nasa.gov\' ([Errno 11001] getaddrinfo failed)""))'))"
2026-10-07T11:28:29+00:00,chirps,2020-09-07,https://data.chc.ucsb.edu/products/CHIRPS/v3.0/daily/final/rnl/cogs/2020/chirps-v3.0.rnl.2020.09.07.cog,5,failed: RasterioIOError('CURL error: Could not resolve host: data.chc.ucsb.edu')
2026-10-07T11:28:32+00:00,chirps,2020-09-08,https://data.chc.ucsb.edu/products/CHIRPS/v3.0/daily/final/rnl/cogs/2020/chirps-v3.0.rnl.2020.09.08.cog,5,failed: RasterioIOError('CURL error: Could not resolve host: data.chc.ucsb.edu')
2026-10-07T11:28:32+00:00,chirps,2020-09-09,https://data.chc.ucsb.edu/products/CHIRPS/v3.0/daily/final/rnl/cogs/2020/chirps-v3.0.rnl.2020.09.09.cog,5,failed: RasterioIOError('CURL error: Could not resolve host: data.chc.ucsb.edu')
2026-10-07T11:28:32+00:00,chirps,2020-09-11,https://data.chc.ucsb.edu/products/CHIRPS/v3.0/daily/final/rnl/cogs/2020/chirps-v3.0.rnl.2020.09.11.cog,5,failed: RasterioIOError('CURL error: Could not resolve host: data.chc.ucsb.edu')
2026-10-07T11:28:32+00:00,chirps,2020-09-10,https://data.chc.ucsb.edu/products/CHIRPS/v3.0/daily/final/rnl/cogs/2020/chirps-v3.0.rnl.2020.09.10.cog,5,failed: RasterioIOError('CURL error: Could not resolve host: data.chc.ucsb.edu')
2026-10-07T11:28:32+00:00,chirps,2020-09-12,https://data.chc.ucsb.edu/products/CHIRPS/v3.0/daily/final/rnl/cogs/2020/chirps-v3.0.rnl.2020.09.12.cog,5,failed: RasterioIOError('CURL error: Could not resolve host: data.chc.ucsb.edu')
2026-10-07T11:28:32+00:00,chirps,2020-09-13,https://data.chc.ucsb.edu/products/CHIRPS/v3.0/daily/final/rnl/cogs/2020/chirps-v3.0.rnl.2020.09.13.cog,5,failed: RasterioIOError('CURL error: Could not resolve host: data.chc.ucsb.edu')
2026-10-07T11:28:34+00:00,chirps,2020-09-14,https://data.chc.ucsb.edu/products/CHIRPS/v3.0/daily/final/rnl/cogs/2020/chirps-v3.0.rnl.2020.09.14.cog,5,failed: RasterioIOError('CURL error: Could not resolve host: data.chc.ucsb.edu')
2026-10-07T11:28:52+00:00,nasa_power_soil,ZMB-D-0301__1999-04-14_2026-01-30,"https://power.larc.nasa.gov/api/temporal/daily/point?parameters=GWETTOP,GWETROOT,GWETPROF&community=AG&longitude=32.462785&latitude=-14.103876&start=19990414&end=20260130&format=JSON&time-standard=LST",5,"ConnectionError(MaxRetryError('HTTPSConnectionPool(host=\'power.larc.nasa.gov\', port=443): Max retries exceeded with url: /api/temporal/daily/point?parameters=GWETTOP%2CGWETROOT%2CGWETPROF&community=AG&longitude=32.462785&latitude=-14.103876&start=19990414&end=20260130&format=JSON&time-standard=LST (Caused by NameResolutionError(""<urllib3.connection.HTTPSConnection object at 0x000001D8BCB26E90>: Failed to resolve \'power.larc.nasa.gov\' ([Errno 11001] getaddrinfo failed)""))'))"
2026-10-07T11:29:31+00:00,chirps,2020-09-15,https://data.chc.ucsb.edu/products/CHIRPS/v3.0/daily/final/rnl/cogs/2020/chirps-v3.0.rnl.2020.09.15.cog,5,failed: RasterioIOError('CURL error: Could not resolve host: data.chc.ucsb.edu')
2026-10-07T11:29:34+00:00,chirps,2020-09-16,https://data.chc.ucsb.edu/products/CHIRPS/v3.0/daily/final/rnl/cogs/2020/chirps-v3.0.rnl.2020.09.16.cog,5,failed: RasterioIOError('CURL error: Could not resolve host: data.chc.ucsb.edu')
2026-10-07T11:29:34+00:00,chirps,2020-09-17,https://data.chc.ucsb.edu/products/CHIRPS/v3.0/daily/final/rnl/cogs/2020/chirps-v3.0.rnl.2020.09.17.cog,5,failed: RasterioIOError('CURL error: Could not resolve host: data.chc.ucsb.edu')
2026-10-07T11:29:34+00:00,chirps,2020-09-19,https://data.chc.ucsb.edu/products/CHIRPS/v3.0/daily/final/rnl/cogs/2020/chirps-v3.0.rnl.2020.09.19.cog,5,failed: RasterioIOError('CURL error: Could not resolve host: data.chc.ucsb.edu')
2026-10-07T11:29:34+00:00,chirps,2020-09-18,https://data.chc.ucsb.edu/products/CHIRPS/v3.0/daily/final/rnl/cogs/2020/chirps-v3.0.rnl.2020.09.18.cog,5,failed: RasterioIOError('CURL error: Could not resolve host: data.chc.ucsb.edu')
2026-10-07T11:29:34+00:00,chirps,2020-09-21,https://data.chc.ucsb.edu/products/CHIRPS/v3.0/daily/final/rnl/cogs/2020/chirps-v3.0.rnl.2020.09.21.cog,5,failed: RasterioIOError('CURL error: Could not resolve host: data.chc.ucsb.edu')
2026-10-07T11:29:34+00:00,chirps,2020-09-20,https://data.chc.ucsb.edu/products/CHIRPS/v3.0/daily/final/rnl/cogs/2020/chirps-v3.0.rnl.2020.09.20.cog,5,failed: RasterioIOError('CURL error: Could not resolve host: data.chc.ucsb.edu')
2026-10-07T11:29:36+00:00,chirps,2020-09-22,https://data.chc.ucsb.edu/products/CHIRPS/v3.0/daily/final/rnl/cogs/2020/chirps-v3.0.rnl.2020.09.22.cog,5,failed: RasterioIOError('CURL error: Could not resolve host: data.chc.ucsb.edu')
2026-10-07T11:29:57+00:00,nasa_power_soil,ZMB-D-0302__1999-04-14_2026-01-30,"https://power.larc.nasa.gov/api/temporal/daily/point?parameters=GWETTOP,GWETROOT,GWETPROF&community=AG&longitude=30.602588&latitude=-14.386676&start=19990414&end=20260130&format=JSON&time-standard=LST",5,"ConnectionError(MaxRetryError('HTTPSConnectionPool(host=\'power.larc.nasa.gov\', port=443): Max retries exceeded with url: /api/temporal/daily/point?parameters=GWETTOP%2CGWETROOT%2CGWETPROF&community=AG&longitude=30.602588&latitude=-14.386676&start=19990414&end=20260130&format=JSON&time-standard=LST (Caused by NameResolutionError(""<urllib3.connection.HTTPSConnection object at 0x000001D8BCB7EFD0>: Failed to resolve \'power.larc.nasa.gov\' ([Errno 11001] getaddrinfo failed)""))'))"
2026-10-07T11:30:33+00:00,chirps,2020-09-23,https://data.chc.ucsb.edu/products/CHIRPS/v3.0/daily/final/rnl/cogs/2020/chirps-v3.0.rnl.2020.09.23.cog,5,failed: RasterioIOError('CURL error: Could not resolve host: data.chc.ucsb.edu')
2026-10-07T11:30:36+00:00,chirps,2020-09-24,https://data.chc.ucsb.edu/products/CHIRPS/v3.0/daily/final/rnl/cogs/2020/chirps-v3.0.rnl.2020.09.24.cog,5,failed: RasterioIOError('CURL error: Could not resolve host: data.chc.ucsb.edu')
2026-10-07T11:30:36+00:00,chirps,2020-09-25,https://data.chc.ucsb.edu/products/CHIRPS/v3.0/daily/final/rnl/cogs/2020/chirps-v3.0.rnl.2020.09.25.cog,5,failed: RasterioIOError('CURL error: Could not resolve host: data.chc.ucsb.edu')
2026-10-07T11:30:36+00:00,chirps,2020-09-27,https://data.chc.ucsb.edu/products/CHIRPS/v3.0/daily/final/rnl/cogs/2020/chirps-v3.0.rnl.2020.09.27.cog,5,failed: RasterioIOError('CURL error: Could not resolve host: data.chc.ucsb.edu')
2026-10-07T11:30:36+00:00,chirps,2020-09-26,https://data.chc.ucsb.edu/products/CHIRPS/v3.0/daily/final/rnl/cogs/2020/chirps-v3.0.rnl.2020.09.26.cog,5,failed: RasterioIOError('CURL error: Could not resolve host: data.chc.ucsb.edu')
2026-10-07T11:30:36+00:00,chirps,2020-09-28,https://data.chc.ucsb.edu/products/CHIRPS/v3.0/daily/final/rnl/cogs/2020/chirps-v3.0.rnl.2020.09.28.cog,5,failed: RasterioIOError('CURL error: Could not resolve host: data.chc.ucsb.edu')
2026-10-07T11:30:36+00:00,chirps,2020-09-29,https://data.chc.ucsb.edu/products/CHIRPS/v3.0/daily/final/rnl/cogs/2020/chirps-v3.0.rnl.2020.09.29.cog,5,failed: RasterioIOError('CURL error: Could not resolve host: data.chc.ucsb.edu')
2026-10-07T11:30:38+00:00,chirps,2020-09-30,https://data.chc.ucsb.edu/products/CHIRPS/v3.0/daily/final/rnl/cogs/2020/chirps-v3.0.rnl.2020.09.30.cog,5,failed: RasterioIOError('CURL error: Could not resolve host: data.chc.ucsb.edu')
2026-10-07T11:31:02+00:00,nasa_power_soil,ZMB-D-0303__1999-04-14_2026-01-30,"https://power.larc.nasa.gov/api/temporal/daily/point?parameters=GWETTOP,GWETROOT,GWETPROF&community=AG&longitude=32.060294&latitude=-14.044508&start=19990414&end=20260130&format=JSON&time-standard=LST",5,"ConnectionError(MaxRetryError('HTTPSConnectionPool(host=\'power.larc.nasa.gov\', port=443): Max retries exceeded with url: /api/temporal/daily/point?parameters=GWETTOP%2CGWETROOT%2CGWETPROF&community=AG&longitude=32.060294&latitude=-14.044508&start=19990414&end=20260130&format=JSON&time-standard=LST (Caused by NameResolutionError(""<urllib3.connection.HTTPSConnection object at 0x000001D8BCB7D590>: Failed to resolve \'power.larc.nasa.gov\' ([Errno 11001] getaddrinfo failed)""))'))"
2026-10-07T11:31:35+00:00,chirps,2020-10-01,https://data.chc.ucsb.edu/products/CHIRPS/v3.0/daily/final/rnl/cogs/2020/chirps-v3.0.rnl.2020.10.01.cog,5,failed: RasterioIOError('CURL error: Could not resolve host: data.chc.ucsb.edu')
2026-10-07T11:31:38+00:00,chirps,2020-10-02,https://data.chc.ucsb.edu/products/CHIRPS/v3.0/daily/final/rnl/cogs/2020/chirps-v3.0.rnl.2020.10.02.cog,5,failed: RasterioIOError('CURL error: Could not resolve host: data.chc.ucsb.edu')
2026-10-07T11:31:38+00:00,chirps,2020-10-03,https://data.chc.ucsb.edu/products/CHIRPS/v3.0/daily/final/rnl/cogs/2020/chirps-v3.0.rnl.2020.10.03.cog,5,failed: RasterioIOError('CURL error: Could not resolve host: data.chc.ucsb.edu')
2026-10-07T11:31:38+00:00,chirps,2020-10-05,https://data.chc.ucsb.edu/products/CHIRPS/v3.0/daily/final/rnl/cogs/2020/chirps-v3.0.rnl.2020.10.05.cog,5,failed: RasterioIOError('CURL error: Could not resolve host: data.chc.ucsb.edu')
2026-10-07T11:31:38+00:00,chirps,2020-10-04,https://data.chc.ucsb.edu/products/CHIRPS/v3.0/daily/final/rnl/cogs/2020/chirps-v3.0.rnl.2020.10.04.cog,5,failed: RasterioIOError('CURL error: Could not resolve host: data.chc.ucsb.edu')
2026-10-07T11:31:38+00:00,chirps,2020-10-06,https://data.chc.ucsb.edu/products/CHIRPS/v3.0/daily/final/rnl/cogs/2020/chirps-v3.0.rnl.2020.10.06.cog,5,failed: RasterioIOError('CURL error: Could not resolve host: data.chc.ucsb.edu')
2026-10-07T11:31:38+00:00,chirps,2020-10-07,https://data.chc.ucsb.edu/products/CHIRPS/v3.0/daily/final/rnl/cogs/2020/chirps-v3.0.rnl.2020.10.07.cog,5,failed: RasterioIOError('CURL error: Could not resolve host: data.chc.ucsb.edu')
2026-10-07T11:31:40+00:00,chirps,2020-10-08,https://data.chc.ucsb.edu/products/CHIRPS/v3.0/daily/final/rnl/cogs/2020/chirps-v3.0.rnl.2020.10.08.cog,5,failed: RasterioIOError('CURL error: Could not resolve host: data.chc.ucsb.edu')
2026-10-07T11:32:07+00:00,nasa_power_soil,ZMB-D-0304__1999-04-14_2026-01-30,"https://power.larc.nasa.gov/api/temporal/daily/point?parameters=GWETTOP,GWETROOT,GWETPROF&community=AG&longitude=31.374788&latitude=-14.085426&start=19990414&end=20260130&format=JSON&time-standard=LST",5,"ConnectionError(MaxRetryError('HTTPSConnectionPool(host=\'power.larc.nasa.gov\', port=443): Max retries exceeded with url: /api/temporal/daily/point?parameters=GWETTOP%2CGWETROOT%2CGWETPROF&community=AG&longitude=31.374788&latitude=-14.085426&start=19990414&end=20260130&format=JSON&time-standard=LST (Caused by NameResolutionError(""<urllib3.connection.HTTPSConnection object at 0x000001D8BCB7C910>: Failed to resolve \'power.larc.nasa.gov\' ([Errno 11001] getaddrinfo failed)""))'))"
2026-10-07T11:32:37+00:00,chirps,2020-10-09,https://data.chc.ucsb.edu/products/CHIRPS/v3.0/daily/final/rnl/cogs/2020/chirps-v3.0.rnl.2020.10.09.cog,5,failed: RasterioIOError('CURL error: Could not resolve host: data.chc.ucsb.edu')
2026-10-07T11:32:40+00:00,chirps,2020-10-10,https://data.chc.ucsb.edu/products/CHIRPS/v3.0/daily/final/rnl/cogs/2020/chirps-v3.0.rnl.2020.10.10.cog,5,failed: RasterioIOError('CURL error: Could not resolve host: data.chc.ucsb.edu')
2026-10-07T11:32:40+00:00,chirps,2020-10-11,https://data.chc.ucsb.edu/products/CHIRPS/v3.0/daily/final/rnl/cogs/2020/chirps-v3.0.rnl.2020.10.11.cog,5,failed: RasterioIOError('CURL error: Could not resolve host: data.chc.ucsb.edu')
2026-10-07T11:32:40+00:00,chirps,2020-10-13,https://data.chc.ucsb.edu/products/CHIRPS/v3.0/daily/final/rnl/cogs/2020/chirps-v3.0.rnl.2020.10.13.cog,5,failed: RasterioIOError('CURL error: Could not resolve host: data.chc.ucsb.edu')
2026-10-07T11:32:40+00:00,chirps,2020-10-12,https://data.chc.ucsb.edu/products/CHIRPS/v3.0/daily/final/rnl/cogs/2020/chirps-v3.0.rnl.2020.10.12.cog,5,failed: RasterioIOError('CURL error: Could not resolve host: data.chc.ucsb.edu')
2026-10-07T11:32:40+00:00,chirps,2020-10-14,https://data.chc.ucsb.edu/products/CHIRPS/v3.0/daily/final/rnl/cogs/2020/chirps-v3.0.rnl.2020.10.14.cog,5,failed: RasterioIOError('CURL error: Could not resolve host: data.chc.ucsb.edu')
2026-10-07T11:32:40+00:00,chirps,2020-10-15,https://data.chc.ucsb.edu/products/CHIRPS/v3.0/daily/final/rnl/cogs/2020/chirps-v3.0.rnl.2020.10.15.cog,5,failed: RasterioIOError('CURL error: Could not resolve host: data.chc.ucsb.edu')
2026-10-07T11:32:42+00:00,chirps,2020-10-16,https://data.chc.ucsb.edu/products/CHIRPS/v3.0/daily/final/rnl/cogs/2020/chirps-v3.0.rnl.2020.10.16.cog,5,failed: RasterioIOError('CURL error: Could not resolve host: data.chc.ucsb.edu')
2026-10-07T11:33:12+00:00,nasa_power_soil,ZMB-D-0305__1999-04-14_2026-01-30,"https://power.larc.nasa.gov/api/temporal/daily/point?parameters=GWETTOP,GWETROOT,GWETPROF&community=AG&longitude=32.495938&latitude=-13.513476&start=19990414&end=20260130&format=JSON&time-standard=LST",5,"ConnectionError(MaxRetryError('HTTPSConnectionPool(host=\'power.larc.nasa.gov\', port=443): Max retries exceeded with url: /api/temporal/daily/point?parameters=GWETTOP%2CGWETROOT%2CGWETPROF&community=AG&longitude=32.495938&latitude=-13.513476&start=19990414&end=20260130&format=JSON&time-standard=LST (Caused by NameResolutionError(""<urllib3.connection.HTTPSConnection object at 0x000001D8BCB7E710>: Failed to resolve \'power.larc.nasa.gov\' ([Errno 11001] getaddrinfo failed)""))'))"
2026-10-07T11:33:39+00:00,chirps,2020-10-17,https://data.chc.ucsb.edu/products/CHIRPS/v3.0/daily/final/rnl/cogs/2020/chirps-v3.0.rnl.2020.10.17.cog,5,failed: RasterioIOError('CURL error: Could not resolve host: data.chc.ucsb.edu')
2026-10-07T11:33:42+00:00,chirps,2020-10-18,https://data.chc.ucsb.edu/products/CHIRPS/v3.0/daily/final/rnl/cogs/2020/chirps-v3.0.rnl.2020.10.18.cog,5,failed: RasterioIOError('CURL error: Could not resolve host: data.chc.ucsb.edu')
2026-10-07T11:33:42+00:00,chirps,2020-10-19,https://data.chc.ucsb.edu/products/CHIRPS/v3.0/daily/final/rnl/cogs/2020/chirps-v3.0.rnl.2020.10.19.cog,5,failed: RasterioIOError('CURL error: Could not resolve host: data.chc.ucsb.edu')
2026-10-07T11:33:42+00:00,chirps,2020-10-21,https://data.chc.ucsb.edu/products/CHIRPS/v3.0/daily/final/rnl/cogs/2020/chirps-v3.0.rnl.2020.10.21.cog,5,failed: RasterioIOError('CURL error: Could not resolve host: data.chc.ucsb.edu')
2026-10-07T11:33:42+00:00,chirps,2020-10-20,https://data.chc.ucsb.edu/products/CHIRPS/v3.0/daily/final/rnl/cogs/2020/chirps-v3.0.rnl.2020.10.20.cog,5,failed: RasterioIOError('CURL error: Could not resolve host: data.chc.ucsb.edu')
2026-10-07T11:33:43+00:00,chirps,2020-10-22,https://data.chc.ucsb.edu/products/CHIRPS/v3.0/daily/final/rnl/cogs/2020/chirps-v3.0.rnl.2020.10.22.cog,5,failed: RasterioIOError('CURL error: Could not resolve host: data.chc.ucsb.edu')
2026-10-07T11:33:43+00:00,chirps,2020-10-23,https://data.chc.ucsb.edu/products/CHIRPS/v3.0/daily/final/rnl/cogs/2020/chirps-v3.0.rnl.2020.10.23.cog,5,failed: RasterioIOError('CURL error: Could not resolve host: data.chc.ucsb.edu')
2026-10-07T11:33:45+00:00,chirps,2020-10-24,https://data.chc.ucsb.edu/products/CHIRPS/v3.0/daily/final/rnl/cogs/2020/chirps-v3.0.rnl.2020.10.24.cog,5,failed: RasterioIOError('CURL error: Could not resolve host: data.chc.ucsb.edu')
2026-10-07T11:34:18+00:00,nasa_power_soil,ZMB-D-0306__1999-04-14_2026-01-30,"https://power.larc.nasa.gov/api/temporal/daily/point?parameters=GWETTOP,GWETROOT,GWETPROF&community=AG&longitude=32.004938&latitude=-13.347326&start=19990414&end=20260130&format=JSON&time-standard=LST",5,"ConnectionError(MaxRetryError('HTTPSConnectionPool(host=\'power.larc.nasa.gov\', port=443): Max retries exceeded with url: /api/temporal/daily/point?parameters=GWETTOP%2CGWETROOT%2CGWETPROF&community=AG&longitude=32.004938&latitude=-13.347326&start=19990414&end=20260130&format=JSON&time-standard=LST (Caused by NameResolutionError(""<urllib3.connection.HTTPSConnection object at 0x000001D8BCB26D50>: Failed to resolve \'power.larc.nasa.gov\' ([Errno 11001] getaddrinfo failed)""))'))"
2026-10-07T11:34:41+00:00,chirps,2020-10-25,https://data.chc.ucsb.edu/products/CHIRPS/v3.0/daily/final/rnl/cogs/2020/chirps-v3.0.rnl.2020.10.25.cog,5,failed: RasterioIOError('CURL error: Could not resolve host: data.chc.ucsb.edu')
2026-10-07T11:34:44+00:00,chirps,2020-10-26,https://data.chc.ucsb.edu/products/CHIRPS/v3.0/daily/final/rnl/cogs/2020/chirps-v3.0.rnl.2020.10.26.cog,5,failed: RasterioIOError('CURL error: Could not resolve host: data.chc.ucsb.edu')
2026-10-07T11:34:44+00:00,chirps,2020-10-27,https://data.chc.ucsb.edu/products/CHIRPS/v3.0/daily/final/rnl/cogs/2020/chirps-v3.0.rnl.2020.10.27.cog,5,failed: RasterioIOError('CURL error: Could not resolve host: data.chc.ucsb.edu')
2026-10-07T11:34:44+00:00,chirps,2020-10-28,https://data.chc.ucsb.edu/products/CHIRPS/v3.0/daily/final/rnl/cogs/2020/chirps-v3.0.rnl.2020.10.28.cog,5,failed: RasterioIOError('CURL error: Could not resolve host: data.chc.ucsb.edu')
2026-10-07T11:34:44+00:00,chirps,2020-10-29,https://data.chc.ucsb.edu/products/CHIRPS/v3.0/daily/final/rnl/cogs/2020/chirps-v3.0.rnl.2020.10.29.cog,5,failed: RasterioIOError('CURL error: Could not resolve host: data.chc.ucsb.edu')
2026-10-07T11:34:45+00:00,chirps,2020-10-30,https://data.chc.ucsb.edu/products/CHIRPS/v3.0/daily/final/rnl/cogs/2020/chirps-v3.0.rnl.2020.10.30.cog,5,failed: RasterioIOError('CURL error: Could not resolve host: data.chc.ucsb.edu')
2026-10-07T11:34:45+00:00,chirps,2020-10-31,https://data.chc.ucsb.edu/products/CHIRPS/v3.0/daily/final/rnl/cogs/2020/chirps-v3.0.rnl.2020.10.31.cog,5,failed: RasterioIOError('CURL error: Could not resolve host: data.chc.ucsb.edu')
2026-10-07T11:34:47+00:00,chirps,2020-11-01,https://data.chc.ucsb.edu/products/CHIRPS/v3.0/daily/final/rnl/cogs/2020/chirps-v3.0.rnl.2020.11.01.cog,5,failed: RasterioIOError('CURL error: Could not resolve host: data.chc.ucsb.edu')
2026-10-07T11:35:24+00:00,nasa_power_soil,ZMB-D-0307__1999-04-14_2026-01-30,"https://power.larc.nasa.gov/api/temporal/daily/point?parameters=GWETTOP,GWETROOT,GWETPROF&community=AG&longitude=32.748888&latitude=-12.439176&start=19990414&end=20260130&format=JSON&time-standard=LST",5,"ConnectionError(MaxRetryError('HTTPSConnectionPool(host=\'power.larc.nasa.gov\', port=443): Max retries exceeded with url: /api/temporal/daily/point?parameters=GWETTOP%2CGWETROOT%2CGWETPROF&community=AG&longitude=32.748888&latitude=-12.439176&start=19990414&end=20260130&format=JSON&time-standard=LST (Caused by NameResolutionError(""<urllib3.connection.HTTPSConnection object at 0x000001D8BCB25D10>: Failed to resolve \'power.larc.nasa.gov\' ([Errno 11001] getaddrinfo failed)""))'))"
2026-10-07T11:35:43+00:00,chirps,2020-11-02,https://data.chc.ucsb.edu/products/CHIRPS/v3.0/daily/final/rnl/cogs/2020/chirps-v3.0.rnl.2020.11.02.cog,5,failed: RasterioIOError('CURL error: Could not resolve host: data.chc.ucsb.edu')
2026-10-07T11:35:46+00:00,chirps,2020-11-03,https://data.chc.ucsb.edu/products/CHIRPS/v3.0/daily/final/rnl/cogs/2020/chirps-v3.0.rnl.2020.11.03.cog,5,failed: RasterioIOError('CURL error: Could not resolve host: data.chc.ucsb.edu')
2026-10-07T11:35:46+00:00,chirps,2020-11-04,https://data.chc.ucsb.edu/products/CHIRPS/v3.0/daily/final/rnl/cogs/2020/chirps-v3.0.rnl.2020.11.04.cog,5,failed: RasterioIOError('CURL error: Could not resolve host: data.chc.ucsb.edu')
2026-10-07T11:35:46+00:00,chirps,2020-11-05,https://data.chc.ucsb.edu/products/CHIRPS/v3.0/daily/final/rnl/cogs/2020/chirps-v3.0.rnl.2020.11.05.cog,5,failed: RasterioIOError('CURL error: Could not resolve host: data.chc.ucsb.edu')
2026-10-07T11:35:46+00:00,chirps,2020-11-06,https://data.chc.ucsb.edu/products/CHIRPS/v3.0/daily/final/rnl/cogs/2020/chirps-v3.0.rnl.2020.11.06.cog,5,failed: RasterioIOError('CURL error: Could not resolve host: data.chc.ucsb.edu')
2026-10-07T11:35:47+00:00,chirps,2020-11-07,https://data.chc.ucsb.edu/products/CHIRPS/v3.0/daily/final/rnl/cogs/2020/chirps-v3.0.rnl.2020.11.07.cog,5,failed: RasterioIOError('CURL error: Could not resolve host: data.chc.ucsb.edu')
2026-10-07T11:35:47+00:00,chirps,2020-11-08,https://data.chc.ucsb.edu/products/CHIRPS/v3.0/daily/final/rnl/cogs/2020/chirps-v3.0.rnl.2020.11.08.cog,5,failed: RasterioIOError('CURL error: Could not resolve host: data.chc.ucsb.edu')
2026-10-07T11:35:49+00:00,chirps,2020-11-09,https://data.chc.ucsb.edu/products/CHIRPS/v3.0/daily/final/rnl/cogs/2020/chirps-v3.0.rnl.2020.11.09.cog,5,failed: RasterioIOError('CURL error: Could not resolve host: data.chc.ucsb.edu')
2026-10-07T11:36:29+00:00,nasa_power_soil,ZMB-D-0308__1999-04-14_2026-01-30,"https://power.larc.nasa.gov/api/temporal/daily/point?parameters=GWETTOP,GWETROOT,GWETPROF&community=AG&longitude=31.77771&latitude=-14.247559&start=19990414&end=20260130&format=JSON&time-standard=LST",5,"ConnectionError(MaxRetryError('HTTPSConnectionPool(host=\'power.larc.nasa.gov\', port=443): Max retries exceeded with url: /api/temporal/daily/point?parameters=GWETTOP%2CGWETROOT%2CGWETPROF&community=AG&longitude=31.77771&latitude=-14.247559&start=19990414&end=20260130&format=JSON&time-standard=LST (Caused by NameResolutionError(""<urllib3.connection.HTTPSConnection object at 0x000001D8BCB279D0>: Failed to resolve \'power.larc.nasa.gov\' ([Errno 11001] getaddrinfo failed)""))'))"
2026-10-07T11:36:45+00:00,chirps,2020-11-10,https://data.chc.ucsb.edu/products/CHIRPS/v3.0/daily/final/rnl/cogs/2020/chirps-v3.0.rnl.2020.11.10.cog,5,failed: RasterioIOError('CURL error: Could not resolve host: data.chc.ucsb.edu')
2026-10-07T11:36:48+00:00,chirps,2020-11-11,https://data.chc.ucsb.edu/products/CHIRPS/v3.0/daily/final/rnl/cogs/2020/chirps-v3.0.rnl.2020.11.11.cog,5,failed: RasterioIOError('CURL error: Could not resolve host: data.chc.ucsb.edu')
2026-10-07T11:36:48+00:00,chirps,2020-11-12,https://data.chc.ucsb.edu/products/CHIRPS/v3.0/daily/final/rnl/cogs/2020/chirps-v3.0.rnl.2020.11.12.cog,5,failed: RasterioIOError('CURL error: Could not resolve host: data.chc.ucsb.edu')
2026-10-07T11:36:48+00:00,chirps,2020-11-14,https://data.chc.ucsb.edu/products/CHIRPS/v3.0/daily/final/rnl/cogs/2020/chirps-v3.0.rnl.2020.11.14.cog,5,failed: RasterioIOError('CURL error: Could not resolve host: data.chc.ucsb.edu')
2026-10-07T11:36:48+00:00,chirps,2020-11-13,https://data.chc.ucsb.edu/products/CHIRPS/v3.0/daily/final/rnl/cogs/2020/chirps-v3.0.rnl.2020.11.13.cog,5,failed: RasterioIOError('CURL error: Could not resolve host: data.chc.ucsb.edu')
2026-10-07T11:36:49+00:00,chirps,2020-11-16,https://data.chc.ucsb.edu/products/CHIRPS/v3.0/daily/final/rnl/cogs/2020/chirps-v3.0.rnl.2020.11.16.cog,5,failed: RasterioIOError('CURL error: Could not resolve host: data.chc.ucsb.edu')
2026-10-07T11:36:49+00:00,chirps,2020-11-15,https://data.chc.ucsb.edu/products/CHIRPS/v3.0/daily/final/rnl/cogs/2020/chirps-v3.0.rnl.2020.11.15.cog,5,failed: RasterioIOError('CURL error: Could not resolve host: data.chc.ucsb.edu')
2026-10-07T11:36:51+00:00,chirps,2020-11-17,https://data.chc.ucsb.edu/products/CHIRPS/v3.0/daily/final/rnl/cogs/2020/chirps-v3.0.rnl.2020.11.17.cog,5,failed: RasterioIOError('CURL error: Could not resolve host: data.chc.ucsb.edu')
2026-10-07T11:37:34+00:00,nasa_power_soil,ZMB-D-0309__1999-04-14_2026-01-30,"https://power.larc.nasa.gov/api/temporal/daily/point?parameters=GWETTOP,GWETROOT,GWETPROF&community=AG&longitude=32.950444&latitude=-13.990699&start=19990414&end=20260130&format=JSON&time-standard=LST",5,"ConnectionError(MaxRetryError('HTTPSConnectionPool(host=\'power.larc.nasa.gov\', port=443): Max retries exceeded with url: /api/temporal/daily/point?parameters=GWETTOP%2CGWETROOT%2CGWETPROF&community=AG&longitude=32.950444&latitude=-13.990699&start=19990414&end=20260130&format=JSON&time-standard=LST (Caused by NameResolutionError(""<urllib3.connection.HTTPSConnection object at 0x000001D8BCB7E350>: Failed to resolve \'power.larc.nasa.gov\' ([Errno 11001] getaddrinfo failed)""))'))"
2026-10-07T11:37:47+00:00,chirps,2020-11-18,https://data.chc.ucsb.edu/products/CHIRPS/v3.0/daily/final/rnl/cogs/2020/chirps-v3.0.rnl.2020.11.18.cog,5,failed: RasterioIOError('CURL error: Could not resolve host: data.chc.ucsb.edu')
2026-10-07T11:37:50+00:00,chirps,2020-11-19,https://data.chc.ucsb.edu/products/CHIRPS/v3.0/daily/final/rnl/cogs/2020/chirps-v3.0.rnl.2020.11.19.cog,5,failed: RasterioIOError('CURL error: Could not resolve host: data.chc.ucsb.edu')
2026-10-07T11:37:50+00:00,chirps,2020-11-20,https://data.chc.ucsb.edu/products/CHIRPS/v3.0/daily/final/rnl/cogs/2020/chirps-v3.0.rnl.2020.11.20.cog,5,failed: RasterioIOError('CURL error: Could not resolve host: data.chc.ucsb.edu')
2026-10-07T11:37:50+00:00,chirps,2020-11-21,https://data.chc.ucsb.edu/products/CHIRPS/v3.0/daily/final/rnl/cogs/2020/chirps-v3.0.rnl.2020.11.21.cog,5,failed: RasterioIOError('CURL error: Could not resolve host: data.chc.ucsb.edu')
2026-10-07T11:37:50+00:00,chirps,2020-11-22,https://data.chc.ucsb.edu/products/CHIRPS/v3.0/daily/final/rnl/cogs/2020/chirps-v3.0.rnl.2020.11.22.cog,5,failed: RasterioIOError('CURL error: Could not resolve host: data.chc.ucsb.edu')
2026-10-07T11:37:51+00:00,chirps,2020-11-23,https://data.chc.ucsb.edu/products/CHIRPS/v3.0/daily/final/rnl/cogs/2020/chirps-v3.0.rnl.2020.11.23.cog,5,failed: RasterioIOError('CURL error: Could not resolve host: data.chc.ucsb.edu')
2026-10-07T11:37:51+00:00,chirps,2020-11-24,https://data.chc.ucsb.edu/products/CHIRPS/v3.0/daily/final/rnl/cogs/2020/chirps-v3.0.rnl.2020.11.24.cog,5,failed: RasterioIOError('CURL error: Could not resolve host: data.chc.ucsb.edu')
2026-10-07T11:37:53+00:00,chirps,2020-11-25,https://data.chc.ucsb.edu/products/CHIRPS/v3.0/daily/final/rnl/cogs/2020/chirps-v3.0.rnl.2020.11.25.cog,5,failed: RasterioIOError('CURL error: Could not resolve host: data.chc.ucsb.edu')
2026-10-07T11:38:39+00:00,nasa_power_soil,ZMB-D-0401__1999-04-14_2026-01-30,"https://power.larc.nasa.gov/api/temporal/daily/point?parameters=GWETTOP,GWETROOT,GWETPROF&community=AG&longitude=29.169338&latitude=-11.926076&start=19990414&end=20260130&format=JSON&time-standard=LST",5,"ConnectionError(MaxRetryError('HTTPSConnectionPool(host=\'power.larc.nasa.gov\', port=443): Max retries exceeded with url: /api/temporal/daily/point?parameters=GWETTOP%2CGWETROOT%2CGWETPROF&community=AG&longitude=29.169338&latitude=-11.926076&start=19990414&end=20260130&format=JSON&time-standard=LST (Caused by NameResolutionError(""<urllib3.connection.HTTPSConnection object at 0x000001D8BCB7CA50>: Failed to resolve \'power.larc.nasa.gov\' ([Errno 11001] getaddrinfo failed)""))'))"
2026-10-07T11:38:49+00:00,chirps,2020-11-26,https://data.chc.ucsb.edu/products/CHIRPS/v3.0/daily/final/rnl/cogs/2020/chirps-v3.0.rnl.2020.11.26.cog,5,failed: RasterioIOError('CURL error: Could not resolve host: data.chc.ucsb.edu')
2026-10-07T11:38:52+00:00,chirps,2020-11-27,https://data.chc.ucsb.edu/products/CHIRPS/v3.0/daily/final/rnl/cogs/2020/chirps-v3.0.rnl.2020.11.27.cog,5,failed: RasterioIOError('CURL error: Could not resolve host: data.chc.ucsb.edu')
2026-10-07T11:38:52+00:00,chirps,2020-11-28,https://data.chc.ucsb.edu/products/CHIRPS/v3.0/daily/final/rnl/cogs/2020/chirps-v3.0.rnl.2020.11.28.cog,5,failed: RasterioIOError('CURL error: Could not resolve host: data.chc.ucsb.edu')
2026-10-07T11:38:53+00:00,chirps,2020-11-29,https://data.chc.ucsb.edu/products/CHIRPS/v3.0/daily/final/rnl/cogs/2020/chirps-v3.0.rnl.2020.11.29.cog,5,failed: RasterioIOError('CURL error: Could not resolve host: data.chc.ucsb.edu')
2026-10-07T11:38:53+00:00,chirps,2020-11-30,https://data.chc.ucsb.edu/products/CHIRPS/v3.0/daily/final/rnl/cogs/2020/chirps-v3.0.rnl.2020.11.30.cog,5,failed: RasterioIOError('CURL error: Could not resolve host: data.chc.ucsb.edu')
2026-10-07T11:38:53+00:00,chirps,2020-12-01,https://data.chc.ucsb.edu/products/CHIRPS/v3.0/daily/final/rnl/cogs/2020/chirps-v3.0.rnl.2020.12.01.cog,5,failed: RasterioIOError('CURL error: Could not resolve host: data.chc.ucsb.edu')
2026-10-07T11:38:53+00:00,chirps,2020-12-02,https://data.chc.ucsb.edu/products/CHIRPS/v3.0/daily/final/rnl/cogs/2020/chirps-v3.0.rnl.2020.12.02.cog,5,failed: RasterioIOError('CURL error: Could not resolve host: data.chc.ucsb.edu')
2026-10-07T11:38:55+00:00,chirps,2020-12-03,https://data.chc.ucsb.edu/products/CHIRPS/v3.0/daily/final/rnl/cogs/2020/chirps-v3.0.rnl.2020.12.03.cog,5,failed: RasterioIOError('CURL error: Could not resolve host: data.chc.ucsb.edu')
2026-10-07T11:39:44+00:00,nasa_power_soil,ZMB-D-0402__1999-04-14_2026-01-30,"https://power.larc.nasa.gov/api/temporal/daily/point?parameters=GWETTOP,GWETROOT,GWETPROF&community=AG&longitude=29.635188&latitude=-11.464876&start=19990414&end=20260130&format=JSON&time-standard=LST",5,"ConnectionError(MaxRetryError('HTTPSConnectionPool(host=\'power.larc.nasa.gov\', port=443): Max retries exceeded with url: /api/temporal/daily/point?parameters=GWETTOP%2CGWETROOT%2CGWETPROF&community=AG&longitude=29.635188&latitude=-11.464876&start=19990414&end=20260130&format=JSON&time-standard=LST (Caused by NameResolutionError(""<urllib3.connection.HTTPSConnection object at 0x000001D8BCB7D6D0>: Failed to resolve \'power.larc.nasa.gov\' ([Errno 11001] getaddrinfo failed)""))'))"
2026-10-07T11:39:51+00:00,chirps,2020-12-04,https://data.chc.ucsb.edu/products/CHIRPS/v3.0/daily/final/rnl/cogs/2020/chirps-v3.0.rnl.2020.12.04.cog,5,failed: RasterioIOError('CURL error: Could not resolve host: data.chc.ucsb.edu')
2026-10-07T11:39:54+00:00,chirps,2020-12-05,https://data.chc.ucsb.edu/products/CHIRPS/v3.0/daily/final/rnl/cogs/2020/chirps-v3.0.rnl.2020.12.05.cog,5,failed: RasterioIOError('CURL error: Could not resolve host: data.chc.ucsb.edu')
2026-10-07T11:39:54+00:00,chirps,2020-12-06,https://data.chc.ucsb.edu/products/CHIRPS/v3.0/daily/final/rnl/cogs/2020/chirps-v3.0.rnl.2020.12.06.cog,5,failed: RasterioIOError('CURL error: Could not resolve host: data.chc.ucsb.edu')
2026-10-07T11:39:55+00:00,chirps,2020-12-07,https://data.chc.ucsb.edu/products/CHIRPS/v3.0/daily/final/rnl/cogs/2020/chirps-v3.0.rnl.2020.12.07.cog,5,failed: RasterioIOError('CURL error: Could not resolve host: data.chc.ucsb.edu')
2026-10-07T11:39:55+00:00,chirps,2020-12-08,https://data.chc.ucsb.edu/products/CHIRPS/v3.0/daily/final/rnl/cogs/2020/chirps-v3.0.rnl.2020.12.08.cog,5,failed: RasterioIOError('CURL error: Could not resolve host: data.chc.ucsb.edu')
2026-10-07T11:39:55+00:00,chirps,2020-12-09,https://data.chc.ucsb.edu/products/CHIRPS/v3.0/daily/final/rnl/cogs/2020/chirps-v3.0.rnl.2020.12.09.cog,5,failed: RasterioIOError('CURL error: Could not resolve host: data.chc.ucsb.edu')
2026-10-07T11:39:55+00:00,chirps,2020-12-10,https://data.chc.ucsb.edu/products/CHIRPS/v3.0/daily/final/rnl/cogs/2020/chirps-v3.0.rnl.2020.12.10.cog,5,failed: RasterioIOError('CURL error: Could not resolve host: data.chc.ucsb.edu')
2026-10-07T11:39:57+00:00,chirps,2020-12-11,https://data.chc.ucsb.edu/products/CHIRPS/v3.0/daily/final/rnl/cogs/2020/chirps-v3.0.rnl.2020.12.11.cog,5,failed: RasterioIOError('CURL error: Could not resolve host: data.chc.ucsb.edu')
2026-10-07T11:40:50+00:00,nasa_power_soil,ZMB-D-0403__1999-04-14_2026-01-30,"https://power.larc.nasa.gov/api/temporal/daily/point?parameters=GWETTOP,GWETROOT,GWETPROF&community=AG&longitude=29.002228&latitude=-11.124273&start=19990414&end=20260130&format=JSON&time-standard=LST",5,"ConnectionError(MaxRetryError('HTTPSConnectionPool(host=\'power.larc.nasa.gov\', port=443): Max retries exceeded with url: /api/temporal/daily/point?parameters=GWETTOP%2CGWETROOT%2CGWETPROF&community=AG&longitude=29.002228&latitude=-11.124273&start=19990414&end=20260130&format=JSON&time-standard=LST (Caused by NameResolutionError(""<urllib3.connection.HTTPSConnection object at 0x000001D8BCB279D0>: Failed to resolve \'power.larc.nasa.gov\' ([Errno 11001] getaddrinfo failed)""))'))"
2026-10-07T11:40:53+00:00,chirps,2020-12-12,https://data.chc.ucsb.edu/products/CHIRPS/v3.0/daily/final/rnl/cogs/2020/chirps-v3.0.rnl.2020.12.12.cog,5,failed: RasterioIOError('CURL error: Could not resolve host: data.chc.ucsb.edu')
2026-10-07T11:40:56+00:00,chirps,2020-12-13,https://data.chc.ucsb.edu/products/CHIRPS/v3.0/daily/final/rnl/cogs/2020/chirps-v3.0.rnl.2020.12.13.cog,5,failed: RasterioIOError('CURL error: Could not resolve host: data.chc.ucsb.edu')
2026-10-07T11:40:56+00:00,chirps,2020-12-14,https://data.chc.ucsb.edu/products/CHIRPS/v3.0/daily/final/rnl/cogs/2020/chirps-v3.0.rnl.2020.12.14.cog,5,failed: RasterioIOError('CURL error: Could not resolve host: data.chc.ucsb.edu')
2026-10-07T11:40:57+00:00,chirps,2020-12-15,https://data.chc.ucsb.edu/products/CHIRPS/v3.0/daily/final/rnl/cogs/2020/chirps-v3.0.rnl.2020.12.15.cog,5,failed: RasterioIOError('CURL error: Could not resolve host: data.chc.ucsb.edu')
2026-10-07T11:40:57+00:00,chirps,2020-12-16,https://data.chc.ucsb.edu/products/CHIRPS/v3.0/daily/final/rnl/cogs/2020/chirps-v3.0.rnl.2020.12.16.cog,5,failed: RasterioIOError('CURL error: Could not resolve host: data.chc.ucsb.edu')
2026-10-07T11:40:57+00:00,chirps,2020-12-18,https://data.chc.ucsb.edu/products/CHIRPS/v3.0/daily/final/rnl/cogs/2020/chirps-v3.0.rnl.2020.12.18.cog,5,failed: RasterioIOError('CURL error: Could not resolve host: data.chc.ucsb.edu')
2026-10-07T11:40:57+00:00,chirps,2020-12-17,https://data.chc.ucsb.edu/products/CHIRPS/v3.0/daily/final/rnl/cogs/2020/chirps-v3.0.rnl.2020.12.17.cog,5,failed: RasterioIOError('CURL error: Could not resolve host: data.chc.ucsb.edu')
2026-10-07T11:40:59+00:00,chirps,2020-12-19,https://data.chc.ucsb.edu/products/CHIRPS/v3.0/daily/final/rnl/cogs/2020/chirps-v3.0.rnl.2020.12.19.cog,5,failed: RasterioIOError('CURL error: Could not resolve host: data.chc.ucsb.edu')
2026-10-07T11:41:56+00:00,chirps,2020-12-20,https://data.chc.ucsb.edu/products/CHIRPS/v3.0/daily/final/rnl/cogs/2020/chirps-v3.0.rnl.2020.12.20.cog,5,failed: RasterioIOError('CURL error: Could not resolve host: data.chc.ucsb.edu')
2026-10-07T11:41:56+00:00,nasa_power_soil,ZMB-D-0404__1999-04-14_2026-01-30,"https://power.larc.nasa.gov/api/temporal/daily/point?parameters=GWETTOP,GWETROOT,GWETPROF&community=AG&longitude=29.186584&latitude=-10.478088&start=19990414&end=20260130&format=JSON&time-standard=LST",5,"ConnectionError(MaxRetryError('HTTPSConnectionPool(host=\'power.larc.nasa.gov\', port=443): Max retries exceeded with url: /api/temporal/daily/point?parameters=GWETTOP%2CGWETROOT%2CGWETPROF&community=AG&longitude=29.186584&latitude=-10.478088&start=19990414&end=20260130&format=JSON&time-standard=LST (Caused by NameResolutionError(""<urllib3.connection.HTTPSConnection object at 0x000001D8BCB25810>: Failed to resolve \'power.larc.nasa.gov\' ([Errno 11001] getaddrinfo failed)""))'))"
2026-10-07T11:41:59+00:00,chirps,2020-12-21,https://data.chc.ucsb.edu/products/CHIRPS/v3.0/daily/final/rnl/cogs/2020/chirps-v3.0.rnl.2020.12.21.cog,5,failed: RasterioIOError('CURL error: Could not resolve host: data.chc.ucsb.edu')
2026-10-07T11:41:59+00:00,chirps,2020-12-22,https://data.chc.ucsb.edu/products/CHIRPS/v3.0/daily/final/rnl/cogs/2020/chirps-v3.0.rnl.2020.12.22.cog,5,failed: RasterioIOError('CURL error: Could not resolve host: data.chc.ucsb.edu')
2026-10-07T11:41:59+00:00,chirps,2020-12-23,https://data.chc.ucsb.edu/products/CHIRPS/v3.0/daily/final/rnl/cogs/2020/chirps-v3.0.rnl.2020.12.23.cog,5,failed: RasterioIOError('CURL error: Could not resolve host: data.chc.ucsb.edu')
2026-10-07T11:41:59+00:00,chirps,2020-12-24,https://data.chc.ucsb.edu/products/CHIRPS/v3.0/daily/final/rnl/cogs/2020/chirps-v3.0.rnl.2020.12.24.cog,5,failed: RasterioIOError('CURL error: Could not resolve host: data.chc.ucsb.edu')
2026-10-07T11:41:59+00:00,chirps,2020-12-25,https://data.chc.ucsb.edu/products/CHIRPS/v3.0/daily/final/rnl/cogs/2020/chirps-v3.0.rnl.2020.12.25.cog,5,failed: RasterioIOError('CURL error: Could not resolve host: data.chc.ucsb.edu')
2026-10-07T11:41:59+00:00,chirps,2020-12-26,https://data.chc.ucsb.edu/products/CHIRPS/v3.0/daily/final/rnl/cogs/2020/chirps-v3.0.rnl.2020.12.26.cog,5,failed: RasterioIOError('CURL error: Could not resolve host: data.chc.ucsb.edu')
2026-10-07T11:42:01+00:00,chirps,2020-12-27,https://data.chc.ucsb.edu/products/CHIRPS/v3.0/daily/final/rnl/cogs/2020/chirps-v3.0.rnl.2020.12.27.cog,5,failed: RasterioIOError('CURL error: Could not resolve host: data.chc.ucsb.edu')
2026-10-07T11:42:58+00:00,chirps,2020-12-28,https://data.chc.ucsb.edu/products/CHIRPS/v3.0/daily/final/rnl/cogs/2020/chirps-v3.0.rnl.2020.12.28.cog,5,failed: RasterioIOError('CURL error: Could not resolve host: data.chc.ucsb.edu')
2026-10-07T11:43:00+00:00,nasa_power_soil,ZMB-D-0405__1999-04-14_2026-01-30,"https://power.larc.nasa.gov/api/temporal/daily/point?parameters=GWETTOP,GWETROOT,GWETPROF&community=AG&longitude=29.410675&latitude=-9.757996&start=19990414&end=20260130&format=JSON&time-standard=LST",5,"ConnectionError(MaxRetryError('HTTPSConnectionPool(host=\'power.larc.nasa.gov\', port=443): Max retries exceeded with url: /api/temporal/daily/point?parameters=GWETTOP%2CGWETROOT%2CGWETPROF&community=AG&longitude=29.410675&latitude=-9.757996&start=19990414&end=20260130&format=JSON&time-standard=LST (Caused by NameResolutionError(""<urllib3.connection.HTTPSConnection object at 0x000001D8BCB26210>: Failed to resolve \'power.larc.nasa.gov\' ([Errno 11001] getaddrinfo failed)""))'))"
2026-10-07T11:43:01+00:00,chirps,2020-12-29,https://data.chc.ucsb.edu/products/CHIRPS/v3.0/daily/final/rnl/cogs/2020/chirps-v3.0.rnl.2020.12.29.cog,5,failed: RasterioIOError('CURL error: Could not resolve host: data.chc.ucsb.edu')
2026-10-07T11:43:01+00:00,chirps,2020-12-30,https://data.chc.ucsb.edu/products/CHIRPS/v3.0/daily/final/rnl/cogs/2020/chirps-v3.0.rnl.2020.12.30.cog,5,failed: RasterioIOError('CURL error: Could not resolve host: data.chc.ucsb.edu')
2026-10-07T11:43:01+00:00,chirps,2020-12-31,https://data.chc.ucsb.edu/products/CHIRPS/v3.0/daily/final/rnl/cogs/2020/chirps-v3.0.rnl.2020.12.31.cog,5,failed: RasterioIOError('CURL error: Could not resolve host: data.chc.ucsb.edu')
2026-10-07T11:44:04+00:00,nasa_power_soil,ZMB-D-0406__1999-04-14_2026-01-30,"https://power.larc.nasa.gov/api/temporal/daily/point?parameters=GWETTOP,GWETROOT,GWETPROF&community=AG&longitude=28.850488&latitude=-9.401676&start=19990414&end=20260130&format=JSON&time-standard=LST",5,"ConnectionError(MaxRetryError('HTTPSConnectionPool(host=\'power.larc.nasa.gov\', port=443): Max retries exceeded with url: /api/temporal/daily/point?parameters=GWETTOP%2CGWETROOT%2CGWETPROF&community=AG&longitude=28.850488&latitude=-9.401676&start=19990414&end=20260130&format=JSON&time-standard=LST (Caused by NameResolutionError(""<urllib3.connection.HTTPSConnection object at 0x000001D8BCB7DBD0>: Failed to resolve \'power.larc.nasa.gov\' ([Errno 11001] getaddrinfo failed)""))'))"
2026-10-07T11:45:11+00:00,nasa_power_soil,ZMB-D-0407__1999-04-14_2026-01-30,"https://power.larc.nasa.gov/api/temporal/daily/point?parameters=GWETTOP,GWETROOT,GWETPROF&community=AG&longitude=29.120838&latitude=-8.767226&start=19990414&end=20260130&format=JSON&time-standard=LST",5,"ConnectionError(MaxRetryError('HTTPSConnectionPool(host=\'power.larc.nasa.gov\', port=443): Max retries exceeded with url: /api/temporal/daily/point?parameters=GWETTOP%2CGWETROOT%2CGWETPROF&community=AG&longitude=29.120838&latitude=-8.767226&start=19990414&end=20260130&format=JSON&time-standard=LST (Caused by NameResolutionError(""<urllib3.connection.HTTPSConnection object at 0x000001D8BCB7D310>: Failed to resolve \'power.larc.nasa.gov\' ([Errno 11001] getaddrinfo failed)""))'))"
2026-10-07T11:46:16+00:00,nasa_power_soil,ZMB-D-0408__1999-04-14_2026-01-30,"https://power.larc.nasa.gov/api/temporal/daily/point?parameters=GWETTOP,GWETROOT,GWETPROF&community=AG&longitude=28.696488&latitude=-11.742361&start=19990414&end=20260130&format=JSON&time-standard=LST",5,"ConnectionError(MaxRetryError('HTTPSConnectionPool(host=\'power.larc.nasa.gov\', port=443): Max retries exceeded with url: /api/temporal/daily/point?parameters=GWETTOP%2CGWETROOT%2CGWETPROF&community=AG&longitude=28.696488&latitude=-11.742361&start=19990414&end=20260130&format=JSON&time-standard=LST (Caused by NameResolutionError(""<urllib3.connection.HTTPSConnection object at 0x000001D8BCB7C690>: Failed to resolve \'power.larc.nasa.gov\' ([Errno 11001] getaddrinfo failed)""))'))"
2026-10-07T11:47:22+00:00,nasa_power_soil,ZMB-D-0409__1999-04-14_2026-01-30,"https://power.larc.nasa.gov/api/temporal/daily/point?parameters=GWETTOP,GWETROOT,GWETPROF&community=AG&longitude=30.113752&latitude=-11.56073&start=19990414&end=20260130&format=JSON&time-standard=LST",5,"ConnectionError(MaxRetryError('HTTPSConnectionPool(host=\'power.larc.nasa.gov\', port=443): Max retries exceeded with url: /api/temporal/daily/point?parameters=GWETTOP%2CGWETROOT%2CGWETPROF&community=AG&longitude=30.113752&latitude=-11.56073&start=19990414&end=20260130&format=JSON&time-standard=LST (Caused by NameResolutionError(""<urllib3.connection.HTTPSConnection object at 0x000001D8BCF4C190>: Failed to resolve \'power.larc.nasa.gov\' ([Errno 11001] getaddrinfo failed)""))'))"
2026-10-07T11:48:21+00:00,chirps,2020-03-23,https://data.chc.ucsb.edu/products/CHIRPS/v3.0/daily/final/rnl/cogs/2020/chirps-v3.0.rnl.2020.03.23.cog,5,failed: RasterioIOError('CURL error: Could not resolve host: data.chc.ucsb.edu')
2026-10-07T11:48:21+00:00,chirps,2020-03-24,https://data.chc.ucsb.edu/products/CHIRPS/v3.0/daily/final/rnl/cogs/2020/chirps-v3.0.rnl.2020.03.24.cog,5,failed: RasterioIOError('CURL error: Could not resolve host: data.chc.ucsb.edu')
2026-10-07T11:48:21+00:00,chirps,2020-03-28,https://data.chc.ucsb.edu/products/CHIRPS/v3.0/daily/final/rnl/cogs/2020/chirps-v3.0.rnl.2020.03.28.cog,5,failed: RasterioIOError('CURL error: Could not resolve host: data.chc.ucsb.edu')
2026-10-07T11:48:21+00:00,chirps,2020-03-27,https://data.chc.ucsb.edu/products/CHIRPS/v3.0/daily/final/rnl/cogs/2020/chirps-v3.0.rnl.2020.03.27.cog,5,failed: RasterioIOError('CURL error: Could not resolve host: data.chc.ucsb.edu')
2026-10-07T11:48:21+00:00,chirps,2020-03-25,https://data.chc.ucsb.edu/products/CHIRPS/v3.0/daily/final/rnl/cogs/2020/chirps-v3.0.rnl.2020.03.25.cog,5,failed: RasterioIOError('CURL error: Could not resolve host: data.chc.ucsb.edu')
2026-10-07T11:48:21+00:00,chirps,2020-03-22,https://data.chc.ucsb.edu/products/CHIRPS/v3.0/daily/final/rnl/cogs/2020/chirps-v3.0.rnl.2020.03.22.cog,5,failed: RasterioIOError('CURL error: Could not resolve host: data.chc.ucsb.edu')
2026-10-07T11:48:21+00:00,chirps,2020-03-26,https://data.chc.ucsb.edu/products/CHIRPS/v3.0/daily/final/rnl/cogs/2020/chirps-v3.0.rnl.2020.03.26.cog,5,failed: RasterioIOError('CURL error: Could not resolve host: data.chc.ucsb.edu')
2026-10-07T11:48:21+00:00,chirps,2020-03-29,https://data.chc.ucsb.edu/products/CHIRPS/v3.0/daily/final/rnl/cogs/2020/chirps-v3.0.rnl.2020.03.29.cog,5,failed: RasterioIOError('CURL error: Could not resolve host: data.chc.ucsb.edu')
2026-10-07T11:48:26+00:00,nasa_power_soil,ZMB-D-0410__1999-04-14_2026-01-30,"https://power.larc.nasa.gov/api/temporal/daily/point?parameters=GWETTOP,GWETROOT,GWETPROF&community=AG&longitude=28.737976&latitude=-10.535889&start=19990414&end=20260130&format=JSON&time-standard=LST",5,"ConnectionError(MaxRetryError('HTTPSConnectionPool(host=\'power.larc.nasa.gov\', port=443): Max retries exceeded with url: /api/temporal/daily/point?parameters=GWETTOP%2CGWETROOT%2CGWETPROF&community=AG&longitude=28.737976&latitude=-10.535889&start=19990414&end=20260130&format=JSON&time-standard=LST (Caused by NameResolutionError(""<urllib3.connection.HTTPSConnection object at 0x000001D8BCB7E850>: Failed to resolve \'power.larc.nasa.gov\' ([Errno 11001] getaddrinfo failed)""))'))"
2026-10-07T11:49:23+00:00,chirps,2020-03-30,https://data.chc.ucsb.edu/products/CHIRPS/v3.0/daily/final/rnl/cogs/2020/chirps-v3.0.rnl.2020.03.30.cog,5,failed: RasterioIOError('CURL error: Could not resolve host: data.chc.ucsb.edu')
2026-10-07T11:49:23+00:00,chirps,2020-03-31,https://data.chc.ucsb.edu/products/CHIRPS/v3.0/daily/final/rnl/cogs/2020/chirps-v3.0.rnl.2020.03.31.cog,5,failed: RasterioIOError('CURL error: Could not resolve host: data.chc.ucsb.edu')
2026-10-07T11:49:23+00:00,chirps,2020-04-01,https://data.chc.ucsb.edu/products/CHIRPS/v3.0/daily/final/rnl/cogs/2020/chirps-v3.0.rnl.2020.04.01.cog,5,failed: RasterioIOError('CURL error: Could not resolve host: data.chc.ucsb.edu')
2026-10-07T11:49:23+00:00,chirps,2020-04-02,https://data.chc.ucsb.edu/products/CHIRPS/v3.0/daily/final/rnl/cogs/2020/chirps-v3.0.rnl.2020.04.02.cog,5,failed: RasterioIOError('CURL error: Could not resolve host: data.chc.ucsb.edu')
2026-10-07T11:49:23+00:00,chirps,2020-04-03,https://data.chc.ucsb.edu/products/CHIRPS/v3.0/daily/final/rnl/cogs/2020/chirps-v3.0.rnl.2020.04.03.cog,5,failed: RasterioIOError('CURL error: Could not resolve host: data.chc.ucsb.edu')
2026-10-07T11:49:23+00:00,chirps,2020-04-04,https://data.chc.ucsb.edu/products/CHIRPS/v3.0/daily/final/rnl/cogs/2020/chirps-v3.0.rnl.2020.04.04.cog,5,failed: RasterioIOError('CURL error: Could not resolve host: data.chc.ucsb.edu')
2026-10-07T11:49:23+00:00,chirps,2020-04-05,https://data.chc.ucsb.edu/products/CHIRPS/v3.0/daily/final/rnl/cogs/2020/chirps-v3.0.rnl.2020.04.05.cog,5,failed: RasterioIOError('CURL error: Could not resolve host: data.chc.ucsb.edu')
2026-10-07T11:49:23+00:00,chirps,2020-04-06,https://data.chc.ucsb.edu/products/CHIRPS/v3.0/daily/final/rnl/cogs/2020/chirps-v3.0.rnl.2020.04.06.cog,5,failed: RasterioIOError('CURL error: Could not resolve host: data.chc.ucsb.edu')
2026-10-07T11:49:33+00:00,nasa_power_soil,ZMB-D-0411__1999-04-14_2026-01-30,"https://power.larc.nasa.gov/api/temporal/daily/point?parameters=GWETTOP,GWETROOT,GWETPROF&community=AG&longitude=28.774506&latitude=-9.926239&start=19990414&end=20260130&format=JSON&time-standard=LST",5,"ConnectionError(MaxRetryError('HTTPSConnectionPool(host=\'power.larc.nasa.gov\', port=443): Max retries exceeded with url: /api/temporal/daily/point?parameters=GWETTOP%2CGWETROOT%2CGWETPROF&community=AG&longitude=28.774506&latitude=-9.926239&start=19990414&end=20260130&format=JSON&time-standard=LST (Caused by NameResolutionError(""<urllib3.connection.HTTPSConnection object at 0x000001D8BCB7D310>: Failed to resolve \'power.larc.nasa.gov\' ([Errno 11001] getaddrinfo failed)""))'))"
2026-10-07T11:50:25+00:00,chirps,2020-04-07,https://data.chc.ucsb.edu/products/CHIRPS/v3.0/daily/final/rnl/cogs/2020/chirps-v3.0.rnl.2020.04.07.cog,5,failed: RasterioIOError('CURL error: Could not resolve host: data.chc.ucsb.edu')
2026-10-07T11:50:25+00:00,chirps,2020-04-08,https://data.chc.ucsb.edu/products/CHIRPS/v3.0/daily/final/rnl/cogs/2020/chirps-v3.0.rnl.2020.04.08.cog,5,failed: RasterioIOError('CURL error: Could not resolve host: data.chc.ucsb.edu')
2026-10-07T11:50:25+00:00,chirps,2020-04-09,https://data.chc.ucsb.edu/products/CHIRPS/v3.0/daily/final/rnl/cogs/2020/chirps-v3.0.rnl.2020.04.09.cog,5,failed: RasterioIOError('CURL error: Could not resolve host: data.chc.ucsb.edu')
2026-10-07T11:50:25+00:00,chirps,2020-04-10,https://data.chc.ucsb.edu/products/CHIRPS/v3.0/daily/final/rnl/cogs/2020/chirps-v3.0.rnl.2020.04.10.cog,5,failed: RasterioIOError('CURL error: Could not resolve host: data.chc.ucsb.edu')
2026-10-07T11:50:25+00:00,chirps,2020-04-11,https://data.chc.ucsb.edu/products/CHIRPS/v3.0/daily/final/rnl/cogs/2020/chirps-v3.0.rnl.2020.04.11.cog,5,failed: RasterioIOError('CURL error: Could not resolve host: data.chc.ucsb.edu')
2026-10-07T11:50:25+00:00,chirps,2020-04-12,https://data.chc.ucsb.edu/products/CHIRPS/v3.0/daily/final/rnl/cogs/2020/chirps-v3.0.rnl.2020.04.12.cog,5,failed: RasterioIOError('CURL error: Could not resolve host: data.chc.ucsb.edu')
2026-10-07T11:50:25+00:00,chirps,2020-04-14,https://data.chc.ucsb.edu/products/CHIRPS/v3.0/daily/final/rnl/cogs/2020/chirps-v3.0.rnl.2020.04.14.cog,5,failed: RasterioIOError('CURL error: Could not resolve host: data.chc.ucsb.edu')
2026-10-07T11:50:25+00:00,chirps,2020-04-13,https://data.chc.ucsb.edu/products/CHIRPS/v3.0/daily/final/rnl/cogs/2020/chirps-v3.0.rnl.2020.04.13.cog,5,failed: RasterioIOError('CURL error: Could not resolve host: data.chc.ucsb.edu')
2026-10-07T11:50:39+00:00,nasa_power_soil,ZMB-D-0501__1999-04-14_2026-01-30,"https://power.larc.nasa.gov/api/temporal/daily/point?parameters=GWETTOP,GWETROOT,GWETPROF&community=AG&longitude=28.350638&latitude=-15.449526&start=19990414&end=20260130&format=JSON&time-standard=LST",5,"ConnectionError(MaxRetryError('HTTPSConnectionPool(host=\'power.larc.nasa.gov\', port=443): Max retries exceeded with url: /api/temporal/daily/point?parameters=GWETTOP%2CGWETROOT%2CGWETPROF&community=AG&longitude=28.350638&latitude=-15.449526&start=19990414&end=20260130&format=JSON&time-standard=LST (Caused by NameResolutionError(""<urllib3.connection.HTTPSConnection object at 0x000001D8BCB7DBD0>: Failed to resolve \'power.larc.nasa.gov\' ([Errno 11001] getaddrinfo failed)""))'))"
2026-10-07T11:51:27+00:00,chirps,2020-04-15,https://data.chc.ucsb.edu/products/CHIRPS/v3.0/daily/final/rnl/cogs/2020/chirps-v3.0.rnl.2020.04.15.cog,5,failed: RasterioIOError('CURL error: Could not resolve host: data.chc.ucsb.edu')
2026-10-07T11:51:27+00:00,chirps,2020-04-17,https://data.chc.ucsb.edu/products/CHIRPS/v3.0/daily/final/rnl/cogs/2020/chirps-v3.0.rnl.2020.04.17.cog,5,failed: RasterioIOError('CURL error: Could not resolve host: data.chc.ucsb.edu')
2026-10-07T11:51:27+00:00,chirps,2020-04-16,https://data.chc.ucsb.edu/products/CHIRPS/v3.0/daily/final/rnl/cogs/2020/chirps-v3.0.rnl.2020.04.16.cog,5,failed: RasterioIOError('CURL error: Could not resolve host: data.chc.ucsb.edu')
2026-10-07T11:51:27+00:00,chirps,2020-04-18,https://data.chc.ucsb.edu/products/CHIRPS/v3.0/daily/final/rnl/cogs/2020/chirps-v3.0.rnl.2020.04.18.cog,5,failed: RasterioIOError('CURL error: Could not resolve host: data.chc.ucsb.edu')
2026-10-07T11:51:27+00:00,chirps,2020-04-20,https://data.chc.ucsb.edu/products/CHIRPS/v3.0/daily/final/rnl/cogs/2020/chirps-v3.0.rnl.2020.04.20.cog,5,failed: RasterioIOError('CURL error: Could not resolve host: data.chc.ucsb.edu')
2026-10-07T11:51:27+00:00,chirps,2020-04-19,https://data.chc.ucsb.edu/products/CHIRPS/v3.0/daily/final/rnl/cogs/2020/chirps-v3.0.rnl.2020.04.19.cog,5,failed: RasterioIOError('CURL error: Could not resolve host: data.chc.ucsb.edu')
2026-10-07T11:51:27+00:00,chirps,2020-04-21,https://data.chc.ucsb.edu/products/CHIRPS/v3.0/daily/final/rnl/cogs/2020/chirps-v3.0.rnl.2020.04.21.cog,5,failed: RasterioIOError('CURL error: Could not resolve host: data.chc.ucsb.edu')
2026-10-07T11:51:27+00:00,chirps,2020-04-22,https://data.chc.ucsb.edu/products/CHIRPS/v3.0/daily/final/rnl/cogs/2020/chirps-v3.0.rnl.2020.04.22.cog,5,failed: RasterioIOError('CURL error: Could not resolve host: data.chc.ucsb.edu')
2026-10-07T11:51:45+00:00,nasa_power_soil,ZMB-D-0502__1999-04-14_2026-01-30,"https://power.larc.nasa.gov/api/temporal/daily/point?parameters=GWETTOP,GWETROOT,GWETPROF&community=AG&longitude=28.562738&latitude=-15.722826&start=19990414&end=20260130&format=JSON&time-standard=LST",5,"ConnectionError(MaxRetryError('HTTPSConnectionPool(host=\'power.larc.nasa.gov\', port=443): Max retries exceeded with url: /api/temporal/daily/point?parameters=GWETTOP%2CGWETROOT%2CGWETPROF&community=AG&longitude=28.562738&latitude=-15.722826&start=19990414&end=20260130&format=JSON&time-standard=LST (Caused by NameResolutionError(""<urllib3.connection.HTTPSConnection object at 0x000001D8BCB26210>: Failed to resolve \'power.larc.nasa.gov\' ([Errno 11001] getaddrinfo failed)""))'))"
2026-10-07T11:52:29+00:00,chirps,2020-04-24,https://data.chc.ucsb.edu/products/CHIRPS/v3.0/daily/final/rnl/cogs/2020/chirps-v3.0.rnl.2020.04.24.cog,5,failed: RasterioIOError('CURL error: Could not resolve host: data.chc.ucsb.edu')
2026-10-07T11:52:29+00:00,chirps,2020-04-23,https://data.chc.ucsb.edu/products/CHIRPS/v3.0/daily/final/rnl/cogs/2020/chirps-v3.0.rnl.2020.04.23.cog,5,failed: RasterioIOError('CURL error: Could not resolve host: data.chc.ucsb.edu')
2026-10-07T11:52:29+00:00,chirps,2020-04-25,https://data.chc.ucsb.edu/products/CHIRPS/v3.0/daily/final/rnl/cogs/2020/chirps-v3.0.rnl.2020.04.25.cog,5,failed: RasterioIOError('CURL error: Could not resolve host: data.chc.ucsb.edu')
2026-10-07T11:52:29+00:00,chirps,2020-04-26,https://data.chc.ucsb.edu/products/CHIRPS/v3.0/daily/final/rnl/cogs/2020/chirps-v3.0.rnl.2020.04.26.cog,5,failed: RasterioIOError('CURL error: Could not resolve host: data.chc.ucsb.edu')
2026-10-07T11:52:29+00:00,chirps,2020-04-28,https://data.chc.ucsb.edu/products/CHIRPS/v3.0/daily/final/rnl/cogs/2020/chirps-v3.0.rnl.2020.04.28.cog,5,failed: RasterioIOError('CURL error: Could not resolve host: data.chc.ucsb.edu')
2026-10-07T11:52:29+00:00,chirps,2020-04-27,https://data.chc.ucsb.edu/products/CHIRPS/v3.0/daily/final/rnl/cogs/2020/chirps-v3.0.rnl.2020.04.27.cog,5,failed: RasterioIOError('CURL error: Could not resolve host: data.chc.ucsb.edu')
2026-10-07T11:52:29+00:00,chirps,2020-04-29,https://data.chc.ucsb.edu/products/CHIRPS/v3.0/daily/final/rnl/cogs/2020/chirps-v3.0.rnl.2020.04.29.cog,5,failed: RasterioIOError('CURL error: Could not resolve host: data.chc.ucsb.edu')
2026-10-07T11:52:29+00:00,chirps,2020-04-30,https://data.chc.ucsb.edu/products/CHIRPS/v3.0/daily/final/rnl/cogs/2020/chirps-v3.0.rnl.2020.04.30.cog,5,failed: RasterioIOError('CURL error: Could not resolve host: data.chc.ucsb.edu')
2026-10-07T11:52:51+00:00,nasa_power_soil,ZMB-D-0503__1999-04-14_2026-01-30,"https://power.larc.nasa.gov/api/temporal/daily/point?parameters=GWETTOP,GWETROOT,GWETPROF&community=AG&longitude=29.866188&latitude=-15.360426&start=19990414&end=20260130&format=JSON&time-standard=LST",5,"ConnectionError(MaxRetryError('HTTPSConnectionPool(host=\'power.larc.nasa.gov\', port=443): Max retries exceeded with url: /api/temporal/daily/point?parameters=GWETTOP%2CGWETROOT%2CGWETPROF&community=AG&longitude=29.866188&latitude=-15.360426&start=19990414&end=20260130&format=JSON&time-standard=LST (Caused by NameResolutionError(""<urllib3.connection.HTTPSConnection object at 0x000001D8BCB25810>: Failed to resolve \'power.larc.nasa.gov\' ([Errno 11001] getaddrinfo failed)""))'))"
2026-10-07T12:01:36+00:00,chirps,2020-05-01,https://data.chc.ucsb.edu/products/CHIRPS/v3.0/daily/final/rnl/cogs/2020/chirps-v3.0.rnl.2020.05.01.cog,5,failed: RasterioIOError('CURL error: Could not resolve host: data.chc.ucsb.edu')
2026-10-07T12:01:36+00:00,chirps,2020-05-03,https://data.chc.ucsb.edu/products/CHIRPS/v3.0/daily/final/rnl/cogs/2020/chirps-v3.0.rnl.2020.05.03.cog,5,failed: RasterioIOError('CURL error: Could not resolve host: data.chc.ucsb.edu')
2026-10-07T12:01:36+00:00,chirps,2020-05-04,https://data.chc.ucsb.edu/products/CHIRPS/v3.0/daily/final/rnl/cogs/2020/chirps-v3.0.rnl.2020.05.04.cog,5,failed: RasterioIOError('CURL error: Could not resolve host: data.chc.ucsb.edu')
2026-10-07T12:01:36+00:00,chirps,2020-05-02,https://data.chc.ucsb.edu/products/CHIRPS/v3.0/daily/final/rnl/cogs/2020/chirps-v3.0.rnl.2020.05.02.cog,5,failed: RasterioIOError('CURL error: Could not resolve host: data.chc.ucsb.edu')
2026-10-07T12:01:36+00:00,chirps,2020-05-05,https://data.chc.ucsb.edu/products/CHIRPS/v3.0/daily/final/rnl/cogs/2020/chirps-v3.0.rnl.2020.05.05.cog,5,failed: RasterioIOError('CURL error: Could not resolve host: data.chc.ucsb.edu')
2026-10-07T12:01:36+00:00,chirps,2020-05-06,https://data.chc.ucsb.edu/products/CHIRPS/v3.0/daily/final/rnl/cogs/2020/chirps-v3.0.rnl.2020.05.06.cog,5,failed: RasterioIOError('CURL error: Could not resolve host: data.chc.ucsb.edu')
2026-10-07T12:01:36+00:00,chirps,2020-05-07,https://data.chc.ucsb.edu/products/CHIRPS/v3.0/daily/final/rnl/cogs/2020/chirps-v3.0.rnl.2020.05.07.cog,5,failed: RasterioIOError('CURL error: Could not resolve host: data.chc.ucsb.edu')
2026-10-07T12:01:36+00:00,chirps,2020-05-08,https://data.chc.ucsb.edu/products/CHIRPS/v3.0/daily/final/rnl/cogs/2020/chirps-v3.0.rnl.2020.05.08.cog,5,failed: RasterioIOError('CURL error: Could not resolve host: data.chc.ucsb.edu')
2026-10-07T12:02:02+00:00,nasa_power_soil,ZMB-D-0504__1999-04-14_2026-01-30,"https://power.larc.nasa.gov/api/temporal/daily/point?parameters=GWETTOP,GWETROOT,GWETPROF&community=AG&longitude=29.510298&latitude=-15.164226&start=19990414&end=20260130&format=JSON&time-standard=LST",5,"ConnectionError(MaxRetryError('HTTPSConnectionPool(host=\'power.larc.nasa.gov\', port=443): Max retries exceeded with url: /api/temporal/daily/point?parameters=GWETTOP%2CGWETROOT%2CGWETPROF&community=AG&longitude=29.510298&latitude=-15.164226&start=19990414&end=20260130&format=JSON&time-standard=LST (Caused by NameResolutionError(""<urllib3.connection.HTTPSConnection object at 0x000001D8BCF4C050>: Failed to resolve \'power.larc.nasa.gov\' ([Errno 11001] getaddrinfo failed)""))'))"
2026-10-07T12:02:38+00:00,chirps,2020-05-09,https://data.chc.ucsb.edu/products/CHIRPS/v3.0/daily/final/rnl/cogs/2020/chirps-v3.0.rnl.2020.05.09.cog,5,failed: RasterioIOError('CURL error: Could not resolve host: data.chc.ucsb.edu')
2026-10-07T12:02:38+00:00,chirps,2020-05-13,https://data.chc.ucsb.edu/products/CHIRPS/v3.0/daily/final/rnl/cogs/2020/chirps-v3.0.rnl.2020.05.13.cog,5,failed: RasterioIOError('CURL error: Could not resolve host: data.chc.ucsb.edu')
2026-10-07T12:02:38+00:00,chirps,2020-05-10,https://data.chc.ucsb.edu/products/CHIRPS/v3.0/daily/final/rnl/cogs/2020/chirps-v3.0.rnl.2020.05.10.cog,5,failed: RasterioIOError('CURL error: Could not resolve host: data.chc.ucsb.edu')
2026-10-07T12:02:38+00:00,chirps,2020-05-11,https://data.chc.ucsb.edu/products/CHIRPS/v3.0/daily/final/rnl/cogs/2020/chirps-v3.0.rnl.2020.05.11.cog,5,failed: RasterioIOError('CURL error: Could not resolve host: data.chc.ucsb.edu')
2026-10-07T12:02:38+00:00,chirps,2020-05-14,https://data.chc.ucsb.edu/products/CHIRPS/v3.0/daily/final/rnl/cogs/2020/chirps-v3.0.rnl.2020.05.14.cog,5,failed: RasterioIOError('CURL error: Could not resolve host: data.chc.ucsb.edu')
2026-10-07T12:02:38+00:00,chirps,2020-05-16,https://data.chc.ucsb.edu/products/CHIRPS/v3.0/daily/final/rnl/cogs/2020/chirps-v3.0.rnl.2020.05.16.cog,5,failed: RasterioIOError('CURL error: Could not resolve host: data.chc.ucsb.edu')
2026-10-07T12:02:38+00:00,chirps,2020-05-12,https://data.chc.ucsb.edu/products/CHIRPS/v3.0/daily/final/rnl/cogs/2020/chirps-v3.0.rnl.2020.05.12.cog,5,failed: RasterioIOError('CURL error: Could not resolve host: data.chc.ucsb.edu')
2026-10-07T12:02:38+00:00,chirps,2020-05-15,https://data.chc.ucsb.edu/products/CHIRPS/v3.0/daily/final/rnl/cogs/2020/chirps-v3.0.rnl.2020.05.15.cog,5,failed: RasterioIOError('CURL error: Could not resolve host: data.chc.ucsb.edu')
2026-10-07T12:03:06+00:00,nasa_power_soil,ZMB-D-0505__1999-04-14_2026-01-30,"https://power.larc.nasa.gov/api/temporal/daily/point?parameters=GWETTOP,GWETROOT,GWETPROF&community=AG&longitude=28.716217&latitude=-16.170319&start=19990414&end=20260130&format=JSON&time-standard=LST",5,"ConnectionError(MaxRetryError('HTTPSConnectionPool(host=\'power.larc.nasa.gov\', port=443): Max retries exceeded with url: /api/temporal/daily/point?parameters=GWETTOP%2CGWETROOT%2CGWETPROF&community=AG&longitude=28.716217&latitude=-16.170319&start=19990414&end=20260130&format=JSON&time-standard=LST (Caused by NameResolutionError(""<urllib3.connection.HTTPSConnection object at 0x000001D8BCB27890>: Failed to resolve \'power.larc.nasa.gov\' ([Errno 11001] getaddrinfo failed)""))'))"
2026-10-07T19:33:16+00:00,glofas,credentials,https://ewds.climate.copernicus.eu/api,0,no ~/.cdsapirc (researcher account required)
2026-10-07T20:05:36+00:00,glofas_static,chan_Global_03min.nc,https://jeodpp.jrc.ec.europa.eu/ftp/jrc-opendata/CEMS-GLOFAS/LISFLOOD_static_and_parameter_maps_for_GloFAS/v1.1.1_OS-LISFLOOD-v4.x/Catchments_morphology_and_river_network/chan_Global_03min.nc,10,"ConnectionError(MaxRetryError('HTTPSConnectionPool(host=\'jeodpp.jrc.ec.europa.eu\', port=443): Max retries exceeded with url: /ftp/jrc-opendata/CEMS-GLOFAS/LISFLOOD_static_and_parameter_maps_for_GloFAS/v1.1.1_OS-LISFLOOD-v4.x/Catchments_morphology_and_river_network/chan_Global_03min.nc (Caused by NameResolutionError(""<urllib3.connection.HTTPSConnection object at 0x000002BE2F29D6D0>: Failed to resolve \'jeodpp.jrc.ec.europa.eu\' ([Errno 11001] getaddrinfo failed)""))'))"
2026-10-07T20:05:37+00:00,global_surface_water,occurrence_30E_0Nv1_4_2021.tif,https://storage.googleapis.com/global-surface-water/downloads2021/occurrence/occurrence_30E_0Nv1_4_2021.tif,10,"ConnectionError(MaxRetryError('HTTPSConnectionPool(host=\'storage.googleapis.com\', port=443): Max retries exceeded with url: /global-surface-water/downloads2021/occurrence/occurrence_30E_0Nv1_4_2021.tif (Caused by NameResolutionError(""<urllib3.connection.HTTPSConnection object at 0x00000184CC865950>: Failed to resolve \'storage.googleapis.com\' ([Errno 11001] getaddrinfo failed)""))'))"
