location_id,population_year,population,population_density_per_km2,district_area_km2,pop_in_point_cell,source,version,source_file,role,created_utc
ZMB-D-0901,2000,103500.28834581375,123.03254251986998,841.2431883954464,178.52459716796875,"WorldPop, University of Southampton","The spatial distribution of population in 2000 Zambia — unconstrained individual countries 2000-2020, 1 km, not UN-adjusted; DOI 10.5258/SOTON/WP00670",zmb_ppp_2000_1km_Aggregated.tif,EXPOSURE ONLY - not a flood-occurrence predictor,2026-10-07T14:55:13+00:00
ZMB-D-0902,2000,81702.60584172979,16.112412568129994,5070.7866060564875,26.992389678955078,"WorldPop, University of Southampton","The spatial distribution of population in 2000 Zambia — unconstrained individual countries 2000-2020, 1 km, not UN-adjusted; DOI 10.5258/SOTON/WP00670",zmb_ppp_2000_1km_Aggregated.tif,EXPOSURE ONLY - not a flood-occurrence predictor,2026-10-07T14:55:13+00:00
ZMB-D-0903,2000,33444.658693198115,8.673740925443038,3855.8517000540714,6.671328067779541,"WorldPop, University of Southampton","The spatial distribution of population in 2000 Zambia — unconstrained individual countries 2000-2020, 1 km, not UN-adjusted; DOI 10.5258/SOTON/WP00670",zmb_ppp_2000_1km_Aggregated.tif,EXPOSURE ONLY - not a flood-occurrence predictor,2026-10-07T14:55:13+00:00
ZMB-D-0904,2000,115239.75007987022,14.260585353609102,8080.997183660843,7.051754951477051,"WorldPop, University of Southampton","The spatial distribution of population in 2000 Zambia — unconstrained individual countries 2000-2020, 1 km, not UN-adjusted; DOI 10.5258/SOTON/WP00670",zmb_ppp_2000_1km_Aggregated.tif,EXPOSURE ONLY - not a flood-occurrence predictor,2026-10-07T14:55:13+00:00
ZMB-D-0905,2000,152337.08625888824,29.55489996849277,5154.376648924151,53.2457389831543,"WorldPop, University of Southampton","The spatial distribution of population in 2000 Zambia — unconstrained individual countries 2000-2020, 1 km, not UN-adjusted; DOI 10.5258/SOTON/WP00670",zmb_ppp_2000_1km_Aggregated.tif,EXPOSURE ONLY - not a flood-occurrence predictor,2026-10-07T14:55:13+00:00
ZMB-D-0906,2000,71970.08706089854,3.9357156512469897,18286.404160853333,0.982923686504364,"WorldPop, University of Southampton","The spatial distribution of population in 2000 Zambia — unconstrained individual countries 2000-2020, 1 km, not UN-adjusted; DOI 10.5258/SOTON/WP00670",zmb_ppp_2000_1km_Aggregated.tif,EXPOSURE ONLY - not a flood-occurrence predictor,2026-10-07T14:55:13+00:00
ZMB-D-0907,2000,30453.411783643067,14.856525765283424,2049.8340099679485,5.794464588165283,"WorldPop, University of Southampton","The spatial distribution of population in 2000 Zambia — unconstrained individual countries 2000-2020, 1 km, not UN-adjusted; DOI 10.5258/SOTON/WP00670",zmb_ppp_2000_1km_Aggregated.tif,EXPOSURE ONLY - not a flood-occurrence predictor,2026-10-07T14:55:13+00:00
ZMB-D-1001,2000,28685.93261575699,3.4625662311093537,8284.587413239587,2.3188040256500244,"WorldPop, University of Southampton","The spatial distribution of population in 2000 Zambia — unconstrained individual countries 2000-2020, 1 km, not UN-adjusted; DOI 10.5258/SOTON/WP00670",zmb_ppp_2000_1km_Aggregated.tif,EXPOSURE ONLY - not a flood-occurrence predictor,2026-10-07T14:55:13+00:00
ZMB-D-0908,2000,165348.3039469719,33.74155643229906,4900.434995603594,10.901473045349121,"WorldPop, University of Southampton","The spatial distribution of population in 2000 Zambia — unconstrained individual countries 2000-2020, 1 km, not UN-adjusted; DOI 10.5258/SOTON/WP00670",zmb_ppp_2000_1km_Aggregated.tif,EXPOSURE ONLY - not a flood-occurrence predictor,2026-10-07T14:55:13+00:00
ZMB-D-0909,2000,79193.5461820364,14.644342019884101,5407.791355494656,9.284318923950195,"WorldPop, University of Southampton","The spatial distribution of population in 2000 Zambia — unconstrained individual countries 2000-2020, 1 km, not UN-adjusted; DOI 10.5258/SOTON/WP00670",zmb_ppp_2000_1km_Aggregated.tif,EXPOSURE ONLY - not a flood-occurrence predictor,2026-10-07T14:55:13+00:00
ZMB-D-0910,2000,133347.98998129368,34.855712603908586,3825.714065772408,59.75819396972656,"WorldPop, University of Southampton","The spatial distribution of population in 2000 Zambia — unconstrained individual countries 2000-2020, 1 km, not UN-adjusted; DOI 10.5258/SOTON/WP00670",zmb_ppp_2000_1km_Aggregated.tif,EXPOSURE ONLY - not a flood-occurrence predictor,2026-10-07T14:55:13+00:00
ZMB-D-1002,2000,59001.14209419489,5.3545188375734325,11018.9437900891,1.5309985876083374,"WorldPop, University of Southampton","The spatial distribution of population in 2000 Zambia — unconstrained individual countries 2000-2020, 1 km, not UN-adjusted; DOI 10.5258/SOTON/WP00670",zmb_ppp_2000_1km_Aggregated.tif,EXPOSURE ONLY - not a flood-occurrence predictor,2026-10-07T14:55:13+00:00
ZMB-D-0501,2000,805925.9666070938,1867.9781127403598,431.4429388172996,956.789794921875,"WorldPop, University of Southampton","The spatial distribution of population in 2000 Zambia — unconstrained individual countries 2000-2020, 1 km, not UN-adjusted; DOI 10.5258/SOTON/WP00670",zmb_ppp_2000_1km_Aggregated.tif,EXPOSURE ONLY - not a flood-occurrence predictor,2026-10-07T14:55:13+00:00
ZMB-D-0101,2000,47550.144101446494,2.9456645053009933,16142.416767379873,4.641467094421387,"WorldPop, University of Southampton","The spatial distribution of population in 2000 Zambia — unconstrained individual countries 2000-2020, 1 km, not UN-adjusted; DOI 10.5258/SOTON/WP00670",zmb_ppp_2000_1km_Aggregated.tif,EXPOSURE ONLY - not a flood-occurrence predictor,2026-10-07T14:55:13+00:00
ZMB-D-0502,2000,84727.22885527462,18.26177949737547,4639.593248152589,2.0765299797058105,"WorldPop, University of Southampton","The spatial distribution of population in 2000 Zambia — unconstrained individual countries 2000-2020, 1 km, not UN-adjusted; DOI 10.5258/SOTON/WP00670",zmb_ppp_2000_1km_Aggregated.tif,EXPOSURE ONLY - not a flood-occurrence predictor,2026-10-07T14:55:13+00:00
ZMB-D-0503,2000,18144.25254380703,4.807176983607582,3774.40909824596,1.1975075006484985,"WorldPop, University of Southampton","The spatial distribution of population in 2000 Zambia — unconstrained individual countries 2000-2020, 1 km, not UN-adjusted; DOI 10.5258/SOTON/WP00670",zmb_ppp_2000_1km_Aggregated.tif,EXPOSURE ONLY - not a flood-occurrence predictor,2026-10-07T14:55:13+00:00
ZMB-D-0504,2000,37652.866794645786,3.937839625469474,9561.808091703777,4.08819055557251,"WorldPop, University of Southampton","The spatial distribution of population in 2000 Zambia — unconstrained individual countries 2000-2020, 1 km, not UN-adjusted; DOI 10.5258/SOTON/WP00670",zmb_ppp_2000_1km_Aggregated.tif,EXPOSURE ONLY - not a flood-occurrence predictor,2026-10-07T14:55:13+00:00
ZMB-D-1003,2000,127441.22852057219,21.041033494314913,6056.795097779089,11.222142219543457,"WorldPop, University of Southampton","The spatial distribution of population in 2000 Zambia — unconstrained individual countries 2000-2020, 1 km, not UN-adjusted; DOI 10.5258/SOTON/WP00670",zmb_ppp_2000_1km_Aggregated.tif,EXPOSURE ONLY - not a flood-occurrence predictor,2026-10-07T14:55:13+00:00
ZMB-D-0102,2000,358816.40811841935,40.21052123102865,8923.445832916408,16.67811393737793,"WorldPop, University of Southampton","The spatial distribution of population in 2000 Zambia — unconstrained individual countries 2000-2020, 1 km, not UN-adjusted; DOI 10.5258/SOTON/WP00670",zmb_ppp_2000_1km_Aggregated.tif,EXPOSURE ONLY - not a flood-occurrence predictor,2026-10-07T14:55:13+00:00
ZMB-D-0103,2000,176615.61306285858,114.3471796492068,1544.5559182542002,40.59124755859375,"WorldPop, University of Southampton","The spatial distribution of population in 2000 Zambia — unconstrained individual countries 2000-2020, 1 km, not UN-adjusted; DOI 10.5258/SOTON/WP00670",zmb_ppp_2000_1km_Aggregated.tif,EXPOSURE ONLY - not a flood-occurrence predictor,2026-10-07T14:55:13+00:00
ZMB-D-0104,2000,124180.99127268791,6.229307043349863,19934.96072813719,2.936394691467285,"WorldPop, University of Southampton","The spatial distribution of population in 2000 Zambia — unconstrained individual countries 2000-2020, 1 km, not UN-adjusted; DOI 10.5258/SOTON/WP00670",zmb_ppp_2000_1km_Aggregated.tif,EXPOSURE ONLY - not a flood-occurrence predictor,2026-10-07T14:55:13+00:00
ZMB-D-1004,2000,80612.26651787758,8.18794094048502,9845.242791052964,3.0618903636932373,"WorldPop, University of Southampton","The spatial distribution of population in 2000 Zambia — unconstrained individual countries 2000-2020, 1 km, not UN-adjusted; DOI 10.5258/SOTON/WP00670",zmb_ppp_2000_1km_Aggregated.tif,EXPOSURE ONLY - not a flood-occurrence predictor,2026-10-07T14:55:13+00:00
ZMB-D-1005,2000,91244.27958011627,9.980864441742673,9141.921535223746,4.17941951751709,"WorldPop, University of Southampton","The spatial distribution of population in 2000 Zambia — unconstrained individual countries 2000-2020, 1 km, not UN-adjusted; DOI 10.5258/SOTON/WP00670",zmb_ppp_2000_1km_Aggregated.tif,EXPOSURE ONLY - not a flood-occurrence predictor,2026-10-07T14:55:13+00:00
ZMB-D-0301,2000,57565.69288301468,38.21327040516775,1506.4319874393639,38.655643463134766,"WorldPop, University of Southampton","The spatial distribution of population in 2000 Zambia — unconstrained individual countries 2000-2020, 1 km, not UN-adjusted; DOI 10.5258/SOTON/WP00670",zmb_ppp_2000_1km_Aggregated.tif,EXPOSURE ONLY - not a flood-occurrence predictor,2026-10-07T14:55:13+00:00
ZMB-D-0302,2000,63290.984307169914,6.185204717457724,10232.641795756781,2.7578232288360596,"WorldPop, University of Southampton","The spatial distribution of population in 2000 Zambia — unconstrained individual countries 2000-2020, 1 km, not UN-adjusted; DOI 10.5258/SOTON/WP00670",zmb_ppp_2000_1km_Aggregated.tif,EXPOSURE ONLY - not a flood-occurrence predictor,2026-10-07T14:55:13+00:00
ZMB-D-1006,2000,38004.41234737635,4.07059761506015,9336.322560296781,5.496834754943848,"WorldPop, University of Southampton","The spatial distribution of population in 2000 Zambia — unconstrained individual countries 2000-2020, 1 km, not UN-adjusted; DOI 10.5258/SOTON/WP00670",zmb_ppp_2000_1km_Aggregated.tif,EXPOSURE ONLY - not a flood-occurrence predictor,2026-10-07T14:55:13+00:00
ZMB-D-0303,2000,122959.57449626923,50.25001383222317,2446.956032824424,260.5663146972656,"WorldPop, University of Southampton","The spatial distribution of population in 2000 Zambia — unconstrained individual countries 2000-2020, 1 km, not UN-adjusted; DOI 10.5258/SOTON/WP00670",zmb_ppp_2000_1km_Aggregated.tif,EXPOSURE ONLY - not a flood-occurrence predictor,2026-10-07T14:55:13+00:00
ZMB-D-0105,2000,42780.10101413727,6.199365475745546,6900.722530638099,8.413100242614746,"WorldPop, University of Southampton","The spatial distribution of population in 2000 Zambia — unconstrained individual countries 2000-2020, 1 km, not UN-adjusted; DOI 10.5258/SOTON/WP00670",zmb_ppp_2000_1km_Aggregated.tif,EXPOSURE ONLY - not a flood-occurrence predictor,2026-10-07T14:55:13+00:00
ZMB-D-0304,2000,184926.01327741146,25.160595922365985,7349.826444811085,14.503525733947754,"WorldPop, University of Southampton","The spatial distribution of population in 2000 Zambia — unconstrained individual countries 2000-2020, 1 km, not UN-adjusted; DOI 10.5258/SOTON/WP00670",zmb_ppp_2000_1km_Aggregated.tif,EXPOSURE ONLY - not a flood-occurrence predictor,2026-10-07T14:55:13+00:00
ZMB-D-0106,2000,18056.96591708064,1.9472024231976723,9273.286486274863,1.3107659816741943,"WorldPop, University of Southampton","The spatial distribution of population in 2000 Zambia — unconstrained individual countries 2000-2020, 1 km, not UN-adjusted; DOI 10.5258/SOTON/WP00670",zmb_ppp_2000_1km_Aggregated.tif,EXPOSURE ONLY - not a flood-occurrence predictor,2026-10-07T14:55:13+00:00
ZMB-D-0201,2000,63997.6100833416,7.186015182933763,8905.8551163837,6.8281331062316895,"WorldPop, University of Southampton","The spatial distribution of population in 2000 Zambia — unconstrained individual countries 2000-2020, 1 km, not UN-adjusted; DOI 10.5258/SOTON/WP00670",zmb_ppp_2000_1km_Aggregated.tif,EXPOSURE ONLY - not a flood-occurrence predictor,2026-10-07T14:55:13+00:00
ZMB-D-0305,2000,365300.69285702705,57.10094511048493,6397.4544055305,55.60699462890625,"WorldPop, University of Southampton","The spatial distribution of population in 2000 Zambia — unconstrained individual countries 2000-2020, 1 km, not UN-adjusted; DOI 10.5258/SOTON/WP00670",zmb_ppp_2000_1km_Aggregated.tif,EXPOSURE ONLY - not a flood-occurrence predictor,2026-10-07T14:55:13+00:00
ZMB-D-0701,2000,54869.63668572903,3.838470493557213,14294.66157883107,1.9569202661514282,"WorldPop, University of Southampton","The spatial distribution of population in 2000 Zambia — unconstrained individual countries 2000-2020, 1 km, not UN-adjusted; DOI 10.5258/SOTON/WP00670",zmb_ppp_2000_1km_Aggregated.tif,EXPOSURE ONLY - not a flood-occurrence predictor,2026-10-07T14:55:13+00:00
ZMB-D-0702,2000,28625.940671503544,6.246188436527029,4582.94541741683,1.8929556608200073,"WorldPop, University of Southampton","The spatial distribution of population in 2000 Zambia — unconstrained individual countries 2000-2020, 1 km, not UN-adjusted; DOI 10.5258/SOTON/WP00670",zmb_ppp_2000_1km_Aggregated.tif,EXPOSURE ONLY - not a flood-occurrence predictor,2026-10-07T14:55:13+00:00
ZMB-D-0703,2000,42981.80038911104,2.261803149960862,19003.333862124473,2.3807015419006348,"WorldPop, University of Southampton","The spatial distribution of population in 2000 Zambia — unconstrained individual countries 2000-2020, 1 km, not UN-adjusted; DOI 10.5258/SOTON/WP00670",zmb_ppp_2000_1km_Aggregated.tif,EXPOSURE ONLY - not a flood-occurrence predictor,2026-10-07T14:55:13+00:00
ZMB-D-0306,2000,48927.61295688152,8.273733645132818,5913.60745407415,7.039151668548584,"WorldPop, University of Southampton","The spatial distribution of population in 2000 Zambia — unconstrained individual countries 2000-2020, 1 km, not UN-adjusted; DOI 10.5258/SOTON/WP00670",zmb_ppp_2000_1km_Aggregated.tif,EXPOSURE ONLY - not a flood-occurrence predictor,2026-10-07T14:55:13+00:00
ZMB-D-0704,2000,52808.698009073734,2.423155389193025,21793.360114086794,2.246720790863037,"WorldPop, University of Southampton","The spatial distribution of population in 2000 Zambia — unconstrained individual countries 2000-2020, 1 km, not UN-adjusted; DOI 10.5258/SOTON/WP00670",zmb_ppp_2000_1km_Aggregated.tif,EXPOSURE ONLY - not a flood-occurrence predictor,2026-10-07T14:55:13+00:00
ZMB-D-0202,2000,412562.68378162384,344.5138204653838,1197.521432447374,100.50205993652344,"WorldPop, University of Southampton","The spatial distribution of population in 2000 Zambia — unconstrained individual countries 2000-2020, 1 km, not UN-adjusted; DOI 10.5258/SOTON/WP00670",zmb_ppp_2000_1km_Aggregated.tif,EXPOSURE ONLY - not a flood-occurrence predictor,2026-10-07T14:55:13+00:00
ZMB-D-0203,2000,53497.13417816162,50.01686463805822,1069.5819213236975,8.946642875671387,"WorldPop, University of Southampton","The spatial distribution of population in 2000 Zambia — unconstrained individual countries 2000-2020, 1 km, not UN-adjusted; DOI 10.5258/SOTON/WP00670",zmb_ppp_2000_1km_Aggregated.tif,EXPOSURE ONLY - not a flood-occurrence predictor,2026-10-07T14:55:13+00:00
ZMB-D-0204,2000,120993.81705796719,162.13820753183316,746.2387730801331,843.3310546875,"WorldPop, University of Southampton","The spatial distribution of population in 2000 Zambia — unconstrained individual countries 2000-2020, 1 km, not UN-adjusted; DOI 10.5258/SOTON/WP00670",zmb_ppp_2000_1km_Aggregated.tif,EXPOSURE ONLY - not a flood-occurrence predictor,2026-10-07T14:55:13+00:00
ZMB-D-0205,2000,59985.79784488678,5.533665701394859,10840.155709038638,8.196210861206055,"WorldPop, University of Southampton","The spatial distribution of population in 2000 Zambia — unconstrained individual countries 2000-2020, 1 km, not UN-adjusted; DOI 10.5258/SOTON/WP00670",zmb_ppp_2000_1km_Aggregated.tif,EXPOSURE ONLY - not a flood-occurrence predictor,2026-10-07T14:55:13+00:00
ZMB-D-0206,2000,170875.87404060364,109.76979138326818,1556.6748545961948,11.699723243713379,"WorldPop, University of Southampton","The spatial distribution of population in 2000 Zambia — unconstrained individual countries 2000-2020, 1 km, not UN-adjusted; DOI 10.5258/SOTON/WP00670",zmb_ppp_2000_1km_Aggregated.tif,EXPOSURE ONLY - not a flood-occurrence predictor,2026-10-07T14:55:13+00:00
ZMB-D-0207,2000,63000.78699827194,71.51594477204696,880.9334365795404,42.00403594970703,"WorldPop, University of Southampton","The spatial distribution of population in 2000 Zambia — unconstrained individual countries 2000-2020, 1 km, not UN-adjusted; DOI 10.5258/SOTON/WP00670",zmb_ppp_2000_1km_Aggregated.tif,EXPOSURE ONLY - not a flood-occurrence predictor,2026-10-07T14:55:13+00:00
ZMB-D-0107,2000,66723.7981296219,5.554375891722692,12012.83446247414,7.939474582672119,"WorldPop, University of Southampton","The spatial distribution of population in 2000 Zambia — unconstrained individual countries 2000-2020, 1 km, not UN-adjusted; DOI 10.5258/SOTON/WP00670",zmb_ppp_2000_1km_Aggregated.tif,EXPOSURE ONLY - not a flood-occurrence predictor,2026-10-07T14:55:13+00:00
ZMB-D-0307,2000,226987.30171442032,16.650372111564668,13632.56629902969,6.9646315574646,"WorldPop, University of Southampton","The spatial distribution of population in 2000 Zambia — unconstrained individual countries 2000-2020, 1 km, not UN-adjusted; DOI 10.5258/SOTON/WP00670",zmb_ppp_2000_1km_Aggregated.tif,EXPOSURE ONLY - not a flood-occurrence predictor,2026-10-07T14:55:13+00:00
ZMB-D-0705,2000,174366.92926710844,5.7272749335315885,30445.00766782453,7.428522109985352,"WorldPop, University of Southampton","The spatial distribution of population in 2000 Zambia — unconstrained individual countries 2000-2020, 1 km, not UN-adjusted; DOI 10.5258/SOTON/WP00670",zmb_ppp_2000_1km_Aggregated.tif,EXPOSURE ONLY - not a flood-occurrence predictor,2026-10-07T14:55:13+00:00
ZMB-D-0401,2000,108441.44671487808,17.52686047971332,6187.157525467551,13.229357719421387,"WorldPop, University of Southampton","The spatial distribution of population in 2000 Zambia — unconstrained individual countries 2000-2020, 1 km, not UN-adjusted; DOI 10.5258/SOTON/WP00670",zmb_ppp_2000_1km_Aggregated.tif,EXPOSURE ONLY - not a flood-occurrence predictor,2026-10-07T14:55:13+00:00
ZMB-D-0601,2000,147920.54272454232,3.691264844106065,40073.13183196019,9.294971466064453,"WorldPop, University of Southampton","The spatial distribution of population in 2000 Zambia — unconstrained individual countries 2000-2020, 1 km, not UN-adjusted; DOI 10.5258/SOTON/WP00670",zmb_ppp_2000_1km_Aggregated.tif,EXPOSURE ONLY - not a flood-occurrence predictor,2026-10-07T14:55:13+00:00
ZMB-D-0706,2000,90308.5368705988,4.328330753176814,20864.51845305863,1.2885658740997314,"WorldPop, University of Southampton","The spatial distribution of population in 2000 Zambia — unconstrained individual countries 2000-2020, 1 km, not UN-adjusted; DOI 10.5258/SOTON/WP00670",zmb_ppp_2000_1km_Aggregated.tif,EXPOSURE ONLY - not a flood-occurrence predictor,2026-10-07T14:55:13+00:00
ZMB-D-0402,2000,138635.84590032697,22.141896096828212,6261.245436888592,0.0,"WorldPop, University of Southampton","The spatial distribution of population in 2000 Zambia — unconstrained individual countries 2000-2020, 1 km, not UN-adjusted; DOI 10.5258/SOTON/WP00670",zmb_ppp_2000_1km_Aggregated.tif,EXPOSURE ONLY - not a flood-occurrence predictor,2026-10-07T14:55:13+00:00
ZMB-D-0801,2000,70306.51296558231,13.627131227371692,5159.30402316545,17.842981338500977,"WorldPop, University of Southampton","The spatial distribution of population in 2000 Zambia — unconstrained individual countries 2000-2020, 1 km, not UN-adjusted; DOI 10.5258/SOTON/WP00670",zmb_ppp_2000_1km_Aggregated.tif,EXPOSURE ONLY - not a flood-occurrence predictor,2026-10-07T14:55:13+00:00
ZMB-D-0403,2000,92404.56110292673,12.21924525845521,7562.215108088334,11.425503730773926,"WorldPop, University of Southampton","The spatial distribution of population in 2000 Zambia — unconstrained individual countries 2000-2020, 1 km, not UN-adjusted; DOI 10.5258/SOTON/WP00670",zmb_ppp_2000_1km_Aggregated.tif,EXPOSURE ONLY - not a flood-occurrence predictor,2026-10-07T14:55:13+00:00
ZMB-D-0602,2000,65863.08125448227,3.7318020659602342,17649.135750058857,4.240117073059082,"WorldPop, University of Southampton","The spatial distribution of population in 2000 Zambia — unconstrained individual countries 2000-2020, 1 km, not UN-adjusted; DOI 10.5258/SOTON/WP00670",zmb_ppp_2000_1km_Aggregated.tif,EXPOSURE ONLY - not a flood-occurrence predictor,2026-10-07T14:55:13+00:00
ZMB-D-0802,2000,75617.47835612297,8.46155760628649,8936.590858867778,9.575996398925781,"WorldPop, University of Southampton","The spatial distribution of population in 2000 Zambia — unconstrained individual countries 2000-2020, 1 km, not UN-adjusted; DOI 10.5258/SOTON/WP00670",zmb_ppp_2000_1km_Aggregated.tif,EXPOSURE ONLY - not a flood-occurrence predictor,2026-10-07T14:55:13+00:00
ZMB-D-0404,2000,25827.170127034187,6.153685073145502,4197.025005348939,10.377335548400879,"WorldPop, University of Southampton","The spatial distribution of population in 2000 Zambia — unconstrained individual countries 2000-2020, 1 km, not UN-adjusted; DOI 10.5258/SOTON/WP00670",zmb_ppp_2000_1km_Aggregated.tif,EXPOSURE ONLY - not a flood-occurrence predictor,2026-10-07T14:55:13+00:00
ZMB-D-0603,2000,52528.66586633772,5.748908608471547,9137.154448573401,2.955353260040283,"WorldPop, University of Southampton","The spatial distribution of population in 2000 Zambia — unconstrained individual countries 2000-2020, 1 km, not UN-adjusted; DOI 10.5258/SOTON/WP00670",zmb_ppp_2000_1km_Aggregated.tif,EXPOSURE ONLY - not a flood-occurrence predictor,2026-10-07T14:55:13+00:00
ZMB-D-0803,2000,174496.03551101685,16.444296292337462,10611.341002918236,6.204946994781494,"WorldPop, University of Southampton","The spatial distribution of population in 2000 Zambia — unconstrained individual countries 2000-2020, 1 km, not UN-adjusted; DOI 10.5258/SOTON/WP00670",zmb_ppp_2000_1km_Aggregated.tif,EXPOSURE ONLY - not a flood-occurrence predictor,2026-10-07T14:55:13+00:00
ZMB-D-0604,2000,48218.95123434067,9.126658909763119,5283.308131824572,2.4868438243865967,"WorldPop, University of Southampton","The spatial distribution of population in 2000 Zambia — unconstrained individual countries 2000-2020, 1 km, not UN-adjusted; DOI 10.5258/SOTON/WP00670",zmb_ppp_2000_1km_Aggregated.tif,EXPOSURE ONLY - not a flood-occurrence predictor,2026-10-07T14:55:13+00:00
ZMB-D-0804,2000,108815.90115070343,11.203823795712069,9712.389549749032,6.592853546142578,"WorldPop, University of Southampton","The spatial distribution of population in 2000 Zambia — unconstrained individual countries 2000-2020, 1 km, not UN-adjusted; DOI 10.5258/SOTON/WP00670",zmb_ppp_2000_1km_Aggregated.tif,EXPOSURE ONLY - not a flood-occurrence predictor,2026-10-07T14:55:13+00:00
ZMB-D-0405,2000,66529.75975978374,8.327638929804133,7989.0303026560905,11.942740440368652,"WorldPop, University of Southampton","The spatial distribution of population in 2000 Zambia — unconstrained individual countries 2000-2020, 1 km, not UN-adjusted; DOI 10.5258/SOTON/WP00670",zmb_ppp_2000_1km_Aggregated.tif,EXPOSURE ONLY - not a flood-occurrence predictor,2026-10-07T14:55:13+00:00
ZMB-D-0805,2000,74814.13951528072,6.229108341925214,12010.409100086084,2.634895086288452,"WorldPop, University of Southampton","The spatial distribution of population in 2000 Zambia — unconstrained individual countries 2000-2020, 1 km, not UN-adjusted; DOI 10.5258/SOTON/WP00670",zmb_ppp_2000_1km_Aggregated.tif,EXPOSURE ONLY - not a flood-occurrence predictor,2026-10-07T14:55:13+00:00
ZMB-D-0605,2000,80213.94541478157,18.463567042210578,4344.444669407599,18.270395278930664,"WorldPop, University of Southampton","The spatial distribution of population in 2000 Zambia — unconstrained individual countries 2000-2020, 1 km, not UN-adjusted; DOI 10.5258/SOTON/WP00670",zmb_ppp_2000_1km_Aggregated.tif,EXPOSURE ONLY - not a flood-occurrence predictor,2026-10-07T14:55:13+00:00
ZMB-D-0406,2000,112448.02766491473,26.65624361444342,4218.4498795616455,17.09137535095215,"WorldPop, University of Southampton","The spatial distribution of population in 2000 Zambia — unconstrained individual countries 2000-2020, 1 km, not UN-adjusted; DOI 10.5258/SOTON/WP00670",zmb_ppp_2000_1km_Aggregated.tif,EXPOSURE ONLY - not a flood-occurrence predictor,2026-10-07T14:55:13+00:00
ZMB-D-0806,2000,128180.59612178802,16.776600005696555,7640.439426240349,20.79701042175293,"WorldPop, University of Southampton","The spatial distribution of population in 2000 Zambia — unconstrained individual countries 2000-2020, 1 km, not UN-adjusted; DOI 10.5258/SOTON/WP00670",zmb_ppp_2000_1km_Aggregated.tif,EXPOSURE ONLY - not a flood-occurrence predictor,2026-10-07T14:55:13+00:00
ZMB-D-0807,2000,82928.77620024234,7.482497791789744,11083.033835470942,3.95442795753479,"WorldPop, University of Southampton","The spatial distribution of population in 2000 Zambia — unconstrained individual countries 2000-2020, 1 km, not UN-adjusted; DOI 10.5258/SOTON/WP00670",zmb_ppp_2000_1km_Aggregated.tif,EXPOSURE ONLY - not a flood-occurrence predictor,2026-10-07T14:55:13+00:00
ZMB-D-0808,2000,45451.99397991225,6.137736480070506,7405.33487019145,3.0953431129455566,"WorldPop, University of Southampton","The spatial distribution of population in 2000 Zambia — unconstrained individual countries 2000-2020, 1 km, not UN-adjusted; DOI 10.5258/SOTON/WP00670",zmb_ppp_2000_1km_Aggregated.tif,EXPOSURE ONLY - not a flood-occurrence predictor,2026-10-07T14:55:13+00:00
ZMB-D-0407,2000,75354.47916147113,19.37360115526401,3889.5442596120824,28.17574691772461,"WorldPop, University of Southampton","The spatial distribution of population in 2000 Zambia — unconstrained individual countries 2000-2020, 1 km, not UN-adjusted; DOI 10.5258/SOTON/WP00670",zmb_ppp_2000_1km_Aggregated.tif,EXPOSURE ONLY - not a flood-occurrence predictor,2026-10-07T14:55:13+00:00
ZMB-D-0208,2000,94545.77322483063,25.674923459873515,3682.4169455692077,15.098142623901367,"WorldPop, University of Southampton","The spatial distribution of population in 2000 Zambia — unconstrained individual countries 2000-2020, 1 km, not UN-adjusted; DOI 10.5258/SOTON/WP00670",zmb_ppp_2000_1km_Aggregated.tif,EXPOSURE ONLY - not a flood-occurrence predictor,2026-10-07T14:55:13+00:00
ZMB-D-0209,2000,145060.34160518646,182.9681228266481,792.8175649625202,118.83960723876953,"WorldPop, University of Southampton","The spatial distribution of population in 2000 Zambia — unconstrained individual countries 2000-2020, 1 km, not UN-adjusted; DOI 10.5258/SOTON/WP00670",zmb_ppp_2000_1km_Aggregated.tif,EXPOSURE ONLY - not a flood-occurrence predictor,2026-10-07T14:55:13+00:00
ZMB-D-0210,2000,336806.4637069702,309.63974039139777,1087.7365524245452,85.16986846923828,"WorldPop, University of Southampton","The spatial distribution of population in 2000 Zambia — unconstrained individual countries 2000-2020, 1 km, not UN-adjusted; DOI 10.5258/SOTON/WP00670",zmb_ppp_2000_1km_Aggregated.tif,EXPOSURE ONLY - not a flood-occurrence predictor,2026-10-07T14:55:13+00:00
ZMB-D-0707,2000,21185.712850868702,9.650566330738304,2195.2818233464145,12.110074043273926,"WorldPop, University of Southampton","The spatial distribution of population in 2000 Zambia — unconstrained individual countries 2000-2020, 1 km, not UN-adjusted; DOI 10.5258/SOTON/WP00670",zmb_ppp_2000_1km_Aggregated.tif,EXPOSURE ONLY - not a flood-occurrence predictor,2026-10-07T14:55:13+00:00
ZMB-D-0606,2000,45502.82564389706,11.158810877595348,4077.748618829771,12.553428649902344,"WorldPop, University of Southampton","The spatial distribution of population in 2000 Zambia — unconstrained individual countries 2000-2020, 1 km, not UN-adjusted; DOI 10.5258/SOTON/WP00670",zmb_ppp_2000_1km_Aggregated.tif,EXPOSURE ONLY - not a flood-occurrence predictor,2026-10-07T14:55:13+00:00
ZMB-D-0505,2000,24255.179287433624,13.671404147058587,1774.1542146314316,13.264257431030273,"WorldPop, University of Southampton","The spatial distribution of population in 2000 Zambia — unconstrained individual countries 2000-2020, 1 km, not UN-adjusted; DOI 10.5258/SOTON/WP00670",zmb_ppp_2000_1km_Aggregated.tif,EXPOSURE ONLY - not a flood-occurrence predictor,2026-10-07T14:55:13+00:00
ZMB-D-0408,2000,9413.757373452187,4.377117019638845,2150.675280376423,2.5498881340026855,"WorldPop, University of Southampton","The spatial distribution of population in 2000 Zambia — unconstrained individual countries 2000-2020, 1 km, not UN-adjusted; DOI 10.5258/SOTON/WP00670",zmb_ppp_2000_1km_Aggregated.tif,EXPOSURE ONLY - not a flood-occurrence predictor,2026-10-07T14:55:13+00:00
ZMB-D-0607,2000,76553.112180233,12.21832744279072,6265.433017626505,4.778629779815674,"WorldPop, University of Southampton","The spatial distribution of population in 2000 Zambia — unconstrained individual countries 2000-2020, 1 km, not UN-adjusted; DOI 10.5258/SOTON/WP00670",zmb_ppp_2000_1km_Aggregated.tif,EXPOSURE ONLY - not a flood-occurrence predictor,2026-10-07T14:55:13+00:00
ZMB-D-0108,2000,85014.43317711353,10.102655410904392,8415.0581920623,13.81849193572998,"WorldPop, University of Southampton","The spatial distribution of population in 2000 Zambia — unconstrained individual countries 2000-2020, 1 km, not UN-adjusted; DOI 10.5258/SOTON/WP00670",zmb_ppp_2000_1km_Aggregated.tif,EXPOSURE ONLY - not a flood-occurrence predictor,2026-10-07T14:55:13+00:00
ZMB-D-0506,2000,142186.18689322472,62.905324991558246,2260.3203609917887,17.941600799560547,"WorldPop, University of Southampton","The spatial distribution of population in 2000 Zambia — unconstrained individual countries 2000-2020, 1 km, not UN-adjusted; DOI 10.5258/SOTON/WP00670",zmb_ppp_2000_1km_Aggregated.tif,EXPOSURE ONLY - not a flood-occurrence predictor,2026-10-07T14:55:13+00:00
ZMB-D-0109,2000,90793.27307367325,17.22353499481351,5271.4656486611875,10.688827514648438,"WorldPop, University of Southampton","The spatial distribution of population in 2000 Zambia — unconstrained individual countries 2000-2020, 1 km, not UN-adjusted; DOI 10.5258/SOTON/WP00670",zmb_ppp_2000_1km_Aggregated.tif,EXPOSURE ONLY - not a flood-occurrence predictor,2026-10-07T14:55:13+00:00
ZMB-D-1007,2000,26097.77446246147,2.3554502032205713,11079.739417449106,2.4895176887512207,"WorldPop, University of Southampton","The spatial distribution of population in 2000 Zambia — unconstrained individual countries 2000-2020, 1 km, not UN-adjusted; DOI 10.5258/SOTON/WP00670",zmb_ppp_2000_1km_Aggregated.tif,EXPOSURE ONLY - not a flood-occurrence predictor,2026-10-07T14:55:13+00:00
ZMB-D-1008,2000,27514.29147064686,4.259768244685011,6459.105258831141,1.7406286001205444,"WorldPop, University of Southampton","The spatial distribution of population in 2000 Zambia — unconstrained individual countries 2000-2020, 1 km, not UN-adjusted; DOI 10.5258/SOTON/WP00670",zmb_ppp_2000_1km_Aggregated.tif,EXPOSURE ONLY - not a flood-occurrence predictor,2026-10-07T14:55:13+00:00
ZMB-D-1009,2000,39873.061980098486,5.011010579097702,7957.08996233613,1.7468528747558594,"WorldPop, University of Southampton","The spatial distribution of population in 2000 Zambia — unconstrained individual countries 2000-2020, 1 km, not UN-adjusted; DOI 10.5258/SOTON/WP00670",zmb_ppp_2000_1km_Aggregated.tif,EXPOSURE ONLY - not a flood-occurrence predictor,2026-10-07T14:55:13+00:00
ZMB-D-1010,2000,45606.679670095444,9.85856013648078,4626.099454557439,3.6349899768829346,"WorldPop, University of Southampton","The spatial distribution of population in 2000 Zambia — unconstrained individual countries 2000-2020, 1 km, not UN-adjusted; DOI 10.5258/SOTON/WP00670",zmb_ppp_2000_1km_Aggregated.tif,EXPOSURE ONLY - not a flood-occurrence predictor,2026-10-07T14:55:13+00:00
ZMB-D-1011,2000,33071.49665975571,4.3277806526464655,7641.6757950827,3.0742385387420654,"WorldPop, University of Southampton","The spatial distribution of population in 2000 Zambia — unconstrained individual countries 2000-2020, 1 km, not UN-adjusted; DOI 10.5258/SOTON/WP00670",zmb_ppp_2000_1km_Aggregated.tif,EXPOSURE ONLY - not a flood-occurrence predictor,2026-10-07T14:55:13+00:00
ZMB-D-1012,2000,37847.8715775013,3.7163418386975917,10184.17390547831,2.688110113143921,"WorldPop, University of Southampton","The spatial distribution of population in 2000 Zambia — unconstrained individual countries 2000-2020, 1 km, not UN-adjusted; DOI 10.5258/SOTON/WP00670",zmb_ppp_2000_1km_Aggregated.tif,EXPOSURE ONLY - not a flood-occurrence predictor,2026-10-07T14:55:13+00:00
ZMB-D-1013,2000,34078.23168635368,8.967255286059986,3800.2968131541734,17.888124465942383,"WorldPop, University of Southampton","The spatial distribution of population in 2000 Zambia — unconstrained individual countries 2000-2020, 1 km, not UN-adjusted; DOI 10.5258/SOTON/WP00670",zmb_ppp_2000_1km_Aggregated.tif,EXPOSURE ONLY - not a flood-occurrence predictor,2026-10-07T14:55:13+00:00
ZMB-D-0809,2000,43562.64821456373,8.59513493220856,5068.291371589916,9.39848518371582,"WorldPop, University of Southampton","The spatial distribution of population in 2000 Zambia — unconstrained individual countries 2000-2020, 1 km, not UN-adjusted; DOI 10.5258/SOTON/WP00670",zmb_ppp_2000_1km_Aggregated.tif,EXPOSURE ONLY - not a flood-occurrence predictor,2026-10-07T14:55:13+00:00
ZMB-D-0409,2000,19958.25589574501,5.3879569869760235,3704.234451757665,3.677560329437256,"WorldPop, University of Southampton","The spatial distribution of population in 2000 Zambia — unconstrained individual countries 2000-2020, 1 km, not UN-adjusted; DOI 10.5258/SOTON/WP00670",zmb_ppp_2000_1km_Aggregated.tif,EXPOSURE ONLY - not a flood-occurrence predictor,2026-10-07T14:55:13+00:00
ZMB-D-0911,2000,45511.20092511177,8.670763633071061,5248.811160245219,3.864280939102173,"WorldPop, University of Southampton","The spatial distribution of population in 2000 Zambia — unconstrained individual countries 2000-2020, 1 km, not UN-adjusted; DOI 10.5258/SOTON/WP00670",zmb_ppp_2000_1km_Aggregated.tif,EXPOSURE ONLY - not a flood-occurrence predictor,2026-10-07T14:55:13+00:00
ZMB-D-0308,2000,120944.1264743805,46.705575314827854,2589.5008392281543,67.3414077758789,"WorldPop, University of Southampton","The spatial distribution of population in 2000 Zambia — unconstrained individual countries 2000-2020, 1 km, not UN-adjusted; DOI 10.5258/SOTON/WP00670",zmb_ppp_2000_1km_Aggregated.tif,EXPOSURE ONLY - not a flood-occurrence predictor,2026-10-07T14:55:13+00:00
ZMB-D-0110,2000,145924.21048551798,15.663941425445817,9315.931828528577,16.41335105895996,"WorldPop, University of Southampton","The spatial distribution of population in 2000 Zambia — unconstrained individual countries 2000-2020, 1 km, not UN-adjusted; DOI 10.5258/SOTON/WP00670",zmb_ppp_2000_1km_Aggregated.tif,EXPOSURE ONLY - not a flood-occurrence predictor,2026-10-07T14:55:13+00:00
ZMB-D-0507,2000,80691.39278364182,60.40972748167147,1335.735090149577,16.28490447998047,"WorldPop, University of Southampton","The spatial distribution of population in 2000 Zambia — unconstrained individual countries 2000-2020, 1 km, not UN-adjusted; DOI 10.5258/SOTON/WP00670",zmb_ppp_2000_1km_Aggregated.tif,EXPOSURE ONLY - not a flood-occurrence predictor,2026-10-07T14:55:13+00:00
ZMB-D-0309,2000,22827.130335330963,24.796183282445643,920.5904826284833,15.923235893249512,"WorldPop, University of Southampton","The spatial distribution of population in 2000 Zambia — unconstrained individual countries 2000-2020, 1 km, not UN-adjusted; DOI 10.5258/SOTON/WP00670",zmb_ppp_2000_1km_Aggregated.tif,EXPOSURE ONLY - not a flood-occurrence predictor,2026-10-07T14:55:13+00:00
ZMB-D-1014,2000,41016.0136410594,10.504355778278804,3904.667216801,4.018039226531982,"WorldPop, University of Southampton","The spatial distribution of population in 2000 Zambia — unconstrained individual countries 2000-2020, 1 km, not UN-adjusted; DOI 10.5258/SOTON/WP00670",zmb_ppp_2000_1km_Aggregated.tif,EXPOSURE ONLY - not a flood-occurrence predictor,2026-10-07T14:55:13+00:00
ZMB-D-1015,2000,19055.470693588257,2.996656001560949,6358.911628048839,1.8300514221191406,"WorldPop, University of Southampton","The spatial distribution of population in 2000 Zambia — unconstrained individual countries 2000-2020, 1 km, not UN-adjusted; DOI 10.5258/SOTON/WP00670",zmb_ppp_2000_1km_Aggregated.tif,EXPOSURE ONLY - not a flood-occurrence predictor,2026-10-07T14:55:13+00:00
ZMB-D-0111,2000,65635.89873838425,5.66659831302259,11582.945377925289,8.15904712677002,"WorldPop, University of Southampton","The spatial distribution of population in 2000 Zambia — unconstrained individual countries 2000-2020, 1 km, not UN-adjusted; DOI 10.5258/SOTON/WP00670",zmb_ppp_2000_1km_Aggregated.tif,EXPOSURE ONLY - not a flood-occurrence predictor,2026-10-07T14:55:13+00:00
ZMB-D-0708,2000,29196.50564187765,4.144918065997824,7043.928294116726,5.238892555236816,"WorldPop, University of Southampton","The spatial distribution of population in 2000 Zambia — unconstrained individual countries 2000-2020, 1 km, not UN-adjusted; DOI 10.5258/SOTON/WP00670",zmb_ppp_2000_1km_Aggregated.tif,EXPOSURE ONLY - not a flood-occurrence predictor,2026-10-07T14:55:13+00:00
ZMB-D-0709,2000,32188.547184735537,4.337190769466104,7421.51980294329,1.9278861284255981,"WorldPop, University of Southampton","The spatial distribution of population in 2000 Zambia — unconstrained individual countries 2000-2020, 1 km, not UN-adjusted; DOI 10.5258/SOTON/WP00670",zmb_ppp_2000_1km_Aggregated.tif,EXPOSURE ONLY - not a flood-occurrence predictor,2026-10-07T14:55:13+00:00
ZMB-D-0410,2000,76130.8095934391,31.313196943941126,2431.269146032368,26.77250862121582,"WorldPop, University of Southampton","The spatial distribution of population in 2000 Zambia — unconstrained individual countries 2000-2020, 1 km, not UN-adjusted; DOI 10.5258/SOTON/WP00670",zmb_ppp_2000_1km_Aggregated.tif,EXPOSURE ONLY - not a flood-occurrence predictor,2026-10-07T14:55:13+00:00
ZMB-D-0411,2000,38542.390849500895,32.429858418646795,1188.4847091203908,32.312400817871094,"WorldPop, University of Southampton","The spatial distribution of population in 2000 Zambia — unconstrained individual countries 2000-2020, 1 km, not UN-adjusted; DOI 10.5258/SOTON/WP00670",zmb_ppp_2000_1km_Aggregated.tif,EXPOSURE ONLY - not a flood-occurrence predictor,2026-10-07T14:55:13+00:00
ZMB-D-0912,2000,51911.76299858093,27.346717938767117,1898.281289726181,8.8189697265625,"WorldPop, University of Southampton","The spatial distribution of population in 2000 Zambia — unconstrained individual countries 2000-2020, 1 km, not UN-adjusted; DOI 10.5258/SOTON/WP00670",zmb_ppp_2000_1km_Aggregated.tif,EXPOSURE ONLY - not a flood-occurrence predictor,2026-10-07T14:55:13+00:00
ZMB-D-0508,2000,35938.18385070562,21.97971666653998,1635.0612883656872,16.63645362854004,"WorldPop, University of Southampton","The spatial distribution of population in 2000 Zambia — unconstrained individual countries 2000-2020, 1 km, not UN-adjusted; DOI 10.5258/SOTON/WP00670",zmb_ppp_2000_1km_Aggregated.tif,EXPOSURE ONLY - not a flood-occurrence predictor,2026-10-07T14:55:13+00:00
ZMB-D-0901,2001,107183.22843647003,127.41051566896729,841.2431883954464,150.853759765625,"WorldPop, University of Southampton","The spatial distribution of population in 2001 Zambia — unconstrained individual countries 2000-2020, 1 km, not UN-adjusted; DOI 10.5258/SOTON/WP00670",zmb_ppp_2001_1km_Aggregated.tif,EXPOSURE ONLY - not a flood-occurrence predictor,2026-10-07T14:55:13+00:00
ZMB-D-0902,2001,83713.92856554687,16.509061624790114,5070.7866060564875,26.53831672668457,"WorldPop, University of Southampton","The spatial distribution of population in 2001 Zambia — unconstrained individual countries 2000-2020, 1 km, not UN-adjusted; DOI 10.5258/SOTON/WP00670",zmb_ppp_2001_1km_Aggregated.tif,EXPOSURE ONLY - not a flood-occurrence predictor,2026-10-07T14:55:13+00:00
ZMB-D-0903,2001,35053.12015240267,9.090889089928202,3855.8517000540714,6.780426502227783,"WorldPop, University of Southampton","The spatial distribution of population in 2001 Zambia — unconstrained individual countries 2000-2020, 1 km, not UN-adjusted; DOI 10.5258/SOTON/WP00670",zmb_ppp_2001_1km_Aggregated.tif,EXPOSURE ONLY - not a flood-occurrence predictor,2026-10-07T14:55:13+00:00
ZMB-D-0904,2001,120831.33665561676,14.952527999877102,8080.997183660843,7.281749725341797,"WorldPop, University of Southampton","The spatial distribution of population in 2001 Zambia — unconstrained individual countries 2000-2020, 1 km, not UN-adjusted; DOI 10.5258/SOTON/WP00670",zmb_ppp_2001_1km_Aggregated.tif,EXPOSURE ONLY - not a flood-occurrence predictor,2026-10-07T14:55:13+00:00
ZMB-D-0905,2001,155900.0465042591,30.246149461506544,5154.376648924151,54.037498474121094,"WorldPop, University of Southampton","The spatial distribution of population in 2001 Zambia — unconstrained individual countries 2000-2020, 1 km, not UN-adjusted; DOI 10.5258/SOTON/WP00670",zmb_ppp_2001_1km_Aggregated.tif,EXPOSURE ONLY - not a flood-occurrence predictor,2026-10-07T14:55:13+00:00
ZMB-D-0906,2001,74447.20772692561,4.071178077005356,18286.404160853333,0.9685572385787964,"WorldPop, University of Southampton","The spatial distribution of population in 2001 Zambia — unconstrained individual countries 2000-2020, 1 km, not UN-adjusted; DOI 10.5258/SOTON/WP00670",zmb_ppp_2001_1km_Aggregated.tif,EXPOSURE ONLY - not a flood-occurrence predictor,2026-10-07T14:55:13+00:00
ZMB-D-0907,2001,32740.238075684756,15.97214111800042,2049.8340099679485,6.907110691070557,"WorldPop, University of Southampton","The spatial distribution of population in 2001 Zambia — unconstrained individual countries 2000-2020, 1 km, not UN-adjusted; DOI 10.5258/SOTON/WP00670",zmb_ppp_2001_1km_Aggregated.tif,EXPOSURE ONLY - not a flood-occurrence predictor,2026-10-07T14:55:13+00:00
ZMB-D-1001,2001,28947.653945803642,3.4941575846664903,8284.587413239587,2.258700370788574,"WorldPop, University of Southampton","The spatial distribution of population in 2001 Zambia — unconstrained individual countries 2000-2020, 1 km, not UN-adjusted; DOI 10.5258/SOTON/WP00670",zmb_ppp_2001_1km_Aggregated.tif,EXPOSURE ONLY - not a flood-occurrence predictor,2026-10-07T14:55:13+00:00
ZMB-D-0908,2001,167894.6989145577,34.26118274503871,4900.434995603594,10.078279495239258,"WorldPop, University of Southampton","The spatial distribution of population in 2001 Zambia — unconstrained individual countries 2000-2020, 1 km, not UN-adjusted; DOI 10.5258/SOTON/WP00670",zmb_ppp_2001_1km_Aggregated.tif,EXPOSURE ONLY - not a flood-occurrence predictor,2026-10-07T14:55:13+00:00
ZMB-D-0909,2001,81355.69474096596,15.044163021989274,5407.791355494656,10.563827514648438,"WorldPop, University of Southampton","The spatial distribution of population in 2001 Zambia — unconstrained individual countries 2000-2020, 1 km, not UN-adjusted; DOI 10.5258/SOTON/WP00670",zmb_ppp_2001_1km_Aggregated.tif,EXPOSURE ONLY - not a flood-occurrence predictor,2026-10-07T14:55:13+00:00
ZMB-D-0910,2001,135669.74874067307,35.462595062833444,3825.714065772408,79.63663482666016,"WorldPop, University of Southampton","The spatial distribution of population in 2001 Zambia — unconstrained individual countries 2000-2020, 1 km, not UN-adjusted; DOI 10.5258/SOTON/WP00670",zmb_ppp_2001_1km_Aggregated.tif,EXPOSURE ONLY - not a flood-occurrence predictor,2026-10-07T14:55:13+00:00
ZMB-D-1002,2001,59848.75935533643,5.431442477197034,11018.9437900891,1.4831957817077637,"WorldPop, University of Southampton","The spatial distribution of population in 2001 Zambia — unconstrained individual countries 2000-2020, 1 km, not UN-adjusted; DOI 10.5258/SOTON/WP00670",zmb_ppp_2001_1km_Aggregated.tif,EXPOSURE ONLY - not a flood-occurrence predictor,2026-10-07T14:55:13+00:00
ZMB-D-0501,2001,841277.7202625275,1949.916534892643,431.4429388172996,930.5250854492188,"WorldPop, University of Southampton","The spatial distribution of population in 2001 Zambia — unconstrained individual countries 2000-2020, 1 km, not UN-adjusted; DOI 10.5258/SOTON/WP00670",zmb_ppp_2001_1km_Aggregated.tif,EXPOSURE ONLY - not a flood-occurrence predictor,2026-10-07T14:55:13+00:00
ZMB-D-0101,2001,49240.55286313407,3.0503829490165284,16142.416767379873,4.675333023071289,"WorldPop, University of Southampton","The spatial distribution of population in 2001 Zambia — unconstrained individual countries 2000-2020, 1 km, not UN-adjusted; DOI 10.5258/SOTON/WP00670",zmb_ppp_2001_1km_Aggregated.tif,EXPOSURE ONLY - not a flood-occurrence predictor,2026-10-07T14:55:13+00:00
ZMB-D-0502,2001,86279.02074155957,18.596246723980485,4639.593248152589,1.976463794708252,"WorldPop, University of Southampton","The spatial distribution of population in 2001 Zambia — unconstrained individual countries 2000-2020, 1 km, not UN-adjusted; DOI 10.5258/SOTON/WP00670",zmb_ppp_2001_1km_Aggregated.tif,EXPOSURE ONLY - not a flood-occurrence predictor,2026-10-07T14:55:13+00:00
ZMB-D-0503,2001,18533.93478280306,4.910420227477761,3774.40909824596,1.309705376625061,"WorldPop, University of Southampton","The spatial distribution of population in 2001 Zambia — unconstrained individual countries 2000-2020, 1 km, not UN-adjusted; DOI 10.5258/SOTON/WP00670",zmb_ppp_2001_1km_Aggregated.tif,EXPOSURE ONLY - not a flood-occurrence predictor,2026-10-07T14:55:13+00:00
ZMB-D-0504,2001,38904.60764211416,4.068750101340083,9561.808091703777,4.623842239379883,"WorldPop, University of Southampton","The spatial distribution of population in 2001 Zambia — unconstrained individual countries 2000-2020, 1 km, not UN-adjusted; DOI 10.5258/SOTON/WP00670",zmb_ppp_2001_1km_Aggregated.tif,EXPOSURE ONLY - not a flood-occurrence predictor,2026-10-07T14:55:13+00:00
ZMB-D-1003,2001,128704.7378166914,21.249643704124146,6056.795097779089,11.253196716308594,"WorldPop, University of Southampton","The spatial distribution of population in 2001 Zambia — unconstrained individual countries 2000-2020, 1 km, not UN-adjusted; DOI 10.5258/SOTON/WP00670",zmb_ppp_2001_1km_Aggregated.tif,EXPOSURE ONLY - not a flood-occurrence predictor,2026-10-07T14:55:13+00:00
ZMB-D-0102,2001,376445.3026699871,42.186091529952755,8923.445832916408,18.066377639770508,"WorldPop, University of Southampton","The spatial distribution of population in 2001 Zambia — unconstrained individual countries 2000-2020, 1 km, not UN-adjusted; DOI 10.5258/SOTON/WP00670",zmb_ppp_2001_1km_Aggregated.tif,EXPOSURE ONLY - not a flood-occurrence predictor,2026-10-07T14:55:13+00:00
ZMB-D-0103,2001,179061.39201927185,115.93066324310459,1544.5559182542002,41.46895217895508,"WorldPop, University of Southampton","The spatial distribution of population in 2001 Zambia — unconstrained individual countries 2000-2020, 1 km, not UN-adjusted; DOI 10.5258/SOTON/WP00670",zmb_ppp_2001_1km_Aggregated.tif,EXPOSURE ONLY - not a flood-occurrence predictor,2026-10-07T14:55:13+00:00
ZMB-D-0104,2001,128557.96970522404,6.4488699756388765,19934.96072813719,2.723525285720825,"WorldPop, University of Southampton","The spatial distribution of population in 2001 Zambia — unconstrained individual countries 2000-2020, 1 km, not UN-adjusted; DOI 10.5258/SOTON/WP00670",zmb_ppp_2001_1km_Aggregated.tif,EXPOSURE ONLY - not a flood-occurrence predictor,2026-10-07T14:55:13+00:00
ZMB-D-1004,2001,81050.676597476,8.232471084525434,9845.242791052964,2.942662239074707,"WorldPop, University of Southampton","The spatial distribution of population in 2001 Zambia — unconstrained individual countries 2000-2020, 1 km, not UN-adjusted; DOI 10.5258/SOTON/WP00670",zmb_ppp_2001_1km_Aggregated.tif,EXPOSURE ONLY - not a flood-occurrence predictor,2026-10-07T14:55:13+00:00
ZMB-D-1005,2001,92407.00843071938,10.108050925035394,9141.921535223746,3.8736796379089355,"WorldPop, University of Southampton","The spatial distribution of population in 2001 Zambia — unconstrained individual countries 2000-2020, 1 km, not UN-adjusted; DOI 10.5258/SOTON/WP00670",zmb_ppp_2001_1km_Aggregated.tif,EXPOSURE ONLY - not a flood-occurrence predictor,2026-10-07T14:55:13+00:00
ZMB-D-0301,2001,58291.4534034729,38.69504490710983,1506.4319874393639,41.29156494140625,"WorldPop, University of Southampton","The spatial distribution of population in 2001 Zambia — unconstrained individual countries 2000-2020, 1 km, not UN-adjusted; DOI 10.5258/SOTON/WP00670",zmb_ppp_2001_1km_Aggregated.tif,EXPOSURE ONLY - not a flood-occurrence predictor,2026-10-07T14:55:13+00:00
ZMB-D-0302,2001,65206.88225483894,6.372438667977081,10232.641795756781,2.8251285552978516,"WorldPop, University of Southampton","The spatial distribution of population in 2001 Zambia — unconstrained individual countries 2000-2020, 1 km, not UN-adjusted; DOI 10.5258/SOTON/WP00670",zmb_ppp_2001_1km_Aggregated.tif,EXPOSURE ONLY - not a flood-occurrence predictor,2026-10-07T14:55:13+00:00
ZMB-D-1006,2001,39656.05775177479,4.247502964434233,9336.322560296781,5.412151336669922,"WorldPop, University of Southampton","The spatial distribution of population in 2001 Zambia — unconstrained individual countries 2000-2020, 1 km, not UN-adjusted; DOI 10.5258/SOTON/WP00670",zmb_ppp_2001_1km_Aggregated.tif,EXPOSURE ONLY - not a flood-occurrence predictor,2026-10-07T14:55:13+00:00
ZMB-D-0303,2001,126152.11579227448,51.55471291679161,2446.956032824424,276.02838134765625,"WorldPop, University of Southampton","The spatial distribution of population in 2001 Zambia — unconstrained individual countries 2000-2020, 1 km, not UN-adjusted; DOI 10.5258/SOTON/WP00670",zmb_ppp_2001_1km_Aggregated.tif,EXPOSURE ONLY - not a flood-occurrence predictor,2026-10-07T14:55:13+00:00
ZMB-D-0105,2001,42972.810510754585,6.2272914640404995,6900.722530638099,7.24033260345459,"WorldPop, University of Southampton","The spatial distribution of population in 2001 Zambia — unconstrained individual countries 2000-2020, 1 km, not UN-adjusted; DOI 10.5258/SOTON/WP00670",zmb_ppp_2001_1km_Aggregated.tif,EXPOSURE ONLY - not a flood-occurrence predictor,2026-10-07T14:55:13+00:00
ZMB-D-0304,2001,184429.45268023014,25.09303506213208,7349.826444811085,16.468904495239258,"WorldPop, University of Southampton","The spatial distribution of population in 2001 Zambia — unconstrained individual countries 2000-2020, 1 km, not UN-adjusted; DOI 10.5258/SOTON/WP00670",zmb_ppp_2001_1km_Aggregated.tif,EXPOSURE ONLY - not a flood-occurrence predictor,2026-10-07T14:55:13+00:00
ZMB-D-0106,2001,18651.18016049266,2.0112804870309744,9273.286486274863,1.2927124500274658,"WorldPop, University of Southampton","The spatial distribution of population in 2001 Zambia — unconstrained individual countries 2000-2020, 1 km, not UN-adjusted; DOI 10.5258/SOTON/WP00670",zmb_ppp_2001_1km_Aggregated.tif,EXPOSURE ONLY - not a flood-occurrence predictor,2026-10-07T14:55:13+00:00
ZMB-D-0201,2001,66351.88091281056,7.4503660845263475,8905.8551163837,6.657078742980957,"WorldPop, University of Southampton","The spatial distribution of population in 2001 Zambia — unconstrained individual countries 2000-2020, 1 km, not UN-adjusted; DOI 10.5258/SOTON/WP00670",zmb_ppp_2001_1km_Aggregated.tif,EXPOSURE ONLY - not a flood-occurrence predictor,2026-10-07T14:55:13+00:00
ZMB-D-0305,2001,372869.6304554939,58.28406219404298,6397.4544055305,58.050140380859375,"WorldPop, University of Southampton","The spatial distribution of population in 2001 Zambia — unconstrained individual countries 2000-2020, 1 km, not UN-adjusted; DOI 10.5258/SOTON/WP00670",zmb_ppp_2001_1km_Aggregated.tif,EXPOSURE ONLY - not a flood-occurrence predictor,2026-10-07T14:55:13+00:00
ZMB-D-0701,2001,57024.04843324423,3.989184921851596,14294.66157883107,1.7644442319869995,"WorldPop, University of Southampton","The spatial distribution of population in 2001 Zambia — unconstrained individual countries 2000-2020, 1 km, not UN-adjusted; DOI 10.5258/SOTON/WP00670",zmb_ppp_2001_1km_Aggregated.tif,EXPOSURE ONLY - not a flood-occurrence predictor,2026-10-07T14:55:13+00:00
ZMB-D-0702,2001,29242.160607278347,6.380647802644057,4582.94541741683,1.7552645206451416,"WorldPop, University of Southampton","The spatial distribution of population in 2001 Zambia — unconstrained individual countries 2000-2020, 1 km, not UN-adjusted; DOI 10.5258/SOTON/WP00670",zmb_ppp_2001_1km_Aggregated.tif,EXPOSURE ONLY - not a flood-occurrence predictor,2026-10-07T14:55:13+00:00
ZMB-D-0703,2001,44165.91189968586,2.324113874971849,19003.333862124473,2.2294986248016357,"WorldPop, University of Southampton","The spatial distribution of population in 2001 Zambia — unconstrained individual countries 2000-2020, 1 km, not UN-adjusted; DOI 10.5258/SOTON/WP00670",zmb_ppp_2001_1km_Aggregated.tif,EXPOSURE ONLY - not a flood-occurrence predictor,2026-10-07T14:55:13+00:00
ZMB-D-0306,2001,50641.0632866621,8.563480697687027,5913.60745407415,6.4103851318359375,"WorldPop, University of Southampton","The spatial distribution of population in 2001 Zambia — unconstrained individual countries 2000-2020, 1 km, not UN-adjusted; DOI 10.5258/SOTON/WP00670",zmb_ppp_2001_1km_Aggregated.tif,EXPOSURE ONLY - not a flood-occurrence predictor,2026-10-07T14:55:13+00:00
ZMB-D-0704,2001,54351.0745408535,2.493928162354462,21793.360114086794,2.3317620754241943,"WorldPop, University of Southampton","The spatial distribution of population in 2001 Zambia — unconstrained individual countries 2000-2020, 1 km, not UN-adjusted; DOI 10.5258/SOTON/WP00670",zmb_ppp_2001_1km_Aggregated.tif,EXPOSURE ONLY - not a flood-occurrence predictor,2026-10-07T14:55:13+00:00
ZMB-D-0202,2001,424816.03271865845,354.74607903297573,1197.521432447374,96.18073272705078,"WorldPop, University of Southampton","The spatial distribution of population in 2001 Zambia — unconstrained individual countries 2000-2020, 1 km, not UN-adjusted; DOI 10.5258/SOTON/WP00670",zmb_ppp_2001_1km_Aggregated.tif,EXPOSURE ONLY - not a flood-occurrence predictor,2026-10-07T14:55:13+00:00
ZMB-D-0203,2001,55490.44150543213,51.88049685503102,1069.5819213236975,9.253679275512695,"WorldPop, University of Southampton","The spatial distribution of population in 2001 Zambia — unconstrained individual countries 2000-2020, 1 km, not UN-adjusted; DOI 10.5258/SOTON/WP00670",zmb_ppp_2001_1km_Aggregated.tif,EXPOSURE ONLY - not a flood-occurrence predictor,2026-10-07T14:55:13+00:00
ZMB-D-0204,2001,122220.94097924232,163.78261943529154,746.2387730801331,788.216552734375,"WorldPop, University of Southampton","The spatial distribution of population in 2001 Zambia — unconstrained individual countries 2000-2020, 1 km, not UN-adjusted; DOI 10.5258/SOTON/WP00670",zmb_ppp_2001_1km_Aggregated.tif,EXPOSURE ONLY - not a flood-occurrence predictor,2026-10-07T14:55:13+00:00
ZMB-D-0205,2001,61058.03043884039,5.632578726514929,10840.155709038638,7.743625164031982,"WorldPop, University of Southampton","The spatial distribution of population in 2001 Zambia — unconstrained individual countries 2000-2020, 1 km, not UN-adjusted; DOI 10.5258/SOTON/WP00670",zmb_ppp_2001_1km_Aggregated.tif,EXPOSURE ONLY - not a flood-occurrence predictor,2026-10-07T14:55:13+00:00
ZMB-D-0206,2001,174420.89571404457,112.04709525502663,1556.6748545961948,10.8008394241333,"WorldPop, University of Southampton","The spatial distribution of population in 2001 Zambia — unconstrained individual countries 2000-2020, 1 km, not UN-adjusted; DOI 10.5258/SOTON/WP00670",zmb_ppp_2001_1km_Aggregated.tif,EXPOSURE ONLY - not a flood-occurrence predictor,2026-10-07T14:55:13+00:00
ZMB-D-0207,2001,65836.54012775421,74.73497700732325,880.9334365795404,49.78858947753906,"WorldPop, University of Southampton","The spatial distribution of population in 2001 Zambia — unconstrained individual countries 2000-2020, 1 km, not UN-adjusted; DOI 10.5258/SOTON/WP00670",zmb_ppp_2001_1km_Aggregated.tif,EXPOSURE ONLY - not a flood-occurrence predictor,2026-10-07T14:55:13+00:00
ZMB-D-0107,2001,68216.90685634688,5.678668683019299,12012.83446247414,7.7784552574157715,"WorldPop, University of Southampton","The spatial distribution of population in 2001 Zambia — unconstrained individual countries 2000-2020, 1 km, not UN-adjusted; DOI 10.5258/SOTON/WP00670",zmb_ppp_2001_1km_Aggregated.tif,EXPOSURE ONLY - not a flood-occurrence predictor,2026-10-07T14:55:13+00:00
ZMB-D-0307,2001,233960.30553740263,17.16186816227367,13632.56629902969,6.3201470375061035,"WorldPop, University of Southampton","The spatial distribution of population in 2001 Zambia — unconstrained individual countries 2000-2020, 1 km, not UN-adjusted; DOI 10.5258/SOTON/WP00670",zmb_ppp_2001_1km_Aggregated.tif,EXPOSURE ONLY - not a flood-occurrence predictor,2026-10-07T14:55:13+00:00
ZMB-D-0705,2001,181144.0640386194,5.949877431959378,30445.00766782453,6.389970779418945,"WorldPop, University of Southampton","The spatial distribution of population in 2001 Zambia — unconstrained individual countries 2000-2020, 1 km, not UN-adjusted; DOI 10.5258/SOTON/WP00670",zmb_ppp_2001_1km_Aggregated.tif,EXPOSURE ONLY - not a flood-occurrence predictor,2026-10-07T14:55:13+00:00
ZMB-D-0401,2001,99193.71435546875,16.032194743251328,6187.157525467551,11.907615661621094,"WorldPop, University of Southampton","The spatial distribution of population in 2001 Zambia — unconstrained individual countries 2000-2020, 1 km, not UN-adjusted; DOI 10.5258/SOTON/WP00670",zmb_ppp_2001_1km_Aggregated.tif,EXPOSURE ONLY - not a flood-occurrence predictor,2026-10-07T14:55:13+00:00
ZMB-D-0601,2001,152323.36856663972,3.8011346157166264,40073.13183196019,7.921853065490723,"WorldPop, University of Southampton","The spatial distribution of population in 2001 Zambia — unconstrained individual countries 2000-2020, 1 km, not UN-adjusted; DOI 10.5258/SOTON/WP00670",zmb_ppp_2001_1km_Aggregated.tif,EXPOSURE ONLY - not a flood-occurrence predictor,2026-10-07T14:55:13+00:00
ZMB-D-0706,2001,94074.9964723885,4.508850596482259,20864.51845305863,1.2071056365966797,"WorldPop, University of Southampton","The spatial distribution of population in 2001 Zambia — unconstrained individual countries 2000-2020, 1 km, not UN-adjusted; DOI 10.5258/SOTON/WP00670",zmb_ppp_2001_1km_Aggregated.tif,EXPOSURE ONLY - not a flood-occurrence predictor,2026-10-07T14:55:13+00:00
ZMB-D-0402,2001,141671.23719988763,22.626686436091617,6261.245436888592,0.0,"WorldPop, University of Southampton","The spatial distribution of population in 2001 Zambia — unconstrained individual countries 2000-2020, 1 km, not UN-adjusted; DOI 10.5258/SOTON/WP00670",zmb_ppp_2001_1km_Aggregated.tif,EXPOSURE ONLY - not a flood-occurrence predictor,2026-10-07T14:55:13+00:00
ZMB-D-0801,2001,71447.87935184687,13.84835610211057,5159.30402316545,19.264442443847656,"WorldPop, University of Southampton","The spatial distribution of population in 2001 Zambia — unconstrained individual countries 2000-2020, 1 km, not UN-adjusted; DOI 10.5258/SOTON/WP00670",zmb_ppp_2001_1km_Aggregated.tif,EXPOSURE ONLY - not a flood-occurrence predictor,2026-10-07T14:55:13+00:00
ZMB-D-0403,2001,98489.86494374275,13.023943849256648,7562.215108088334,11.123905181884766,"WorldPop, University of Southampton","The spatial distribution of population in 2001 Zambia — unconstrained individual countries 2000-2020, 1 km, not UN-adjusted; DOI 10.5258/SOTON/WP00670",zmb_ppp_2001_1km_Aggregated.tif,EXPOSURE ONLY - not a flood-occurrence predictor,2026-10-07T14:55:13+00:00
ZMB-D-0602,2001,68683.59266263247,3.891612237296289,17649.135750058857,4.1821746826171875,"WorldPop, University of Southampton","The spatial distribution of population in 2001 Zambia — unconstrained individual countries 2000-2020, 1 km, not UN-adjusted; DOI 10.5258/SOTON/WP00670",zmb_ppp_2001_1km_Aggregated.tif,EXPOSURE ONLY - not a flood-occurrence predictor,2026-10-07T14:55:13+00:00
ZMB-D-0802,2001,79053.43839263916,8.846039797625338,8936.590858867778,11.270354270935059,"WorldPop, University of Southampton","The spatial distribution of population in 2001 Zambia — unconstrained individual countries 2000-2020, 1 km, not UN-adjusted; DOI 10.5258/SOTON/WP00670",zmb_ppp_2001_1km_Aggregated.tif,EXPOSURE ONLY - not a flood-occurrence predictor,2026-10-07T14:55:13+00:00
ZMB-D-0404,2001,26139.07697725296,6.228001249442108,4197.025005348939,12.86555004119873,"WorldPop, University of Southampton","The spatial distribution of population in 2001 Zambia — unconstrained individual countries 2000-2020, 1 km, not UN-adjusted; DOI 10.5258/SOTON/WP00670",zmb_ppp_2001_1km_Aggregated.tif,EXPOSURE ONLY - not a flood-occurrence predictor,2026-10-07T14:55:13+00:00
ZMB-D-0603,2001,52900.04972624034,5.789554070031038,9137.154448573401,3.0836799144744873,"WorldPop, University of Southampton","The spatial distribution of population in 2001 Zambia — unconstrained individual countries 2000-2020, 1 km, not UN-adjusted; DOI 10.5258/SOTON/WP00670",zmb_ppp_2001_1km_Aggregated.tif,EXPOSURE ONLY - not a flood-occurrence predictor,2026-10-07T14:55:13+00:00
ZMB-D-0803,2001,179321.72972345352,16.899063904754176,10611.341002918236,6.504064083099365,"WorldPop, University of Southampton","The spatial distribution of population in 2001 Zambia — unconstrained individual countries 2000-2020, 1 km, not UN-adjusted; DOI 10.5258/SOTON/WP00670",zmb_ppp_2001_1km_Aggregated.tif,EXPOSURE ONLY - not a flood-occurrence predictor,2026-10-07T14:55:13+00:00
ZMB-D-0604,2001,49923.03121423721,9.449199245737816,5283.308131824572,2.5539069175720215,"WorldPop, University of Southampton","The spatial distribution of population in 2001 Zambia — unconstrained individual countries 2000-2020, 1 km, not UN-adjusted; DOI 10.5258/SOTON/WP00670",zmb_ppp_2001_1km_Aggregated.tif,EXPOSURE ONLY - not a flood-occurrence predictor,2026-10-07T14:55:13+00:00
ZMB-D-0804,2001,111831.71346449852,11.514335673180268,9712.389549749032,6.705353736877441,"WorldPop, University of Southampton","The spatial distribution of population in 2001 Zambia — unconstrained individual countries 2000-2020, 1 km, not UN-adjusted; DOI 10.5258/SOTON/WP00670",zmb_ppp_2001_1km_Aggregated.tif,EXPOSURE ONLY - not a flood-occurrence predictor,2026-10-07T14:55:13+00:00
ZMB-D-0405,2001,68590.98005437851,8.58564524803145,7989.0303026560905,12.144526481628418,"WorldPop, University of Southampton","The spatial distribution of population in 2001 Zambia — unconstrained individual countries 2000-2020, 1 km, not UN-adjusted; DOI 10.5258/SOTON/WP00670",zmb_ppp_2001_1km_Aggregated.tif,EXPOSURE ONLY - not a flood-occurrence predictor,2026-10-07T14:55:13+00:00
ZMB-D-0805,2001,76929.05656588078,6.405198684308712,12010.409100086084,2.5472910404205322,"WorldPop, University of Southampton","The spatial distribution of population in 2001 Zambia — unconstrained individual countries 2000-2020, 1 km, not UN-adjusted; DOI 10.5258/SOTON/WP00670",zmb_ppp_2001_1km_Aggregated.tif,EXPOSURE ONLY - not a flood-occurrence predictor,2026-10-07T14:55:13+00:00
ZMB-D-0605,2001,83906.99236130714,19.313628955193614,4344.444669407599,18.046768188476562,"WorldPop, University of Southampton","The spatial distribution of population in 2001 Zambia — unconstrained individual countries 2000-2020, 1 km, not UN-adjusted; DOI 10.5258/SOTON/WP00670",zmb_ppp_2001_1km_Aggregated.tif,EXPOSURE ONLY - not a flood-occurrence predictor,2026-10-07T14:55:13+00:00
ZMB-D-0406,2001,116283.722024329,27.56550992527437,4218.4498795616455,17.13011932373047,"WorldPop, University of Southampton","The spatial distribution of population in 2001 Zambia — unconstrained individual countries 2000-2020, 1 km, not UN-adjusted; DOI 10.5258/SOTON/WP00670",zmb_ppp_2001_1km_Aggregated.tif,EXPOSURE ONLY - not a flood-occurrence predictor,2026-10-07T14:55:13+00:00
ZMB-D-0806,2001,133142.0971031189,17.42597377918543,7640.439426240349,21.065210342407227,"WorldPop, University of Southampton","The spatial distribution of population in 2001 Zambia — unconstrained individual countries 2000-2020, 1 km, not UN-adjusted; DOI 10.5258/SOTON/WP00670",zmb_ppp_2001_1km_Aggregated.tif,EXPOSURE ONLY - not a flood-occurrence predictor,2026-10-07T14:55:13+00:00
ZMB-D-0807,2001,85350.24418187886,7.7009820098823285,11083.033835470942,3.9457921981811523,"WorldPop, University of Southampton","The spatial distribution of population in 2001 Zambia — unconstrained individual countries 2000-2020, 1 km, not UN-adjusted; DOI 10.5258/SOTON/WP00670",zmb_ppp_2001_1km_Aggregated.tif,EXPOSURE ONLY - not a flood-occurrence predictor,2026-10-07T14:55:13+00:00
ZMB-D-0808,2001,45723.84856469557,6.174447120378969,7405.33487019145,3.21724796295166,"WorldPop, University of Southampton","The spatial distribution of population in 2001 Zambia — unconstrained individual countries 2000-2020, 1 km, not UN-adjusted; DOI 10.5258/SOTON/WP00670",zmb_ppp_2001_1km_Aggregated.tif,EXPOSURE ONLY - not a flood-occurrence predictor,2026-10-07T14:55:13+00:00
ZMB-D-0407,2001,78424.04574128985,20.162785279402208,3889.5442596120824,32.196128845214844,"WorldPop, University of Southampton","The spatial distribution of population in 2001 Zambia — unconstrained individual countries 2000-2020, 1 km, not UN-adjusted; DOI 10.5258/SOTON/WP00670",zmb_ppp_2001_1km_Aggregated.tif,EXPOSURE ONLY - not a flood-occurrence predictor,2026-10-07T14:55:13+00:00
ZMB-D-0208,2001,95641.37959957123,25.97244717620848,3682.4169455692077,13.44490909576416,"WorldPop, University of Southampton","The spatial distribution of population in 2001 Zambia — unconstrained individual countries 2000-2020, 1 km, not UN-adjusted; DOI 10.5258/SOTON/WP00670",zmb_ppp_2001_1km_Aggregated.tif,EXPOSURE ONLY - not a flood-occurrence predictor,2026-10-07T14:55:13+00:00
ZMB-D-0209,2001,145225.21363258362,183.17607990868493,792.8175649625202,118.48582458496094,"WorldPop, University of Southampton","The spatial distribution of population in 2001 Zambia — unconstrained individual countries 2000-2020, 1 km, not UN-adjusted; DOI 10.5258/SOTON/WP00670",zmb_ppp_2001_1km_Aggregated.tif,EXPOSURE ONLY - not a flood-occurrence predictor,2026-10-07T14:55:13+00:00
ZMB-D-0210,2001,347021.0234041214,319.0303963129839,1087.7365524245452,110.05911254882812,"WorldPop, University of Southampton","The spatial distribution of population in 2001 Zambia — unconstrained individual countries 2000-2020, 1 km, not UN-adjusted; DOI 10.5258/SOTON/WP00670",zmb_ppp_2001_1km_Aggregated.tif,EXPOSURE ONLY - not a flood-occurrence predictor,2026-10-07T14:55:13+00:00
ZMB-D-0707,2001,22078.172683119774,10.05710175719696,2195.2818233464145,13.050687789916992,"WorldPop, University of Southampton","The spatial distribution of population in 2001 Zambia — unconstrained individual countries 2000-2020, 1 km, not UN-adjusted; DOI 10.5258/SOTON/WP00670",zmb_ppp_2001_1km_Aggregated.tif,EXPOSURE ONLY - not a flood-occurrence predictor,2026-10-07T14:55:13+00:00
ZMB-D-0606,2001,47638.78588438034,11.682619586798285,4077.748618829771,12.700638771057129,"WorldPop, University of Southampton","The spatial distribution of population in 2001 Zambia — unconstrained individual countries 2000-2020, 1 km, not UN-adjusted; DOI 10.5258/SOTON/WP00670",zmb_ppp_2001_1km_Aggregated.tif,EXPOSURE ONLY - not a flood-occurrence predictor,2026-10-07T14:55:13+00:00
ZMB-D-0505,2001,24155.65584540367,13.615307872445488,1774.1542146314316,13.030312538146973,"WorldPop, University of Southampton","The spatial distribution of population in 2001 Zambia — unconstrained individual countries 2000-2020, 1 km, not UN-adjusted; DOI 10.5258/SOTON/WP00670",zmb_ppp_2001_1km_Aggregated.tif,EXPOSURE ONLY - not a flood-occurrence predictor,2026-10-07T14:55:13+00:00
ZMB-D-0408,2001,9746.556393504143,4.531858659666301,2150.675280376423,2.491896867752075,"WorldPop, University of Southampton","The spatial distribution of population in 2001 Zambia — unconstrained individual countries 2000-2020, 1 km, not UN-adjusted; DOI 10.5258/SOTON/WP00670",zmb_ppp_2001_1km_Aggregated.tif,EXPOSURE ONLY - not a flood-occurrence predictor,2026-10-07T14:55:13+00:00
ZMB-D-0607,2001,77800.007335186,12.41733925114381,6265.433017626505,4.778034210205078,"WorldPop, University of Southampton","The spatial distribution of population in 2001 Zambia — unconstrained individual countries 2000-2020, 1 km, not UN-adjusted; DOI 10.5258/SOTON/WP00670",zmb_ppp_2001_1km_Aggregated.tif,EXPOSURE ONLY - not a flood-occurrence predictor,2026-10-07T14:55:13+00:00
ZMB-D-0108,2001,88590.32724499702,10.52759532056022,8415.0581920623,15.749397277832031,"WorldPop, University of Southampton","The spatial distribution of population in 2001 Zambia — unconstrained individual countries 2000-2020, 1 km, not UN-adjusted; DOI 10.5258/SOTON/WP00670",zmb_ppp_2001_1km_Aggregated.tif,EXPOSURE ONLY - not a flood-occurrence predictor,2026-10-07T14:55:13+00:00
ZMB-D-0506,2001,148466.34721302986,65.68376314049813,2260.3203609917887,21.12061882019043,"WorldPop, University of Southampton","The spatial distribution of population in 2001 Zambia — unconstrained individual countries 2000-2020, 1 km, not UN-adjusted; DOI 10.5258/SOTON/WP00670",zmb_ppp_2001_1km_Aggregated.tif,EXPOSURE ONLY - not a flood-occurrence predictor,2026-10-07T14:55:13+00:00
ZMB-D-0109,2001,91798.42736312747,17.41421332916052,5271.4656486611875,8.8655424118042,"WorldPop, University of Southampton","The spatial distribution of population in 2001 Zambia — unconstrained individual countries 2000-2020, 1 km, not UN-adjusted; DOI 10.5258/SOTON/WP00670",zmb_ppp_2001_1km_Aggregated.tif,EXPOSURE ONLY - not a flood-occurrence predictor,2026-10-07T14:55:13+00:00
ZMB-D-1007,2001,27453.49465727806,2.477810499229114,11079.739417449106,2.4064571857452393,"WorldPop, University of Southampton","The spatial distribution of population in 2001 Zambia — unconstrained individual countries 2000-2020, 1 km, not UN-adjusted; DOI 10.5258/SOTON/WP00670",zmb_ppp_2001_1km_Aggregated.tif,EXPOSURE ONLY - not a flood-occurrence predictor,2026-10-07T14:55:13+00:00
ZMB-D-1008,2001,27893.08488586545,4.318413118864867,6459.105258831141,1.7649441957473755,"WorldPop, University of Southampton","The spatial distribution of population in 2001 Zambia — unconstrained individual countries 2000-2020, 1 km, not UN-adjusted; DOI 10.5258/SOTON/WP00670",zmb_ppp_2001_1km_Aggregated.tif,EXPOSURE ONLY - not a flood-occurrence predictor,2026-10-07T14:55:13+00:00
ZMB-D-1009,2001,41492.21617078781,5.21449630042967,7957.08996233613,1.8107532262802124,"WorldPop, University of Southampton","The spatial distribution of population in 2001 Zambia — unconstrained individual countries 2000-2020, 1 km, not UN-adjusted; DOI 10.5258/SOTON/WP00670",zmb_ppp_2001_1km_Aggregated.tif,EXPOSURE ONLY - not a flood-occurrence predictor,2026-10-07T14:55:13+00:00
ZMB-D-1010,2001,46499.18566131592,10.051488541930691,4626.099454557439,3.7357068061828613,"WorldPop, University of Southampton","The spatial distribution of population in 2001 Zambia — unconstrained individual countries 2000-2020, 1 km, not UN-adjusted; DOI 10.5258/SOTON/WP00670",zmb_ppp_2001_1km_Aggregated.tif,EXPOSURE ONLY - not a flood-occurrence predictor,2026-10-07T14:55:13+00:00
ZMB-D-1011,2001,33885.39065814018,4.4342879188809485,7641.6757950827,2.995037317276001,"WorldPop, University of Southampton","The spatial distribution of population in 2001 Zambia — unconstrained individual countries 2000-2020, 1 km, not UN-adjusted; DOI 10.5258/SOTON/WP00670",zmb_ppp_2001_1km_Aggregated.tif,EXPOSURE ONLY - not a flood-occurrence predictor,2026-10-07T14:55:13+00:00
ZMB-D-1012,2001,38487.220572948456,3.7791205187732766,10184.17390547831,2.4164743423461914,"WorldPop, University of Southampton","The spatial distribution of population in 2001 Zambia — unconstrained individual countries 2000-2020, 1 km, not UN-adjusted; DOI 10.5258/SOTON/WP00670",zmb_ppp_2001_1km_Aggregated.tif,EXPOSURE ONLY - not a flood-occurrence predictor,2026-10-07T14:55:13+00:00
ZMB-D-1013,2001,34722.43724167347,9.136769823211392,3800.2968131541734,18.481285095214844,"WorldPop, University of Southampton","The spatial distribution of population in 2001 Zambia — unconstrained individual countries 2000-2020, 1 km, not UN-adjusted; DOI 10.5258/SOTON/WP00670",zmb_ppp_2001_1km_Aggregated.tif,EXPOSURE ONLY - not a flood-occurrence predictor,2026-10-07T14:55:13+00:00
ZMB-D-0809,2001,45317.616851598024,8.941399286083655,5068.291371589916,10.317890167236328,"WorldPop, University of Southampton","The spatial distribution of population in 2001 Zambia — unconstrained individual countries 2000-2020, 1 km, not UN-adjusted; DOI 10.5258/SOTON/WP00670",zmb_ppp_2001_1km_Aggregated.tif,EXPOSURE ONLY - not a flood-occurrence predictor,2026-10-07T14:55:13+00:00
ZMB-D-0409,2001,20427.116400744766,5.514531184993452,3704.234451757665,3.566074848175049,"WorldPop, University of Southampton","The spatial distribution of population in 2001 Zambia — unconstrained individual countries 2000-2020, 1 km, not UN-adjusted; DOI 10.5258/SOTON/WP00670",zmb_ppp_2001_1km_Aggregated.tif,EXPOSURE ONLY - not a flood-occurrence predictor,2026-10-07T14:55:13+00:00
ZMB-D-0911,2001,46577.20408844948,8.873857844463476,5248.811160245219,3.966367721557617,"WorldPop, University of Southampton","The spatial distribution of population in 2001 Zambia — unconstrained individual countries 2000-2020, 1 km, not UN-adjusted; DOI 10.5258/SOTON/WP00670",zmb_ppp_2001_1km_Aggregated.tif,EXPOSURE ONLY - not a flood-occurrence predictor,2026-10-07T14:55:13+00:00
ZMB-D-0308,2001,125801.39286327362,48.58132924983755,2589.5008392281543,87.11602020263672,"WorldPop, University of Southampton","The spatial distribution of population in 2001 Zambia — unconstrained individual countries 2000-2020, 1 km, not UN-adjusted; DOI 10.5258/SOTON/WP00670",zmb_ppp_2001_1km_Aggregated.tif,EXPOSURE ONLY - not a flood-occurrence predictor,2026-10-07T14:55:13+00:00
ZMB-D-0110,2001,150459.46691266447,16.150769421895724,9315.931828528577,17.062545776367188,"WorldPop, University of Southampton","The spatial distribution of population in 2001 Zambia — unconstrained individual countries 2000-2020, 1 km, not UN-adjusted; DOI 10.5258/SOTON/WP00670",zmb_ppp_2001_1km_Aggregated.tif,EXPOSURE ONLY - not a flood-occurrence predictor,2026-10-07T14:55:13+00:00
ZMB-D-0507,2001,87195.49926662445,65.27903617240467,1335.735090149577,19.18794822692871,"WorldPop, University of Southampton","The spatial distribution of population in 2001 Zambia — unconstrained individual countries 2000-2020, 1 km, not UN-adjusted; DOI 10.5258/SOTON/WP00670",zmb_ppp_2001_1km_Aggregated.tif,EXPOSURE ONLY - not a flood-occurrence predictor,2026-10-07T14:55:13+00:00
ZMB-D-0309,2001,23786.465490818024,25.83827004478969,920.5904826284833,18.507444381713867,"WorldPop, University of Southampton","The spatial distribution of population in 2001 Zambia — unconstrained individual countries 2000-2020, 1 km, not UN-adjusted; DOI 10.5258/SOTON/WP00670",zmb_ppp_2001_1km_Aggregated.tif,EXPOSURE ONLY - not a flood-occurrence predictor,2026-10-07T14:55:13+00:00
ZMB-D-1014,2001,41507.16594862938,10.63014173654348,3904.667216801,4.347863674163818,"WorldPop, University of Southampton","The spatial distribution of population in 2001 Zambia — unconstrained individual countries 2000-2020, 1 km, not UN-adjusted; DOI 10.5258/SOTON/WP00670",zmb_ppp_2001_1km_Aggregated.tif,EXPOSURE ONLY - not a flood-occurrence predictor,2026-10-07T14:55:13+00:00
ZMB-D-1015,2001,19753.94620704651,3.106497992504385,6358.911628048839,1.7433477640151978,"WorldPop, University of Southampton","The spatial distribution of population in 2001 Zambia — unconstrained individual countries 2000-2020, 1 km, not UN-adjusted; DOI 10.5258/SOTON/WP00670",zmb_ppp_2001_1km_Aggregated.tif,EXPOSURE ONLY - not a flood-occurrence predictor,2026-10-07T14:55:13+00:00
ZMB-D-0111,2001,67218.69106811285,5.803246831865222,11582.945377925289,8.11950969696045,"WorldPop, University of Southampton","The spatial distribution of population in 2001 Zambia — unconstrained individual countries 2000-2020, 1 km, not UN-adjusted; DOI 10.5258/SOTON/WP00670",zmb_ppp_2001_1km_Aggregated.tif,EXPOSURE ONLY - not a flood-occurrence predictor,2026-10-07T14:55:13+00:00
ZMB-D-0708,2001,30445.501241624355,4.322233272455831,7043.928294116726,4.774548053741455,"WorldPop, University of Southampton","The spatial distribution of population in 2001 Zambia — unconstrained individual countries 2000-2020, 1 km, not UN-adjusted; DOI 10.5258/SOTON/WP00670",zmb_ppp_2001_1km_Aggregated.tif,EXPOSURE ONLY - not a flood-occurrence predictor,2026-10-07T14:55:13+00:00
ZMB-D-0709,2001,33485.605422109365,4.511960664556788,7421.51980294329,2.049198865890503,"WorldPop, University of Southampton","The spatial distribution of population in 2001 Zambia — unconstrained individual countries 2000-2020, 1 km, not UN-adjusted; DOI 10.5258/SOTON/WP00670",zmb_ppp_2001_1km_Aggregated.tif,EXPOSURE ONLY - not a flood-occurrence predictor,2026-10-07T14:55:13+00:00
ZMB-D-0410,2001,77032.60297560692,31.68411160949326,2431.269146032368,25.459218978881836,"WorldPop, University of Southampton","The spatial distribution of population in 2001 Zambia — unconstrained individual countries 2000-2020, 1 km, not UN-adjusted; DOI 10.5258/SOTON/WP00670",zmb_ppp_2001_1km_Aggregated.tif,EXPOSURE ONLY - not a flood-occurrence predictor,2026-10-07T14:55:13+00:00
ZMB-D-0411,2001,39311.093514576554,33.0766506400163,1188.4847091203908,33.28132629394531,"WorldPop, University of Southampton","The spatial distribution of population in 2001 Zambia — unconstrained individual countries 2000-2020, 1 km, not UN-adjusted; DOI 10.5258/SOTON/WP00670",zmb_ppp_2001_1km_Aggregated.tif,EXPOSURE ONLY - not a flood-occurrence predictor,2026-10-07T14:55:13+00:00
ZMB-D-0912,2001,51743.25951004028,27.257951595521455,1898.281289726181,9.498673439025879,"WorldPop, University of Southampton","The spatial distribution of population in 2001 Zambia — unconstrained individual countries 2000-2020, 1 km, not UN-adjusted; DOI 10.5258/SOTON/WP00670",zmb_ppp_2001_1km_Aggregated.tif,EXPOSURE ONLY - not a flood-occurrence predictor,2026-10-07T14:55:13+00:00
ZMB-D-0508,2001,37301.1781308651,22.81332106403742,1635.0612883656872,16.147188186645508,"WorldPop, University of Southampton","The spatial distribution of population in 2001 Zambia — unconstrained individual countries 2000-2020, 1 km, not UN-adjusted; DOI 10.5258/SOTON/WP00670",zmb_ppp_2001_1km_Aggregated.tif,EXPOSURE ONLY - not a flood-occurrence predictor,2026-10-07T14:55:13+00:00
ZMB-D-0901,2002,110021.87652182579,130.78486463786663,841.2431883954464,144.37762451171875,"WorldPop, University of Southampton","The spatial distribution of population in 2002 Zambia — unconstrained individual countries 2000-2020, 1 km, not UN-adjusted; DOI 10.5258/SOTON/WP00670",zmb_ppp_2002_1km_Aggregated.tif,EXPOSURE ONLY - not a flood-occurrence predictor,2026-10-07T14:55:13+00:00
ZMB-D-0902,2002,85757.3155776672,16.91203401760975,5070.7866060564875,30.507862091064453,"WorldPop, University of Southampton","The spatial distribution of population in 2002 Zambia — unconstrained individual countries 2000-2020, 1 km, not UN-adjusted; DOI 10.5258/SOTON/WP00670",zmb_ppp_2002_1km_Aggregated.tif,EXPOSURE ONLY - not a flood-occurrence predictor,2026-10-07T14:55:13+00:00
ZMB-D-0903,2002,36584.12403752655,9.487948936680713,3855.8517000540714,7.0190534591674805,"WorldPop, University of Southampton","The spatial distribution of population in 2002 Zambia — unconstrained individual countries 2000-2020, 1 km, not UN-adjusted; DOI 10.5258/SOTON/WP00670",zmb_ppp_2002_1km_Aggregated.tif,EXPOSURE ONLY - not a flood-occurrence predictor,2026-10-07T14:55:13+00:00
ZMB-D-0904,2002,125328.8762062788,15.509085495003536,8080.997183660843,7.823583126068115,"WorldPop, University of Southampton","The spatial distribution of population in 2002 Zambia — unconstrained individual countries 2000-2020, 1 km, not UN-adjusted; DOI 10.5258/SOTON/WP00670",zmb_ppp_2002_1km_Aggregated.tif,EXPOSURE ONLY - not a flood-occurrence predictor,2026-10-07T14:55:13+00:00
ZMB-D-0905,2002,159199.48472380638,30.88627307766408,5154.376648924151,52.83220291137695,"WorldPop, University of Southampton","The spatial distribution of population in 2002 Zambia — unconstrained individual countries 2000-2020, 1 km, not UN-adjusted; DOI 10.5258/SOTON/WP00670",zmb_ppp_2002_1km_Aggregated.tif,EXPOSURE ONLY - not a flood-occurrence predictor,2026-10-07T14:55:13+00:00
ZMB-D-0906,2002,78236.48278337717,4.278396238822181,18286.404160853333,1.0899955034255981,"WorldPop, University of Southampton","The spatial distribution of population in 2002 Zambia — unconstrained individual countries 2000-2020, 1 km, not UN-adjusted; DOI 10.5258/SOTON/WP00670",zmb_ppp_2002_1km_Aggregated.tif,EXPOSURE ONLY - not a flood-occurrence predictor,2026-10-07T14:55:13+00:00
ZMB-D-0907,2002,32848.8340388909,16.025119048251387,2049.8340099679485,7.244025707244873,"WorldPop, University of Southampton","The spatial distribution of population in 2002 Zambia — unconstrained individual countries 2000-2020, 1 km, not UN-adjusted; DOI 10.5258/SOTON/WP00670",zmb_ppp_2002_1km_Aggregated.tif,EXPOSURE ONLY - not a flood-occurrence predictor,2026-10-07T14:55:13+00:00
ZMB-D-1001,2002,30164.581854760647,3.6410481717598477,8284.587413239587,2.270831823348999,"WorldPop, University of Southampton","The spatial distribution of population in 2002 Zambia — unconstrained individual countries 2000-2020, 1 km, not UN-adjusted; DOI 10.5258/SOTON/WP00670",zmb_ppp_2002_1km_Aggregated.tif,EXPOSURE ONLY - not a flood-occurrence predictor,2026-10-07T14:55:13+00:00
ZMB-D-0908,2002,170273.9173116684,34.74669441884832,4900.434995603594,11.015451431274414,"WorldPop, University of Southampton","The spatial distribution of population in 2002 Zambia — unconstrained individual countries 2000-2020, 1 km, not UN-adjusted; DOI 10.5258/SOTON/WP00670",zmb_ppp_2002_1km_Aggregated.tif,EXPOSURE ONLY - not a flood-occurrence predictor,2026-10-07T14:55:13+00:00
ZMB-D-0909,2002,82367.30543205142,15.23122842902603,5407.791355494656,9.547941207885742,"WorldPop, University of Southampton","The spatial distribution of population in 2002 Zambia — unconstrained individual countries 2000-2020, 1 km, not UN-adjusted; DOI 10.5258/SOTON/WP00670",zmb_ppp_2002_1km_Aggregated.tif,EXPOSURE ONLY - not a flood-occurrence predictor,2026-10-07T14:55:13+00:00
ZMB-D-0910,2002,138572.0948857069,36.22123674256595,3825.714065772408,107.41675567626953,"WorldPop, University of Southampton","The spatial distribution of population in 2002 Zambia — unconstrained individual countries 2000-2020, 1 km, not UN-adjusted; DOI 10.5258/SOTON/WP00670",zmb_ppp_2002_1km_Aggregated.tif,EXPOSURE ONLY - not a flood-occurrence predictor,2026-10-07T14:55:13+00:00
ZMB-D-1002,2002,60810.69005459547,5.518740381386749,11018.9437900891,1.5107744932174683,"WorldPop, University of Southampton","The spatial distribution of population in 2002 Zambia — unconstrained individual countries 2000-2020, 1 km, not UN-adjusted; DOI 10.5258/SOTON/WP00670",zmb_ppp_2002_1km_Aggregated.tif,EXPOSURE ONLY - not a flood-occurrence predictor,2026-10-07T14:55:13+00:00
ZMB-D-0501,2002,882322.7317361832,2045.0508105541503,431.4429388172996,942.76220703125,"WorldPop, University of Southampton","The spatial distribution of population in 2002 Zambia — unconstrained individual countries 2000-2020, 1 km, not UN-adjusted; DOI 10.5258/SOTON/WP00670",zmb_ppp_2002_1km_Aggregated.tif,EXPOSURE ONLY - not a flood-occurrence predictor,2026-10-07T14:55:13+00:00
ZMB-D-0101,2002,52249.06482590921,3.2367560309490093,16142.416767379873,4.391873359680176,"WorldPop, University of Southampton","The spatial distribution of population in 2002 Zambia — unconstrained individual countries 2000-2020, 1 km, not UN-adjusted; DOI 10.5258/SOTON/WP00670",zmb_ppp_2002_1km_Aggregated.tif,EXPOSURE ONLY - not a flood-occurrence predictor,2026-10-07T14:55:13+00:00
ZMB-D-0502,2002,87712.49679984897,18.905212614225327,4639.593248152589,2.2936477661132812,"WorldPop, University of Southampton","The spatial distribution of population in 2002 Zambia — unconstrained individual countries 2000-2020, 1 km, not UN-adjusted; DOI 10.5258/SOTON/WP00670",zmb_ppp_2002_1km_Aggregated.tif,EXPOSURE ONLY - not a flood-occurrence predictor,2026-10-07T14:55:13+00:00
ZMB-D-0503,2002,18964.800448834896,5.0245746963804745,3774.40909824596,1.1422357559204102,"WorldPop, University of Southampton","The spatial distribution of population in 2002 Zambia — unconstrained individual countries 2000-2020, 1 km, not UN-adjusted; DOI 10.5258/SOTON/WP00670",zmb_ppp_2002_1km_Aggregated.tif,EXPOSURE ONLY - not a flood-occurrence predictor,2026-10-07T14:55:13+00:00
ZMB-D-0504,2002,40195.19267272949,4.2037230079533305,9561.808091703777,4.462120532989502,"WorldPop, University of Southampton","The spatial distribution of population in 2002 Zambia — unconstrained individual countries 2000-2020, 1 km, not UN-adjusted; DOI 10.5258/SOTON/WP00670",zmb_ppp_2002_1km_Aggregated.tif,EXPOSURE ONLY - not a flood-occurrence predictor,2026-10-07T14:55:13+00:00
ZMB-D-1003,2002,129417.46573388577,21.367317804979184,6056.795097779089,10.054838180541992,"WorldPop, University of Southampton","The spatial distribution of population in 2002 Zambia — unconstrained individual countries 2000-2020, 1 km, not UN-adjusted; DOI 10.5258/SOTON/WP00670",zmb_ppp_2002_1km_Aggregated.tif,EXPOSURE ONLY - not a flood-occurrence predictor,2026-10-07T14:55:13+00:00
ZMB-D-0102,2002,393685.64113236964,44.118118550141205,8923.445832916408,24.515113830566406,"WorldPop, University of Southampton","The spatial distribution of population in 2002 Zambia — unconstrained individual countries 2000-2020, 1 km, not UN-adjusted; DOI 10.5258/SOTON/WP00670",zmb_ppp_2002_1km_Aggregated.tif,EXPOSURE ONLY - not a flood-occurrence predictor,2026-10-07T14:55:13+00:00
ZMB-D-0103,2002,181579.57700014114,117.56102505202865,1544.5559182542002,34.060604095458984,"WorldPop, University of Southampton","The spatial distribution of population in 2002 Zambia — unconstrained individual countries 2000-2020, 1 km, not UN-adjusted; DOI 10.5258/SOTON/WP00670",zmb_ppp_2002_1km_Aggregated.tif,EXPOSURE ONLY - not a flood-occurrence predictor,2026-10-07T14:55:13+00:00
ZMB-D-0104,2002,133037.56679838896,6.673580581004765,19934.96072813719,3.0519044399261475,"WorldPop, University of Southampton","The spatial distribution of population in 2002 Zambia — unconstrained individual countries 2000-2020, 1 km, not UN-adjusted; DOI 10.5258/SOTON/WP00670",zmb_ppp_2002_1km_Aggregated.tif,EXPOSURE ONLY - not a flood-occurrence predictor,2026-10-07T14:55:13+00:00
ZMB-D-1004,2002,81515.31078982353,8.279664861480308,9845.242791052964,2.7503018379211426,"WorldPop, University of Southampton","The spatial distribution of population in 2002 Zambia — unconstrained individual countries 2000-2020, 1 km, not UN-adjusted; DOI 10.5258/SOTON/WP00670",zmb_ppp_2002_1km_Aggregated.tif,EXPOSURE ONLY - not a flood-occurrence predictor,2026-10-07T14:55:13+00:00
ZMB-D-1005,2002,91527.40463846922,10.01183441422188,9141.921535223746,3.9630813598632812,"WorldPop, University of Southampton","The spatial distribution of population in 2002 Zambia — unconstrained individual countries 2000-2020, 1 km, not UN-adjusted; DOI 10.5258/SOTON/WP00670",zmb_ppp_2002_1km_Aggregated.tif,EXPOSURE ONLY - not a flood-occurrence predictor,2026-10-07T14:55:13+00:00
ZMB-D-0301,2002,59877.96850824356,39.748205698967034,1506.4319874393639,39.75975799560547,"WorldPop, University of Southampton","The spatial distribution of population in 2002 Zambia — unconstrained individual countries 2000-2020, 1 km, not UN-adjusted; DOI 10.5258/SOTON/WP00670",zmb_ppp_2002_1km_Aggregated.tif,EXPOSURE ONLY - not a flood-occurrence predictor,2026-10-07T14:55:13+00:00
ZMB-D-0302,2002,67154.21892046928,6.56274501354249,10232.641795756781,2.9732439517974854,"WorldPop, University of Southampton","The spatial distribution of population in 2002 Zambia — unconstrained individual countries 2000-2020, 1 km, not UN-adjusted; DOI 10.5258/SOTON/WP00670",zmb_ppp_2002_1km_Aggregated.tif,EXPOSURE ONLY - not a flood-occurrence predictor,2026-10-07T14:55:13+00:00
ZMB-D-1006,2002,41243.98697030544,4.417583765335801,9336.322560296781,6.352807521820068,"WorldPop, University of Southampton","The spatial distribution of population in 2002 Zambia — unconstrained individual countries 2000-2020, 1 km, not UN-adjusted; DOI 10.5258/SOTON/WP00670",zmb_ppp_2002_1km_Aggregated.tif,EXPOSURE ONLY - not a flood-occurrence predictor,2026-10-07T14:55:13+00:00
ZMB-D-0303,2002,129328.4149518013,52.85277431099678,2446.956032824424,260.9560546875,"WorldPop, University of Southampton","The spatial distribution of population in 2002 Zambia — unconstrained individual countries 2000-2020, 1 km, not UN-adjusted; DOI 10.5258/SOTON/WP00670",zmb_ppp_2002_1km_Aggregated.tif,EXPOSURE ONLY - not a flood-occurrence predictor,2026-10-07T14:55:13+00:00
ZMB-D-0105,2002,42640.26122325659,6.179100961376244,6900.722530638099,8.002671241760254,"WorldPop, University of Southampton","The spatial distribution of population in 2002 Zambia — unconstrained individual countries 2000-2020, 1 km, not UN-adjusted; DOI 10.5258/SOTON/WP00670",zmb_ppp_2002_1km_Aggregated.tif,EXPOSURE ONLY - not a flood-occurrence predictor,2026-10-07T14:55:13+00:00
ZMB-D-0304,2002,186429.25525188446,25.36512346948028,7349.826444811085,17.658098220825195,"WorldPop, University of Southampton","The spatial distribution of population in 2002 Zambia — unconstrained individual countries 2000-2020, 1 km, not UN-adjusted; DOI 10.5258/SOTON/WP00670",zmb_ppp_2002_1km_Aggregated.tif,EXPOSURE ONLY - not a flood-occurrence predictor,2026-10-07T14:55:13+00:00
ZMB-D-0106,2002,19428.271730706096,2.095079426205731,9273.286486274863,1.3260210752487183,"WorldPop, University of Southampton","The spatial distribution of population in 2002 Zambia — unconstrained individual countries 2000-2020, 1 km, not UN-adjusted; DOI 10.5258/SOTON/WP00670",zmb_ppp_2002_1km_Aggregated.tif,EXPOSURE ONLY - not a flood-occurrence predictor,2026-10-07T14:55:13+00:00
ZMB-D-0201,2002,69012.48625841737,7.749113965649206,8905.8551163837,6.280325412750244,"WorldPop, University of Southampton","The spatial distribution of population in 2002 Zambia — unconstrained individual countries 2000-2020, 1 km, not UN-adjusted; DOI 10.5258/SOTON/WP00670",zmb_ppp_2002_1km_Aggregated.tif,EXPOSURE ONLY - not a flood-occurrence predictor,2026-10-07T14:55:13+00:00
ZMB-D-0305,2002,381275.0127310753,59.59792576270164,6397.4544055305,56.37479782104492,"WorldPop, University of Southampton","The spatial distribution of population in 2002 Zambia — unconstrained individual countries 2000-2020, 1 km, not UN-adjusted; DOI 10.5258/SOTON/WP00670",zmb_ppp_2002_1km_Aggregated.tif,EXPOSURE ONLY - not a flood-occurrence predictor,2026-10-07T14:55:13+00:00
ZMB-D-0701,2002,59396.02970725298,4.155119684345127,14294.66157883107,1.7941304445266724,"WorldPop, University of Southampton","The spatial distribution of population in 2002 Zambia — unconstrained individual countries 2000-2020, 1 km, not UN-adjusted; DOI 10.5258/SOTON/WP00670",zmb_ppp_2002_1km_Aggregated.tif,EXPOSURE ONLY - not a flood-occurrence predictor,2026-10-07T14:55:13+00:00
ZMB-D-0702,2002,29724.387837290764,6.485869922065287,4582.94541741683,1.9883816242218018,"WorldPop, University of Southampton","The spatial distribution of population in 2002 Zambia — unconstrained individual countries 2000-2020, 1 km, not UN-adjusted; DOI 10.5258/SOTON/WP00670",zmb_ppp_2002_1km_Aggregated.tif,EXPOSURE ONLY - not a flood-occurrence predictor,2026-10-07T14:55:13+00:00
ZMB-D-0703,2002,45466.87821739912,2.392573774016522,19003.333862124473,2.404252290725708,"WorldPop, University of Southampton","The spatial distribution of population in 2002 Zambia — unconstrained individual countries 2000-2020, 1 km, not UN-adjusted; DOI 10.5258/SOTON/WP00670",zmb_ppp_2002_1km_Aggregated.tif,EXPOSURE ONLY - not a flood-occurrence predictor,2026-10-07T14:55:13+00:00
ZMB-D-0306,2002,52527.37983691692,8.882459690612107,5913.60745407415,6.638363838195801,"WorldPop, University of Southampton","The spatial distribution of population in 2002 Zambia — unconstrained individual countries 2000-2020, 1 km, not UN-adjusted; DOI 10.5258/SOTON/WP00670",zmb_ppp_2002_1km_Aggregated.tif,EXPOSURE ONLY - not a flood-occurrence predictor,2026-10-07T14:55:13+00:00
ZMB-D-0704,2002,55950.286490261555,2.567308859091279,21793.360114086794,2.3399360179901123,"WorldPop, University of Southampton","The spatial distribution of population in 2002 Zambia — unconstrained individual countries 2000-2020, 1 km, not UN-adjusted; DOI 10.5258/SOTON/WP00670",zmb_ppp_2002_1km_Aggregated.tif,EXPOSURE ONLY - not a flood-occurrence predictor,2026-10-07T14:55:13+00:00
ZMB-D-0202,2002,436451.66540050507,364.46250862377383,1197.521432447374,96.9390640258789,"WorldPop, University of Southampton","The spatial distribution of population in 2002 Zambia — unconstrained individual countries 2000-2020, 1 km, not UN-adjusted; DOI 10.5258/SOTON/WP00670",zmb_ppp_2002_1km_Aggregated.tif,EXPOSURE ONLY - not a flood-occurrence predictor,2026-10-07T14:55:13+00:00
ZMB-D-0203,2002,57662.61247062683,53.91135669090639,1069.5819213236975,10.010926246643066,"WorldPop, University of Southampton","The spatial distribution of population in 2002 Zambia — unconstrained individual countries 2000-2020, 1 km, not UN-adjusted; DOI 10.5258/SOTON/WP00670",zmb_ppp_2002_1km_Aggregated.tif,EXPOSURE ONLY - not a flood-occurrence predictor,2026-10-07T14:55:13+00:00
ZMB-D-0204,2002,124064.2489221096,166.25275099286117,746.2387730801331,785.1351318359375,"WorldPop, University of Southampton","The spatial distribution of population in 2002 Zambia — unconstrained individual countries 2000-2020, 1 km, not UN-adjusted; DOI 10.5258/SOTON/WP00670",zmb_ppp_2002_1km_Aggregated.tif,EXPOSURE ONLY - not a flood-occurrence predictor,2026-10-07T14:55:13+00:00
ZMB-D-0205,2002,62214.30951535702,5.739245005815005,10840.155709038638,8.032726287841797,"WorldPop, University of Southampton","The spatial distribution of population in 2002 Zambia — unconstrained individual countries 2000-2020, 1 km, not UN-adjusted; DOI 10.5258/SOTON/WP00670",zmb_ppp_2002_1km_Aggregated.tif,EXPOSURE ONLY - not a flood-occurrence predictor,2026-10-07T14:55:13+00:00
ZMB-D-0206,2002,178605.01516389847,114.73495228406516,1556.6748545961948,11.256077766418457,"WorldPop, University of Southampton","The spatial distribution of population in 2002 Zambia — unconstrained individual countries 2000-2020, 1 km, not UN-adjusted; DOI 10.5258/SOTON/WP00670",zmb_ppp_2002_1km_Aggregated.tif,EXPOSURE ONLY - not a flood-occurrence predictor,2026-10-07T14:55:13+00:00
ZMB-D-0207,2002,67906.03815698624,77.08418745081306,880.9334365795404,52.034515380859375,"WorldPop, University of Southampton","The spatial distribution of population in 2002 Zambia — unconstrained individual countries 2000-2020, 1 km, not UN-adjusted; DOI 10.5258/SOTON/WP00670",zmb_ppp_2002_1km_Aggregated.tif,EXPOSURE ONLY - not a flood-occurrence predictor,2026-10-07T14:55:13+00:00
ZMB-D-0107,2002,69273.79114607722,5.766648276264495,12012.83446247414,8.893019676208496,"WorldPop, University of Southampton","The spatial distribution of population in 2002 Zambia — unconstrained individual countries 2000-2020, 1 km, not UN-adjusted; DOI 10.5258/SOTON/WP00670",zmb_ppp_2002_1km_Aggregated.tif,EXPOSURE ONLY - not a flood-occurrence predictor,2026-10-07T14:55:13+00:00
ZMB-D-0307,2002,241349.89643001556,17.703922441014928,13632.56629902969,6.65651798248291,"WorldPop, University of Southampton","The spatial distribution of population in 2002 Zambia — unconstrained individual countries 2000-2020, 1 km, not UN-adjusted; DOI 10.5258/SOTON/WP00670",zmb_ppp_2002_1km_Aggregated.tif,EXPOSURE ONLY - not a flood-occurrence predictor,2026-10-07T14:55:13+00:00
ZMB-D-0705,2002,188627.75789010525,6.195687646006225,30445.00766782453,5.273151397705078,"WorldPop, University of Southampton","The spatial distribution of population in 2002 Zambia — unconstrained individual countries 2000-2020, 1 km, not UN-adjusted; DOI 10.5258/SOTON/WP00670",zmb_ppp_2002_1km_Aggregated.tif,EXPOSURE ONLY - not a flood-occurrence predictor,2026-10-07T14:55:13+00:00
ZMB-D-0401,2002,90924.12031960487,14.695620718454865,6187.157525467551,10.856866836547852,"WorldPop, University of Southampton","The spatial distribution of population in 2002 Zambia — unconstrained individual countries 2000-2020, 1 km, not UN-adjusted; DOI 10.5258/SOTON/WP00670",zmb_ppp_2002_1km_Aggregated.tif,EXPOSURE ONLY - not a flood-occurrence predictor,2026-10-07T14:55:13+00:00
ZMB-D-0601,2002,157131.24023276567,3.921112053124986,40073.13183196019,8.339929580688477,"WorldPop, University of Southampton","The spatial distribution of population in 2002 Zambia — unconstrained individual countries 2000-2020, 1 km, not UN-adjusted; DOI 10.5258/SOTON/WP00670",zmb_ppp_2002_1km_Aggregated.tif,EXPOSURE ONLY - not a flood-occurrence predictor,2026-10-07T14:55:13+00:00
ZMB-D-0706,2002,98026.0263928175,4.698216573431025,20864.51845305863,1.3950974941253662,"WorldPop, University of Southampton","The spatial distribution of population in 2002 Zambia — unconstrained individual countries 2000-2020, 1 km, not UN-adjusted; DOI 10.5258/SOTON/WP00670",zmb_ppp_2002_1km_Aggregated.tif,EXPOSURE ONLY - not a flood-occurrence predictor,2026-10-07T14:55:13+00:00
ZMB-D-0402,2002,144244.84771093726,23.03772454935372,6261.245436888592,0.0,"WorldPop, University of Southampton","The spatial distribution of population in 2002 Zambia — unconstrained individual countries 2000-2020, 1 km, not UN-adjusted; DOI 10.5258/SOTON/WP00670",zmb_ppp_2002_1km_Aggregated.tif,EXPOSURE ONLY - not a flood-occurrence predictor,2026-10-07T14:55:13+00:00
ZMB-D-0801,2002,73411.30195482075,14.228915688085353,5159.30402316545,18.54581642150879,"WorldPop, University of Southampton","The spatial distribution of population in 2002 Zambia — unconstrained individual countries 2000-2020, 1 km, not UN-adjusted; DOI 10.5258/SOTON/WP00670",zmb_ppp_2002_1km_Aggregated.tif,EXPOSURE ONLY - not a flood-occurrence predictor,2026-10-07T14:55:13+00:00
ZMB-D-0403,2002,105064.05018258095,13.89329034957064,7562.215108088334,12.04928970336914,"WorldPop, University of Southampton","The spatial distribution of population in 2002 Zambia — unconstrained individual countries 2000-2020, 1 km, not UN-adjusted; DOI 10.5258/SOTON/WP00670",zmb_ppp_2002_1km_Aggregated.tif,EXPOSURE ONLY - not a flood-occurrence predictor,2026-10-07T14:55:13+00:00
ZMB-D-0602,2002,71598.58769214153,4.056775850449378,17649.135750058857,4.242427825927734,"WorldPop, University of Southampton","The spatial distribution of population in 2002 Zambia — unconstrained individual countries 2000-2020, 1 km, not UN-adjusted; DOI 10.5258/SOTON/WP00670",zmb_ppp_2002_1km_Aggregated.tif,EXPOSURE ONLY - not a flood-occurrence predictor,2026-10-07T14:55:13+00:00
ZMB-D-0802,2002,81841.22672432661,9.157991902820031,8936.590858867778,10.450407028198242,"WorldPop, University of Southampton","The spatial distribution of population in 2002 Zambia — unconstrained individual countries 2000-2020, 1 km, not UN-adjusted; DOI 10.5258/SOTON/WP00670",zmb_ppp_2002_1km_Aggregated.tif,EXPOSURE ONLY - not a flood-occurrence predictor,2026-10-07T14:55:13+00:00
ZMB-D-0404,2002,26670.032516121864,6.354508844272308,4197.025005348939,16.256244659423828,"WorldPop, University of Southampton","The spatial distribution of population in 2002 Zambia — unconstrained individual countries 2000-2020, 1 km, not UN-adjusted; DOI 10.5258/SOTON/WP00670",zmb_ppp_2002_1km_Aggregated.tif,EXPOSURE ONLY - not a flood-occurrence predictor,2026-10-07T14:55:13+00:00
ZMB-D-0603,2002,53396.12016304582,5.843845637454738,9137.154448573401,3.2722253799438477,"WorldPop, University of Southampton","The spatial distribution of population in 2002 Zambia — unconstrained individual countries 2000-2020, 1 km, not UN-adjusted; DOI 10.5258/SOTON/WP00670",zmb_ppp_2002_1km_Aggregated.tif,EXPOSURE ONLY - not a flood-occurrence predictor,2026-10-07T14:55:13+00:00
ZMB-D-0803,2002,183650.91667675972,17.307041270867998,10611.341002918236,5.751433372497559,"WorldPop, University of Southampton","The spatial distribution of population in 2002 Zambia — unconstrained individual countries 2000-2020, 1 km, not UN-adjusted; DOI 10.5258/SOTON/WP00670",zmb_ppp_2002_1km_Aggregated.tif,EXPOSURE ONLY - not a flood-occurrence predictor,2026-10-07T14:55:13+00:00
ZMB-D-0604,2002,52153.2595539093,9.871326497078329,5283.308131824572,2.747295379638672,"WorldPop, University of Southampton","The spatial distribution of population in 2002 Zambia — unconstrained individual countries 2000-2020, 1 km, not UN-adjusted; DOI 10.5258/SOTON/WP00670",zmb_ppp_2002_1km_Aggregated.tif,EXPOSURE ONLY - not a flood-occurrence predictor,2026-10-07T14:55:13+00:00
ZMB-D-0804,2002,115499.73132824898,11.891999464872523,9712.389549749032,6.558568477630615,"WorldPop, University of Southampton","The spatial distribution of population in 2002 Zambia — unconstrained individual countries 2000-2020, 1 km, not UN-adjusted; DOI 10.5258/SOTON/WP00670",zmb_ppp_2002_1km_Aggregated.tif,EXPOSURE ONLY - not a flood-occurrence predictor,2026-10-07T14:55:13+00:00
ZMB-D-0405,2002,70583.99319672585,8.835113965365606,7989.0303026560905,12.616414070129395,"WorldPop, University of Southampton","The spatial distribution of population in 2002 Zambia — unconstrained individual countries 2000-2020, 1 km, not UN-adjusted; DOI 10.5258/SOTON/WP00670",zmb_ppp_2002_1km_Aggregated.tif,EXPOSURE ONLY - not a flood-occurrence predictor,2026-10-07T14:55:13+00:00
ZMB-D-0805,2002,79334.52900397778,6.605480990935534,12010.409100086084,2.6336076259613037,"WorldPop, University of Southampton","The spatial distribution of population in 2002 Zambia — unconstrained individual countries 2000-2020, 1 km, not UN-adjusted; DOI 10.5258/SOTON/WP00670",zmb_ppp_2002_1km_Aggregated.tif,EXPOSURE ONLY - not a flood-occurrence predictor,2026-10-07T14:55:13+00:00
ZMB-D-0605,2002,87705.7290148735,20.188018420967232,4344.444669407599,19.87989044189453,"WorldPop, University of Southampton","The spatial distribution of population in 2002 Zambia — unconstrained individual countries 2000-2020, 1 km, not UN-adjusted; DOI 10.5258/SOTON/WP00670",zmb_ppp_2002_1km_Aggregated.tif,EXPOSURE ONLY - not a flood-occurrence predictor,2026-10-07T14:55:13+00:00
ZMB-D-0406,2002,120077.38273748755,28.46481199628837,4218.4498795616455,16.728425979614258,"WorldPop, University of Southampton","The spatial distribution of population in 2002 Zambia — unconstrained individual countries 2000-2020, 1 km, not UN-adjusted; DOI 10.5258/SOTON/WP00670",zmb_ppp_2002_1km_Aggregated.tif,EXPOSURE ONLY - not a flood-occurrence predictor,2026-10-07T14:55:13+00:00
ZMB-D-0806,2002,137381.6896967888,17.980862360476895,7640.439426240349,21.531978607177734,"WorldPop, University of Southampton","The spatial distribution of population in 2002 Zambia — unconstrained individual countries 2000-2020, 1 km, not UN-adjusted; DOI 10.5258/SOTON/WP00670",zmb_ppp_2002_1km_Aggregated.tif,EXPOSURE ONLY - not a flood-occurrence predictor,2026-10-07T14:55:13+00:00
ZMB-D-0807,2002,89057.0528029576,8.0354399458687,11083.033835470942,3.7320144176483154,"WorldPop, University of Southampton","The spatial distribution of population in 2002 Zambia — unconstrained individual countries 2000-2020, 1 km, not UN-adjusted; DOI 10.5258/SOTON/WP00670",zmb_ppp_2002_1km_Aggregated.tif,EXPOSURE ONLY - not a flood-occurrence predictor,2026-10-07T14:55:13+00:00
ZMB-D-0808,2002,46117.93669191748,6.227663907213043,7405.33487019145,3.152427911758423,"WorldPop, University of Southampton","The spatial distribution of population in 2002 Zambia — unconstrained individual countries 2000-2020, 1 km, not UN-adjusted; DOI 10.5258/SOTON/WP00670",zmb_ppp_2002_1km_Aggregated.tif,EXPOSURE ONLY - not a flood-occurrence predictor,2026-10-07T14:55:13+00:00
ZMB-D-0407,2002,81110.70063573122,20.85352298930278,3889.5442596120824,43.909873962402344,"WorldPop, University of Southampton","The spatial distribution of population in 2002 Zambia — unconstrained individual countries 2000-2020, 1 km, not UN-adjusted; DOI 10.5258/SOTON/WP00670",zmb_ppp_2002_1km_Aggregated.tif,EXPOSURE ONLY - not a flood-occurrence predictor,2026-10-07T14:55:13+00:00
ZMB-D-0208,2002,96078.98823308945,26.0912845159195,3682.4169455692077,12.385202407836914,"WorldPop, University of Southampton","The spatial distribution of population in 2002 Zambia — unconstrained individual countries 2000-2020, 1 km, not UN-adjusted; DOI 10.5258/SOTON/WP00670",zmb_ppp_2002_1km_Aggregated.tif,EXPOSURE ONLY - not a flood-occurrence predictor,2026-10-07T14:55:13+00:00
ZMB-D-0209,2002,145714.80350494385,183.79361147457976,792.8175649625202,112.04174041748047,"WorldPop, University of Southampton","The spatial distribution of population in 2002 Zambia — unconstrained individual countries 2000-2020, 1 km, not UN-adjusted; DOI 10.5258/SOTON/WP00670",zmb_ppp_2002_1km_Aggregated.tif,EXPOSURE ONLY - not a flood-occurrence predictor,2026-10-07T14:55:13+00:00
ZMB-D-0210,2002,357615.0333452225,328.76989611878446,1087.7365524245452,93.48700714111328,"WorldPop, University of Southampton","The spatial distribution of population in 2002 Zambia — unconstrained individual countries 2000-2020, 1 km, not UN-adjusted; DOI 10.5258/SOTON/WP00670",zmb_ppp_2002_1km_Aggregated.tif,EXPOSURE ONLY - not a flood-occurrence predictor,2026-10-07T14:55:13+00:00
ZMB-D-0707,2002,23022.03591275215,10.48705258154879,2195.2818233464145,13.134343147277832,"WorldPop, University of Southampton","The spatial distribution of population in 2002 Zambia — unconstrained individual countries 2000-2020, 1 km, not UN-adjusted; DOI 10.5258/SOTON/WP00670",zmb_ppp_2002_1km_Aggregated.tif,EXPOSURE ONLY - not a flood-occurrence predictor,2026-10-07T14:55:13+00:00
ZMB-D-0606,2002,49703.61928379536,12.188985621693194,4077.748618829771,11.94793701171875,"WorldPop, University of Southampton","The spatial distribution of population in 2002 Zambia — unconstrained individual countries 2000-2020, 1 km, not UN-adjusted; DOI 10.5258/SOTON/WP00670",zmb_ppp_2002_1km_Aggregated.tif,EXPOSURE ONLY - not a flood-occurrence predictor,2026-10-07T14:55:13+00:00
ZMB-D-0505,2002,26652.262846708298,15.022517561837274,1774.1542146314316,13.237594604492188,"WorldPop, University of Southampton","The spatial distribution of population in 2002 Zambia — unconstrained individual countries 2000-2020, 1 km, not UN-adjusted; DOI 10.5258/SOTON/WP00670",zmb_ppp_2002_1km_Aggregated.tif,EXPOSURE ONLY - not a flood-occurrence predictor,2026-10-07T14:55:13+00:00
ZMB-D-0408,2002,10540.558675169945,4.90104609066092,2150.675280376423,2.865243673324585,"WorldPop, University of Southampton","The spatial distribution of population in 2002 Zambia — unconstrained individual countries 2000-2020, 1 km, not UN-adjusted; DOI 10.5258/SOTON/WP00670",zmb_ppp_2002_1km_Aggregated.tif,EXPOSURE ONLY - not a flood-occurrence predictor,2026-10-07T14:55:13+00:00
ZMB-D-0607,2002,78882.33547008038,12.59008519413761,6265.433017626505,5.347212314605713,"WorldPop, University of Southampton","The spatial distribution of population in 2002 Zambia — unconstrained individual countries 2000-2020, 1 km, not UN-adjusted; DOI 10.5258/SOTON/WP00670",zmb_ppp_2002_1km_Aggregated.tif,EXPOSURE ONLY - not a flood-occurrence predictor,2026-10-07T14:55:13+00:00
ZMB-D-0108,2002,92308.44652885199,10.969436505611343,8415.0581920623,16.98481559753418,"WorldPop, University of Southampton","The spatial distribution of population in 2002 Zambia — unconstrained individual countries 2000-2020, 1 km, not UN-adjusted; DOI 10.5258/SOTON/WP00670",zmb_ppp_2002_1km_Aggregated.tif,EXPOSURE ONLY - not a flood-occurrence predictor,2026-10-07T14:55:13+00:00
ZMB-D-0506,2002,151984.29223942757,67.24015536131327,2260.3203609917887,25.584394454956055,"WorldPop, University of Southampton","The spatial distribution of population in 2002 Zambia — unconstrained individual countries 2000-2020, 1 km, not UN-adjusted; DOI 10.5258/SOTON/WP00670",zmb_ppp_2002_1km_Aggregated.tif,EXPOSURE ONLY - not a flood-occurrence predictor,2026-10-07T14:55:13+00:00
ZMB-D-0109,2002,93467.92359085381,17.730917703047574,5271.4656486611875,8.826489448547363,"WorldPop, University of Southampton","The spatial distribution of population in 2002 Zambia — unconstrained individual countries 2000-2020, 1 km, not UN-adjusted; DOI 10.5258/SOTON/WP00670",zmb_ppp_2002_1km_Aggregated.tif,EXPOSURE ONLY - not a flood-occurrence predictor,2026-10-07T14:55:13+00:00
ZMB-D-1007,2002,28683.88634175062,2.5888592918148725,11079.739417449106,2.4632670879364014,"WorldPop, University of Southampton","The spatial distribution of population in 2002 Zambia — unconstrained individual countries 2000-2020, 1 km, not UN-adjusted; DOI 10.5258/SOTON/WP00670",zmb_ppp_2002_1km_Aggregated.tif,EXPOSURE ONLY - not a flood-occurrence predictor,2026-10-07T14:55:13+00:00
ZMB-D-1008,2002,27928.987384825945,4.323971551112337,6459.105258831141,1.7673081159591675,"WorldPop, University of Southampton","The spatial distribution of population in 2002 Zambia — unconstrained individual countries 2000-2020, 1 km, not UN-adjusted; DOI 10.5258/SOTON/WP00670",zmb_ppp_2002_1km_Aggregated.tif,EXPOSURE ONLY - not a flood-occurrence predictor,2026-10-07T14:55:13+00:00
ZMB-D-1009,2002,42309.09819611907,5.3171572014874515,7957.08996233613,1.97178053855896,"WorldPop, University of Southampton","The spatial distribution of population in 2002 Zambia — unconstrained individual countries 2000-2020, 1 km, not UN-adjusted; DOI 10.5258/SOTON/WP00670",zmb_ppp_2002_1km_Aggregated.tif,EXPOSURE ONLY - not a flood-occurrence predictor,2026-10-07T14:55:13+00:00
ZMB-D-1010,2002,47146.11116230488,10.191331082572924,4626.099454557439,4.179110527038574,"WorldPop, University of Southampton","The spatial distribution of population in 2002 Zambia — unconstrained individual countries 2000-2020, 1 km, not UN-adjusted; DOI 10.5258/SOTON/WP00670",zmb_ppp_2002_1km_Aggregated.tif,EXPOSURE ONLY - not a flood-occurrence predictor,2026-10-07T14:55:13+00:00
ZMB-D-1011,2002,34847.00955462456,4.560126664500484,7641.6757950827,3.0783379077911377,"WorldPop, University of Southampton","The spatial distribution of population in 2002 Zambia — unconstrained individual countries 2000-2020, 1 km, not UN-adjusted; DOI 10.5258/SOTON/WP00670",zmb_ppp_2002_1km_Aggregated.tif,EXPOSURE ONLY - not a flood-occurrence predictor,2026-10-07T14:55:13+00:00
ZMB-D-1012,2002,40167.20649909973,3.944080970327189,10184.17390547831,2.3293066024780273,"WorldPop, University of Southampton","The spatial distribution of population in 2002 Zambia — unconstrained individual countries 2000-2020, 1 km, not UN-adjusted; DOI 10.5258/SOTON/WP00670",zmb_ppp_2002_1km_Aggregated.tif,EXPOSURE ONLY - not a flood-occurrence predictor,2026-10-07T14:55:13+00:00
ZMB-D-1013,2002,36464.39517211914,9.595144001885052,3800.2968131541734,18.662445068359375,"WorldPop, University of Southampton","The spatial distribution of population in 2002 Zambia — unconstrained individual countries 2000-2020, 1 km, not UN-adjusted; DOI 10.5258/SOTON/WP00670",zmb_ppp_2002_1km_Aggregated.tif,EXPOSURE ONLY - not a flood-occurrence predictor,2026-10-07T14:55:13+00:00
ZMB-D-0809,2002,47636.760771654546,9.398978329991111,5068.291371589916,10.019855499267578,"WorldPop, University of Southampton","The spatial distribution of population in 2002 Zambia — unconstrained individual countries 2000-2020, 1 km, not UN-adjusted; DOI 10.5258/SOTON/WP00670",zmb_ppp_2002_1km_Aggregated.tif,EXPOSURE ONLY - not a flood-occurrence predictor,2026-10-07T14:55:13+00:00
ZMB-D-0409,2002,21109.493508394808,5.69874660562544,3704.234451757665,4.219300270080566,"WorldPop, University of Southampton","The spatial distribution of population in 2002 Zambia — unconstrained individual countries 2000-2020, 1 km, not UN-adjusted; DOI 10.5258/SOTON/WP00670",zmb_ppp_2002_1km_Aggregated.tif,EXPOSURE ONLY - not a flood-occurrence predictor,2026-10-07T14:55:13+00:00
ZMB-D-0911,2002,49176.336961746216,9.369042905222132,5248.811160245219,4.265151500701904,"WorldPop, University of Southampton","The spatial distribution of population in 2002 Zambia — unconstrained individual countries 2000-2020, 1 km, not UN-adjusted; DOI 10.5258/SOTON/WP00670",zmb_ppp_2002_1km_Aggregated.tif,EXPOSURE ONLY - not a flood-occurrence predictor,2026-10-07T14:55:13+00:00
ZMB-D-0308,2002,128929.3974647522,49.78928583903524,2589.5008392281543,141.28964233398438,"WorldPop, University of Southampton","The spatial distribution of population in 2002 Zambia — unconstrained individual countries 2000-2020, 1 km, not UN-adjusted; DOI 10.5258/SOTON/WP00670",zmb_ppp_2002_1km_Aggregated.tif,EXPOSURE ONLY - not a flood-occurrence predictor,2026-10-07T14:55:13+00:00
ZMB-D-0110,2002,155814.80150139332,16.725627062258546,9315.931828528577,18.47951316833496,"WorldPop, University of Southampton","The spatial distribution of population in 2002 Zambia — unconstrained individual countries 2000-2020, 1 km, not UN-adjusted; DOI 10.5258/SOTON/WP00670",zmb_ppp_2002_1km_Aggregated.tif,EXPOSURE ONLY - not a flood-occurrence predictor,2026-10-07T14:55:13+00:00
ZMB-D-0507,2002,93635.42856693268,70.10029852285103,1335.735090149577,18.90127182006836,"WorldPop, University of Southampton","The spatial distribution of population in 2002 Zambia — unconstrained individual countries 2000-2020, 1 km, not UN-adjusted; DOI 10.5258/SOTON/WP00670",zmb_ppp_2002_1km_Aggregated.tif,EXPOSURE ONLY - not a flood-occurrence predictor,2026-10-07T14:55:13+00:00
ZMB-D-0309,2002,24273.712869167328,26.36754705508216,920.5904826284833,19.56641960144043,"WorldPop, University of Southampton","The spatial distribution of population in 2002 Zambia — unconstrained individual countries 2000-2020, 1 km, not UN-adjusted; DOI 10.5258/SOTON/WP00670",zmb_ppp_2002_1km_Aggregated.tif,EXPOSURE ONLY - not a flood-occurrence predictor,2026-10-07T14:55:13+00:00
ZMB-D-1014,2002,42398.24309015274,10.858349953030979,3904.667216801,4.54426908493042,"WorldPop, University of Southampton","The spatial distribution of population in 2002 Zambia — unconstrained individual countries 2000-2020, 1 km, not UN-adjusted; DOI 10.5258/SOTON/WP00670",zmb_ppp_2002_1km_Aggregated.tif,EXPOSURE ONLY - not a flood-occurrence predictor,2026-10-07T14:55:13+00:00
ZMB-D-1015,2002,20615.5976010561,3.242000959743132,6358.911628048839,1.8006818294525146,"WorldPop, University of Southampton","The spatial distribution of population in 2002 Zambia — unconstrained individual countries 2000-2020, 1 km, not UN-adjusted; DOI 10.5258/SOTON/WP00670",zmb_ppp_2002_1km_Aggregated.tif,EXPOSURE ONLY - not a flood-occurrence predictor,2026-10-07T14:55:13+00:00
ZMB-D-0111,2002,69278.05787700415,5.981039849245415,11582.945377925289,8.044882774353027,"WorldPop, University of Southampton","The spatial distribution of population in 2002 Zambia — unconstrained individual countries 2000-2020, 1 km, not UN-adjusted; DOI 10.5258/SOTON/WP00670",zmb_ppp_2002_1km_Aggregated.tif,EXPOSURE ONLY - not a flood-occurrence predictor,2026-10-07T14:55:13+00:00
ZMB-D-0708,2002,31454.72867268324,4.46550949403546,7043.928294116726,4.191152572631836,"WorldPop, University of Southampton","The spatial distribution of population in 2002 Zambia — unconstrained individual countries 2000-2020, 1 km, not UN-adjusted; DOI 10.5258/SOTON/WP00670",zmb_ppp_2002_1km_Aggregated.tif,EXPOSURE ONLY - not a flood-occurrence predictor,2026-10-07T14:55:13+00:00
ZMB-D-0709,2002,35089.686758726835,4.728099862350386,7421.51980294329,2.35878586769104,"WorldPop, University of Southampton","The spatial distribution of population in 2002 Zambia — unconstrained individual countries 2000-2020, 1 km, not UN-adjusted; DOI 10.5258/SOTON/WP00670",zmb_ppp_2002_1km_Aggregated.tif,EXPOSURE ONLY - not a flood-occurrence predictor,2026-10-07T14:55:13+00:00
ZMB-D-0410,2002,77671.74332404137,31.946995029651607,2431.269146032368,22.69174575805664,"WorldPop, University of Southampton","The spatial distribution of population in 2002 Zambia — unconstrained individual countries 2000-2020, 1 km, not UN-adjusted; DOI 10.5258/SOTON/WP00670",zmb_ppp_2002_1km_Aggregated.tif,EXPOSURE ONLY - not a flood-occurrence predictor,2026-10-07T14:55:13+00:00
ZMB-D-0411,2002,40271.84302268922,33.88503252388902,1188.4847091203908,34.870140075683594,"WorldPop, University of Southampton","The spatial distribution of population in 2002 Zambia — unconstrained individual countries 2000-2020, 1 km, not UN-adjusted; DOI 10.5258/SOTON/WP00670",zmb_ppp_2002_1km_Aggregated.tif,EXPOSURE ONLY - not a flood-occurrence predictor,2026-10-07T14:55:13+00:00
ZMB-D-0912,2002,52160.36059451103,27.47767724246755,1898.281289726181,9.833762168884277,"WorldPop, University of Southampton","The spatial distribution of population in 2002 Zambia — unconstrained individual countries 2000-2020, 1 km, not UN-adjusted; DOI 10.5258/SOTON/WP00670",zmb_ppp_2002_1km_Aggregated.tif,EXPOSURE ONLY - not a flood-occurrence predictor,2026-10-07T14:55:13+00:00
ZMB-D-0508,2002,38725.23129570484,23.684268945301948,1635.0612883656872,15.388891220092773,"WorldPop, University of Southampton","The spatial distribution of population in 2002 Zambia — unconstrained individual countries 2000-2020, 1 km, not UN-adjusted; DOI 10.5258/SOTON/WP00670",zmb_ppp_2002_1km_Aggregated.tif,EXPOSURE ONLY - not a flood-occurrence predictor,2026-10-07T14:55:13+00:00
ZMB-D-0901,2003,113821.97951054573,135.30211130463383,841.2431883954464,131.19631958007812,"WorldPop, University of Southampton","The spatial distribution of population in 2003 Zambia — unconstrained individual countries 2000-2020, 1 km, not UN-adjusted; DOI 10.5258/SOTON/WP00670",zmb_ppp_2003_1km_Aggregated.tif,EXPOSURE ONLY - not a flood-occurrence predictor,2026-10-07T14:55:13+00:00
ZMB-D-0902,2003,87774.22437639907,17.30978469327867,5070.7866060564875,29.464954376220703,"WorldPop, University of Southampton","The spatial distribution of population in 2003 Zambia — unconstrained individual countries 2000-2020, 1 km, not UN-adjusted; DOI 10.5258/SOTON/WP00670",zmb_ppp_2003_1km_Aggregated.tif,EXPOSURE ONLY - not a flood-occurrence predictor,2026-10-07T14:55:13+00:00
ZMB-D-0903,2003,38261.37300896272,9.922936872397393,3855.8517000540714,7.597358226776123,"WorldPop, University of Southampton","The spatial distribution of population in 2003 Zambia — unconstrained individual countries 2000-2020, 1 km, not UN-adjusted; DOI 10.5258/SOTON/WP00670",zmb_ppp_2003_1km_Aggregated.tif,EXPOSURE ONLY - not a flood-occurrence predictor,2026-10-07T14:55:13+00:00
ZMB-D-0904,2003,130120.29033780098,16.10200911849026,8080.997183660843,7.775872707366943,"WorldPop, University of Southampton","The spatial distribution of population in 2003 Zambia — unconstrained individual countries 2000-2020, 1 km, not UN-adjusted; DOI 10.5258/SOTON/WP00670",zmb_ppp_2003_1km_Aggregated.tif,EXPOSURE ONLY - not a flood-occurrence predictor,2026-10-07T14:55:13+00:00
ZMB-D-0905,2003,162936.1468153,31.611222445163936,5154.376648924151,54.729007720947266,"WorldPop, University of Southampton","The spatial distribution of population in 2003 Zambia — unconstrained individual countries 2000-2020, 1 km, not UN-adjusted; DOI 10.5258/SOTON/WP00670",zmb_ppp_2003_1km_Aggregated.tif,EXPOSURE ONLY - not a flood-occurrence predictor,2026-10-07T14:55:13+00:00
ZMB-D-0906,2003,81309.80668479204,4.446462298960679,18286.404160853333,1.0237715244293213,"WorldPop, University of Southampton","The spatial distribution of population in 2003 Zambia — unconstrained individual countries 2000-2020, 1 km, not UN-adjusted; DOI 10.5258/SOTON/WP00670",zmb_ppp_2003_1km_Aggregated.tif,EXPOSURE ONLY - not a flood-occurrence predictor,2026-10-07T14:55:13+00:00
ZMB-D-0907,2003,35106.46928825602,17.12649371487643,2049.8340099679485,7.343856334686279,"WorldPop, University of Southampton","The spatial distribution of population in 2003 Zambia — unconstrained individual countries 2000-2020, 1 km, not UN-adjusted; DOI 10.5258/SOTON/WP00670",zmb_ppp_2003_1km_Aggregated.tif,EXPOSURE ONLY - not a flood-occurrence predictor,2026-10-07T14:55:13+00:00
ZMB-D-1001,2003,31089.12188923359,3.7526457671929574,8284.587413239587,2.4569544792175293,"WorldPop, University of Southampton","The spatial distribution of population in 2003 Zambia — unconstrained individual countries 2000-2020, 1 km, not UN-adjusted; DOI 10.5258/SOTON/WP00670",zmb_ppp_2003_1km_Aggregated.tif,EXPOSURE ONLY - not a flood-occurrence predictor,2026-10-07T14:55:13+00:00
ZMB-D-0908,2003,173221.30765931308,35.348149259140854,4900.434995603594,11.451166152954102,"WorldPop, University of Southampton","The spatial distribution of population in 2003 Zambia — unconstrained individual countries 2000-2020, 1 km, not UN-adjusted; DOI 10.5258/SOTON/WP00670",zmb_ppp_2003_1km_Aggregated.tif,EXPOSURE ONLY - not a flood-occurrence predictor,2026-10-07T14:55:13+00:00
ZMB-D-0909,2003,84191.67639680207,15.568588146666944,5407.791355494656,10.96381664276123,"WorldPop, University of Southampton","The spatial distribution of population in 2003 Zambia — unconstrained individual countries 2000-2020, 1 km, not UN-adjusted; DOI 10.5258/SOTON/WP00670",zmb_ppp_2003_1km_Aggregated.tif,EXPOSURE ONLY - not a flood-occurrence predictor,2026-10-07T14:55:13+00:00
ZMB-D-0910,2003,140669.84037041664,36.76956457069029,3825.714065772408,98.31216430664062,"WorldPop, University of Southampton","The spatial distribution of population in 2003 Zambia — unconstrained individual countries 2000-2020, 1 km, not UN-adjusted; DOI 10.5258/SOTON/WP00670",zmb_ppp_2003_1km_Aggregated.tif,EXPOSURE ONLY - not a flood-occurrence predictor,2026-10-07T14:55:13+00:00
ZMB-D-1002,2003,61011.29935866594,5.536946237400907,11018.9437900891,1.5446486473083496,"WorldPop, University of Southampton","The spatial distribution of population in 2003 Zambia — unconstrained individual countries 2000-2020, 1 km, not UN-adjusted; DOI 10.5258/SOTON/WP00670",zmb_ppp_2003_1km_Aggregated.tif,EXPOSURE ONLY - not a flood-occurrence predictor,2026-10-07T14:55:13+00:00
ZMB-D-0501,2003,929345.7757930756,2154.040991702543,431.4429388172996,1023.8466796875,"WorldPop, University of Southampton","The spatial distribution of population in 2003 Zambia — unconstrained individual countries 2000-2020, 1 km, not UN-adjusted; DOI 10.5258/SOTON/WP00670",zmb_ppp_2003_1km_Aggregated.tif,EXPOSURE ONLY - not a flood-occurrence predictor,2026-10-07T14:55:13+00:00
ZMB-D-0101,2003,54601.185165977105,3.3824665756563537,16142.416767379873,5.0497822761535645,"WorldPop, University of Southampton","The spatial distribution of population in 2003 Zambia — unconstrained individual countries 2000-2020, 1 km, not UN-adjusted; DOI 10.5258/SOTON/WP00670",zmb_ppp_2003_1km_Aggregated.tif,EXPOSURE ONLY - not a flood-occurrence predictor,2026-10-07T14:55:13+00:00
ZMB-D-0502,2003,89328.51816766709,19.25352361507903,4639.593248152589,2.1900973320007324,"WorldPop, University of Southampton","The spatial distribution of population in 2003 Zambia — unconstrained individual countries 2000-2020, 1 km, not UN-adjusted; DOI 10.5258/SOTON/WP00670",zmb_ppp_2003_1km_Aggregated.tif,EXPOSURE ONLY - not a flood-occurrence predictor,2026-10-07T14:55:13+00:00
ZMB-D-0503,2003,19571.649982869625,5.1853547067711725,3774.40909824596,1.158494472503662,"WorldPop, University of Southampton","The spatial distribution of population in 2003 Zambia — unconstrained individual countries 2000-2020, 1 km, not UN-adjusted; DOI 10.5258/SOTON/WP00670",zmb_ppp_2003_1km_Aggregated.tif,EXPOSURE ONLY - not a flood-occurrence predictor,2026-10-07T14:55:13+00:00
ZMB-D-0504,2003,41395.96831995249,4.329303404015121,9561.808091703777,4.590821743011475,"WorldPop, University of Southampton","The spatial distribution of population in 2003 Zambia — unconstrained individual countries 2000-2020, 1 km, not UN-adjusted; DOI 10.5258/SOTON/WP00670",zmb_ppp_2003_1km_Aggregated.tif,EXPOSURE ONLY - not a flood-occurrence predictor,2026-10-07T14:55:13+00:00
ZMB-D-1003,2003,131672.70205187798,21.739665933252365,6056.795097779089,10.235150337219238,"WorldPop, University of Southampton","The spatial distribution of population in 2003 Zambia — unconstrained individual countries 2000-2020, 1 km, not UN-adjusted; DOI 10.5258/SOTON/WP00670",zmb_ppp_2003_1km_Aggregated.tif,EXPOSURE ONLY - not a flood-occurrence predictor,2026-10-07T14:55:13+00:00
ZMB-D-0102,2003,405982.6066290438,45.49616977910857,8923.445832916408,20.296138763427734,"WorldPop, University of Southampton","The spatial distribution of population in 2003 Zambia — unconstrained individual countries 2000-2020, 1 km, not UN-adjusted; DOI 10.5258/SOTON/WP00670",zmb_ppp_2003_1km_Aggregated.tif,EXPOSURE ONLY - not a flood-occurrence predictor,2026-10-07T14:55:13+00:00
ZMB-D-0103,2003,184005.7199139595,119.13179557910715,1544.5559182542002,36.041812896728516,"WorldPop, University of Southampton","The spatial distribution of population in 2003 Zambia — unconstrained individual countries 2000-2020, 1 km, not UN-adjusted; DOI 10.5258/SOTON/WP00670",zmb_ppp_2003_1km_Aggregated.tif,EXPOSURE ONLY - not a flood-occurrence predictor,2026-10-07T14:55:13+00:00
ZMB-D-0104,2003,137778.89217442274,6.911420295900297,19934.96072813719,2.969693899154663,"WorldPop, University of Southampton","The spatial distribution of population in 2003 Zambia — unconstrained individual countries 2000-2020, 1 km, not UN-adjusted; DOI 10.5258/SOTON/WP00670",zmb_ppp_2003_1km_Aggregated.tif,EXPOSURE ONLY - not a flood-occurrence predictor,2026-10-07T14:55:13+00:00
ZMB-D-1004,2003,82133.2200704813,8.342427080124555,9845.242791052964,2.9063987731933594,"WorldPop, University of Southampton","The spatial distribution of population in 2003 Zambia — unconstrained individual countries 2000-2020, 1 km, not UN-adjusted; DOI 10.5258/SOTON/WP00670",zmb_ppp_2003_1km_Aggregated.tif,EXPOSURE ONLY - not a flood-occurrence predictor,2026-10-07T14:55:13+00:00
ZMB-D-1005,2003,93241.75899517536,10.19936111198457,9141.921535223746,4.043137073516846,"WorldPop, University of Southampton","The spatial distribution of population in 2003 Zambia — unconstrained individual countries 2000-2020, 1 km, not UN-adjusted; DOI 10.5258/SOTON/WP00670",zmb_ppp_2003_1km_Aggregated.tif,EXPOSURE ONLY - not a flood-occurrence predictor,2026-10-07T14:55:13+00:00
ZMB-D-0301,2003,60924.42563724518,40.44286509131065,1506.4319874393639,41.59272766113281,"WorldPop, University of Southampton","The spatial distribution of population in 2003 Zambia — unconstrained individual countries 2000-2020, 1 km, not UN-adjusted; DOI 10.5258/SOTON/WP00670",zmb_ppp_2003_1km_Aggregated.tif,EXPOSURE ONLY - not a flood-occurrence predictor,2026-10-07T14:55:13+00:00
ZMB-D-0302,2003,67892.01596915722,6.6348473174650096,10232.641795756781,3.2470600605010986,"WorldPop, University of Southampton","The spatial distribution of population in 2003 Zambia — unconstrained individual countries 2000-2020, 1 km, not UN-adjusted; DOI 10.5258/SOTON/WP00670",zmb_ppp_2003_1km_Aggregated.tif,EXPOSURE ONLY - not a flood-occurrence predictor,2026-10-07T14:55:13+00:00
ZMB-D-1006,2003,42973.888462126255,4.602871010999025,9336.322560296781,6.764222621917725,"WorldPop, University of Southampton","The spatial distribution of population in 2003 Zambia — unconstrained individual countries 2000-2020, 1 km, not UN-adjusted; DOI 10.5258/SOTON/WP00670",zmb_ppp_2003_1km_Aggregated.tif,EXPOSURE ONLY - not a flood-occurrence predictor,2026-10-07T14:55:13+00:00
ZMB-D-0303,2003,132893.97752571106,54.30991637897018,2446.956032824424,292.969970703125,"WorldPop, University of Southampton","The spatial distribution of population in 2003 Zambia — unconstrained individual countries 2000-2020, 1 km, not UN-adjusted; DOI 10.5258/SOTON/WP00670",zmb_ppp_2003_1km_Aggregated.tif,EXPOSURE ONLY - not a flood-occurrence predictor,2026-10-07T14:55:13+00:00
ZMB-D-0105,2003,44145.740465044975,6.397263513935676,6900.722530638099,7.757179260253906,"WorldPop, University of Southampton","The spatial distribution of population in 2003 Zambia — unconstrained individual countries 2000-2020, 1 km, not UN-adjusted; DOI 10.5258/SOTON/WP00670",zmb_ppp_2003_1km_Aggregated.tif,EXPOSURE ONLY - not a flood-occurrence predictor,2026-10-07T14:55:13+00:00
ZMB-D-0304,2003,189924.82807290554,25.840722838699254,7349.826444811085,19.244667053222656,"WorldPop, University of Southampton","The spatial distribution of population in 2003 Zambia — unconstrained individual countries 2000-2020, 1 km, not UN-adjusted; DOI 10.5258/SOTON/WP00670",zmb_ppp_2003_1km_Aggregated.tif,EXPOSURE ONLY - not a flood-occurrence predictor,2026-10-07T14:55:13+00:00
ZMB-D-0106,2003,20256.319626793265,2.184373324039335,9273.286486274863,1.3306365013122559,"WorldPop, University of Southampton","The spatial distribution of population in 2003 Zambia — unconstrained individual countries 2000-2020, 1 km, not UN-adjusted; DOI 10.5258/SOTON/WP00670",zmb_ppp_2003_1km_Aggregated.tif,EXPOSURE ONLY - not a flood-occurrence predictor,2026-10-07T14:55:13+00:00
ZMB-D-0201,2003,71318.41790640354,8.008037069366003,8905.8551163837,6.447534561157227,"WorldPop, University of Southampton","The spatial distribution of population in 2003 Zambia — unconstrained individual countries 2000-2020, 1 km, not UN-adjusted; DOI 10.5258/SOTON/WP00670",zmb_ppp_2003_1km_Aggregated.tif,EXPOSURE ONLY - not a flood-occurrence predictor,2026-10-07T14:55:13+00:00
ZMB-D-0305,2003,389502.8607840538,60.88403857123775,6397.4544055305,56.33413314819336,"WorldPop, University of Southampton","The spatial distribution of population in 2003 Zambia — unconstrained individual countries 2000-2020, 1 km, not UN-adjusted; DOI 10.5258/SOTON/WP00670",zmb_ppp_2003_1km_Aggregated.tif,EXPOSURE ONLY - not a flood-occurrence predictor,2026-10-07T14:55:13+00:00
ZMB-D-0701,2003,61855.59434705973,4.3271814450411,14294.66157883107,2.1040472984313965,"WorldPop, University of Southampton","The spatial distribution of population in 2003 Zambia — unconstrained individual countries 2000-2020, 1 km, not UN-adjusted; DOI 10.5258/SOTON/WP00670",zmb_ppp_2003_1km_Aggregated.tif,EXPOSURE ONLY - not a flood-occurrence predictor,2026-10-07T14:55:13+00:00
ZMB-D-0702,2003,30177.569224774837,6.58475423034481,4582.94541741683,1.8779480457305908,"WorldPop, University of Southampton","The spatial distribution of population in 2003 Zambia — unconstrained individual countries 2000-2020, 1 km, not UN-adjusted; DOI 10.5258/SOTON/WP00670",zmb_ppp_2003_1km_Aggregated.tif,EXPOSURE ONLY - not a flood-occurrence predictor,2026-10-07T14:55:13+00:00
ZMB-D-0703,2003,46704.22257626057,2.4576857363615923,19003.333862124473,2.357900619506836,"WorldPop, University of Southampton","The spatial distribution of population in 2003 Zambia — unconstrained individual countries 2000-2020, 1 km, not UN-adjusted; DOI 10.5258/SOTON/WP00670",zmb_ppp_2003_1km_Aggregated.tif,EXPOSURE ONLY - not a flood-occurrence predictor,2026-10-07T14:55:13+00:00
ZMB-D-0306,2003,54457.876422047615,9.208909594519861,5913.60745407415,6.738409042358398,"WorldPop, University of Southampton","The spatial distribution of population in 2003 Zambia — unconstrained individual countries 2000-2020, 1 km, not UN-adjusted; DOI 10.5258/SOTON/WP00670",zmb_ppp_2003_1km_Aggregated.tif,EXPOSURE ONLY - not a flood-occurrence predictor,2026-10-07T14:55:13+00:00
ZMB-D-0704,2003,57640.12293732166,2.6448479094356925,21793.360114086794,2.388711452484131,"WorldPop, University of Southampton","The spatial distribution of population in 2003 Zambia — unconstrained individual countries 2000-2020, 1 km, not UN-adjusted; DOI 10.5258/SOTON/WP00670",zmb_ppp_2003_1km_Aggregated.tif,EXPOSURE ONLY - not a flood-occurrence predictor,2026-10-07T14:55:13+00:00
ZMB-D-0202,2003,450386.4964237213,376.09890246662775,1197.521432447374,106.90428161621094,"WorldPop, University of Southampton","The spatial distribution of population in 2003 Zambia — unconstrained individual countries 2000-2020, 1 km, not UN-adjusted; DOI 10.5258/SOTON/WP00670",zmb_ppp_2003_1km_Aggregated.tif,EXPOSURE ONLY - not a flood-occurrence predictor,2026-10-07T14:55:13+00:00
ZMB-D-0203,2003,58614.47347712517,54.80129413984936,1069.5819213236975,9.241235733032227,"WorldPop, University of Southampton","The spatial distribution of population in 2003 Zambia — unconstrained individual countries 2000-2020, 1 km, not UN-adjusted; DOI 10.5258/SOTON/WP00670",zmb_ppp_2003_1km_Aggregated.tif,EXPOSURE ONLY - not a flood-occurrence predictor,2026-10-07T14:55:13+00:00
ZMB-D-0204,2003,126200.94012975693,169.1160318685359,746.2387730801331,847.260009765625,"WorldPop, University of Southampton","The spatial distribution of population in 2003 Zambia — unconstrained individual countries 2000-2020, 1 km, not UN-adjusted; DOI 10.5258/SOTON/WP00670",zmb_ppp_2003_1km_Aggregated.tif,EXPOSURE ONLY - not a flood-occurrence predictor,2026-10-07T14:55:13+00:00
ZMB-D-0205,2003,63661.44402676821,5.8727425818880645,10840.155709038638,7.842594146728516,"WorldPop, University of Southampton","The spatial distribution of population in 2003 Zambia — unconstrained individual countries 2000-2020, 1 km, not UN-adjusted; DOI 10.5258/SOTON/WP00670",zmb_ppp_2003_1km_Aggregated.tif,EXPOSURE ONLY - not a flood-occurrence predictor,2026-10-07T14:55:13+00:00
ZMB-D-0206,2003,183142.68048912287,117.64992538318512,1556.6748545961948,10.71739673614502,"WorldPop, University of Southampton","The spatial distribution of population in 2003 Zambia — unconstrained individual countries 2000-2020, 1 km, not UN-adjusted; DOI 10.5258/SOTON/WP00670",zmb_ppp_2003_1km_Aggregated.tif,EXPOSURE ONLY - not a flood-occurrence predictor,2026-10-07T14:55:13+00:00
ZMB-D-0207,2003,69803.92307710648,79.23858963526106,880.9334365795404,46.86922073364258,"WorldPop, University of Southampton","The spatial distribution of population in 2003 Zambia — unconstrained individual countries 2000-2020, 1 km, not UN-adjusted; DOI 10.5258/SOTON/WP00670",zmb_ppp_2003_1km_Aggregated.tif,EXPOSURE ONLY - not a flood-occurrence predictor,2026-10-07T14:55:13+00:00
ZMB-D-0107,2003,70980.66501820832,5.908735797528777,12012.83446247414,11.189992904663086,"WorldPop, University of Southampton","The spatial distribution of population in 2003 Zambia — unconstrained individual countries 2000-2020, 1 km, not UN-adjusted; DOI 10.5258/SOTON/WP00670",zmb_ppp_2003_1km_Aggregated.tif,EXPOSURE ONLY - not a flood-occurrence predictor,2026-10-07T14:55:13+00:00
ZMB-D-0307,2003,249170.75258290768,18.2776116482663,13632.56629902969,7.328509330749512,"WorldPop, University of Southampton","The spatial distribution of population in 2003 Zambia — unconstrained individual countries 2000-2020, 1 km, not UN-adjusted; DOI 10.5258/SOTON/WP00670",zmb_ppp_2003_1km_Aggregated.tif,EXPOSURE ONLY - not a flood-occurrence predictor,2026-10-07T14:55:13+00:00
ZMB-D-0705,2003,196499.66081765294,6.454249017165512,30445.00766782453,6.912904262542725,"WorldPop, University of Southampton","The spatial distribution of population in 2003 Zambia — unconstrained individual countries 2000-2020, 1 km, not UN-adjusted; DOI 10.5258/SOTON/WP00670",zmb_ppp_2003_1km_Aggregated.tif,EXPOSURE ONLY - not a flood-occurrence predictor,2026-10-07T14:55:13+00:00
ZMB-D-0401,2003,83396.27276086807,13.478931547741059,6187.157525467551,9.474542617797852,"WorldPop, University of Southampton","The spatial distribution of population in 2003 Zambia — unconstrained individual countries 2000-2020, 1 km, not UN-adjusted; DOI 10.5258/SOTON/WP00670",zmb_ppp_2003_1km_Aggregated.tif,EXPOSURE ONLY - not a flood-occurrence predictor,2026-10-07T14:55:13+00:00
ZMB-D-0601,2003,162082.86388986185,4.04467673176952,40073.13183196019,8.495555877685547,"WorldPop, University of Southampton","The spatial distribution of population in 2003 Zambia — unconstrained individual countries 2000-2020, 1 km, not UN-adjusted; DOI 10.5258/SOTON/WP00670",zmb_ppp_2003_1km_Aggregated.tif,EXPOSURE ONLY - not a flood-occurrence predictor,2026-10-07T14:55:13+00:00
ZMB-D-0706,2003,102110.43568575382,4.893975191207203,20864.51845305863,1.4294394254684448,"WorldPop, University of Southampton","The spatial distribution of population in 2003 Zambia — unconstrained individual countries 2000-2020, 1 km, not UN-adjusted; DOI 10.5258/SOTON/WP00670",zmb_ppp_2003_1km_Aggregated.tif,EXPOSURE ONLY - not a flood-occurrence predictor,2026-10-07T14:55:13+00:00
ZMB-D-0402,2003,146940.26314032078,23.468216446940623,6261.245436888592,0.0,"WorldPop, University of Southampton","The spatial distribution of population in 2003 Zambia — unconstrained individual countries 2000-2020, 1 km, not UN-adjusted; DOI 10.5258/SOTON/WP00670",zmb_ppp_2003_1km_Aggregated.tif,EXPOSURE ONLY - not a flood-occurrence predictor,2026-10-07T14:55:13+00:00
ZMB-D-0801,2003,75008.06333492696,14.53840731194328,5159.30402316545,18.759191513061523,"WorldPop, University of Southampton","The spatial distribution of population in 2003 Zambia — unconstrained individual countries 2000-2020, 1 km, not UN-adjusted; DOI 10.5258/SOTON/WP00670",zmb_ppp_2003_1km_Aggregated.tif,EXPOSURE ONLY - not a flood-occurrence predictor,2026-10-07T14:55:13+00:00
ZMB-D-0403,2003,112104.96740451455,14.824355800803684,7562.215108088334,12.521553993225098,"WorldPop, University of Southampton","The spatial distribution of population in 2003 Zambia — unconstrained individual countries 2000-2020, 1 km, not UN-adjusted; DOI 10.5258/SOTON/WP00670",zmb_ppp_2003_1km_Aggregated.tif,EXPOSURE ONLY - not a flood-occurrence predictor,2026-10-07T14:55:13+00:00
ZMB-D-0602,2003,74583.10692301393,4.225878704727239,17649.135750058857,4.9722771644592285,"WorldPop, University of Southampton","The spatial distribution of population in 2003 Zambia — unconstrained individual countries 2000-2020, 1 km, not UN-adjusted; DOI 10.5258/SOTON/WP00670",zmb_ppp_2003_1km_Aggregated.tif,EXPOSURE ONLY - not a flood-occurrence predictor,2026-10-07T14:55:13+00:00
ZMB-D-0802,2003,85399.26354181767,9.556134424244789,8936.590858867778,11.338784217834473,"WorldPop, University of Southampton","The spatial distribution of population in 2003 Zambia — unconstrained individual countries 2000-2020, 1 km, not UN-adjusted; DOI 10.5258/SOTON/WP00670",zmb_ppp_2003_1km_Aggregated.tif,EXPOSURE ONLY - not a flood-occurrence predictor,2026-10-07T14:55:13+00:00
ZMB-D-0404,2003,27176.229492664337,6.475117364807055,4197.025005348939,14.582926750183105,"WorldPop, University of Southampton","The spatial distribution of population in 2003 Zambia — unconstrained individual countries 2000-2020, 1 km, not UN-adjusted; DOI 10.5258/SOTON/WP00670",zmb_ppp_2003_1km_Aggregated.tif,EXPOSURE ONLY - not a flood-occurrence predictor,2026-10-07T14:55:13+00:00
ZMB-D-0603,2003,53986.08009697497,5.908412777831932,9137.154448573401,3.177804470062256,"WorldPop, University of Southampton","The spatial distribution of population in 2003 Zambia — unconstrained individual countries 2000-2020, 1 km, not UN-adjusted; DOI 10.5258/SOTON/WP00670",zmb_ppp_2003_1km_Aggregated.tif,EXPOSURE ONLY - not a flood-occurrence predictor,2026-10-07T14:55:13+00:00
ZMB-D-0803,2003,188822.84033489227,17.794437129384864,10611.341002918236,5.4634928703308105,"WorldPop, University of Southampton","The spatial distribution of population in 2003 Zambia — unconstrained individual countries 2000-2020, 1 km, not UN-adjusted; DOI 10.5258/SOTON/WP00670",zmb_ppp_2003_1km_Aggregated.tif,EXPOSURE ONLY - not a flood-occurrence predictor,2026-10-07T14:55:13+00:00
ZMB-D-0604,2003,54316.59624826908,10.280792808787215,5283.308131824572,3.08526611328125,"WorldPop, University of Southampton","The spatial distribution of population in 2003 Zambia — unconstrained individual countries 2000-2020, 1 km, not UN-adjusted; DOI 10.5258/SOTON/WP00670",zmb_ppp_2003_1km_Aggregated.tif,EXPOSURE ONLY - not a flood-occurrence predictor,2026-10-07T14:55:13+00:00
ZMB-D-0804,2003,118737.3319735527,12.225346951474044,9712.389549749032,7.056031227111816,"WorldPop, University of Southampton","The spatial distribution of population in 2003 Zambia — unconstrained individual countries 2000-2020, 1 km, not UN-adjusted; DOI 10.5258/SOTON/WP00670",zmb_ppp_2003_1km_Aggregated.tif,EXPOSURE ONLY - not a flood-occurrence predictor,2026-10-07T14:55:13+00:00
ZMB-D-0405,2003,72617.22371661663,9.089616757677561,7989.0303026560905,12.540952682495117,"WorldPop, University of Southampton","The spatial distribution of population in 2003 Zambia — unconstrained individual countries 2000-2020, 1 km, not UN-adjusted; DOI 10.5258/SOTON/WP00670",zmb_ppp_2003_1km_Aggregated.tif,EXPOSURE ONLY - not a flood-occurrence predictor,2026-10-07T14:55:13+00:00
ZMB-D-0805,2003,81588.61096012592,6.793158357906488,12010.409100086084,2.8096389770507812,"WorldPop, University of Southampton","The spatial distribution of population in 2003 Zambia — unconstrained individual countries 2000-2020, 1 km, not UN-adjusted; DOI 10.5258/SOTON/WP00670",zmb_ppp_2003_1km_Aggregated.tif,EXPOSURE ONLY - not a flood-occurrence predictor,2026-10-07T14:55:13+00:00
ZMB-D-0605,2003,91447.10879468918,21.049205537967815,4344.444669407599,18.01551628112793,"WorldPop, University of Southampton","The spatial distribution of population in 2003 Zambia — unconstrained individual countries 2000-2020, 1 km, not UN-adjusted; DOI 10.5258/SOTON/WP00670",zmb_ppp_2003_1km_Aggregated.tif,EXPOSURE ONLY - not a flood-occurrence predictor,2026-10-07T14:55:13+00:00
ZMB-D-0406,2003,123871.93260814995,29.364324845557235,4218.4498795616455,17.2022705078125,"WorldPop, University of Southampton","The spatial distribution of population in 2003 Zambia — unconstrained individual countries 2000-2020, 1 km, not UN-adjusted; DOI 10.5258/SOTON/WP00670",zmb_ppp_2003_1km_Aggregated.tif,EXPOSURE ONLY - not a flood-occurrence predictor,2026-10-07T14:55:13+00:00
ZMB-D-0806,2003,142830.15086126328,18.693970712041374,7640.439426240349,21.384632110595703,"WorldPop, University of Southampton","The spatial distribution of population in 2003 Zambia — unconstrained individual countries 2000-2020, 1 km, not UN-adjusted; DOI 10.5258/SOTON/WP00670",zmb_ppp_2003_1km_Aggregated.tif,EXPOSURE ONLY - not a flood-occurrence predictor,2026-10-07T14:55:13+00:00
ZMB-D-0807,2003,91832.12201098353,8.285828896152728,11083.033835470942,3.5991220474243164,"WorldPop, University of Southampton","The spatial distribution of population in 2003 Zambia — unconstrained individual countries 2000-2020, 1 km, not UN-adjusted; DOI 10.5258/SOTON/WP00670",zmb_ppp_2003_1km_Aggregated.tif,EXPOSURE ONLY - not a flood-occurrence predictor,2026-10-07T14:55:13+00:00
ZMB-D-0808,2003,47212.761624682695,6.375506638427291,7405.33487019145,3.214128255844116,"WorldPop, University of Southampton","The spatial distribution of population in 2003 Zambia — unconstrained individual countries 2000-2020, 1 km, not UN-adjusted; DOI 10.5258/SOTON/WP00670",zmb_ppp_2003_1km_Aggregated.tif,EXPOSURE ONLY - not a flood-occurrence predictor,2026-10-07T14:55:13+00:00
ZMB-D-0407,2003,83467.9517441988,21.45957114073908,3889.5442596120824,36.24250030517578,"WorldPop, University of Southampton","The spatial distribution of population in 2003 Zambia — unconstrained individual countries 2000-2020, 1 km, not UN-adjusted; DOI 10.5258/SOTON/WP00670",zmb_ppp_2003_1km_Aggregated.tif,EXPOSURE ONLY - not a flood-occurrence predictor,2026-10-07T14:55:13+00:00
ZMB-D-0208,2003,97155.8779258728,26.383725515594755,3682.4169455692077,12.621407508850098,"WorldPop, University of Southampton","The spatial distribution of population in 2003 Zambia — unconstrained individual countries 2000-2020, 1 km, not UN-adjusted; DOI 10.5258/SOTON/WP00670",zmb_ppp_2003_1km_Aggregated.tif,EXPOSURE ONLY - not a flood-occurrence predictor,2026-10-07T14:55:13+00:00
ZMB-D-0209,2003,146677.83037281036,185.00830059150422,792.8175649625202,124.06158447265625,"WorldPop, University of Southampton","The spatial distribution of population in 2003 Zambia — unconstrained individual countries 2000-2020, 1 km, not UN-adjusted; DOI 10.5258/SOTON/WP00670",zmb_ppp_2003_1km_Aggregated.tif,EXPOSURE ONLY - not a flood-occurrence predictor,2026-10-07T14:55:13+00:00
ZMB-D-0210,2003,368603.7342376709,338.87225120463205,1087.7365524245452,93.39703369140625,"WorldPop, University of Southampton","The spatial distribution of population in 2003 Zambia — unconstrained individual countries 2000-2020, 1 km, not UN-adjusted; DOI 10.5258/SOTON/WP00670",zmb_ppp_2003_1km_Aggregated.tif,EXPOSURE ONLY - not a flood-occurrence predictor,2026-10-07T14:55:13+00:00
ZMB-D-0707,2003,23969.919523239136,10.918834779354292,2195.2818233464145,13.907777786254883,"WorldPop, University of Southampton","The spatial distribution of population in 2003 Zambia — unconstrained individual countries 2000-2020, 1 km, not UN-adjusted; DOI 10.5258/SOTON/WP00670",zmb_ppp_2003_1km_Aggregated.tif,EXPOSURE ONLY - not a flood-occurrence predictor,2026-10-07T14:55:13+00:00
ZMB-D-0606,2003,51760.16278076172,12.693318695946443,4077.748618829771,13.592227935791016,"WorldPop, University of Southampton","The spatial distribution of population in 2003 Zambia — unconstrained individual countries 2000-2020, 1 km, not UN-adjusted; DOI 10.5258/SOTON/WP00670",zmb_ppp_2003_1km_Aggregated.tif,EXPOSURE ONLY - not a flood-occurrence predictor,2026-10-07T14:55:13+00:00
ZMB-D-0505,2003,26960.448311924934,15.196225947881189,1774.1542146314316,13.796883583068848,"WorldPop, University of Southampton","The spatial distribution of population in 2003 Zambia — unconstrained individual countries 2000-2020, 1 km, not UN-adjusted; DOI 10.5258/SOTON/WP00670",zmb_ppp_2003_1km_Aggregated.tif,EXPOSURE ONLY - not a flood-occurrence predictor,2026-10-07T14:55:13+00:00
ZMB-D-0408,2003,11728.9812438488,5.453627216934362,2150.675280376423,3.522461175918579,"WorldPop, University of Southampton","The spatial distribution of population in 2003 Zambia — unconstrained individual countries 2000-2020, 1 km, not UN-adjusted; DOI 10.5258/SOTON/WP00670",zmb_ppp_2003_1km_Aggregated.tif,EXPOSURE ONLY - not a flood-occurrence predictor,2026-10-07T14:55:13+00:00
ZMB-D-0607,2003,80140.21962833405,12.790850912119888,6265.433017626505,5.212043285369873,"WorldPop, University of Southampton","The spatial distribution of population in 2003 Zambia — unconstrained individual countries 2000-2020, 1 km, not UN-adjusted; DOI 10.5258/SOTON/WP00670",zmb_ppp_2003_1km_Aggregated.tif,EXPOSURE ONLY - not a flood-occurrence predictor,2026-10-07T14:55:13+00:00
ZMB-D-0108,2003,96123.4320346713,11.422788748548639,8415.0581920623,16.409000396728516,"WorldPop, University of Southampton","The spatial distribution of population in 2003 Zambia — unconstrained individual countries 2000-2020, 1 km, not UN-adjusted; DOI 10.5258/SOTON/WP00670",zmb_ppp_2003_1km_Aggregated.tif,EXPOSURE ONLY - not a flood-occurrence predictor,2026-10-07T14:55:13+00:00
ZMB-D-0506,2003,159330.07678961754,70.49004182739225,2260.3203609917887,20.38252067565918,"WorldPop, University of Southampton","The spatial distribution of population in 2003 Zambia — unconstrained individual countries 2000-2020, 1 km, not UN-adjusted; DOI 10.5258/SOTON/WP00670",zmb_ppp_2003_1km_Aggregated.tif,EXPOSURE ONLY - not a flood-occurrence predictor,2026-10-07T14:55:13+00:00
ZMB-D-0109,2003,95326.28320598602,18.083449567805943,5271.4656486611875,9.685022354125977,"WorldPop, University of Southampton","The spatial distribution of population in 2003 Zambia — unconstrained individual countries 2000-2020, 1 km, not UN-adjusted; DOI 10.5258/SOTON/WP00670",zmb_ppp_2003_1km_Aggregated.tif,EXPOSURE ONLY - not a flood-occurrence predictor,2026-10-07T14:55:13+00:00
ZMB-D-1007,2003,29523.388869702816,2.6646284499441775,11079.739417449106,2.660947322845459,"WorldPop, University of Southampton","The spatial distribution of population in 2003 Zambia — unconstrained individual countries 2000-2020, 1 km, not UN-adjusted; DOI 10.5258/SOTON/WP00670",zmb_ppp_2003_1km_Aggregated.tif,EXPOSURE ONLY - not a flood-occurrence predictor,2026-10-07T14:55:13+00:00
ZMB-D-1008,2003,28414.791152775288,4.3991837900343045,6459.105258831141,1.8499621152877808,"WorldPop, University of Southampton","The spatial distribution of population in 2003 Zambia — unconstrained individual countries 2000-2020, 1 km, not UN-adjusted; DOI 10.5258/SOTON/WP00670",zmb_ppp_2003_1km_Aggregated.tif,EXPOSURE ONLY - not a flood-occurrence predictor,2026-10-07T14:55:13+00:00
ZMB-D-1009,2003,43377.99673643708,5.451490047462237,7957.08996233613,1.9037859439849854,"WorldPop, University of Southampton","The spatial distribution of population in 2003 Zambia — unconstrained individual countries 2000-2020, 1 km, not UN-adjusted; DOI 10.5258/SOTON/WP00670",zmb_ppp_2003_1km_Aggregated.tif,EXPOSURE ONLY - not a flood-occurrence predictor,2026-10-07T14:55:13+00:00
ZMB-D-1010,2003,47607.661078095436,10.291101941441049,4626.099454557439,3.7415764331817627,"WorldPop, University of Southampton","The spatial distribution of population in 2003 Zambia — unconstrained individual countries 2000-2020, 1 km, not UN-adjusted; DOI 10.5258/SOTON/WP00670",zmb_ppp_2003_1km_Aggregated.tif,EXPOSURE ONLY - not a flood-occurrence predictor,2026-10-07T14:55:13+00:00
ZMB-D-1011,2003,35550.200471282005,4.652147176167564,7641.6757950827,3.295011281967163,"WorldPop, University of Southampton","The spatial distribution of population in 2003 Zambia — unconstrained individual countries 2000-2020, 1 km, not UN-adjusted; DOI 10.5258/SOTON/WP00670",zmb_ppp_2003_1km_Aggregated.tif,EXPOSURE ONLY - not a flood-occurrence predictor,2026-10-07T14:55:13+00:00
ZMB-D-1012,2003,40800.46877282858,4.0062619856561,10184.17390547831,2.7610695362091064,"WorldPop, University of Southampton","The spatial distribution of population in 2003 Zambia — unconstrained individual countries 2000-2020, 1 km, not UN-adjusted; DOI 10.5258/SOTON/WP00670",zmb_ppp_2003_1km_Aggregated.tif,EXPOSURE ONLY - not a flood-occurrence predictor,2026-10-07T14:55:13+00:00
ZMB-D-1013,2003,36627.3531986475,9.638024343747903,3800.2968131541734,16.854259490966797,"WorldPop, University of Southampton","The spatial distribution of population in 2003 Zambia — unconstrained individual countries 2000-2020, 1 km, not UN-adjusted; DOI 10.5258/SOTON/WP00670",zmb_ppp_2003_1km_Aggregated.tif,EXPOSURE ONLY - not a flood-occurrence predictor,2026-10-07T14:55:13+00:00
ZMB-D-0809,2003,49472.415480457246,9.76116246152948,5068.291371589916,10.813054084777832,"WorldPop, University of Southampton","The spatial distribution of population in 2003 Zambia — unconstrained individual countries 2000-2020, 1 km, not UN-adjusted; DOI 10.5258/SOTON/WP00670",zmb_ppp_2003_1km_Aggregated.tif,EXPOSURE ONLY - not a flood-occurrence predictor,2026-10-07T14:55:13+00:00
ZMB-D-0409,2003,21547.028752177954,5.816864194963107,3704.234451757665,4.3927741050720215,"WorldPop, University of Southampton","The spatial distribution of population in 2003 Zambia — unconstrained individual countries 2000-2020, 1 km, not UN-adjusted; DOI 10.5258/SOTON/WP00670",zmb_ppp_2003_1km_Aggregated.tif,EXPOSURE ONLY - not a flood-occurrence predictor,2026-10-07T14:55:13+00:00
ZMB-D-0911,2003,51892.85599255562,9.886592298384619,5248.811160245219,4.363648414611816,"WorldPop, University of Southampton","The spatial distribution of population in 2003 Zambia — unconstrained individual countries 2000-2020, 1 km, not UN-adjusted; DOI 10.5258/SOTON/WP00670",zmb_ppp_2003_1km_Aggregated.tif,EXPOSURE ONLY - not a flood-occurrence predictor,2026-10-07T14:55:13+00:00
ZMB-D-0308,2003,132711.87288856506,51.2499825750673,2589.5008392281543,97.0179214477539,"WorldPop, University of Southampton","The spatial distribution of population in 2003 Zambia — unconstrained individual countries 2000-2020, 1 km, not UN-adjusted; DOI 10.5258/SOTON/WP00670",zmb_ppp_2003_1km_Aggregated.tif,EXPOSURE ONLY - not a flood-occurrence predictor,2026-10-07T14:55:13+00:00
ZMB-D-0110,2003,159637.4481324777,17.13596139074495,9315.931828528577,18.240365982055664,"WorldPop, University of Southampton","The spatial distribution of population in 2003 Zambia — unconstrained individual countries 2000-2020, 1 km, not UN-adjusted; DOI 10.5258/SOTON/WP00670",zmb_ppp_2003_1km_Aggregated.tif,EXPOSURE ONLY - not a flood-occurrence predictor,2026-10-07T14:55:13+00:00
ZMB-D-0507,2003,98972.84020519257,74.09615943690562,1335.735090149577,32.82875442504883,"WorldPop, University of Southampton","The spatial distribution of population in 2003 Zambia — unconstrained individual countries 2000-2020, 1 km, not UN-adjusted; DOI 10.5258/SOTON/WP00670",zmb_ppp_2003_1km_Aggregated.tif,EXPOSURE ONLY - not a flood-occurrence predictor,2026-10-07T14:55:13+00:00
ZMB-D-0309,2003,25370.391280651093,27.558824210536244,920.5904826284833,19.062604904174805,"WorldPop, University of Southampton","The spatial distribution of population in 2003 Zambia — unconstrained individual countries 2000-2020, 1 km, not UN-adjusted; DOI 10.5258/SOTON/WP00670",zmb_ppp_2003_1km_Aggregated.tif,EXPOSURE ONLY - not a flood-occurrence predictor,2026-10-07T14:55:13+00:00
ZMB-D-1014,2003,43066.77790439129,11.029564240220928,3904.667216801,4.338872909545898,"WorldPop, University of Southampton","The spatial distribution of population in 2003 Zambia — unconstrained individual countries 2000-2020, 1 km, not UN-adjusted; DOI 10.5258/SOTON/WP00670",zmb_ppp_2003_1km_Aggregated.tif,EXPOSURE ONLY - not a flood-occurrence predictor,2026-10-07T14:55:13+00:00
ZMB-D-1015,2003,21415.47351169586,3.3677891381967453,6358.911628048839,1.9895206689834595,"WorldPop, University of Southampton","The spatial distribution of population in 2003 Zambia — unconstrained individual countries 2000-2020, 1 km, not UN-adjusted; DOI 10.5258/SOTON/WP00670",zmb_ppp_2003_1km_Aggregated.tif,EXPOSURE ONLY - not a flood-occurrence predictor,2026-10-07T14:55:13+00:00
ZMB-D-0111,2003,70834.77534264326,6.115437225288118,11582.945377925289,8.555562973022461,"WorldPop, University of Southampton","The spatial distribution of population in 2003 Zambia — unconstrained individual countries 2000-2020, 1 km, not UN-adjusted; DOI 10.5258/SOTON/WP00670",zmb_ppp_2003_1km_Aggregated.tif,EXPOSURE ONLY - not a flood-occurrence predictor,2026-10-07T14:55:13+00:00
ZMB-D-0708,2003,32928.77951169014,4.674774946132419,7043.928294116726,4.826510906219482,"WorldPop, University of Southampton","The spatial distribution of population in 2003 Zambia — unconstrained individual countries 2000-2020, 1 km, not UN-adjusted; DOI 10.5258/SOTON/WP00670",zmb_ppp_2003_1km_Aggregated.tif,EXPOSURE ONLY - not a flood-occurrence predictor,2026-10-07T14:55:13+00:00
ZMB-D-0709,2003,36440.35255596042,4.910093016461209,7421.51980294329,2.4613583087921143,"WorldPop, University of Southampton","The spatial distribution of population in 2003 Zambia — unconstrained individual countries 2000-2020, 1 km, not UN-adjusted; DOI 10.5258/SOTON/WP00670",zmb_ppp_2003_1km_Aggregated.tif,EXPOSURE ONLY - not a flood-occurrence predictor,2026-10-07T14:55:13+00:00
ZMB-D-0410,2003,78381.47292494774,32.238912361002846,2431.269146032368,23.03252410888672,"WorldPop, University of Southampton","The spatial distribution of population in 2003 Zambia — unconstrained individual countries 2000-2020, 1 km, not UN-adjusted; DOI 10.5258/SOTON/WP00670",zmb_ppp_2003_1km_Aggregated.tif,EXPOSURE ONLY - not a flood-occurrence predictor,2026-10-07T14:55:13+00:00
ZMB-D-0411,2003,41548.61388686299,34.95931716076813,1188.4847091203908,31.23832130432129,"WorldPop, University of Southampton","The spatial distribution of population in 2003 Zambia — unconstrained individual countries 2000-2020, 1 km, not UN-adjusted; DOI 10.5258/SOTON/WP00670",zmb_ppp_2003_1km_Aggregated.tif,EXPOSURE ONLY - not a flood-occurrence predictor,2026-10-07T14:55:13+00:00
ZMB-D-0912,2003,51841.551970005035,27.309731308305185,1898.281289726181,10.724074363708496,"WorldPop, University of Southampton","The spatial distribution of population in 2003 Zambia — unconstrained individual countries 2000-2020, 1 km, not UN-adjusted; DOI 10.5258/SOTON/WP00670",zmb_ppp_2003_1km_Aggregated.tif,EXPOSURE ONLY - not a flood-occurrence predictor,2026-10-07T14:55:13+00:00
ZMB-D-0508,2003,40119.78737652302,24.537176472830836,1635.0612883656872,17.10085678100586,"WorldPop, University of Southampton","The spatial distribution of population in 2003 Zambia — unconstrained individual countries 2000-2020, 1 km, not UN-adjusted; DOI 10.5258/SOTON/WP00670",zmb_ppp_2003_1km_Aggregated.tif,EXPOSURE ONLY - not a flood-occurrence predictor,2026-10-07T14:55:13+00:00
ZMB-D-0901,2004,117456.46742987633,139.62248853854982,841.2431883954464,144.82737731933594,"WorldPop, University of Southampton","The spatial distribution of population in 2004 Zambia — unconstrained individual countries 2000-2020, 1 km, not UN-adjusted; DOI 10.5258/SOTON/WP00670",zmb_ppp_2004_1km_Aggregated.tif,EXPOSURE ONLY - not a flood-occurrence predictor,2026-10-07T14:55:13+00:00
ZMB-D-0902,2004,89880.91687981412,17.72524143935803,5070.7866060564875,28.308156967163086,"WorldPop, University of Southampton","The spatial distribution of population in 2004 Zambia — unconstrained individual countries 2000-2020, 1 km, not UN-adjusted; DOI 10.5258/SOTON/WP00670",zmb_ppp_2004_1km_Aggregated.tif,EXPOSURE ONLY - not a flood-occurrence predictor,2026-10-07T14:55:13+00:00
ZMB-D-0903,2004,40013.32621914148,10.377299059136629,3855.8517000540714,8.014153480529785,"WorldPop, University of Southampton","The spatial distribution of population in 2004 Zambia — unconstrained individual countries 2000-2020, 1 km, not UN-adjusted; DOI 10.5258/SOTON/WP00670",zmb_ppp_2004_1km_Aggregated.tif,EXPOSURE ONLY - not a flood-occurrence predictor,2026-10-07T14:55:13+00:00
ZMB-D-0904,2004,134836.65973246098,16.68564617310972,8080.997183660843,7.982950687408447,"WorldPop, University of Southampton","The spatial distribution of population in 2004 Zambia — unconstrained individual countries 2000-2020, 1 km, not UN-adjusted; DOI 10.5258/SOTON/WP00670",zmb_ppp_2004_1km_Aggregated.tif,EXPOSURE ONLY - not a flood-occurrence predictor,2026-10-07T14:55:13+00:00
ZMB-D-0905,2004,167169.7780365944,32.43258873436945,5154.376648924151,56.54758834838867,"WorldPop, University of Southampton","The spatial distribution of population in 2004 Zambia — unconstrained individual countries 2000-2020, 1 km, not UN-adjusted; DOI 10.5258/SOTON/WP00670",zmb_ppp_2004_1km_Aggregated.tif,EXPOSURE ONLY - not a flood-occurrence predictor,2026-10-07T14:55:13+00:00
ZMB-D-0906,2004,84454.0410207808,4.61840612719126,18286.404160853333,1.0258796215057373,"WorldPop, University of Southampton","The spatial distribution of population in 2004 Zambia — unconstrained individual countries 2000-2020, 1 km, not UN-adjusted; DOI 10.5258/SOTON/WP00670",zmb_ppp_2004_1km_Aggregated.tif,EXPOSURE ONLY - not a flood-occurrence predictor,2026-10-07T14:55:13+00:00
ZMB-D-0907,2004,36725.04661845416,17.916107567670025,2049.8340099679485,7.809579849243164,"WorldPop, University of Southampton","The spatial distribution of population in 2004 Zambia — unconstrained individual countries 2000-2020, 1 km, not UN-adjusted; DOI 10.5258/SOTON/WP00670",zmb_ppp_2004_1km_Aggregated.tif,EXPOSURE ONLY - not a flood-occurrence predictor,2026-10-07T14:55:13+00:00
ZMB-D-1001,2004,32825.02497816086,3.962179809425782,8284.587413239587,2.712451219558716,"WorldPop, University of Southampton","The spatial distribution of population in 2004 Zambia — unconstrained individual countries 2000-2020, 1 km, not UN-adjusted; DOI 10.5258/SOTON/WP00670",zmb_ppp_2004_1km_Aggregated.tif,EXPOSURE ONLY - not a flood-occurrence predictor,2026-10-07T14:55:13+00:00
ZMB-D-0908,2004,175845.61179366708,35.88367399045723,4900.434995603594,11.075739860534668,"WorldPop, University of Southampton","The spatial distribution of population in 2004 Zambia — unconstrained individual countries 2000-2020, 1 km, not UN-adjusted; DOI 10.5258/SOTON/WP00670",zmb_ppp_2004_1km_Aggregated.tif,EXPOSURE ONLY - not a flood-occurrence predictor,2026-10-07T14:55:13+00:00
ZMB-D-0909,2004,86198.93618649244,15.939767368966427,5407.791355494656,10.549665451049805,"WorldPop, University of Southampton","The spatial distribution of population in 2004 Zambia — unconstrained individual countries 2000-2020, 1 km, not UN-adjusted; DOI 10.5258/SOTON/WP00670",zmb_ppp_2004_1km_Aggregated.tif,EXPOSURE ONLY - not a flood-occurrence predictor,2026-10-07T14:55:13+00:00
ZMB-D-0910,2004,143363.3205446005,37.47361095990732,3825.714065772408,140.14297485351562,"WorldPop, University of Southampton","The spatial distribution of population in 2004 Zambia — unconstrained individual countries 2000-2020, 1 km, not UN-adjusted; DOI 10.5258/SOTON/WP00670",zmb_ppp_2004_1km_Aggregated.tif,EXPOSURE ONLY - not a flood-occurrence predictor,2026-10-07T14:55:13+00:00
ZMB-D-1002,2004,61694.11798590422,5.598913939591423,11018.9437900891,1.5871496200561523,"WorldPop, University of Southampton","The spatial distribution of population in 2004 Zambia — unconstrained individual countries 2000-2020, 1 km, not UN-adjusted; DOI 10.5258/SOTON/WP00670",zmb_ppp_2004_1km_Aggregated.tif,EXPOSURE ONLY - not a flood-occurrence predictor,2026-10-07T14:55:13+00:00
ZMB-D-0501,2004,971607.318400383,2251.994947614204,431.4429388172996,1026.74951171875,"WorldPop, University of Southampton","The spatial distribution of population in 2004 Zambia — unconstrained individual countries 2000-2020, 1 km, not UN-adjusted; DOI 10.5258/SOTON/WP00670",zmb_ppp_2004_1km_Aggregated.tif,EXPOSURE ONLY - not a flood-occurrence predictor,2026-10-07T14:55:13+00:00
ZMB-D-0101,2004,56885.89043427631,3.52400085154719,16142.416767379873,5.409425258636475,"WorldPop, University of Southampton","The spatial distribution of population in 2004 Zambia — unconstrained individual countries 2000-2020, 1 km, not UN-adjusted; DOI 10.5258/SOTON/WP00670",zmb_ppp_2004_1km_Aggregated.tif,EXPOSURE ONLY - not a flood-occurrence predictor,2026-10-07T14:55:13+00:00
ZMB-D-0502,2004,90217.38266906887,19.445106034886134,4639.593248152589,2.191601514816284,"WorldPop, University of Southampton","The spatial distribution of population in 2004 Zambia — unconstrained individual countries 2000-2020, 1 km, not UN-adjusted; DOI 10.5258/SOTON/WP00670",zmb_ppp_2004_1km_Aggregated.tif,EXPOSURE ONLY - not a flood-occurrence predictor,2026-10-07T14:55:13+00:00
ZMB-D-0503,2004,20014.458866775036,5.302673437300725,3774.40909824596,1.2287940979003906,"WorldPop, University of Southampton","The spatial distribution of population in 2004 Zambia — unconstrained individual countries 2000-2020, 1 km, not UN-adjusted; DOI 10.5258/SOTON/WP00670",zmb_ppp_2004_1km_Aggregated.tif,EXPOSURE ONLY - not a flood-occurrence predictor,2026-10-07T14:55:13+00:00
ZMB-D-0504,2004,42723.16930735111,4.468105707373432,9561.808091703777,4.3261284828186035,"WorldPop, University of Southampton","The spatial distribution of population in 2004 Zambia — unconstrained individual countries 2000-2020, 1 km, not UN-adjusted; DOI 10.5258/SOTON/WP00670",zmb_ppp_2004_1km_Aggregated.tif,EXPOSURE ONLY - not a flood-occurrence predictor,2026-10-07T14:55:13+00:00
ZMB-D-1003,2004,132815.92542731762,21.928416478216125,6056.795097779089,9.820269584655762,"WorldPop, University of Southampton","The spatial distribution of population in 2004 Zambia — unconstrained individual countries 2000-2020, 1 km, not UN-adjusted; DOI 10.5258/SOTON/WP00670",zmb_ppp_2004_1km_Aggregated.tif,EXPOSURE ONLY - not a flood-occurrence predictor,2026-10-07T14:55:13+00:00
ZMB-D-0102,2004,426241.3278183639,47.76644984452799,8923.445832916408,19.701311111450195,"WorldPop, University of Southampton","The spatial distribution of population in 2004 Zambia — unconstrained individual countries 2000-2020, 1 km, not UN-adjusted; DOI 10.5258/SOTON/WP00670",zmb_ppp_2004_1km_Aggregated.tif,EXPOSURE ONLY - not a flood-occurrence predictor,2026-10-07T14:55:13+00:00
ZMB-D-0103,2004,186604.81123781204,120.81453900919952,1544.5559182542002,33.49472427368164,"WorldPop, University of Southampton","The spatial distribution of population in 2004 Zambia — unconstrained individual countries 2000-2020, 1 km, not UN-adjusted; DOI 10.5258/SOTON/WP00670",zmb_ppp_2004_1km_Aggregated.tif,EXPOSURE ONLY - not a flood-occurrence predictor,2026-10-07T14:55:13+00:00
ZMB-D-0104,2004,142554.4277831912,7.150976103102266,19934.96072813719,3.1907360553741455,"WorldPop, University of Southampton","The spatial distribution of population in 2004 Zambia — unconstrained individual countries 2000-2020, 1 km, not UN-adjusted; DOI 10.5258/SOTON/WP00670",zmb_ppp_2004_1km_Aggregated.tif,EXPOSURE ONLY - not a flood-occurrence predictor,2026-10-07T14:55:13+00:00
ZMB-D-1004,2004,82488.55910634995,8.37851954055545,9845.242791052964,2.7886769771575928,"WorldPop, University of Southampton","The spatial distribution of population in 2004 Zambia — unconstrained individual countries 2000-2020, 1 km, not UN-adjusted; DOI 10.5258/SOTON/WP00670",zmb_ppp_2004_1km_Aggregated.tif,EXPOSURE ONLY - not a flood-occurrence predictor,2026-10-07T14:55:13+00:00
ZMB-D-1005,2004,95560.96250629425,10.453049956521577,9141.921535223746,3.734449625015259,"WorldPop, University of Southampton","The spatial distribution of population in 2004 Zambia — unconstrained individual countries 2000-2020, 1 km, not UN-adjusted; DOI 10.5258/SOTON/WP00670",zmb_ppp_2004_1km_Aggregated.tif,EXPOSURE ONLY - not a flood-occurrence predictor,2026-10-07T14:55:13+00:00
ZMB-D-0301,2004,62257.02725124359,41.32747297610708,1506.4319874393639,42.155704498291016,"WorldPop, University of Southampton","The spatial distribution of population in 2004 Zambia — unconstrained individual countries 2000-2020, 1 km, not UN-adjusted; DOI 10.5258/SOTON/WP00670",zmb_ppp_2004_1km_Aggregated.tif,EXPOSURE ONLY - not a flood-occurrence predictor,2026-10-07T14:55:13+00:00
ZMB-D-0302,2004,69075.90512681007,6.750544630171078,10232.641795756781,3.3405520915985107,"WorldPop, University of Southampton","The spatial distribution of population in 2004 Zambia — unconstrained individual countries 2000-2020, 1 km, not UN-adjusted; DOI 10.5258/SOTON/WP00670",zmb_ppp_2004_1km_Aggregated.tif,EXPOSURE ONLY - not a flood-occurrence predictor,2026-10-07T14:55:13+00:00
ZMB-D-1006,2004,44689.52921667695,4.78663080972819,9336.322560296781,6.638981342315674,"WorldPop, University of Southampton","The spatial distribution of population in 2004 Zambia — unconstrained individual countries 2000-2020, 1 km, not UN-adjusted; DOI 10.5258/SOTON/WP00670",zmb_ppp_2004_1km_Aggregated.tif,EXPOSURE ONLY - not a flood-occurrence predictor,2026-10-07T14:55:13+00:00
ZMB-D-0303,2004,136435.8955564499,55.75739560754076,2446.956032824424,344.48687744140625,"WorldPop, University of Southampton","The spatial distribution of population in 2004 Zambia — unconstrained individual countries 2000-2020, 1 km, not UN-adjusted; DOI 10.5258/SOTON/WP00670",zmb_ppp_2004_1km_Aggregated.tif,EXPOSURE ONLY - not a flood-occurrence predictor,2026-10-07T14:55:13+00:00
ZMB-D-0105,2004,45674.33946245909,6.618776404886932,6900.722530638099,7.970468044281006,"WorldPop, University of Southampton","The spatial distribution of population in 2004 Zambia — unconstrained individual countries 2000-2020, 1 km, not UN-adjusted; DOI 10.5258/SOTON/WP00670",zmb_ppp_2004_1km_Aggregated.tif,EXPOSURE ONLY - not a flood-occurrence predictor,2026-10-07T14:55:13+00:00
ZMB-D-0304,2004,194788.22971057892,26.50242576110049,7349.826444811085,20.080415725708008,"WorldPop, University of Southampton","The spatial distribution of population in 2004 Zambia — unconstrained individual countries 2000-2020, 1 km, not UN-adjusted; DOI 10.5258/SOTON/WP00670",zmb_ppp_2004_1km_Aggregated.tif,EXPOSURE ONLY - not a flood-occurrence predictor,2026-10-07T14:55:13+00:00
ZMB-D-0106,2004,21295.190355047584,2.296401646446059,9273.286486274863,1.3082034587860107,"WorldPop, University of Southampton","The spatial distribution of population in 2004 Zambia — unconstrained individual countries 2000-2020, 1 km, not UN-adjusted; DOI 10.5258/SOTON/WP00670",zmb_ppp_2004_1km_Aggregated.tif,EXPOSURE ONLY - not a flood-occurrence predictor,2026-10-07T14:55:13+00:00
ZMB-D-0201,2004,73823.50957664847,8.289322991661821,8905.8551163837,7.154521465301514,"WorldPop, University of Southampton","The spatial distribution of population in 2004 Zambia — unconstrained individual countries 2000-2020, 1 km, not UN-adjusted; DOI 10.5258/SOTON/WP00670",zmb_ppp_2004_1km_Aggregated.tif,EXPOSURE ONLY - not a flood-occurrence predictor,2026-10-07T14:55:13+00:00
ZMB-D-0305,2004,397990.0798598528,62.21069422797239,6397.4544055305,55.26517868041992,"WorldPop, University of Southampton","The spatial distribution of population in 2004 Zambia — unconstrained individual countries 2000-2020, 1 km, not UN-adjusted; DOI 10.5258/SOTON/WP00670",zmb_ppp_2004_1km_Aggregated.tif,EXPOSURE ONLY - not a flood-occurrence predictor,2026-10-07T14:55:13+00:00
ZMB-D-0701,2004,64482.99045813084,4.510984055308,14294.66157883107,2.2471771240234375,"WorldPop, University of Southampton","The spatial distribution of population in 2004 Zambia — unconstrained individual countries 2000-2020, 1 km, not UN-adjusted; DOI 10.5258/SOTON/WP00670",zmb_ppp_2004_1km_Aggregated.tif,EXPOSURE ONLY - not a flood-occurrence predictor,2026-10-07T14:55:13+00:00
ZMB-D-0702,2004,30570.168972671032,6.670419607550521,4582.94541741683,1.8620315790176392,"WorldPop, University of Southampton","The spatial distribution of population in 2004 Zambia — unconstrained individual countries 2000-2020, 1 km, not UN-adjusted; DOI 10.5258/SOTON/WP00670",zmb_ppp_2004_1km_Aggregated.tif,EXPOSURE ONLY - not a flood-occurrence predictor,2026-10-07T14:55:13+00:00
ZMB-D-0703,2004,47973.86552929878,2.5244973264883512,19003.333862124473,2.5515522956848145,"WorldPop, University of Southampton","The spatial distribution of population in 2004 Zambia — unconstrained individual countries 2000-2020, 1 km, not UN-adjusted; DOI 10.5258/SOTON/WP00670",zmb_ppp_2004_1km_Aggregated.tif,EXPOSURE ONLY - not a flood-occurrence predictor,2026-10-07T14:55:13+00:00
ZMB-D-0306,2004,56396.017718076706,9.536652230648647,5913.60745407415,6.944685459136963,"WorldPop, University of Southampton","The spatial distribution of population in 2004 Zambia — unconstrained individual countries 2000-2020, 1 km, not UN-adjusted; DOI 10.5258/SOTON/WP00670",zmb_ppp_2004_1km_Aggregated.tif,EXPOSURE ONLY - not a flood-occurrence predictor,2026-10-07T14:55:13+00:00
ZMB-D-0704,2004,59402.78364366293,2.7257285399173554,21793.360114086794,2.5731170177459717,"WorldPop, University of Southampton","The spatial distribution of population in 2004 Zambia — unconstrained individual countries 2000-2020, 1 km, not UN-adjusted; DOI 10.5258/SOTON/WP00670",zmb_ppp_2004_1km_Aggregated.tif,EXPOSURE ONLY - not a flood-occurrence predictor,2026-10-07T14:55:13+00:00
ZMB-D-0202,2004,466822.1158733368,389.8235999996197,1197.521432447374,109.29395294189453,"WorldPop, University of Southampton","The spatial distribution of population in 2004 Zambia — unconstrained individual countries 2000-2020, 1 km, not UN-adjusted; DOI 10.5258/SOTON/WP00670",zmb_ppp_2004_1km_Aggregated.tif,EXPOSURE ONLY - not a flood-occurrence predictor,2026-10-07T14:55:13+00:00
ZMB-D-0203,2004,58126.892360925674,54.34543273598787,1069.5819213236975,9.38015365600586,"WorldPop, University of Southampton","The spatial distribution of population in 2004 Zambia — unconstrained individual countries 2000-2020, 1 km, not UN-adjusted; DOI 10.5258/SOTON/WP00670",zmb_ppp_2004_1km_Aggregated.tif,EXPOSURE ONLY - not a flood-occurrence predictor,2026-10-07T14:55:13+00:00
ZMB-D-0204,2004,126862.55596196651,170.0026325868003,746.2387730801331,867.5647583007812,"WorldPop, University of Southampton","The spatial distribution of population in 2004 Zambia — unconstrained individual countries 2000-2020, 1 km, not UN-adjusted; DOI 10.5258/SOTON/WP00670",zmb_ppp_2004_1km_Aggregated.tif,EXPOSURE ONLY - not a flood-occurrence predictor,2026-10-07T14:55:13+00:00
ZMB-D-0205,2004,64794.58571612835,5.977274446537879,10840.155709038638,8.208137512207031,"WorldPop, University of Southampton","The spatial distribution of population in 2004 Zambia — unconstrained individual countries 2000-2020, 1 km, not UN-adjusted; DOI 10.5258/SOTON/WP00670",zmb_ppp_2004_1km_Aggregated.tif,EXPOSURE ONLY - not a flood-occurrence predictor,2026-10-07T14:55:13+00:00
ZMB-D-0206,2004,187723.75938522816,120.59278713917696,1556.6748545961948,10.14742374420166,"WorldPop, University of Southampton","The spatial distribution of population in 2004 Zambia — unconstrained individual countries 2000-2020, 1 km, not UN-adjusted; DOI 10.5258/SOTON/WP00670",zmb_ppp_2004_1km_Aggregated.tif,EXPOSURE ONLY - not a flood-occurrence predictor,2026-10-07T14:55:13+00:00
ZMB-D-0207,2004,71517.4377169609,81.18370213605068,880.9334365795404,41.63630676269531,"WorldPop, University of Southampton","The spatial distribution of population in 2004 Zambia — unconstrained individual countries 2000-2020, 1 km, not UN-adjusted; DOI 10.5258/SOTON/WP00670",zmb_ppp_2004_1km_Aggregated.tif,EXPOSURE ONLY - not a flood-occurrence predictor,2026-10-07T14:55:13+00:00
ZMB-D-0107,2004,71927.2724231556,5.98753546865588,12012.83446247414,11.518217086791992,"WorldPop, University of Southampton","The spatial distribution of population in 2004 Zambia — unconstrained individual countries 2000-2020, 1 km, not UN-adjusted; DOI 10.5258/SOTON/WP00670",zmb_ppp_2004_1km_Aggregated.tif,EXPOSURE ONLY - not a flood-occurrence predictor,2026-10-07T14:55:13+00:00
ZMB-D-0307,2004,257152.72844463587,18.86311959201247,13632.56629902969,7.540994644165039,"WorldPop, University of Southampton","The spatial distribution of population in 2004 Zambia — unconstrained individual countries 2000-2020, 1 km, not UN-adjusted; DOI 10.5258/SOTON/WP00670",zmb_ppp_2004_1km_Aggregated.tif,EXPOSURE ONLY - not a flood-occurrence predictor,2026-10-07T14:55:13+00:00
ZMB-D-0705,2004,205127.59387487173,6.737643035368934,30445.00766782453,7.65362548828125,"WorldPop, University of Southampton","The spatial distribution of population in 2004 Zambia — unconstrained individual countries 2000-2020, 1 km, not UN-adjusted; DOI 10.5258/SOTON/WP00670",zmb_ppp_2004_1km_Aggregated.tif,EXPOSURE ONLY - not a flood-occurrence predictor,2026-10-07T14:55:13+00:00
ZMB-D-0401,2004,76588.25035405159,12.378584194567436,6187.157525467551,8.464317321777344,"WorldPop, University of Southampton","The spatial distribution of population in 2004 Zambia — unconstrained individual countries 2000-2020, 1 km, not UN-adjusted; DOI 10.5258/SOTON/WP00670",zmb_ppp_2004_1km_Aggregated.tif,EXPOSURE ONLY - not a flood-occurrence predictor,2026-10-07T14:55:13+00:00
ZMB-D-0601,2004,167291.77556667104,4.174661872403195,40073.13183196019,9.078457832336426,"WorldPop, University of Southampton","The spatial distribution of population in 2004 Zambia — unconstrained individual countries 2000-2020, 1 km, not UN-adjusted; DOI 10.5258/SOTON/WP00670",zmb_ppp_2004_1km_Aggregated.tif,EXPOSURE ONLY - not a flood-occurrence predictor,2026-10-07T14:55:13+00:00
ZMB-D-0706,2004,106409.08990770578,5.100002194975497,20864.51845305863,1.479407548904419,"WorldPop, University of Southampton","The spatial distribution of population in 2004 Zambia — unconstrained individual countries 2000-2020, 1 km, not UN-adjusted; DOI 10.5258/SOTON/WP00670",zmb_ppp_2004_1km_Aggregated.tif,EXPOSURE ONLY - not a flood-occurrence predictor,2026-10-07T14:55:13+00:00
ZMB-D-0402,2004,149858.72057841718,23.93433097120158,6261.245436888592,0.0,"WorldPop, University of Southampton","The spatial distribution of population in 2004 Zambia — unconstrained individual countries 2000-2020, 1 km, not UN-adjusted; DOI 10.5258/SOTON/WP00670",zmb_ppp_2004_1km_Aggregated.tif,EXPOSURE ONLY - not a flood-occurrence predictor,2026-10-07T14:55:13+00:00
ZMB-D-0801,2004,76440.55689871311,14.816059793238082,5159.30402316545,21.00452995300293,"WorldPop, University of Southampton","The spatial distribution of population in 2004 Zambia — unconstrained individual countries 2000-2020, 1 km, not UN-adjusted; DOI 10.5258/SOTON/WP00670",zmb_ppp_2004_1km_Aggregated.tif,EXPOSURE ONLY - not a flood-occurrence predictor,2026-10-07T14:55:13+00:00
ZMB-D-0403,2004,120362.07453837991,15.916245811315786,7562.215108088334,13.093005180358887,"WorldPop, University of Southampton","The spatial distribution of population in 2004 Zambia — unconstrained individual countries 2000-2020, 1 km, not UN-adjusted; DOI 10.5258/SOTON/WP00670",zmb_ppp_2004_1km_Aggregated.tif,EXPOSURE ONLY - not a flood-occurrence predictor,2026-10-07T14:55:13+00:00
ZMB-D-0602,2004,77649.09764555097,4.399597733576956,17649.135750058857,4.547149658203125,"WorldPop, University of Southampton","The spatial distribution of population in 2004 Zambia — unconstrained individual countries 2000-2020, 1 km, not UN-adjusted; DOI 10.5258/SOTON/WP00670",zmb_ppp_2004_1km_Aggregated.tif,EXPOSURE ONLY - not a flood-occurrence predictor,2026-10-07T14:55:13+00:00
ZMB-D-0802,2004,89285.4746338129,9.99099948110693,8936.590858867778,11.75872802734375,"WorldPop, University of Southampton","The spatial distribution of population in 2004 Zambia — unconstrained individual countries 2000-2020, 1 km, not UN-adjusted; DOI 10.5258/SOTON/WP00670",zmb_ppp_2004_1km_Aggregated.tif,EXPOSURE ONLY - not a flood-occurrence predictor,2026-10-07T14:55:13+00:00
ZMB-D-0404,2004,27632.94203352928,6.5839355253571785,4197.025005348939,13.953558921813965,"WorldPop, University of Southampton","The spatial distribution of population in 2004 Zambia — unconstrained individual countries 2000-2020, 1 km, not UN-adjusted; DOI 10.5258/SOTON/WP00670",zmb_ppp_2004_1km_Aggregated.tif,EXPOSURE ONLY - not a flood-occurrence predictor,2026-10-07T14:55:13+00:00
ZMB-D-0603,2004,54507.18336711079,5.965444020224599,9137.154448573401,3.196925401687622,"WorldPop, University of Southampton","The spatial distribution of population in 2004 Zambia — unconstrained individual countries 2000-2020, 1 km, not UN-adjusted; DOI 10.5258/SOTON/WP00670",zmb_ppp_2004_1km_Aggregated.tif,EXPOSURE ONLY - not a flood-occurrence predictor,2026-10-07T14:55:13+00:00
ZMB-D-0803,2004,194378.94262957573,18.31803752005702,10611.341002918236,5.0844502449035645,"WorldPop, University of Southampton","The spatial distribution of population in 2004 Zambia — unconstrained individual countries 2000-2020, 1 km, not UN-adjusted; DOI 10.5258/SOTON/WP00670",zmb_ppp_2004_1km_Aggregated.tif,EXPOSURE ONLY - not a flood-occurrence predictor,2026-10-07T14:55:13+00:00
ZMB-D-0604,2004,56478.11758708954,10.689915518439584,5283.308131824572,3.090069532394409,"WorldPop, University of Southampton","The spatial distribution of population in 2004 Zambia — unconstrained individual countries 2000-2020, 1 km, not UN-adjusted; DOI 10.5258/SOTON/WP00670",zmb_ppp_2004_1km_Aggregated.tif,EXPOSURE ONLY - not a flood-occurrence predictor,2026-10-07T14:55:13+00:00
ZMB-D-0804,2004,122167.01431584358,12.57847141427728,9712.389549749032,7.214478015899658,"WorldPop, University of Southampton","The spatial distribution of population in 2004 Zambia — unconstrained individual countries 2000-2020, 1 km, not UN-adjusted; DOI 10.5258/SOTON/WP00670",zmb_ppp_2004_1km_Aggregated.tif,EXPOSURE ONLY - not a flood-occurrence predictor,2026-10-07T14:55:13+00:00
ZMB-D-0405,2004,74726.05182087421,9.353582223368242,7989.0303026560905,12.22735595703125,"WorldPop, University of Southampton","The spatial distribution of population in 2004 Zambia — unconstrained individual countries 2000-2020, 1 km, not UN-adjusted; DOI 10.5258/SOTON/WP00670",zmb_ppp_2004_1km_Aggregated.tif,EXPOSURE ONLY - not a flood-occurrence predictor,2026-10-07T14:55:13+00:00
ZMB-D-0805,2004,83934.2056144476,6.988455173758069,12010.409100086084,2.6343116760253906,"WorldPop, University of Southampton","The spatial distribution of population in 2004 Zambia — unconstrained individual countries 2000-2020, 1 km, not UN-adjusted; DOI 10.5258/SOTON/WP00670",zmb_ppp_2004_1km_Aggregated.tif,EXPOSURE ONLY - not a flood-occurrence predictor,2026-10-07T14:55:13+00:00
ZMB-D-0605,2004,95449.67121815681,21.970511418936354,4344.444669407599,18.924365997314453,"WorldPop, University of Southampton","The spatial distribution of population in 2004 Zambia — unconstrained individual countries 2000-2020, 1 km, not UN-adjusted; DOI 10.5258/SOTON/WP00670",zmb_ppp_2004_1km_Aggregated.tif,EXPOSURE ONLY - not a flood-occurrence predictor,2026-10-07T14:55:13+00:00
ZMB-D-0406,2004,127738.27679965645,30.280856818649745,4218.4498795616455,17.425342559814453,"WorldPop, University of Southampton","The spatial distribution of population in 2004 Zambia — unconstrained individual countries 2000-2020, 1 km, not UN-adjusted; DOI 10.5258/SOTON/WP00670",zmb_ppp_2004_1km_Aggregated.tif,EXPOSURE ONLY - not a flood-occurrence predictor,2026-10-07T14:55:13+00:00
ZMB-D-0806,2004,148274.47693443298,19.406537852417056,7640.439426240349,26.891456604003906,"WorldPop, University of Southampton","The spatial distribution of population in 2004 Zambia — unconstrained individual countries 2000-2020, 1 km, not UN-adjusted; DOI 10.5258/SOTON/WP00670",zmb_ppp_2004_1km_Aggregated.tif,EXPOSURE ONLY - not a flood-occurrence predictor,2026-10-07T14:55:13+00:00
ZMB-D-0807,2004,95062.3211896941,8.57728331438002,11083.033835470942,3.3157529830932617,"WorldPop, University of Southampton","The spatial distribution of population in 2004 Zambia — unconstrained individual countries 2000-2020, 1 km, not UN-adjusted; DOI 10.5258/SOTON/WP00670",zmb_ppp_2004_1km_Aggregated.tif,EXPOSURE ONLY - not a flood-occurrence predictor,2026-10-07T14:55:13+00:00
ZMB-D-0808,2004,47886.64411788806,6.466506236017123,7405.33487019145,3.0245556831359863,"WorldPop, University of Southampton","The spatial distribution of population in 2004 Zambia — unconstrained individual countries 2000-2020, 1 km, not UN-adjusted; DOI 10.5258/SOTON/WP00670",zmb_ppp_2004_1km_Aggregated.tif,EXPOSURE ONLY - not a flood-occurrence predictor,2026-10-07T14:55:13+00:00
ZMB-D-0407,2004,86410.97236597538,22.216220358575747,3889.5442596120824,50.61179733276367,"WorldPop, University of Southampton","The spatial distribution of population in 2004 Zambia — unconstrained individual countries 2000-2020, 1 km, not UN-adjusted; DOI 10.5258/SOTON/WP00670",zmb_ppp_2004_1km_Aggregated.tif,EXPOSURE ONLY - not a flood-occurrence predictor,2026-10-07T14:55:13+00:00
ZMB-D-0208,2004,96731.25651574135,26.268414996333114,3682.4169455692077,12.84090805053711,"WorldPop, University of Southampton","The spatial distribution of population in 2004 Zambia — unconstrained individual countries 2000-2020, 1 km, not UN-adjusted; DOI 10.5258/SOTON/WP00670",zmb_ppp_2004_1km_Aggregated.tif,EXPOSURE ONLY - not a flood-occurrence predictor,2026-10-07T14:55:13+00:00
ZMB-D-0209,2004,147724.359416008,186.32831302494102,792.8175649625202,73.65213775634766,"WorldPop, University of Southampton","The spatial distribution of population in 2004 Zambia — unconstrained individual countries 2000-2020, 1 km, not UN-adjusted; DOI 10.5258/SOTON/WP00670",zmb_ppp_2004_1km_Aggregated.tif,EXPOSURE ONLY - not a flood-occurrence predictor,2026-10-07T14:55:13+00:00
ZMB-D-0210,2004,381186.8051805496,350.4403748599706,1087.7365524245452,123.16047668457031,"WorldPop, University of Southampton","The spatial distribution of population in 2004 Zambia — unconstrained individual countries 2000-2020, 1 km, not UN-adjusted; DOI 10.5258/SOTON/WP00670",zmb_ppp_2004_1km_Aggregated.tif,EXPOSURE ONLY - not a flood-occurrence predictor,2026-10-07T14:55:13+00:00
ZMB-D-0707,2004,24960.919030308723,11.370257232968443,2195.2818233464145,14.363911628723145,"WorldPop, University of Southampton","The spatial distribution of population in 2004 Zambia — unconstrained individual countries 2000-2020, 1 km, not UN-adjusted; DOI 10.5258/SOTON/WP00670",zmb_ppp_2004_1km_Aggregated.tif,EXPOSURE ONLY - not a flood-occurrence predictor,2026-10-07T14:55:13+00:00
ZMB-D-0606,2004,53882.91594004631,13.213888588235138,4077.748618829771,14.026989936828613,"WorldPop, University of Southampton","The spatial distribution of population in 2004 Zambia — unconstrained individual countries 2000-2020, 1 km, not UN-adjusted; DOI 10.5258/SOTON/WP00670",zmb_ppp_2004_1km_Aggregated.tif,EXPOSURE ONLY - not a flood-occurrence predictor,2026-10-07T14:55:13+00:00
ZMB-D-0505,2004,28129.702607393265,15.855274798215339,1774.1542146314316,14.43706226348877,"WorldPop, University of Southampton","The spatial distribution of population in 2004 Zambia — unconstrained individual countries 2000-2020, 1 km, not UN-adjusted; DOI 10.5258/SOTON/WP00670",zmb_ppp_2004_1km_Aggregated.tif,EXPOSURE ONLY - not a flood-occurrence predictor,2026-10-07T14:55:13+00:00
ZMB-D-0408,2004,13043.8785405159,6.065015327759237,2150.675280376423,3.963850736618042,"WorldPop, University of Southampton","The spatial distribution of population in 2004 Zambia — unconstrained individual countries 2000-2020, 1 km, not UN-adjusted; DOI 10.5258/SOTON/WP00670",zmb_ppp_2004_1km_Aggregated.tif,EXPOSURE ONLY - not a flood-occurrence predictor,2026-10-07T14:55:13+00:00
ZMB-D-0607,2004,81385.24320030212,12.989564004808848,6265.433017626505,5.31873893737793,"WorldPop, University of Southampton","The spatial distribution of population in 2004 Zambia — unconstrained individual countries 2000-2020, 1 km, not UN-adjusted; DOI 10.5258/SOTON/WP00670",zmb_ppp_2004_1km_Aggregated.tif,EXPOSURE ONLY - not a flood-occurrence predictor,2026-10-07T14:55:13+00:00
ZMB-D-0108,2004,99967.44255310297,11.879590166993685,8415.0581920623,16.57236099243164,"WorldPop, University of Southampton","The spatial distribution of population in 2004 Zambia — unconstrained individual countries 2000-2020, 1 km, not UN-adjusted; DOI 10.5258/SOTON/WP00670",zmb_ppp_2004_1km_Aggregated.tif,EXPOSURE ONLY - not a flood-occurrence predictor,2026-10-07T14:55:13+00:00
ZMB-D-0506,2004,165100.47542262077,73.0429536767866,2260.3203609917887,22.791831970214844,"WorldPop, University of Southampton","The spatial distribution of population in 2004 Zambia — unconstrained individual countries 2000-2020, 1 km, not UN-adjusted; DOI 10.5258/SOTON/WP00670",zmb_ppp_2004_1km_Aggregated.tif,EXPOSURE ONLY - not a flood-occurrence predictor,2026-10-07T14:55:13+00:00
ZMB-D-0109,2004,96452.12389801443,18.297022180635988,5271.4656486611875,10.43620491027832,"WorldPop, University of Southampton","The spatial distribution of population in 2004 Zambia — unconstrained individual countries 2000-2020, 1 km, not UN-adjusted; DOI 10.5258/SOTON/WP00670",zmb_ppp_2004_1km_Aggregated.tif,EXPOSURE ONLY - not a flood-occurrence predictor,2026-10-07T14:55:13+00:00
ZMB-D-1007,2004,30646.64646524191,2.7660078735225078,11079.739417449106,2.8102967739105225,"WorldPop, University of Southampton","The spatial distribution of population in 2004 Zambia — unconstrained individual countries 2000-2020, 1 km, not UN-adjusted; DOI 10.5258/SOTON/WP00670",zmb_ppp_2004_1km_Aggregated.tif,EXPOSURE ONLY - not a flood-occurrence predictor,2026-10-07T14:55:13+00:00
ZMB-D-1008,2004,28533.47720861435,4.417558789524643,6459.105258831141,1.8851953744888306,"WorldPop, University of Southampton","The spatial distribution of population in 2004 Zambia — unconstrained individual countries 2000-2020, 1 km, not UN-adjusted; DOI 10.5258/SOTON/WP00670",zmb_ppp_2004_1km_Aggregated.tif,EXPOSURE ONLY - not a flood-occurrence predictor,2026-10-07T14:55:13+00:00
ZMB-D-1009,2004,43845.71512243152,5.510270127643349,7957.08996233613,2.061241388320923,"WorldPop, University of Southampton","The spatial distribution of population in 2004 Zambia — unconstrained individual countries 2000-2020, 1 km, not UN-adjusted; DOI 10.5258/SOTON/WP00670",zmb_ppp_2004_1km_Aggregated.tif,EXPOSURE ONLY - not a flood-occurrence predictor,2026-10-07T14:55:13+00:00
ZMB-D-1010,2004,48339.23319077492,10.449242102469963,4626.099454557439,4.2256550788879395,"WorldPop, University of Southampton","The spatial distribution of population in 2004 Zambia — unconstrained individual countries 2000-2020, 1 km, not UN-adjusted; DOI 10.5258/SOTON/WP00670",zmb_ppp_2004_1km_Aggregated.tif,EXPOSURE ONLY - not a flood-occurrence predictor,2026-10-07T14:55:13+00:00
ZMB-D-1011,2004,36567.89406502247,4.785323932291572,7641.6757950827,4.165924072265625,"WorldPop, University of Southampton","The spatial distribution of population in 2004 Zambia — unconstrained individual countries 2000-2020, 1 km, not UN-adjusted; DOI 10.5258/SOTON/WP00670",zmb_ppp_2004_1km_Aggregated.tif,EXPOSURE ONLY - not a flood-occurrence predictor,2026-10-07T14:55:13+00:00
ZMB-D-1012,2004,41932.58773034811,4.117426520750159,10184.17390547831,2.99969220161438,"WorldPop, University of Southampton","The spatial distribution of population in 2004 Zambia — unconstrained individual countries 2000-2020, 1 km, not UN-adjusted; DOI 10.5258/SOTON/WP00670",zmb_ppp_2004_1km_Aggregated.tif,EXPOSURE ONLY - not a flood-occurrence predictor,2026-10-07T14:55:13+00:00
ZMB-D-1013,2004,35762.29485249519,9.410395190372821,3800.2968131541734,17.360254287719727,"WorldPop, University of Southampton","The spatial distribution of population in 2004 Zambia — unconstrained individual countries 2000-2020, 1 km, not UN-adjusted; DOI 10.5258/SOTON/WP00670",zmb_ppp_2004_1km_Aggregated.tif,EXPOSURE ONLY - not a flood-occurrence predictor,2026-10-07T14:55:13+00:00
ZMB-D-0809,2004,51647.269610635936,10.190272386497437,5068.291371589916,11.051450729370117,"WorldPop, University of Southampton","The spatial distribution of population in 2004 Zambia — unconstrained individual countries 2000-2020, 1 km, not UN-adjusted; DOI 10.5258/SOTON/WP00670",zmb_ppp_2004_1km_Aggregated.tif,EXPOSURE ONLY - not a flood-occurrence predictor,2026-10-07T14:55:13+00:00
ZMB-D-0409,2004,21967.601647637784,5.9304026064587045,3704.234451757665,4.463000774383545,"WorldPop, University of Southampton","The spatial distribution of population in 2004 Zambia — unconstrained individual countries 2000-2020, 1 km, not UN-adjusted; DOI 10.5258/SOTON/WP00670",zmb_ppp_2004_1km_Aggregated.tif,EXPOSURE ONLY - not a flood-occurrence predictor,2026-10-07T14:55:13+00:00
ZMB-D-0911,2004,54918.50018239021,10.46303601058196,5248.811160245219,4.559413433074951,"WorldPop, University of Southampton","The spatial distribution of population in 2004 Zambia — unconstrained individual countries 2000-2020, 1 km, not UN-adjusted; DOI 10.5258/SOTON/WP00670",zmb_ppp_2004_1km_Aggregated.tif,EXPOSURE ONLY - not a flood-occurrence predictor,2026-10-07T14:55:13+00:00
ZMB-D-0308,2004,135406.87808990479,52.29072570228058,2589.5008392281543,91.98189544677734,"WorldPop, University of Southampton","The spatial distribution of population in 2004 Zambia — unconstrained individual countries 2000-2020, 1 km, not UN-adjusted; DOI 10.5258/SOTON/WP00670",zmb_ppp_2004_1km_Aggregated.tif,EXPOSURE ONLY - not a flood-occurrence predictor,2026-10-07T14:55:13+00:00
ZMB-D-0110,2004,163735.6238360852,17.575871834384895,9315.931828528577,17.963090896606445,"WorldPop, University of Southampton","The spatial distribution of population in 2004 Zambia — unconstrained individual countries 2000-2020, 1 km, not UN-adjusted; DOI 10.5258/SOTON/WP00670",zmb_ppp_2004_1km_Aggregated.tif,EXPOSURE ONLY - not a flood-occurrence predictor,2026-10-07T14:55:13+00:00
ZMB-D-0507,2004,107715.07871484756,80.64104889449713,1335.735090149577,22.303380966186523,"WorldPop, University of Southampton","The spatial distribution of population in 2004 Zambia — unconstrained individual countries 2000-2020, 1 km, not UN-adjusted; DOI 10.5258/SOTON/WP00670",zmb_ppp_2004_1km_Aggregated.tif,EXPOSURE ONLY - not a flood-occurrence predictor,2026-10-07T14:55:13+00:00
ZMB-D-0309,2004,26143.211021900177,28.398306864150605,920.5904826284833,20.53281021118164,"WorldPop, University of Southampton","The spatial distribution of population in 2004 Zambia — unconstrained individual countries 2000-2020, 1 km, not UN-adjusted; DOI 10.5258/SOTON/WP00670",zmb_ppp_2004_1km_Aggregated.tif,EXPOSURE ONLY - not a flood-occurrence predictor,2026-10-07T14:55:13+00:00
ZMB-D-1014,2004,43954.550302267075,11.256926099397013,3904.667216801,4.6445088386535645,"WorldPop, University of Southampton","The spatial distribution of population in 2004 Zambia — unconstrained individual countries 2000-2020, 1 km, not UN-adjusted; DOI 10.5258/SOTON/WP00670",zmb_ppp_2004_1km_Aggregated.tif,EXPOSURE ONLY - not a flood-occurrence predictor,2026-10-07T14:55:13+00:00
ZMB-D-1015,2004,22344.102244138718,3.513824935949732,6358.911628048839,1.9671508073806763,"WorldPop, University of Southampton","The spatial distribution of population in 2004 Zambia — unconstrained individual countries 2000-2020, 1 km, not UN-adjusted; DOI 10.5258/SOTON/WP00670",zmb_ppp_2004_1km_Aggregated.tif,EXPOSURE ONLY - not a flood-occurrence predictor,2026-10-07T14:55:13+00:00
ZMB-D-0111,2004,73172.43269944191,6.317256130629219,11582.945377925289,8.85616397857666,"WorldPop, University of Southampton","The spatial distribution of population in 2004 Zambia — unconstrained individual countries 2000-2020, 1 km, not UN-adjusted; DOI 10.5258/SOTON/WP00670",zmb_ppp_2004_1km_Aggregated.tif,EXPOSURE ONLY - not a flood-occurrence predictor,2026-10-07T14:55:13+00:00
ZMB-D-0708,2004,34337.061671316624,4.874703466245652,7043.928294116726,4.885068893432617,"WorldPop, University of Southampton","The spatial distribution of population in 2004 Zambia — unconstrained individual countries 2000-2020, 1 km, not UN-adjusted; DOI 10.5258/SOTON/WP00670",zmb_ppp_2004_1km_Aggregated.tif,EXPOSURE ONLY - not a flood-occurrence predictor,2026-10-07T14:55:13+00:00
ZMB-D-0709,2004,37977.17190811038,5.117169113130853,7421.51980294329,2.62721586227417,"WorldPop, University of Southampton","The spatial distribution of population in 2004 Zambia — unconstrained individual countries 2000-2020, 1 km, not UN-adjusted; DOI 10.5258/SOTON/WP00670",zmb_ppp_2004_1km_Aggregated.tif,EXPOSURE ONLY - not a flood-occurrence predictor,2026-10-07T14:55:13+00:00
ZMB-D-0410,2004,79132.51520168781,32.54782191878081,2431.269146032368,23.2148380279541,"WorldPop, University of Southampton","The spatial distribution of population in 2004 Zambia — unconstrained individual countries 2000-2020, 1 km, not UN-adjusted; DOI 10.5258/SOTON/WP00670",zmb_ppp_2004_1km_Aggregated.tif,EXPOSURE ONLY - not a flood-occurrence predictor,2026-10-07T14:55:13+00:00
ZMB-D-0411,2004,42468.493563100696,35.73331085978552,1188.4847091203908,32.240234375,"WorldPop, University of Southampton","The spatial distribution of population in 2004 Zambia — unconstrained individual countries 2000-2020, 1 km, not UN-adjusted; DOI 10.5258/SOTON/WP00670",zmb_ppp_2004_1km_Aggregated.tif,EXPOSURE ONLY - not a flood-occurrence predictor,2026-10-07T14:55:13+00:00
ZMB-D-0912,2004,51674.51146245003,27.221735652203503,1898.281289726181,10.322096824645996,"WorldPop, University of Southampton","The spatial distribution of population in 2004 Zambia — unconstrained individual countries 2000-2020, 1 km, not UN-adjusted; DOI 10.5258/SOTON/WP00670",zmb_ppp_2004_1km_Aggregated.tif,EXPOSURE ONLY - not a flood-occurrence predictor,2026-10-07T14:55:13+00:00
ZMB-D-0508,2004,41605.355613946915,25.445746841412426,1635.0612883656872,17.543197631835938,"WorldPop, University of Southampton","The spatial distribution of population in 2004 Zambia — unconstrained individual countries 2000-2020, 1 km, not UN-adjusted; DOI 10.5258/SOTON/WP00670",zmb_ppp_2004_1km_Aggregated.tif,EXPOSURE ONLY - not a flood-occurrence predictor,2026-10-07T14:55:13+00:00
ZMB-D-0901,2005,120757.07494211197,143.54597648801078,841.2431883954464,201.11172485351562,"WorldPop, University of Southampton","The spatial distribution of population in 2005 Zambia — unconstrained individual countries 2000-2020, 1 km, not UN-adjusted; DOI 10.5258/SOTON/WP00670",zmb_ppp_2005_1km_Aggregated.tif,EXPOSURE ONLY - not a flood-occurrence predictor,2026-10-07T14:55:13+00:00
ZMB-D-0902,2005,92147.53624498472,18.172237051925,5070.7866060564875,31.116050720214844,"WorldPop, University of Southampton","The spatial distribution of population in 2005 Zambia — unconstrained individual countries 2000-2020, 1 km, not UN-adjusted; DOI 10.5258/SOTON/WP00670",zmb_ppp_2005_1km_Aggregated.tif,EXPOSURE ONLY - not a flood-occurrence predictor,2026-10-07T14:55:13+00:00
ZMB-D-0903,2005,41826.25752652064,10.847475675979473,3855.8517000540714,7.411860466003418,"WorldPop, University of Southampton","The spatial distribution of population in 2005 Zambia — unconstrained individual countries 2000-2020, 1 km, not UN-adjusted; DOI 10.5258/SOTON/WP00670",zmb_ppp_2005_1km_Aggregated.tif,EXPOSURE ONLY - not a flood-occurrence predictor,2026-10-07T14:55:13+00:00
ZMB-D-0904,2005,140252.08781564236,17.35578971605402,8080.997183660843,7.891691207885742,"WorldPop, University of Southampton","The spatial distribution of population in 2005 Zambia — unconstrained individual countries 2000-2020, 1 km, not UN-adjusted; DOI 10.5258/SOTON/WP00670",zmb_ppp_2005_1km_Aggregated.tif,EXPOSURE ONLY - not a flood-occurrence predictor,2026-10-07T14:55:13+00:00
ZMB-D-0905,2005,171770.33488035202,33.325142219904485,5154.376648924151,60.95804214477539,"WorldPop, University of Southampton","The spatial distribution of population in 2005 Zambia — unconstrained individual countries 2000-2020, 1 km, not UN-adjusted; DOI 10.5258/SOTON/WP00670",zmb_ppp_2005_1km_Aggregated.tif,EXPOSURE ONLY - not a flood-occurrence predictor,2026-10-07T14:55:13+00:00
ZMB-D-0906,2005,87524.76104801893,4.786329793332896,18286.404160853333,1.1151821613311768,"WorldPop, University of Southampton","The spatial distribution of population in 2005 Zambia — unconstrained individual countries 2000-2020, 1 km, not UN-adjusted; DOI 10.5258/SOTON/WP00670",zmb_ppp_2005_1km_Aggregated.tif,EXPOSURE ONLY - not a flood-occurrence predictor,2026-10-07T14:55:13+00:00
ZMB-D-0907,2005,38545.622168850154,18.804265116790045,2049.8340099679485,7.551670551300049,"WorldPop, University of Southampton","The spatial distribution of population in 2005 Zambia — unconstrained individual countries 2000-2020, 1 km, not UN-adjusted; DOI 10.5258/SOTON/WP00670",zmb_ppp_2005_1km_Aggregated.tif,EXPOSURE ONLY - not a flood-occurrence predictor,2026-10-07T14:55:13+00:00
ZMB-D-1001,2005,31751.675995707512,3.832620070489594,8284.587413239587,2.4749042987823486,"WorldPop, University of Southampton","The spatial distribution of population in 2005 Zambia — unconstrained individual countries 2000-2020, 1 km, not UN-adjusted; DOI 10.5258/SOTON/WP00670",zmb_ppp_2005_1km_Aggregated.tif,EXPOSURE ONLY - not a flood-occurrence predictor,2026-10-07T14:55:13+00:00
ZMB-D-0908,2005,178703.481687814,36.46686097216617,4900.434995603594,11.059927940368652,"WorldPop, University of Southampton","The spatial distribution of population in 2005 Zambia — unconstrained individual countries 2000-2020, 1 km, not UN-adjusted; DOI 10.5258/SOTON/WP00670",zmb_ppp_2005_1km_Aggregated.tif,EXPOSURE ONLY - not a flood-occurrence predictor,2026-10-07T14:55:13+00:00
ZMB-D-0909,2005,87873.282674402,16.249384803856607,5407.791355494656,10.43822956085205,"WorldPop, University of Southampton","The spatial distribution of population in 2005 Zambia — unconstrained individual countries 2000-2020, 1 km, not UN-adjusted; DOI 10.5258/SOTON/WP00670",zmb_ppp_2005_1km_Aggregated.tif,EXPOSURE ONLY - not a flood-occurrence predictor,2026-10-07T14:55:13+00:00
ZMB-D-0910,2005,147417.31312394142,38.53328047771338,3825.714065772408,121.6573257446289,"WorldPop, University of Southampton","The spatial distribution of population in 2005 Zambia — unconstrained individual countries 2000-2020, 1 km, not UN-adjusted; DOI 10.5258/SOTON/WP00670",zmb_ppp_2005_1km_Aggregated.tif,EXPOSURE ONLY - not a flood-occurrence predictor,2026-10-07T14:55:13+00:00
ZMB-D-1002,2005,63717.37065654993,5.782529784194017,11018.9437900891,1.4792910814285278,"WorldPop, University of Southampton","The spatial distribution of population in 2005 Zambia — unconstrained individual countries 2000-2020, 1 km, not UN-adjusted; DOI 10.5258/SOTON/WP00670",zmb_ppp_2005_1km_Aggregated.tif,EXPOSURE ONLY - not a flood-occurrence predictor,2026-10-07T14:55:13+00:00
ZMB-D-0501,2005,1019791.304192543,2363.6759637046407,431.4429388172996,1175.458740234375,"WorldPop, University of Southampton","The spatial distribution of population in 2005 Zambia — unconstrained individual countries 2000-2020, 1 km, not UN-adjusted; DOI 10.5258/SOTON/WP00670",zmb_ppp_2005_1km_Aggregated.tif,EXPOSURE ONLY - not a flood-occurrence predictor,2026-10-07T14:55:13+00:00
ZMB-D-0101,2005,59615.09721938521,3.6930713708156553,16142.416767379873,5.042196750640869,"WorldPop, University of Southampton","The spatial distribution of population in 2005 Zambia — unconstrained individual countries 2000-2020, 1 km, not UN-adjusted; DOI 10.5258/SOTON/WP00670",zmb_ppp_2005_1km_Aggregated.tif,EXPOSURE ONLY - not a flood-occurrence predictor,2026-10-07T14:55:13+00:00
ZMB-D-0502,2005,95397.33030531555,20.56157193161302,4639.593248152589,2.6917004585266113,"WorldPop, University of Southampton","The spatial distribution of population in 2005 Zambia — unconstrained individual countries 2000-2020, 1 km, not UN-adjusted; DOI 10.5258/SOTON/WP00670",zmb_ppp_2005_1km_Aggregated.tif,EXPOSURE ONLY - not a flood-occurrence predictor,2026-10-07T14:55:13+00:00
ZMB-D-0503,2005,20481.70172983408,5.426465758402372,3774.40909824596,1.1017135381698608,"WorldPop, University of Southampton","The spatial distribution of population in 2005 Zambia — unconstrained individual countries 2000-2020, 1 km, not UN-adjusted; DOI 10.5258/SOTON/WP00670",zmb_ppp_2005_1km_Aggregated.tif,EXPOSURE ONLY - not a flood-occurrence predictor,2026-10-07T14:55:13+00:00
ZMB-D-0504,2005,44207.58072119951,4.6233495064135255,9561.808091703777,4.218267917633057,"WorldPop, University of Southampton","The spatial distribution of population in 2005 Zambia — unconstrained individual countries 2000-2020, 1 km, not UN-adjusted; DOI 10.5258/SOTON/WP00670",zmb_ppp_2005_1km_Aggregated.tif,EXPOSURE ONLY - not a flood-occurrence predictor,2026-10-07T14:55:13+00:00
ZMB-D-1003,2005,133506.43165880442,22.042421693901893,6056.795097779089,10.091567993164062,"WorldPop, University of Southampton","The spatial distribution of population in 2005 Zambia — unconstrained individual countries 2000-2020, 1 km, not UN-adjusted; DOI 10.5258/SOTON/WP00670",zmb_ppp_2005_1km_Aggregated.tif,EXPOSURE ONLY - not a flood-occurrence predictor,2026-10-07T14:55:13+00:00
ZMB-D-0102,2005,442470.709547475,49.58518467331407,8923.445832916408,27.537559509277344,"WorldPop, University of Southampton","The spatial distribution of population in 2005 Zambia — unconstrained individual countries 2000-2020, 1 km, not UN-adjusted; DOI 10.5258/SOTON/WP00670",zmb_ppp_2005_1km_Aggregated.tif,EXPOSURE ONLY - not a flood-occurrence predictor,2026-10-07T14:55:13+00:00
ZMB-D-0103,2005,188869.89540576935,122.28103442136789,1544.5559182542002,39.87528610229492,"WorldPop, University of Southampton","The spatial distribution of population in 2005 Zambia — unconstrained individual countries 2000-2020, 1 km, not UN-adjusted; DOI 10.5258/SOTON/WP00670",zmb_ppp_2005_1km_Aggregated.tif,EXPOSURE ONLY - not a flood-occurrence predictor,2026-10-07T14:55:13+00:00
ZMB-D-0104,2005,147519.46966540813,7.400038137882652,19934.96072813719,3.3318238258361816,"WorldPop, University of Southampton","The spatial distribution of population in 2005 Zambia — unconstrained individual countries 2000-2020, 1 km, not UN-adjusted; DOI 10.5258/SOTON/WP00670",zmb_ppp_2005_1km_Aggregated.tif,EXPOSURE ONLY - not a flood-occurrence predictor,2026-10-07T14:55:13+00:00
ZMB-D-1004,2005,83056.30083584785,8.43618614579284,9845.242791052964,3.961982011795044,"WorldPop, University of Southampton","The spatial distribution of population in 2005 Zambia — unconstrained individual countries 2000-2020, 1 km, not UN-adjusted; DOI 10.5258/SOTON/WP00670",zmb_ppp_2005_1km_Aggregated.tif,EXPOSURE ONLY - not a flood-occurrence predictor,2026-10-07T14:55:13+00:00
ZMB-D-1005,2005,95196.04751002789,10.41313329404965,9141.921535223746,3.9452452659606934,"WorldPop, University of Southampton","The spatial distribution of population in 2005 Zambia — unconstrained individual countries 2000-2020, 1 km, not UN-adjusted; DOI 10.5258/SOTON/WP00670",zmb_ppp_2005_1km_Aggregated.tif,EXPOSURE ONLY - not a flood-occurrence predictor,2026-10-07T14:55:13+00:00
ZMB-D-0301,2005,63760.433358192444,42.32546433548092,1506.4319874393639,43.987396240234375,"WorldPop, University of Southampton","The spatial distribution of population in 2005 Zambia — unconstrained individual countries 2000-2020, 1 km, not UN-adjusted; DOI 10.5258/SOTON/WP00670",zmb_ppp_2005_1km_Aggregated.tif,EXPOSURE ONLY - not a flood-occurrence predictor,2026-10-07T14:55:13+00:00
ZMB-D-0302,2005,71062.7456395626,6.944711547415892,10232.641795756781,3.8001303672790527,"WorldPop, University of Southampton","The spatial distribution of population in 2005 Zambia — unconstrained individual countries 2000-2020, 1 km, not UN-adjusted; DOI 10.5258/SOTON/WP00670",zmb_ppp_2005_1km_Aggregated.tif,EXPOSURE ONLY - not a flood-occurrence predictor,2026-10-07T14:55:13+00:00
ZMB-D-1006,2005,46439.517206311226,4.974069491107537,9336.322560296781,6.934703350067139,"WorldPop, University of Southampton","The spatial distribution of population in 2005 Zambia — unconstrained individual countries 2000-2020, 1 km, not UN-adjusted; DOI 10.5258/SOTON/WP00670",zmb_ppp_2005_1km_Aggregated.tif,EXPOSURE ONLY - not a flood-occurrence predictor,2026-10-07T14:55:13+00:00
ZMB-D-0303,2005,139862.66739320755,57.15781792440694,2446.956032824424,323.37774658203125,"WorldPop, University of Southampton","The spatial distribution of population in 2005 Zambia — unconstrained individual countries 2000-2020, 1 km, not UN-adjusted; DOI 10.5258/SOTON/WP00670",zmb_ppp_2005_1km_Aggregated.tif,EXPOSURE ONLY - not a flood-occurrence predictor,2026-10-07T14:55:13+00:00
ZMB-D-0105,2005,46140.85133564472,6.686379742235217,6900.722530638099,9.11879825592041,"WorldPop, University of Southampton","The spatial distribution of population in 2005 Zambia — unconstrained individual countries 2000-2020, 1 km, not UN-adjusted; DOI 10.5258/SOTON/WP00670",zmb_ppp_2005_1km_Aggregated.tif,EXPOSURE ONLY - not a flood-occurrence predictor,2026-10-07T14:55:13+00:00
ZMB-D-0304,2005,196634.94767522812,26.753685838942594,7349.826444811085,22.438308715820312,"WorldPop, University of Southampton","The spatial distribution of population in 2005 Zambia — unconstrained individual countries 2000-2020, 1 km, not UN-adjusted; DOI 10.5258/SOTON/WP00670",zmb_ppp_2005_1km_Aggregated.tif,EXPOSURE ONLY - not a flood-occurrence predictor,2026-10-07T14:55:13+00:00
ZMB-D-0106,2005,22188.008675009012,2.3926801687674457,9273.286486274863,1.3934353590011597,"WorldPop, University of Southampton","The spatial distribution of population in 2005 Zambia — unconstrained individual countries 2000-2020, 1 km, not UN-adjusted; DOI 10.5258/SOTON/WP00670",zmb_ppp_2005_1km_Aggregated.tif,EXPOSURE ONLY - not a flood-occurrence predictor,2026-10-07T14:55:13+00:00
ZMB-D-0201,2005,76759.58140957355,8.619001814700804,8905.8551163837,6.879335880279541,"WorldPop, University of Southampton","The spatial distribution of population in 2005 Zambia — unconstrained individual countries 2000-2020, 1 km, not UN-adjusted; DOI 10.5258/SOTON/WP00670",zmb_ppp_2005_1km_Aggregated.tif,EXPOSURE ONLY - not a flood-occurrence predictor,2026-10-07T14:55:13+00:00
ZMB-D-0305,2005,407035.469211936,63.62459869351475,6397.4544055305,59.75337600708008,"WorldPop, University of Southampton","The spatial distribution of population in 2005 Zambia — unconstrained individual countries 2000-2020, 1 km, not UN-adjusted; DOI 10.5258/SOTON/WP00670",zmb_ppp_2005_1km_Aggregated.tif,EXPOSURE ONLY - not a flood-occurrence predictor,2026-10-07T14:55:13+00:00
ZMB-D-0701,2005,66986.47475534678,4.686118267713794,14294.66157883107,2.298768997192383,"WorldPop, University of Southampton","The spatial distribution of population in 2005 Zambia — unconstrained individual countries 2000-2020, 1 km, not UN-adjusted; DOI 10.5258/SOTON/WP00670",zmb_ppp_2005_1km_Aggregated.tif,EXPOSURE ONLY - not a flood-occurrence predictor,2026-10-07T14:55:13+00:00
ZMB-D-0702,2005,31219.546474456787,6.812113964048394,4582.94541741683,2.1410861015319824,"WorldPop, University of Southampton","The spatial distribution of population in 2005 Zambia — unconstrained individual countries 2000-2020, 1 km, not UN-adjusted; DOI 10.5258/SOTON/WP00670",zmb_ppp_2005_1km_Aggregated.tif,EXPOSURE ONLY - not a flood-occurrence predictor,2026-10-07T14:55:13+00:00
ZMB-D-0703,2005,49306.48021674156,2.594622636979202,19003.333862124473,2.5576891899108887,"WorldPop, University of Southampton","The spatial distribution of population in 2005 Zambia — unconstrained individual countries 2000-2020, 1 km, not UN-adjusted; DOI 10.5258/SOTON/WP00670",zmb_ppp_2005_1km_Aggregated.tif,EXPOSURE ONLY - not a flood-occurrence predictor,2026-10-07T14:55:13+00:00
ZMB-D-0306,2005,58572.85528278351,9.904758768259134,5913.60745407415,7.838029384613037,"WorldPop, University of Southampton","The spatial distribution of population in 2005 Zambia — unconstrained individual countries 2000-2020, 1 km, not UN-adjusted; DOI 10.5258/SOTON/WP00670",zmb_ppp_2005_1km_Aggregated.tif,EXPOSURE ONLY - not a flood-occurrence predictor,2026-10-07T14:55:13+00:00
ZMB-D-0704,2005,61077.57387936115,2.802577186795616,21793.360114086794,2.4449071884155273,"WorldPop, University of Southampton","The spatial distribution of population in 2005 Zambia — unconstrained individual countries 2000-2020, 1 km, not UN-adjusted; DOI 10.5258/SOTON/WP00670",zmb_ppp_2005_1km_Aggregated.tif,EXPOSURE ONLY - not a flood-occurrence predictor,2026-10-07T14:55:13+00:00
ZMB-D-0202,2005,478335.02397823334,399.4375474355062,1197.521432447374,116.91109466552734,"WorldPop, University of Southampton","The spatial distribution of population in 2005 Zambia — unconstrained individual countries 2000-2020, 1 km, not UN-adjusted; DOI 10.5258/SOTON/WP00670",zmb_ppp_2005_1km_Aggregated.tif,EXPOSURE ONLY - not a flood-occurrence predictor,2026-10-07T14:55:13+00:00
ZMB-D-0203,2005,61816.59546041489,57.79510127088877,1069.5819213236975,12.466697692871094,"WorldPop, University of Southampton","The spatial distribution of population in 2005 Zambia — unconstrained individual countries 2000-2020, 1 km, not UN-adjusted; DOI 10.5258/SOTON/WP00670",zmb_ppp_2005_1km_Aggregated.tif,EXPOSURE ONLY - not a flood-occurrence predictor,2026-10-07T14:55:13+00:00
ZMB-D-0204,2005,128783.85067510605,172.5772706013989,746.2387730801331,756.2515258789062,"WorldPop, University of Southampton","The spatial distribution of population in 2005 Zambia — unconstrained individual countries 2000-2020, 1 km, not UN-adjusted; DOI 10.5258/SOTON/WP00670",zmb_ppp_2005_1km_Aggregated.tif,EXPOSURE ONLY - not a flood-occurrence predictor,2026-10-07T14:55:13+00:00
ZMB-D-0205,2005,66635.38323324919,6.147087276402118,10840.155709038638,8.300959587097168,"WorldPop, University of Southampton","The spatial distribution of population in 2005 Zambia — unconstrained individual countries 2000-2020, 1 km, not UN-adjusted; DOI 10.5258/SOTON/WP00670",zmb_ppp_2005_1km_Aggregated.tif,EXPOSURE ONLY - not a flood-occurrence predictor,2026-10-07T14:55:13+00:00
ZMB-D-0206,2005,191147.40522527695,122.79211979361037,1556.6748545961948,13.943942070007324,"WorldPop, University of Southampton","The spatial distribution of population in 2005 Zambia — unconstrained individual countries 2000-2020, 1 km, not UN-adjusted; DOI 10.5258/SOTON/WP00670",zmb_ppp_2005_1km_Aggregated.tif,EXPOSURE ONLY - not a flood-occurrence predictor,2026-10-07T14:55:13+00:00
ZMB-D-0207,2005,74039.99312114716,84.04720498364465,880.9334365795404,51.276912689208984,"WorldPop, University of Southampton","The spatial distribution of population in 2005 Zambia — unconstrained individual countries 2000-2020, 1 km, not UN-adjusted; DOI 10.5258/SOTON/WP00670",zmb_ppp_2005_1km_Aggregated.tif,EXPOSURE ONLY - not a flood-occurrence predictor,2026-10-07T14:55:13+00:00
ZMB-D-0107,2005,73905.36371038109,6.152200293881323,12012.83446247414,12.121379852294922,"WorldPop, University of Southampton","The spatial distribution of population in 2005 Zambia — unconstrained individual countries 2000-2020, 1 km, not UN-adjusted; DOI 10.5258/SOTON/WP00670",zmb_ppp_2005_1km_Aggregated.tif,EXPOSURE ONLY - not a flood-occurrence predictor,2026-10-07T14:55:13+00:00
ZMB-D-0307,2005,264740.8291031122,19.41973530852774,13632.56629902969,6.930485725402832,"WorldPop, University of Southampton","The spatial distribution of population in 2005 Zambia — unconstrained individual countries 2000-2020, 1 km, not UN-adjusted; DOI 10.5258/SOTON/WP00670",zmb_ppp_2005_1km_Aggregated.tif,EXPOSURE ONLY - not a flood-occurrence predictor,2026-10-07T14:55:13+00:00
ZMB-D-0705,2005,214142.35039699078,7.033742698751387,30445.00766782453,6.0665669441223145,"WorldPop, University of Southampton","The spatial distribution of population in 2005 Zambia — unconstrained individual countries 2000-2020, 1 km, not UN-adjusted; DOI 10.5258/SOTON/WP00670",zmb_ppp_2005_1km_Aggregated.tif,EXPOSURE ONLY - not a flood-occurrence predictor,2026-10-07T14:55:13+00:00
ZMB-D-0401,2005,70378.48392415047,11.374930027958534,6187.157525467551,7.155086517333984,"WorldPop, University of Southampton","The spatial distribution of population in 2005 Zambia — unconstrained individual countries 2000-2020, 1 km, not UN-adjusted; DOI 10.5258/SOTON/WP00670",zmb_ppp_2005_1km_Aggregated.tif,EXPOSURE ONLY - not a flood-occurrence predictor,2026-10-07T14:55:13+00:00
ZMB-D-0601,2005,172874.43707685545,4.3139737069160145,40073.13183196019,8.610745429992676,"WorldPop, University of Southampton","The spatial distribution of population in 2005 Zambia — unconstrained individual countries 2000-2020, 1 km, not UN-adjusted; DOI 10.5258/SOTON/WP00670",zmb_ppp_2005_1km_Aggregated.tif,EXPOSURE ONLY - not a flood-occurrence predictor,2026-10-07T14:55:13+00:00
ZMB-D-0706,2005,110847.20735561848,5.312713428062311,20864.51845305863,1.5452966690063477,"WorldPop, University of Southampton","The spatial distribution of population in 2005 Zambia — unconstrained individual countries 2000-2020, 1 km, not UN-adjusted; DOI 10.5258/SOTON/WP00670",zmb_ppp_2005_1km_Aggregated.tif,EXPOSURE ONLY - not a flood-occurrence predictor,2026-10-07T14:55:13+00:00
ZMB-D-0402,2005,152778.83857397735,24.400710707468754,6261.245436888592,0.0,"WorldPop, University of Southampton","The spatial distribution of population in 2005 Zambia — unconstrained individual countries 2000-2020, 1 km, not UN-adjusted; DOI 10.5258/SOTON/WP00670",zmb_ppp_2005_1km_Aggregated.tif,EXPOSURE ONLY - not a flood-occurrence predictor,2026-10-07T14:55:13+00:00
ZMB-D-0801,2005,79033.76277302206,15.318686865158124,5159.30402316545,18.78911018371582,"WorldPop, University of Southampton","The spatial distribution of population in 2005 Zambia — unconstrained individual countries 2000-2020, 1 km, not UN-adjusted; DOI 10.5258/SOTON/WP00670",zmb_ppp_2005_1km_Aggregated.tif,EXPOSURE ONLY - not a flood-occurrence predictor,2026-10-07T14:55:13+00:00
ZMB-D-0403,2005,128782.04900461435,17.029672809342948,7562.215108088334,13.125258445739746,"WorldPop, University of Southampton","The spatial distribution of population in 2005 Zambia — unconstrained individual countries 2000-2020, 1 km, not UN-adjusted; DOI 10.5258/SOTON/WP00670",zmb_ppp_2005_1km_Aggregated.tif,EXPOSURE ONLY - not a flood-occurrence predictor,2026-10-07T14:55:13+00:00
ZMB-D-0602,2005,81116.62768393755,4.596067979343807,17649.135750058857,5.100774765014648,"WorldPop, University of Southampton","The spatial distribution of population in 2005 Zambia — unconstrained individual countries 2000-2020, 1 km, not UN-adjusted; DOI 10.5258/SOTON/WP00670",zmb_ppp_2005_1km_Aggregated.tif,EXPOSURE ONLY - not a flood-occurrence predictor,2026-10-07T14:55:13+00:00
ZMB-D-0802,2005,92030.43363821507,10.298159006226998,8936.590858867778,11.137534141540527,"WorldPop, University of Southampton","The spatial distribution of population in 2005 Zambia — unconstrained individual countries 2000-2020, 1 km, not UN-adjusted; DOI 10.5258/SOTON/WP00670",zmb_ppp_2005_1km_Aggregated.tif,EXPOSURE ONLY - not a flood-occurrence predictor,2026-10-07T14:55:13+00:00
ZMB-D-0404,2005,28185.26560640335,6.715534353615327,4197.025005348939,17.593505859375,"WorldPop, University of Southampton","The spatial distribution of population in 2005 Zambia — unconstrained individual countries 2000-2020, 1 km, not UN-adjusted; DOI 10.5258/SOTON/WP00670",zmb_ppp_2005_1km_Aggregated.tif,EXPOSURE ONLY - not a flood-occurrence predictor,2026-10-07T14:55:13+00:00
ZMB-D-0603,2005,54918.31864286214,6.010440006454814,9137.154448573401,3.086839199066162,"WorldPop, University of Southampton","The spatial distribution of population in 2005 Zambia — unconstrained individual countries 2000-2020, 1 km, not UN-adjusted; DOI 10.5258/SOTON/WP00670",zmb_ppp_2005_1km_Aggregated.tif,EXPOSURE ONLY - not a flood-occurrence predictor,2026-10-07T14:55:13+00:00
ZMB-D-0803,2005,200409.88541340828,18.88638630671593,10611.341002918236,5.200770378112793,"WorldPop, University of Southampton","The spatial distribution of population in 2005 Zambia — unconstrained individual countries 2000-2020, 1 km, not UN-adjusted; DOI 10.5258/SOTON/WP00670",zmb_ppp_2005_1km_Aggregated.tif,EXPOSURE ONLY - not a flood-occurrence predictor,2026-10-07T14:55:13+00:00
ZMB-D-0604,2005,58643.809641599655,11.09982764176717,5283.308131824572,3.0086679458618164,"WorldPop, University of Southampton","The spatial distribution of population in 2005 Zambia — unconstrained individual countries 2000-2020, 1 km, not UN-adjusted; DOI 10.5258/SOTON/WP00670",zmb_ppp_2005_1km_Aggregated.tif,EXPOSURE ONLY - not a flood-occurrence predictor,2026-10-07T14:55:13+00:00
ZMB-D-0804,2005,125690.62303566933,12.94126665655798,9712.389549749032,7.377577781677246,"WorldPop, University of Southampton","The spatial distribution of population in 2005 Zambia — unconstrained individual countries 2000-2020, 1 km, not UN-adjusted; DOI 10.5258/SOTON/WP00670",zmb_ppp_2005_1km_Aggregated.tif,EXPOSURE ONLY - not a flood-occurrence predictor,2026-10-07T14:55:13+00:00
ZMB-D-0405,2005,76854.21967363358,9.619968477035576,7989.0303026560905,13.462464332580566,"WorldPop, University of Southampton","The spatial distribution of population in 2005 Zambia — unconstrained individual countries 2000-2020, 1 km, not UN-adjusted; DOI 10.5258/SOTON/WP00670",zmb_ppp_2005_1km_Aggregated.tif,EXPOSURE ONLY - not a flood-occurrence predictor,2026-10-07T14:55:13+00:00
ZMB-D-0805,2005,86469.47489345074,7.199544509506422,12010.409100086084,2.5501720905303955,"WorldPop, University of Southampton","The spatial distribution of population in 2005 Zambia — unconstrained individual countries 2000-2020, 1 km, not UN-adjusted; DOI 10.5258/SOTON/WP00670",zmb_ppp_2005_1km_Aggregated.tif,EXPOSURE ONLY - not a flood-occurrence predictor,2026-10-07T14:55:13+00:00
ZMB-D-0605,2005,100329.26442146301,23.09369138199745,4344.444669407599,21.375988006591797,"WorldPop, University of Southampton","The spatial distribution of population in 2005 Zambia — unconstrained individual countries 2000-2020, 1 km, not UN-adjusted; DOI 10.5258/SOTON/WP00670",zmb_ppp_2005_1km_Aggregated.tif,EXPOSURE ONLY - not a flood-occurrence predictor,2026-10-07T14:55:13+00:00
ZMB-D-0406,2005,131581.7731976807,31.191972633168717,4218.4498795616455,21.167762756347656,"WorldPop, University of Southampton","The spatial distribution of population in 2005 Zambia — unconstrained individual countries 2000-2020, 1 km, not UN-adjusted; DOI 10.5258/SOTON/WP00670",zmb_ppp_2005_1km_Aggregated.tif,EXPOSURE ONLY - not a flood-occurrence predictor,2026-10-07T14:55:13+00:00
ZMB-D-0806,2005,153316.59223747253,20.066462631837844,7640.439426240349,29.19084930419922,"WorldPop, University of Southampton","The spatial distribution of population in 2005 Zambia — unconstrained individual countries 2000-2020, 1 km, not UN-adjusted; DOI 10.5258/SOTON/WP00670",zmb_ppp_2005_1km_Aggregated.tif,EXPOSURE ONLY - not a flood-occurrence predictor,2026-10-07T14:55:13+00:00
ZMB-D-0807,2005,99146.24695125222,8.945767776503345,11083.033835470942,3.8502771854400635,"WorldPop, University of Southampton","The spatial distribution of population in 2005 Zambia — unconstrained individual countries 2000-2020, 1 km, not UN-adjusted; DOI 10.5258/SOTON/WP00670",zmb_ppp_2005_1km_Aggregated.tif,EXPOSURE ONLY - not a flood-occurrence predictor,2026-10-07T14:55:13+00:00
ZMB-D-0808,2005,48699.06287033111,6.57621346285885,7405.33487019145,3.4636752605438232,"WorldPop, University of Southampton","The spatial distribution of population in 2005 Zambia — unconstrained individual countries 2000-2020, 1 km, not UN-adjusted; DOI 10.5258/SOTON/WP00670",zmb_ppp_2005_1km_Aggregated.tif,EXPOSURE ONLY - not a flood-occurrence predictor,2026-10-07T14:55:13+00:00
ZMB-D-0407,2005,89702.29952776432,23.062419024050556,3889.5442596120824,63.765743255615234,"WorldPop, University of Southampton","The spatial distribution of population in 2005 Zambia — unconstrained individual countries 2000-2020, 1 km, not UN-adjusted; DOI 10.5258/SOTON/WP00670",zmb_ppp_2005_1km_Aggregated.tif,EXPOSURE ONLY - not a flood-occurrence predictor,2026-10-07T14:55:13+00:00
ZMB-D-0208,2005,99075.92071175575,26.905133822764643,3682.4169455692077,11.075456619262695,"WorldPop, University of Southampton","The spatial distribution of population in 2005 Zambia — unconstrained individual countries 2000-2020, 1 km, not UN-adjusted; DOI 10.5258/SOTON/WP00670",zmb_ppp_2005_1km_Aggregated.tif,EXPOSURE ONLY - not a flood-occurrence predictor,2026-10-07T14:55:13+00:00
ZMB-D-0209,2005,148385.00563430786,187.16160210366004,792.8175649625202,105.14720153808594,"WorldPop, University of Southampton","The spatial distribution of population in 2005 Zambia — unconstrained individual countries 2000-2020, 1 km, not UN-adjusted; DOI 10.5258/SOTON/WP00670",zmb_ppp_2005_1km_Aggregated.tif,EXPOSURE ONLY - not a flood-occurrence predictor,2026-10-07T14:55:13+00:00
ZMB-D-0210,2005,391191.24898815155,359.6378627859782,1087.7365524245452,86.59691619873047,"WorldPop, University of Southampton","The spatial distribution of population in 2005 Zambia — unconstrained individual countries 2000-2020, 1 km, not UN-adjusted; DOI 10.5258/SOTON/WP00670",zmb_ppp_2005_1km_Aggregated.tif,EXPOSURE ONLY - not a flood-occurrence predictor,2026-10-07T14:55:13+00:00
ZMB-D-0707,2005,26011.39133644104,11.848770877531406,2195.2818233464145,13.397231101989746,"WorldPop, University of Southampton","The spatial distribution of population in 2005 Zambia — unconstrained individual countries 2000-2020, 1 km, not UN-adjusted; DOI 10.5258/SOTON/WP00670",zmb_ppp_2005_1km_Aggregated.tif,EXPOSURE ONLY - not a flood-occurrence predictor,2026-10-07T14:55:13+00:00
ZMB-D-0606,2005,56241.559245824814,13.792306614026877,4077.748618829771,13.286125183105469,"WorldPop, University of Southampton","The spatial distribution of population in 2005 Zambia — unconstrained individual countries 2000-2020, 1 km, not UN-adjusted; DOI 10.5258/SOTON/WP00670",zmb_ppp_2005_1km_Aggregated.tif,EXPOSURE ONLY - not a flood-occurrence predictor,2026-10-07T14:55:13+00:00
ZMB-D-0505,2005,29041.031170248985,16.368944103476405,1774.1542146314316,13.338159561157227,"WorldPop, University of Southampton","The spatial distribution of population in 2005 Zambia — unconstrained individual countries 2000-2020, 1 km, not UN-adjusted; DOI 10.5258/SOTON/WP00670",zmb_ppp_2005_1km_Aggregated.tif,EXPOSURE ONLY - not a flood-occurrence predictor,2026-10-07T14:55:13+00:00
ZMB-D-0408,2005,15123.178182840347,7.031827780246494,2150.675280376423,4.6362833976745605,"WorldPop, University of Southampton","The spatial distribution of population in 2005 Zambia — unconstrained individual countries 2000-2020, 1 km, not UN-adjusted; DOI 10.5258/SOTON/WP00670",zmb_ppp_2005_1km_Aggregated.tif,EXPOSURE ONLY - not a flood-occurrence predictor,2026-10-07T14:55:13+00:00
ZMB-D-0607,2005,82743.32220387459,13.206321410043536,6265.433017626505,5.697751998901367,"WorldPop, University of Southampton","The spatial distribution of population in 2005 Zambia — unconstrained individual countries 2000-2020, 1 km, not UN-adjusted; DOI 10.5258/SOTON/WP00670",zmb_ppp_2005_1km_Aggregated.tif,EXPOSURE ONLY - not a flood-occurrence predictor,2026-10-07T14:55:13+00:00
ZMB-D-0108,2005,104085.80579477549,12.368994179143863,8415.0581920623,19.38416290283203,"WorldPop, University of Southampton","The spatial distribution of population in 2005 Zambia — unconstrained individual countries 2000-2020, 1 km, not UN-adjusted; DOI 10.5258/SOTON/WP00670",zmb_ppp_2005_1km_Aggregated.tif,EXPOSURE ONLY - not a flood-occurrence predictor,2026-10-07T14:55:13+00:00
ZMB-D-0506,2005,170745.26676940918,75.54029495822847,2260.3203609917887,29.13587760925293,"WorldPop, University of Southampton","The spatial distribution of population in 2005 Zambia — unconstrained individual countries 2000-2020, 1 km, not UN-adjusted; DOI 10.5258/SOTON/WP00670",zmb_ppp_2005_1km_Aggregated.tif,EXPOSURE ONLY - not a flood-occurrence predictor,2026-10-07T14:55:13+00:00
ZMB-D-0109,2005,99301.71198978275,18.837590645213204,5271.4656486611875,9.576776504516602,"WorldPop, University of Southampton","The spatial distribution of population in 2005 Zambia — unconstrained individual countries 2000-2020, 1 km, not UN-adjusted; DOI 10.5258/SOTON/WP00670",zmb_ppp_2005_1km_Aggregated.tif,EXPOSURE ONLY - not a flood-occurrence predictor,2026-10-07T14:55:13+00:00
ZMB-D-1007,2005,31906.108368754387,2.8796803937921625,11079.739417449106,2.4761528968811035,"WorldPop, University of Southampton","The spatial distribution of population in 2005 Zambia — unconstrained individual countries 2000-2020, 1 km, not UN-adjusted; DOI 10.5258/SOTON/WP00670",zmb_ppp_2005_1km_Aggregated.tif,EXPOSURE ONLY - not a flood-occurrence predictor,2026-10-07T14:55:13+00:00
ZMB-D-1008,2005,29226.688950270414,4.524881973445245,6459.105258831141,2.000476121902466,"WorldPop, University of Southampton","The spatial distribution of population in 2005 Zambia — unconstrained individual countries 2000-2020, 1 km, not UN-adjusted; DOI 10.5258/SOTON/WP00670",zmb_ppp_2005_1km_Aggregated.tif,EXPOSURE ONLY - not a flood-occurrence predictor,2026-10-07T14:55:13+00:00
ZMB-D-1009,2005,46931.479164004326,5.89807069998561,7957.08996233613,1.9829986095428467,"WorldPop, University of Southampton","The spatial distribution of population in 2005 Zambia — unconstrained individual countries 2000-2020, 1 km, not UN-adjusted; DOI 10.5258/SOTON/WP00670",zmb_ppp_2005_1km_Aggregated.tif,EXPOSURE ONLY - not a flood-occurrence predictor,2026-10-07T14:55:13+00:00
ZMB-D-1010,2005,48926.57566833496,10.576204889009587,4626.099454557439,4.282590389251709,"WorldPop, University of Southampton","The spatial distribution of population in 2005 Zambia — unconstrained individual countries 2000-2020, 1 km, not UN-adjusted; DOI 10.5258/SOTON/WP00670",zmb_ppp_2005_1km_Aggregated.tif,EXPOSURE ONLY - not a flood-occurrence predictor,2026-10-07T14:55:13+00:00
ZMB-D-1011,2005,37359.56812596321,4.888923467546675,7641.6757950827,4.193716526031494,"WorldPop, University of Southampton","The spatial distribution of population in 2005 Zambia — unconstrained individual countries 2000-2020, 1 km, not UN-adjusted; DOI 10.5258/SOTON/WP00670",zmb_ppp_2005_1km_Aggregated.tif,EXPOSURE ONLY - not a flood-occurrence predictor,2026-10-07T14:55:13+00:00
ZMB-D-1012,2005,43827.811000943184,4.303521464550714,10184.17390547831,2.510519027709961,"WorldPop, University of Southampton","The spatial distribution of population in 2005 Zambia — unconstrained individual countries 2000-2020, 1 km, not UN-adjusted; DOI 10.5258/SOTON/WP00670",zmb_ppp_2005_1km_Aggregated.tif,EXPOSURE ONLY - not a flood-occurrence predictor,2026-10-07T14:55:13+00:00
ZMB-D-1013,2005,36987.91929721832,9.732902748330087,3800.2968131541734,20.56382179260254,"WorldPop, University of Southampton","The spatial distribution of population in 2005 Zambia — unconstrained individual countries 2000-2020, 1 km, not UN-adjusted; DOI 10.5258/SOTON/WP00670",zmb_ppp_2005_1km_Aggregated.tif,EXPOSURE ONLY - not a flood-occurrence predictor,2026-10-07T14:55:13+00:00
ZMB-D-0809,2005,54013.77986625582,10.657197052448026,5068.291371589916,10.029275894165039,"WorldPop, University of Southampton","The spatial distribution of population in 2005 Zambia — unconstrained individual countries 2000-2020, 1 km, not UN-adjusted; DOI 10.5258/SOTON/WP00670",zmb_ppp_2005_1km_Aggregated.tif,EXPOSURE ONLY - not a flood-occurrence predictor,2026-10-07T14:55:13+00:00
ZMB-D-0409,2005,22514.739013846964,6.078108528784858,3704.234451757665,4.912469863891602,"WorldPop, University of Southampton","The spatial distribution of population in 2005 Zambia — unconstrained individual countries 2000-2020, 1 km, not UN-adjusted; DOI 10.5258/SOTON/WP00670",zmb_ppp_2005_1km_Aggregated.tif,EXPOSURE ONLY - not a flood-occurrence predictor,2026-10-07T14:55:13+00:00
ZMB-D-0911,2005,58018.72529673576,11.053688830753284,5248.811160245219,5.199082851409912,"WorldPop, University of Southampton","The spatial distribution of population in 2005 Zambia — unconstrained individual countries 2000-2020, 1 km, not UN-adjusted; DOI 10.5258/SOTON/WP00670",zmb_ppp_2005_1km_Aggregated.tif,EXPOSURE ONLY - not a flood-occurrence predictor,2026-10-07T14:55:13+00:00
ZMB-D-0308,2005,141047.85811328888,54.46913010282346,2589.5008392281543,118.03286743164062,"WorldPop, University of Southampton","The spatial distribution of population in 2005 Zambia — unconstrained individual countries 2000-2020, 1 km, not UN-adjusted; DOI 10.5258/SOTON/WP00670",zmb_ppp_2005_1km_Aggregated.tif,EXPOSURE ONLY - not a flood-occurrence predictor,2026-10-07T14:55:13+00:00
ZMB-D-0110,2005,168723.63011617213,18.111299354883915,9315.931828528577,19.18827247619629,"WorldPop, University of Southampton","The spatial distribution of population in 2005 Zambia — unconstrained individual countries 2000-2020, 1 km, not UN-adjusted; DOI 10.5258/SOTON/WP00670",zmb_ppp_2005_1km_Aggregated.tif,EXPOSURE ONLY - not a flood-occurrence predictor,2026-10-07T14:55:13+00:00
ZMB-D-0507,2005,113193.12880706787,84.74219898976554,1335.735090149577,22.357078552246094,"WorldPop, University of Southampton","The spatial distribution of population in 2005 Zambia — unconstrained individual countries 2000-2020, 1 km, not UN-adjusted; DOI 10.5258/SOTON/WP00670",zmb_ppp_2005_1km_Aggregated.tif,EXPOSURE ONLY - not a flood-occurrence predictor,2026-10-07T14:55:13+00:00
ZMB-D-0309,2005,26801.054346561432,29.112895312624428,920.5904826284833,19.450590133666992,"WorldPop, University of Southampton","The spatial distribution of population in 2005 Zambia — unconstrained individual countries 2000-2020, 1 km, not UN-adjusted; DOI 10.5258/SOTON/WP00670",zmb_ppp_2005_1km_Aggregated.tif,EXPOSURE ONLY - not a flood-occurrence predictor,2026-10-07T14:55:13+00:00
ZMB-D-1014,2005,44397.660133719444,11.370408198344078,3904.667216801,4.737252235412598,"WorldPop, University of Southampton","The spatial distribution of population in 2005 Zambia — unconstrained individual countries 2000-2020, 1 km, not UN-adjusted; DOI 10.5258/SOTON/WP00670",zmb_ppp_2005_1km_Aggregated.tif,EXPOSURE ONLY - not a flood-occurrence predictor,2026-10-07T14:55:13+00:00
ZMB-D-1015,2005,23422.13308930397,3.6833556525601208,6358.911628048839,2.2384908199310303,"WorldPop, University of Southampton","The spatial distribution of population in 2005 Zambia — unconstrained individual countries 2000-2020, 1 km, not UN-adjusted; DOI 10.5258/SOTON/WP00670",zmb_ppp_2005_1km_Aggregated.tif,EXPOSURE ONLY - not a flood-occurrence predictor,2026-10-07T14:55:13+00:00
ZMB-D-0111,2005,74499.66294753551,6.43184099698135,11582.945377925289,8.373315811157227,"WorldPop, University of Southampton","The spatial distribution of population in 2005 Zambia — unconstrained individual countries 2000-2020, 1 km, not UN-adjusted; DOI 10.5258/SOTON/WP00670",zmb_ppp_2005_1km_Aggregated.tif,EXPOSURE ONLY - not a flood-occurrence predictor,2026-10-07T14:55:13+00:00
ZMB-D-0708,2005,35541.52672320604,5.045696838352438,7043.928294116726,5.190114974975586,"WorldPop, University of Southampton","The spatial distribution of population in 2005 Zambia — unconstrained individual countries 2000-2020, 1 km, not UN-adjusted; DOI 10.5258/SOTON/WP00670",zmb_ppp_2005_1km_Aggregated.tif,EXPOSURE ONLY - not a flood-occurrence predictor,2026-10-07T14:55:13+00:00
ZMB-D-0709,2005,39811.27562433481,5.364302283279782,7421.51980294329,2.609534740447998,"WorldPop, University of Southampton","The spatial distribution of population in 2005 Zambia — unconstrained individual countries 2000-2020, 1 km, not UN-adjusted; DOI 10.5258/SOTON/WP00670",zmb_ppp_2005_1km_Aggregated.tif,EXPOSURE ONLY - not a flood-occurrence predictor,2026-10-07T14:55:13+00:00
ZMB-D-0410,2005,79742.96147608757,32.79890324204605,2431.269146032368,18.94908905029297,"WorldPop, University of Southampton","The spatial distribution of population in 2005 Zambia — unconstrained individual countries 2000-2020, 1 km, not UN-adjusted; DOI 10.5258/SOTON/WP00670",zmb_ppp_2005_1km_Aggregated.tif,EXPOSURE ONLY - not a flood-occurrence predictor,2026-10-07T14:55:13+00:00
ZMB-D-0411,2005,43644.16060626507,36.72252597895562,1188.4847091203908,32.265419006347656,"WorldPop, University of Southampton","The spatial distribution of population in 2005 Zambia — unconstrained individual countries 2000-2020, 1 km, not UN-adjusted; DOI 10.5258/SOTON/WP00670",zmb_ppp_2005_1km_Aggregated.tif,EXPOSURE ONLY - not a flood-occurrence predictor,2026-10-07T14:55:13+00:00
ZMB-D-0912,2005,51224.48787474632,26.984666683479368,1898.281289726181,9.732386589050293,"WorldPop, University of Southampton","The spatial distribution of population in 2005 Zambia — unconstrained individual countries 2000-2020, 1 km, not UN-adjusted; DOI 10.5258/SOTON/WP00670",zmb_ppp_2005_1km_Aggregated.tif,EXPOSURE ONLY - not a flood-occurrence predictor,2026-10-07T14:55:13+00:00
ZMB-D-0508,2005,43290.86630111933,26.476601586225783,1635.0612883656872,15.620939254760742,"WorldPop, University of Southampton","The spatial distribution of population in 2005 Zambia — unconstrained individual countries 2000-2020, 1 km, not UN-adjusted; DOI 10.5258/SOTON/WP00670",zmb_ppp_2005_1km_Aggregated.tif,EXPOSURE ONLY - not a flood-occurrence predictor,2026-10-07T14:55:13+00:00
ZMB-D-0901,2006,125361.46716737747,149.01929536747502,841.2431883954464,180.56312561035156,"WorldPop, University of Southampton","The spatial distribution of population in 2006 Zambia — unconstrained individual countries 2000-2020, 1 km, not UN-adjusted; DOI 10.5258/SOTON/WP00670",zmb_ppp_2006_1km_Aggregated.tif,EXPOSURE ONLY - not a flood-occurrence predictor,2026-10-07T14:55:13+00:00
ZMB-D-0902,2006,94295.50418759882,18.595833647381927,5070.7866060564875,29.068803787231445,"WorldPop, University of Southampton","The spatial distribution of population in 2006 Zambia — unconstrained individual countries 2000-2020, 1 km, not UN-adjusted; DOI 10.5258/SOTON/WP00670",zmb_ppp_2006_1km_Aggregated.tif,EXPOSURE ONLY - not a flood-occurrence predictor,2026-10-07T14:55:13+00:00
ZMB-D-0903,2006,43605.52993509546,11.308922989565177,3855.8517000540714,8.469504356384277,"WorldPop, University of Southampton","The spatial distribution of population in 2006 Zambia — unconstrained individual countries 2000-2020, 1 km, not UN-adjusted; DOI 10.5258/SOTON/WP00670",zmb_ppp_2006_1km_Aggregated.tif,EXPOSURE ONLY - not a flood-occurrence predictor,2026-10-07T14:55:13+00:00
ZMB-D-0904,2006,145961.43970680237,18.062305479071966,8080.997183660843,7.575336456298828,"WorldPop, University of Southampton","The spatial distribution of population in 2006 Zambia — unconstrained individual countries 2000-2020, 1 km, not UN-adjusted; DOI 10.5258/SOTON/WP00670",zmb_ppp_2006_1km_Aggregated.tif,EXPOSURE ONLY - not a flood-occurrence predictor,2026-10-07T14:55:13+00:00
ZMB-D-0905,2006,176451.24166965485,34.23328438880863,5154.376648924151,64.71200561523438,"WorldPop, University of Southampton","The spatial distribution of population in 2006 Zambia — unconstrained individual countries 2000-2020, 1 km, not UN-adjusted; DOI 10.5258/SOTON/WP00670",zmb_ppp_2006_1km_Aggregated.tif,EXPOSURE ONLY - not a flood-occurrence predictor,2026-10-07T14:55:13+00:00
ZMB-D-0906,2006,90993.64966416359,4.9760274826998785,18286.404160853333,1.2680885791778564,"WorldPop, University of Southampton","The spatial distribution of population in 2006 Zambia — unconstrained individual countries 2000-2020, 1 km, not UN-adjusted; DOI 10.5258/SOTON/WP00670",zmb_ppp_2006_1km_Aggregated.tif,EXPOSURE ONLY - not a flood-occurrence predictor,2026-10-07T14:55:13+00:00
ZMB-D-0907,2006,40329.95794508606,19.67474329578358,2049.8340099679485,8.352810859680176,"WorldPop, University of Southampton","The spatial distribution of population in 2006 Zambia — unconstrained individual countries 2000-2020, 1 km, not UN-adjusted; DOI 10.5258/SOTON/WP00670",zmb_ppp_2006_1km_Aggregated.tif,EXPOSURE ONLY - not a flood-occurrence predictor,2026-10-07T14:55:13+00:00
ZMB-D-1001,2006,33146.309574723244,4.000960810885062,8284.587413239587,2.411085605621338,"WorldPop, University of Southampton","The spatial distribution of population in 2006 Zambia — unconstrained individual countries 2000-2020, 1 km, not UN-adjusted; DOI 10.5258/SOTON/WP00670",zmb_ppp_2006_1km_Aggregated.tif,EXPOSURE ONLY - not a flood-occurrence predictor,2026-10-07T14:55:13+00:00
ZMB-D-0908,2006,181548.4792458415,37.04742117969466,4900.434995603594,12.358843803405762,"WorldPop, University of Southampton","The spatial distribution of population in 2006 Zambia — unconstrained individual countries 2000-2020, 1 km, not UN-adjusted; DOI 10.5258/SOTON/WP00670",zmb_ppp_2006_1km_Aggregated.tif,EXPOSURE ONLY - not a flood-occurrence predictor,2026-10-07T14:55:13+00:00
ZMB-D-0909,2006,89917.94046090543,16.627479603025577,5407.791355494656,11.688485145568848,"WorldPop, University of Southampton","The spatial distribution of population in 2006 Zambia — unconstrained individual countries 2000-2020, 1 km, not UN-adjusted; DOI 10.5258/SOTON/WP00670",zmb_ppp_2006_1km_Aggregated.tif,EXPOSURE ONLY - not a flood-occurrence predictor,2026-10-07T14:55:13+00:00
ZMB-D-0910,2006,148992.2774285078,38.944958997720185,3825.714065772408,142.2767333984375,"WorldPop, University of Southampton","The spatial distribution of population in 2006 Zambia — unconstrained individual countries 2000-2020, 1 km, not UN-adjusted; DOI 10.5258/SOTON/WP00670",zmb_ppp_2006_1km_Aggregated.tif,EXPOSURE ONLY - not a flood-occurrence predictor,2026-10-07T14:55:13+00:00
ZMB-D-1002,2006,64389.951485574245,5.843568377532633,11018.9437900891,1.4186906814575195,"WorldPop, University of Southampton","The spatial distribution of population in 2006 Zambia — unconstrained individual countries 2000-2020, 1 km, not UN-adjusted; DOI 10.5258/SOTON/WP00670",zmb_ppp_2006_1km_Aggregated.tif,EXPOSURE ONLY - not a flood-occurrence predictor,2026-10-07T14:55:13+00:00
ZMB-D-0501,2006,1076247.8155117035,2494.5310693042893,431.4429388172996,1193.9300537109375,"WorldPop, University of Southampton","The spatial distribution of population in 2006 Zambia — unconstrained individual countries 2000-2020, 1 km, not UN-adjusted; DOI 10.5258/SOTON/WP00670",zmb_ppp_2006_1km_Aggregated.tif,EXPOSURE ONLY - not a flood-occurrence predictor,2026-10-07T14:55:13+00:00
ZMB-D-0101,2006,62232.61148847267,3.8552226959119604,16142.416767379873,5.35984468460083,"WorldPop, University of Southampton","The spatial distribution of population in 2006 Zambia — unconstrained individual countries 2000-2020, 1 km, not UN-adjusted; DOI 10.5258/SOTON/WP00670",zmb_ppp_2006_1km_Aggregated.tif,EXPOSURE ONLY - not a flood-occurrence predictor,2026-10-07T14:55:13+00:00
ZMB-D-0502,2006,96706.42616149783,20.843729393736137,4639.593248152589,2.207420587539673,"WorldPop, University of Southampton","The spatial distribution of population in 2006 Zambia — unconstrained individual countries 2000-2020, 1 km, not UN-adjusted; DOI 10.5258/SOTON/WP00670",zmb_ppp_2006_1km_Aggregated.tif,EXPOSURE ONLY - not a flood-occurrence predictor,2026-10-07T14:55:13+00:00
ZMB-D-0503,2006,21060.129810214043,5.579715728218514,3774.40909824596,1.3133714199066162,"WorldPop, University of Southampton","The spatial distribution of population in 2006 Zambia — unconstrained individual countries 2000-2020, 1 km, not UN-adjusted; DOI 10.5258/SOTON/WP00670",zmb_ppp_2006_1km_Aggregated.tif,EXPOSURE ONLY - not a flood-occurrence predictor,2026-10-07T14:55:13+00:00
ZMB-D-0504,2006,45488.96593606472,4.757360271174323,9561.808091703777,4.746879577636719,"WorldPop, University of Southampton","The spatial distribution of population in 2006 Zambia — unconstrained individual countries 2000-2020, 1 km, not UN-adjusted; DOI 10.5258/SOTON/WP00670",zmb_ppp_2006_1km_Aggregated.tif,EXPOSURE ONLY - not a flood-occurrence predictor,2026-10-07T14:55:13+00:00
ZMB-D-1003,2006,135023.5564287901,22.292904786939324,6056.795097779089,11.631444931030273,"WorldPop, University of Southampton","The spatial distribution of population in 2006 Zambia — unconstrained individual countries 2000-2020, 1 km, not UN-adjusted; DOI 10.5258/SOTON/WP00670",zmb_ppp_2006_1km_Aggregated.tif,EXPOSURE ONLY - not a flood-occurrence predictor,2026-10-07T14:55:13+00:00
ZMB-D-0102,2006,456373.0544511229,51.14314167377745,8923.445832916408,20.327707290649414,"WorldPop, University of Southampton","The spatial distribution of population in 2006 Zambia — unconstrained individual countries 2000-2020, 1 km, not UN-adjusted; DOI 10.5258/SOTON/WP00670",zmb_ppp_2006_1km_Aggregated.tif,EXPOSURE ONLY - not a flood-occurrence predictor,2026-10-07T14:55:13+00:00
ZMB-D-0103,2006,191541.2247262001,124.0105472793097,1544.5559182542002,38.44887924194336,"WorldPop, University of Southampton","The spatial distribution of population in 2006 Zambia — unconstrained individual countries 2000-2020, 1 km, not UN-adjusted; DOI 10.5258/SOTON/WP00670",zmb_ppp_2006_1km_Aggregated.tif,EXPOSURE ONLY - not a flood-occurrence predictor,2026-10-07T14:55:13+00:00
ZMB-D-0104,2006,152812.0199381709,7.665529018197887,19934.96072813719,3.3539624214172363,"WorldPop, University of Southampton","The spatial distribution of population in 2006 Zambia — unconstrained individual countries 2000-2020, 1 km, not UN-adjusted; DOI 10.5258/SOTON/WP00670",zmb_ppp_2006_1km_Aggregated.tif,EXPOSURE ONLY - not a flood-occurrence predictor,2026-10-07T14:55:13+00:00
ZMB-D-1004,2006,83537.4084893465,8.485053163469221,9845.242791052964,4.042602062225342,"WorldPop, University of Southampton","The spatial distribution of population in 2006 Zambia — unconstrained individual countries 2000-2020, 1 km, not UN-adjusted; DOI 10.5258/SOTON/WP00670",zmb_ppp_2006_1km_Aggregated.tif,EXPOSURE ONLY - not a flood-occurrence predictor,2026-10-07T14:55:13+00:00
ZMB-D-1005,2006,97864.09021431208,10.70498033014641,9141.921535223746,3.9382174015045166,"WorldPop, University of Southampton","The spatial distribution of population in 2006 Zambia — unconstrained individual countries 2000-2020, 1 km, not UN-adjusted; DOI 10.5258/SOTON/WP00670",zmb_ppp_2006_1km_Aggregated.tif,EXPOSURE ONLY - not a flood-occurrence predictor,2026-10-07T14:55:13+00:00
ZMB-D-0301,2006,64710.3782081604,42.956056926376895,1506.4319874393639,47.66559600830078,"WorldPop, University of Southampton","The spatial distribution of population in 2006 Zambia — unconstrained individual countries 2000-2020, 1 km, not UN-adjusted; DOI 10.5258/SOTON/WP00670",zmb_ppp_2006_1km_Aggregated.tif,EXPOSURE ONLY - not a flood-occurrence predictor,2026-10-07T14:55:13+00:00
ZMB-D-0302,2006,72279.2758076191,7.063598750968835,10232.641795756781,3.7734029293060303,"WorldPop, University of Southampton","The spatial distribution of population in 2006 Zambia — unconstrained individual countries 2000-2020, 1 km, not UN-adjusted; DOI 10.5258/SOTON/WP00670",zmb_ppp_2006_1km_Aggregated.tif,EXPOSURE ONLY - not a flood-occurrence predictor,2026-10-07T14:55:13+00:00
ZMB-D-1006,2006,48466.279386639595,5.191153055566555,9336.322560296781,7.304021835327148,"WorldPop, University of Southampton","The spatial distribution of population in 2006 Zambia — unconstrained individual countries 2000-2020, 1 km, not UN-adjusted; DOI 10.5258/SOTON/WP00670",zmb_ppp_2006_1km_Aggregated.tif,EXPOSURE ONLY - not a flood-occurrence predictor,2026-10-07T14:55:13+00:00
ZMB-D-0303,2006,143906.08903455734,58.81024714140543,2446.956032824424,372.4456787109375,"WorldPop, University of Southampton","The spatial distribution of population in 2006 Zambia — unconstrained individual countries 2000-2020, 1 km, not UN-adjusted; DOI 10.5258/SOTON/WP00670",zmb_ppp_2006_1km_Aggregated.tif,EXPOSURE ONLY - not a flood-occurrence predictor,2026-10-07T14:55:13+00:00
ZMB-D-0105,2006,46389.103244006634,6.722354512595815,6900.722530638099,7.978078842163086,"WorldPop, University of Southampton","The spatial distribution of population in 2006 Zambia — unconstrained individual countries 2000-2020, 1 km, not UN-adjusted; DOI 10.5258/SOTON/WP00670",zmb_ppp_2006_1km_Aggregated.tif,EXPOSURE ONLY - not a flood-occurrence predictor,2026-10-07T14:55:13+00:00
ZMB-D-0304,2006,204140.95681357384,27.77493568677334,7349.826444811085,24.30779457092285,"WorldPop, University of Southampton","The spatial distribution of population in 2006 Zambia — unconstrained individual countries 2000-2020, 1 km, not UN-adjusted; DOI 10.5258/SOTON/WP00670",zmb_ppp_2006_1km_Aggregated.tif,EXPOSURE ONLY - not a flood-occurrence predictor,2026-10-07T14:55:13+00:00
ZMB-D-0106,2006,23065.29361754656,2.4872836239541254,9273.286486274863,1.3959834575653076,"WorldPop, University of Southampton","The spatial distribution of population in 2006 Zambia — unconstrained individual countries 2000-2020, 1 km, not UN-adjusted; DOI 10.5258/SOTON/WP00670",zmb_ppp_2006_1km_Aggregated.tif,EXPOSURE ONLY - not a flood-occurrence predictor,2026-10-07T14:55:13+00:00
ZMB-D-0201,2006,79265.29344898462,8.900357395570452,8905.8551163837,7.138444900512695,"WorldPop, University of Southampton","The spatial distribution of population in 2006 Zambia — unconstrained individual countries 2000-2020, 1 km, not UN-adjusted; DOI 10.5258/SOTON/WP00670",zmb_ppp_2006_1km_Aggregated.tif,EXPOSURE ONLY - not a flood-occurrence predictor,2026-10-07T14:55:13+00:00
ZMB-D-0305,2006,415774.5709732771,64.99062668017555,6397.4544055305,63.725303649902344,"WorldPop, University of Southampton","The spatial distribution of population in 2006 Zambia — unconstrained individual countries 2000-2020, 1 km, not UN-adjusted; DOI 10.5258/SOTON/WP00670",zmb_ppp_2006_1km_Aggregated.tif,EXPOSURE ONLY - not a flood-occurrence predictor,2026-10-07T14:55:13+00:00
ZMB-D-0701,2006,69720.98290109634,4.877414027369909,14294.66157883107,2.4940176010131836,"WorldPop, University of Southampton","The spatial distribution of population in 2006 Zambia — unconstrained individual countries 2000-2020, 1 km, not UN-adjusted; DOI 10.5258/SOTON/WP00670",zmb_ppp_2006_1km_Aggregated.tif,EXPOSURE ONLY - not a flood-occurrence predictor,2026-10-07T14:55:13+00:00
ZMB-D-0702,2006,31758.55425232649,6.9297256152413755,4582.94541741683,2.003495216369629,"WorldPop, University of Southampton","The spatial distribution of population in 2006 Zambia — unconstrained individual countries 2000-2020, 1 km, not UN-adjusted; DOI 10.5258/SOTON/WP00670",zmb_ppp_2006_1km_Aggregated.tif,EXPOSURE ONLY - not a flood-occurrence predictor,2026-10-07T14:55:13+00:00
ZMB-D-0703,2006,50771.26613241434,2.6717031075061257,19003.333862124473,2.710883140563965,"WorldPop, University of Southampton","The spatial distribution of population in 2006 Zambia — unconstrained individual countries 2000-2020, 1 km, not UN-adjusted; DOI 10.5258/SOTON/WP00670",zmb_ppp_2006_1km_Aggregated.tif,EXPOSURE ONLY - not a flood-occurrence predictor,2026-10-07T14:55:13+00:00
ZMB-D-0306,2006,60822.68102324009,10.285207717217789,5913.60745407415,8.86122989654541,"WorldPop, University of Southampton","The spatial distribution of population in 2006 Zambia — unconstrained individual countries 2000-2020, 1 km, not UN-adjusted; DOI 10.5258/SOTON/WP00670",zmb_ppp_2006_1km_Aggregated.tif,EXPOSURE ONLY - not a flood-occurrence predictor,2026-10-07T14:55:13+00:00
ZMB-D-0704,2006,62921.73650187254,2.8871975763480906,21793.360114086794,2.6326305866241455,"WorldPop, University of Southampton","The spatial distribution of population in 2006 Zambia — unconstrained individual countries 2000-2020, 1 km, not UN-adjusted; DOI 10.5258/SOTON/WP00670",zmb_ppp_2006_1km_Aggregated.tif,EXPOSURE ONLY - not a flood-occurrence predictor,2026-10-07T14:55:13+00:00
ZMB-D-0202,2006,490630.728433609,409.70517532275574,1197.521432447374,118.42005920410156,"WorldPop, University of Southampton","The spatial distribution of population in 2006 Zambia — unconstrained individual countries 2000-2020, 1 km, not UN-adjusted; DOI 10.5258/SOTON/WP00670",zmb_ppp_2006_1km_Aggregated.tif,EXPOSURE ONLY - not a flood-occurrence predictor,2026-10-07T14:55:13+00:00
ZMB-D-0203,2006,63462.84998035431,59.334258288335405,1069.5819213236975,10.722248077392578,"WorldPop, University of Southampton","The spatial distribution of population in 2006 Zambia — unconstrained individual countries 2000-2020, 1 km, not UN-adjusted; DOI 10.5258/SOTON/WP00670",zmb_ppp_2006_1km_Aggregated.tif,EXPOSURE ONLY - not a flood-occurrence predictor,2026-10-07T14:55:13+00:00
ZMB-D-0204,2006,131036.18228924274,175.5955158271731,746.2387730801331,754.939697265625,"WorldPop, University of Southampton","The spatial distribution of population in 2006 Zambia — unconstrained individual countries 2000-2020, 1 km, not UN-adjusted; DOI 10.5258/SOTON/WP00670",zmb_ppp_2006_1km_Aggregated.tif,EXPOSURE ONLY - not a flood-occurrence predictor,2026-10-07T14:55:13+00:00
ZMB-D-0205,2006,68020.75723540783,6.27488747036091,10840.155709038638,8.42383861541748,"WorldPop, University of Southampton","The spatial distribution of population in 2006 Zambia — unconstrained individual countries 2000-2020, 1 km, not UN-adjusted; DOI 10.5258/SOTON/WP00670",zmb_ppp_2006_1km_Aggregated.tif,EXPOSURE ONLY - not a flood-occurrence predictor,2026-10-07T14:55:13+00:00
ZMB-D-0206,2006,196052.05959749222,125.94284478780804,1556.6748545961948,12.587021827697754,"WorldPop, University of Southampton","The spatial distribution of population in 2006 Zambia — unconstrained individual countries 2000-2020, 1 km, not UN-adjusted; DOI 10.5258/SOTON/WP00670",zmb_ppp_2006_1km_Aggregated.tif,EXPOSURE ONLY - not a flood-occurrence predictor,2026-10-07T14:55:13+00:00
ZMB-D-0207,2006,75954.04110527039,86.21995482448965,880.9334365795404,48.56596755981445,"WorldPop, University of Southampton","The spatial distribution of population in 2006 Zambia — unconstrained individual countries 2000-2020, 1 km, not UN-adjusted; DOI 10.5258/SOTON/WP00670",zmb_ppp_2006_1km_Aggregated.tif,EXPOSURE ONLY - not a flood-occurrence predictor,2026-10-07T14:55:13+00:00
ZMB-D-0107,2006,75052.57460905612,6.247699062490738,12012.83446247414,12.568013191223145,"WorldPop, University of Southampton","The spatial distribution of population in 2006 Zambia — unconstrained individual countries 2000-2020, 1 km, not UN-adjusted; DOI 10.5258/SOTON/WP00670",zmb_ppp_2006_1km_Aggregated.tif,EXPOSURE ONLY - not a flood-occurrence predictor,2026-10-07T14:55:13+00:00
ZMB-D-0307,2006,273471.51005351543,20.060163585852504,13632.56629902969,7.450525760650635,"WorldPop, University of Southampton","The spatial distribution of population in 2006 Zambia — unconstrained individual countries 2000-2020, 1 km, not UN-adjusted; DOI 10.5258/SOTON/WP00670",zmb_ppp_2006_1km_Aggregated.tif,EXPOSURE ONLY - not a flood-occurrence predictor,2026-10-07T14:55:13+00:00
ZMB-D-0705,2006,222950.23848964274,7.323047539425166,30445.00766782453,8.261778831481934,"WorldPop, University of Southampton","The spatial distribution of population in 2006 Zambia — unconstrained individual countries 2000-2020, 1 km, not UN-adjusted; DOI 10.5258/SOTON/WP00670",zmb_ppp_2006_1km_Aggregated.tif,EXPOSURE ONLY - not a flood-occurrence predictor,2026-10-07T14:55:13+00:00
ZMB-D-0401,2006,64873.484369277954,10.485183883268851,6187.157525467551,6.535057544708252,"WorldPop, University of Southampton","The spatial distribution of population in 2006 Zambia — unconstrained individual countries 2000-2020, 1 km, not UN-adjusted; DOI 10.5258/SOTON/WP00670",zmb_ppp_2006_1km_Aggregated.tif,EXPOSURE ONLY - not a flood-occurrence predictor,2026-10-07T14:55:13+00:00
ZMB-D-0601,2006,178615.68443726748,4.457242952366731,40073.13183196019,7.7969536781311035,"WorldPop, University of Southampton","The spatial distribution of population in 2006 Zambia — unconstrained individual countries 2000-2020, 1 km, not UN-adjusted; DOI 10.5258/SOTON/WP00670",zmb_ppp_2006_1km_Aggregated.tif,EXPOSURE ONLY - not a flood-occurrence predictor,2026-10-07T14:55:13+00:00
ZMB-D-0706,2006,115500.06971365213,5.535717010364091,20864.51845305863,1.4679851531982422,"WorldPop, University of Southampton","The spatial distribution of population in 2006 Zambia — unconstrained individual countries 2000-2020, 1 km, not UN-adjusted; DOI 10.5258/SOTON/WP00670",zmb_ppp_2006_1km_Aggregated.tif,EXPOSURE ONLY - not a flood-occurrence predictor,2026-10-07T14:55:13+00:00
ZMB-D-0402,2006,155849.99163348973,24.89121265160569,6261.245436888592,0.0,"WorldPop, University of Southampton","The spatial distribution of population in 2006 Zambia — unconstrained individual countries 2000-2020, 1 km, not UN-adjusted; DOI 10.5258/SOTON/WP00670",zmb_ppp_2006_1km_Aggregated.tif,EXPOSURE ONLY - not a flood-occurrence predictor,2026-10-07T14:55:13+00:00
ZMB-D-0801,2006,80803.1579349041,15.661639161424715,5159.30402316545,19.033794403076172,"WorldPop, University of Southampton","The spatial distribution of population in 2006 Zambia — unconstrained individual countries 2000-2020, 1 km, not UN-adjusted; DOI 10.5258/SOTON/WP00670",zmb_ppp_2006_1km_Aggregated.tif,EXPOSURE ONLY - not a flood-occurrence predictor,2026-10-07T14:55:13+00:00
ZMB-D-0403,2006,139769.96492779255,18.48267510643786,7562.215108088334,14.447585105895996,"WorldPop, University of Southampton","The spatial distribution of population in 2006 Zambia — unconstrained individual countries 2000-2020, 1 km, not UN-adjusted; DOI 10.5258/SOTON/WP00670",zmb_ppp_2006_1km_Aggregated.tif,EXPOSURE ONLY - not a flood-occurrence predictor,2026-10-07T14:55:13+00:00
ZMB-D-0602,2006,84623.00171560049,4.7947391257001515,17649.135750058857,5.571160793304443,"WorldPop, University of Southampton","The spatial distribution of population in 2006 Zambia — unconstrained individual countries 2000-2020, 1 km, not UN-adjusted; DOI 10.5258/SOTON/WP00670",zmb_ppp_2006_1km_Aggregated.tif,EXPOSURE ONLY - not a flood-occurrence predictor,2026-10-07T14:55:13+00:00
ZMB-D-0802,2006,95942.92644405365,10.735964973583803,8936.590858867778,12.524295806884766,"WorldPop, University of Southampton","The spatial distribution of population in 2006 Zambia — unconstrained individual countries 2000-2020, 1 km, not UN-adjusted; DOI 10.5258/SOTON/WP00670",zmb_ppp_2006_1km_Aggregated.tif,EXPOSURE ONLY - not a flood-occurrence predictor,2026-10-07T14:55:13+00:00
ZMB-D-0404,2006,28640.00829088688,6.823883168288572,4197.025005348939,15.220538139343262,"WorldPop, University of Southampton","The spatial distribution of population in 2006 Zambia — unconstrained individual countries 2000-2020, 1 km, not UN-adjusted; DOI 10.5258/SOTON/WP00670",zmb_ppp_2006_1km_Aggregated.tif,EXPOSURE ONLY - not a flood-occurrence predictor,2026-10-07T14:55:13+00:00
ZMB-D-0603,2006,55536.454604543746,6.078090823255674,9137.154448573401,3.357126474380493,"WorldPop, University of Southampton","The spatial distribution of population in 2006 Zambia — unconstrained individual countries 2000-2020, 1 km, not UN-adjusted; DOI 10.5258/SOTON/WP00670",zmb_ppp_2006_1km_Aggregated.tif,EXPOSURE ONLY - not a flood-occurrence predictor,2026-10-07T14:55:13+00:00
ZMB-D-0803,2006,206867.0402829647,19.494900807171685,10611.341002918236,5.524396896362305,"WorldPop, University of Southampton","The spatial distribution of population in 2006 Zambia — unconstrained individual countries 2000-2020, 1 km, not UN-adjusted; DOI 10.5258/SOTON/WP00670",zmb_ppp_2006_1km_Aggregated.tif,EXPOSURE ONLY - not a flood-occurrence predictor,2026-10-07T14:55:13+00:00
ZMB-D-0604,2006,61734.47370219231,11.684814166019978,5283.308131824572,2.364288091659546,"WorldPop, University of Southampton","The spatial distribution of population in 2006 Zambia — unconstrained individual countries 2000-2020, 1 km, not UN-adjusted; DOI 10.5258/SOTON/WP00670",zmb_ppp_2006_1km_Aggregated.tif,EXPOSURE ONLY - not a flood-occurrence predictor,2026-10-07T14:55:13+00:00
ZMB-D-0804,2006,129371.39488530159,13.320243614883069,9712.389549749032,7.507082462310791,"WorldPop, University of Southampton","The spatial distribution of population in 2006 Zambia — unconstrained individual countries 2000-2020, 1 km, not UN-adjusted; DOI 10.5258/SOTON/WP00670",zmb_ppp_2006_1km_Aggregated.tif,EXPOSURE ONLY - not a flood-occurrence predictor,2026-10-07T14:55:13+00:00
ZMB-D-0405,2006,79174.73023605347,9.910430582511431,7989.0303026560905,13.849940299987793,"WorldPop, University of Southampton","The spatial distribution of population in 2006 Zambia — unconstrained individual countries 2000-2020, 1 km, not UN-adjusted; DOI 10.5258/SOTON/WP00670",zmb_ppp_2006_1km_Aggregated.tif,EXPOSURE ONLY - not a flood-occurrence predictor,2026-10-07T14:55:13+00:00
ZMB-D-0805,2006,88838.69819223881,7.396808672537396,12010.409100086084,2.672374725341797,"WorldPop, University of Southampton","The spatial distribution of population in 2006 Zambia — unconstrained individual countries 2000-2020, 1 km, not UN-adjusted; DOI 10.5258/SOTON/WP00670",zmb_ppp_2006_1km_Aggregated.tif,EXPOSURE ONLY - not a flood-occurrence predictor,2026-10-07T14:55:13+00:00
ZMB-D-0605,2006,105592.21444869041,24.305112041647615,4344.444669407599,19.38930892944336,"WorldPop, University of Southampton","The spatial distribution of population in 2006 Zambia — unconstrained individual countries 2000-2020, 1 km, not UN-adjusted; DOI 10.5258/SOTON/WP00670",zmb_ppp_2006_1km_Aggregated.tif,EXPOSURE ONLY - not a flood-occurrence predictor,2026-10-07T14:55:13+00:00
ZMB-D-0406,2006,135751.7548238635,32.18048304463202,4218.4498795616455,19.925783157348633,"WorldPop, University of Southampton","The spatial distribution of population in 2006 Zambia — unconstrained individual countries 2000-2020, 1 km, not UN-adjusted; DOI 10.5258/SOTON/WP00670",zmb_ppp_2006_1km_Aggregated.tif,EXPOSURE ONLY - not a flood-occurrence predictor,2026-10-07T14:55:13+00:00
ZMB-D-0806,2006,160341.95164632797,20.985959406424854,7640.439426240349,30.902198791503906,"WorldPop, University of Southampton","The spatial distribution of population in 2006 Zambia — unconstrained individual countries 2000-2020, 1 km, not UN-adjusted; DOI 10.5258/SOTON/WP00670",zmb_ppp_2006_1km_Aggregated.tif,EXPOSURE ONLY - not a flood-occurrence predictor,2026-10-07T14:55:13+00:00
ZMB-D-0807,2006,101445.12356935441,9.153190820791515,11083.033835470942,4.5154500007629395,"WorldPop, University of Southampton","The spatial distribution of population in 2006 Zambia — unconstrained individual countries 2000-2020, 1 km, not UN-adjusted; DOI 10.5258/SOTON/WP00670",zmb_ppp_2006_1km_Aggregated.tif,EXPOSURE ONLY - not a flood-occurrence predictor,2026-10-07T14:55:13+00:00
ZMB-D-0808,2006,49916.130992904305,6.740563643358079,7405.33487019145,3.056007146835327,"WorldPop, University of Southampton","The spatial distribution of population in 2006 Zambia — unconstrained individual countries 2000-2020, 1 km, not UN-adjusted; DOI 10.5258/SOTON/WP00670",zmb_ppp_2006_1km_Aggregated.tif,EXPOSURE ONLY - not a flood-occurrence predictor,2026-10-07T14:55:13+00:00
ZMB-D-0407,2006,92500.95671898127,23.781952471780514,3889.5442596120824,45.389469146728516,"WorldPop, University of Southampton","The spatial distribution of population in 2006 Zambia — unconstrained individual countries 2000-2020, 1 km, not UN-adjusted; DOI 10.5258/SOTON/WP00670",zmb_ppp_2006_1km_Aggregated.tif,EXPOSURE ONLY - not a flood-occurrence predictor,2026-10-07T14:55:13+00:00
ZMB-D-0208,2006,98429.65084838867,26.729632277741423,3682.4169455692077,12.33632755279541,"WorldPop, University of Southampton","The spatial distribution of population in 2006 Zambia — unconstrained individual countries 2000-2020, 1 km, not UN-adjusted; DOI 10.5258/SOTON/WP00670",zmb_ppp_2006_1km_Aggregated.tif,EXPOSURE ONLY - not a flood-occurrence predictor,2026-10-07T14:55:13+00:00
ZMB-D-0209,2006,149872.56908512115,189.03790191909567,792.8175649625202,98.65151977539062,"WorldPop, University of Southampton","The spatial distribution of population in 2006 Zambia — unconstrained individual countries 2000-2020, 1 km, not UN-adjusted; DOI 10.5258/SOTON/WP00670",zmb_ppp_2006_1km_Aggregated.tif,EXPOSURE ONLY - not a flood-occurrence predictor,2026-10-07T14:55:13+00:00
ZMB-D-0210,2006,406633.30993938446,373.8343710460094,1087.7365524245452,125.9900131225586,"WorldPop, University of Southampton","The spatial distribution of population in 2006 Zambia — unconstrained individual countries 2000-2020, 1 km, not UN-adjusted; DOI 10.5258/SOTON/WP00670",zmb_ppp_2006_1km_Aggregated.tif,EXPOSURE ONLY - not a flood-occurrence predictor,2026-10-07T14:55:13+00:00
ZMB-D-0707,2006,27079.823598980904,12.335465684174126,2195.2818233464145,15.583492279052734,"WorldPop, University of Southampton","The spatial distribution of population in 2006 Zambia — unconstrained individual countries 2000-2020, 1 km, not UN-adjusted; DOI 10.5258/SOTON/WP00670",zmb_ppp_2006_1km_Aggregated.tif,EXPOSURE ONLY - not a flood-occurrence predictor,2026-10-07T14:55:13+00:00
ZMB-D-0606,2006,57910.15624046326,14.201502263541263,4077.748618829771,14.4970064163208,"WorldPop, University of Southampton","The spatial distribution of population in 2006 Zambia — unconstrained individual countries 2000-2020, 1 km, not UN-adjusted; DOI 10.5258/SOTON/WP00670",zmb_ppp_2006_1km_Aggregated.tif,EXPOSURE ONLY - not a flood-occurrence predictor,2026-10-07T14:55:13+00:00
ZMB-D-0505,2006,30266.831388950348,17.059864998961253,1774.1542146314316,14.395125389099121,"WorldPop, University of Southampton","The spatial distribution of population in 2006 Zambia — unconstrained individual countries 2000-2020, 1 km, not UN-adjusted; DOI 10.5258/SOTON/WP00670",zmb_ppp_2006_1km_Aggregated.tif,EXPOSURE ONLY - not a flood-occurrence predictor,2026-10-07T14:55:13+00:00
ZMB-D-0408,2006,16490.415096998215,7.667552255546441,2150.675280376423,5.335903167724609,"WorldPop, University of Southampton","The spatial distribution of population in 2006 Zambia — unconstrained individual countries 2000-2020, 1 km, not UN-adjusted; DOI 10.5258/SOTON/WP00670",zmb_ppp_2006_1km_Aggregated.tif,EXPOSURE ONLY - not a flood-occurrence predictor,2026-10-07T14:55:13+00:00
ZMB-D-0607,2006,83859.16531336308,13.384416540316144,6265.433017626505,5.2629570960998535,"WorldPop, University of Southampton","The spatial distribution of population in 2006 Zambia — unconstrained individual countries 2000-2020, 1 km, not UN-adjusted; DOI 10.5258/SOTON/WP00670",zmb_ppp_2006_1km_Aggregated.tif,EXPOSURE ONLY - not a flood-occurrence predictor,2026-10-07T14:55:13+00:00
ZMB-D-0108,2006,108445.2536702156,12.88704738518732,8415.0581920623,18.115510940551758,"WorldPop, University of Southampton","The spatial distribution of population in 2006 Zambia — unconstrained individual countries 2000-2020, 1 km, not UN-adjusted; DOI 10.5258/SOTON/WP00670",zmb_ppp_2006_1km_Aggregated.tif,EXPOSURE ONLY - not a flood-occurrence predictor,2026-10-07T14:55:13+00:00
ZMB-D-0506,2006,178415.5065536499,78.93372533943123,2260.3203609917887,23.243637084960938,"WorldPop, University of Southampton","The spatial distribution of population in 2006 Zambia — unconstrained individual countries 2000-2020, 1 km, not UN-adjusted; DOI 10.5258/SOTON/WP00670",zmb_ppp_2006_1km_Aggregated.tif,EXPOSURE ONLY - not a flood-occurrence predictor,2026-10-07T14:55:13+00:00
ZMB-D-0109,2006,100530.0181978494,19.070601024096845,5271.4656486611875,9.50246810913086,"WorldPop, University of Southampton","The spatial distribution of population in 2006 Zambia — unconstrained individual countries 2000-2020, 1 km, not UN-adjusted; DOI 10.5258/SOTON/WP00670",zmb_ppp_2006_1km_Aggregated.tif,EXPOSURE ONLY - not a flood-occurrence predictor,2026-10-07T14:55:13+00:00
ZMB-D-1007,2006,32987.09673213959,2.9772448149989277,11079.739417449106,2.7259345054626465,"WorldPop, University of Southampton","The spatial distribution of population in 2006 Zambia — unconstrained individual countries 2000-2020, 1 km, not UN-adjusted; DOI 10.5258/SOTON/WP00670",zmb_ppp_2006_1km_Aggregated.tif,EXPOSURE ONLY - not a flood-occurrence predictor,2026-10-07T14:55:13+00:00
ZMB-D-1008,2006,29579.54398278892,4.579511061899264,6459.105258831141,1.9322611093521118,"WorldPop, University of Southampton","The spatial distribution of population in 2006 Zambia — unconstrained individual countries 2000-2020, 1 km, not UN-adjusted; DOI 10.5258/SOTON/WP00670",zmb_ppp_2006_1km_Aggregated.tif,EXPOSURE ONLY - not a flood-occurrence predictor,2026-10-07T14:55:13+00:00
ZMB-D-1009,2006,47888.129067629576,6.018296801255475,7957.08996233613,2.1764378547668457,"WorldPop, University of Southampton","The spatial distribution of population in 2006 Zambia — unconstrained individual countries 2000-2020, 1 km, not UN-adjusted; DOI 10.5258/SOTON/WP00670",zmb_ppp_2006_1km_Aggregated.tif,EXPOSURE ONLY - not a flood-occurrence predictor,2026-10-07T14:55:13+00:00
ZMB-D-1010,2006,49416.9518558979,10.682206974001478,4626.099454557439,4.01067590713501,"WorldPop, University of Southampton","The spatial distribution of population in 2006 Zambia — unconstrained individual countries 2000-2020, 1 km, not UN-adjusted; DOI 10.5258/SOTON/WP00670",zmb_ppp_2006_1km_Aggregated.tif,EXPOSURE ONLY - not a flood-occurrence predictor,2026-10-07T14:55:13+00:00
ZMB-D-1011,2006,38307.06048119068,5.01291359492648,7641.6757950827,4.597884178161621,"WorldPop, University of Southampton","The spatial distribution of population in 2006 Zambia — unconstrained individual countries 2000-2020, 1 km, not UN-adjusted; DOI 10.5258/SOTON/WP00670",zmb_ppp_2006_1km_Aggregated.tif,EXPOSURE ONLY - not a flood-occurrence predictor,2026-10-07T14:55:13+00:00
ZMB-D-1012,2006,45074.72857654095,4.425958255906664,10184.17390547831,2.926182508468628,"WorldPop, University of Southampton","The spatial distribution of population in 2006 Zambia — unconstrained individual countries 2000-2020, 1 km, not UN-adjusted; DOI 10.5258/SOTON/WP00670",zmb_ppp_2006_1km_Aggregated.tif,EXPOSURE ONLY - not a flood-occurrence predictor,2026-10-07T14:55:13+00:00
ZMB-D-1013,2006,35723.70269715786,9.400240153217894,3800.2968131541734,19.25050926208496,"WorldPop, University of Southampton","The spatial distribution of population in 2006 Zambia — unconstrained individual countries 2000-2020, 1 km, not UN-adjusted; DOI 10.5258/SOTON/WP00670",zmb_ppp_2006_1km_Aggregated.tif,EXPOSURE ONLY - not a flood-occurrence predictor,2026-10-07T14:55:13+00:00
ZMB-D-0809,2006,56128.03111616522,11.074349716906259,5068.291371589916,10.520401954650879,"WorldPop, University of Southampton","The spatial distribution of population in 2006 Zambia — unconstrained individual countries 2000-2020, 1 km, not UN-adjusted; DOI 10.5258/SOTON/WP00670",zmb_ppp_2006_1km_Aggregated.tif,EXPOSURE ONLY - not a flood-occurrence predictor,2026-10-07T14:55:13+00:00
ZMB-D-0409,2006,23056.40014717728,6.2243360800872045,3704.234451757665,5.102059364318848,"WorldPop, University of Southampton","The spatial distribution of population in 2006 Zambia — unconstrained individual countries 2000-2020, 1 km, not UN-adjusted; DOI 10.5258/SOTON/WP00670",zmb_ppp_2006_1km_Aggregated.tif,EXPOSURE ONLY - not a flood-occurrence predictor,2026-10-07T14:55:13+00:00
ZMB-D-0911,2006,60974.23968601227,11.61677146014215,5248.811160245219,5.536245346069336,"WorldPop, University of Southampton","The spatial distribution of population in 2006 Zambia — unconstrained individual countries 2000-2020, 1 km, not UN-adjusted; DOI 10.5258/SOTON/WP00670",zmb_ppp_2006_1km_Aggregated.tif,EXPOSURE ONLY - not a flood-occurrence predictor,2026-10-07T14:55:13+00:00
ZMB-D-0308,2006,143101.32073116302,55.26212564341816,2589.5008392281543,107.9582748413086,"WorldPop, University of Southampton","The spatial distribution of population in 2006 Zambia — unconstrained individual countries 2000-2020, 1 km, not UN-adjusted; DOI 10.5258/SOTON/WP00670",zmb_ppp_2006_1km_Aggregated.tif,EXPOSURE ONLY - not a flood-occurrence predictor,2026-10-07T14:55:13+00:00
ZMB-D-0110,2006,174371.7155650854,18.717581748623303,9315.931828528577,18.697628021240234,"WorldPop, University of Southampton","The spatial distribution of population in 2006 Zambia — unconstrained individual countries 2000-2020, 1 km, not UN-adjusted; DOI 10.5258/SOTON/WP00670",zmb_ppp_2006_1km_Aggregated.tif,EXPOSURE ONLY - not a flood-occurrence predictor,2026-10-07T14:55:13+00:00
ZMB-D-0507,2006,119889.2561917305,89.7552644052386,1335.735090149577,22.90423011779785,"WorldPop, University of Southampton","The spatial distribution of population in 2006 Zambia — unconstrained individual countries 2000-2020, 1 km, not UN-adjusted; DOI 10.5258/SOTON/WP00670",zmb_ppp_2006_1km_Aggregated.tif,EXPOSURE ONLY - not a flood-occurrence predictor,2026-10-07T14:55:13+00:00
ZMB-D-0309,2006,27896.830347537994,30.303192216246426,920.5904826284833,21.230010986328125,"WorldPop, University of Southampton","The spatial distribution of population in 2006 Zambia — unconstrained individual countries 2000-2020, 1 km, not UN-adjusted; DOI 10.5258/SOTON/WP00670",zmb_ppp_2006_1km_Aggregated.tif,EXPOSURE ONLY - not a flood-occurrence predictor,2026-10-07T14:55:13+00:00
ZMB-D-1014,2006,45268.151337742805,11.593344278601522,3904.667216801,4.671157360076904,"WorldPop, University of Southampton","The spatial distribution of population in 2006 Zambia — unconstrained individual countries 2000-2020, 1 km, not UN-adjusted; DOI 10.5258/SOTON/WP00670",zmb_ppp_2006_1km_Aggregated.tif,EXPOSURE ONLY - not a flood-occurrence predictor,2026-10-07T14:55:13+00:00
ZMB-D-1015,2006,24281.84551489353,3.8185536983699433,6358.911628048839,2.295896053314209,"WorldPop, University of Southampton","The spatial distribution of population in 2006 Zambia — unconstrained individual countries 2000-2020, 1 km, not UN-adjusted; DOI 10.5258/SOTON/WP00670",zmb_ppp_2006_1km_Aggregated.tif,EXPOSURE ONLY - not a flood-occurrence predictor,2026-10-07T14:55:13+00:00
ZMB-D-0111,2006,76826.69468820095,6.632742552219647,11582.945377925289,8.671499252319336,"WorldPop, University of Southampton","The spatial distribution of population in 2006 Zambia — unconstrained individual countries 2000-2020, 1 km, not UN-adjusted; DOI 10.5258/SOTON/WP00670",zmb_ppp_2006_1km_Aggregated.tif,EXPOSURE ONLY - not a flood-occurrence predictor,2026-10-07T14:55:13+00:00
ZMB-D-0708,2006,37262.34520757198,5.289994964698104,7043.928294116726,6.249536037445068,"WorldPop, University of Southampton","The spatial distribution of population in 2006 Zambia — unconstrained individual countries 2000-2020, 1 km, not UN-adjusted; DOI 10.5258/SOTON/WP00670",zmb_ppp_2006_1km_Aggregated.tif,EXPOSURE ONLY - not a flood-occurrence predictor,2026-10-07T14:55:13+00:00
ZMB-D-0709,2006,41129.83613976836,5.5419694660730725,7421.51980294329,2.8890483379364014,"WorldPop, University of Southampton","The spatial distribution of population in 2006 Zambia — unconstrained individual countries 2000-2020, 1 km, not UN-adjusted; DOI 10.5258/SOTON/WP00670",zmb_ppp_2006_1km_Aggregated.tif,EXPOSURE ONLY - not a flood-occurrence predictor,2026-10-07T14:55:13+00:00
ZMB-D-0410,2006,80799.08340120316,33.233294443381816,2431.269146032368,21.3966121673584,"WorldPop, University of Southampton","The spatial distribution of population in 2006 Zambia — unconstrained individual countries 2000-2020, 1 km, not UN-adjusted; DOI 10.5258/SOTON/WP00670",zmb_ppp_2006_1km_Aggregated.tif,EXPOSURE ONLY - not a flood-occurrence predictor,2026-10-07T14:55:13+00:00
ZMB-D-0411,2006,44589.56132282317,37.517993273825404,1188.4847091203908,33.74870681762695,"WorldPop, University of Southampton","The spatial distribution of population in 2006 Zambia — unconstrained individual countries 2000-2020, 1 km, not UN-adjusted; DOI 10.5258/SOTON/WP00670",zmb_ppp_2006_1km_Aggregated.tif,EXPOSURE ONLY - not a flood-occurrence predictor,2026-10-07T14:55:13+00:00
ZMB-D-0912,2006,51065.025205373764,26.900662974315928,1898.281289726181,10.251103401184082,"WorldPop, University of Southampton","The spatial distribution of population in 2006 Zambia — unconstrained individual countries 2000-2020, 1 km, not UN-adjusted; DOI 10.5258/SOTON/WP00670",zmb_ppp_2006_1km_Aggregated.tif,EXPOSURE ONLY - not a flood-occurrence predictor,2026-10-07T14:55:13+00:00
ZMB-D-0508,2006,44777.05177986622,27.385549458285304,1635.0612883656872,17.510780334472656,"WorldPop, University of Southampton","The spatial distribution of population in 2006 Zambia — unconstrained individual countries 2000-2020, 1 km, not UN-adjusted; DOI 10.5258/SOTON/WP00670",zmb_ppp_2006_1km_Aggregated.tif,EXPOSURE ONLY - not a flood-occurrence predictor,2026-10-07T14:55:13+00:00
ZMB-D-0901,2007,128932.24055957794,153.26393406584145,841.2431883954464,201.01417541503906,"WorldPop, University of Southampton","The spatial distribution of population in 2007 Zambia — unconstrained individual countries 2000-2020, 1 km, not UN-adjusted; DOI 10.5258/SOTON/WP00670",zmb_ppp_2007_1km_Aggregated.tif,EXPOSURE ONLY - not a flood-occurrence predictor,2026-10-07T14:55:13+00:00
ZMB-D-0902,2007,96522.23173348606,19.034962271573615,5070.7866060564875,29.78896713256836,"WorldPop, University of Southampton","The spatial distribution of population in 2007 Zambia — unconstrained individual countries 2000-2020, 1 km, not UN-adjusted; DOI 10.5258/SOTON/WP00670",zmb_ppp_2007_1km_Aggregated.tif,EXPOSURE ONLY - not a flood-occurrence predictor,2026-10-07T14:55:13+00:00
ZMB-D-0903,2007,45709.13697868213,11.854485217375228,3855.8517000540714,8.427720069885254,"WorldPop, University of Southampton","The spatial distribution of population in 2007 Zambia — unconstrained individual countries 2000-2020, 1 km, not UN-adjusted; DOI 10.5258/SOTON/WP00670",zmb_ppp_2007_1km_Aggregated.tif,EXPOSURE ONLY - not a flood-occurrence predictor,2026-10-07T14:55:13+00:00
ZMB-D-0904,2007,151438.28438568115,18.740049147879642,8080.997183660843,7.466251373291016,"WorldPop, University of Southampton","The spatial distribution of population in 2007 Zambia — unconstrained individual countries 2000-2020, 1 km, not UN-adjusted; DOI 10.5258/SOTON/WP00670",zmb_ppp_2007_1km_Aggregated.tif,EXPOSURE ONLY - not a flood-occurrence predictor,2026-10-07T14:55:13+00:00
ZMB-D-0905,2007,181169.0822777748,35.1485920835043,5154.376648924151,64.40975952148438,"WorldPop, University of Southampton","The spatial distribution of population in 2007 Zambia — unconstrained individual countries 2000-2020, 1 km, not UN-adjusted; DOI 10.5258/SOTON/WP00670",zmb_ppp_2007_1km_Aggregated.tif,EXPOSURE ONLY - not a flood-occurrence predictor,2026-10-07T14:55:13+00:00
ZMB-D-0906,2007,94874.98160141706,5.188279815258646,18286.404160853333,1.311082363128662,"WorldPop, University of Southampton","The spatial distribution of population in 2007 Zambia — unconstrained individual countries 2000-2020, 1 km, not UN-adjusted; DOI 10.5258/SOTON/WP00670",zmb_ppp_2007_1km_Aggregated.tif,EXPOSURE ONLY - not a flood-occurrence predictor,2026-10-07T14:55:13+00:00
ZMB-D-0907,2007,42046.25875990838,20.51203100126425,2049.8340099679485,8.395051002502441,"WorldPop, University of Southampton","The spatial distribution of population in 2007 Zambia — unconstrained individual countries 2000-2020, 1 km, not UN-adjusted; DOI 10.5258/SOTON/WP00670",zmb_ppp_2007_1km_Aggregated.tif,EXPOSURE ONLY - not a flood-occurrence predictor,2026-10-07T14:55:13+00:00
ZMB-D-1001,2007,34074.17769598961,4.112960126600356,8284.587413239587,2.4231135845184326,"WorldPop, University of Southampton","The spatial distribution of population in 2007 Zambia — unconstrained individual countries 2000-2020, 1 km, not UN-adjusted; DOI 10.5258/SOTON/WP00670",zmb_ppp_2007_1km_Aggregated.tif,EXPOSURE ONLY - not a flood-occurrence predictor,2026-10-07T14:55:13+00:00
ZMB-D-0908,2007,184434.1315910071,37.63627754606917,4900.434995603594,12.000252723693848,"WorldPop, University of Southampton","The spatial distribution of population in 2007 Zambia — unconstrained individual countries 2000-2020, 1 km, not UN-adjusted; DOI 10.5258/SOTON/WP00670",zmb_ppp_2007_1km_Aggregated.tif,EXPOSURE ONLY - not a flood-occurrence predictor,2026-10-07T14:55:13+00:00
ZMB-D-0909,2007,91863.80276849866,16.987305302590727,5407.791355494656,12.036015510559082,"WorldPop, University of Southampton","The spatial distribution of population in 2007 Zambia — unconstrained individual countries 2000-2020, 1 km, not UN-adjusted; DOI 10.5258/SOTON/WP00670",zmb_ppp_2007_1km_Aggregated.tif,EXPOSURE ONLY - not a flood-occurrence predictor,2026-10-07T14:55:13+00:00
ZMB-D-0910,2007,152206.72133982182,39.785179635240574,3825.714065772408,104.79051971435547,"WorldPop, University of Southampton","The spatial distribution of population in 2007 Zambia — unconstrained individual countries 2000-2020, 1 km, not UN-adjusted; DOI 10.5258/SOTON/WP00670",zmb_ppp_2007_1km_Aggregated.tif,EXPOSURE ONLY - not a flood-occurrence predictor,2026-10-07T14:55:13+00:00
ZMB-D-1002,2007,66015.831795156,5.991121567797942,11018.9437900891,1.467343807220459,"WorldPop, University of Southampton","The spatial distribution of population in 2007 Zambia — unconstrained individual countries 2000-2020, 1 km, not UN-adjusted; DOI 10.5258/SOTON/WP00670",zmb_ppp_2007_1km_Aggregated.tif,EXPOSURE ONLY - not a flood-occurrence predictor,2026-10-07T14:55:13+00:00
ZMB-D-0501,2007,1126116.2912797928,2610.11640233765,431.4429388172996,1208.5576171875,"WorldPop, University of Southampton","The spatial distribution of population in 2007 Zambia — unconstrained individual countries 2000-2020, 1 km, not UN-adjusted; DOI 10.5258/SOTON/WP00670",zmb_ppp_2007_1km_Aggregated.tif,EXPOSURE ONLY - not a flood-occurrence predictor,2026-10-07T14:55:13+00:00
ZMB-D-0101,2007,65079.49336307868,4.031583021359567,16142.416767379873,5.5731048583984375,"WorldPop, University of Southampton","The spatial distribution of population in 2007 Zambia — unconstrained individual countries 2000-2020, 1 km, not UN-adjusted; DOI 10.5258/SOTON/WP00670",zmb_ppp_2007_1km_Aggregated.tif,EXPOSURE ONLY - not a flood-occurrence predictor,2026-10-07T14:55:13+00:00
ZMB-D-0502,2007,99408.6636884287,21.42615922807708,4639.593248152589,2.2536418437957764,"WorldPop, University of Southampton","The spatial distribution of population in 2007 Zambia — unconstrained individual countries 2000-2020, 1 km, not UN-adjusted; DOI 10.5258/SOTON/WP00670",zmb_ppp_2007_1km_Aggregated.tif,EXPOSURE ONLY - not a flood-occurrence predictor,2026-10-07T14:55:13+00:00
ZMB-D-0503,2007,21594.855028390884,5.721386968473138,3774.40909824596,1.2330703735351562,"WorldPop, University of Southampton","The spatial distribution of population in 2007 Zambia — unconstrained individual countries 2000-2020, 1 km, not UN-adjusted; DOI 10.5258/SOTON/WP00670",zmb_ppp_2007_1km_Aggregated.tif,EXPOSURE ONLY - not a flood-occurrence predictor,2026-10-07T14:55:13+00:00
ZMB-D-0504,2007,46951.757152438164,4.910342970925704,9561.808091703777,4.922152519226074,"WorldPop, University of Southampton","The spatial distribution of population in 2007 Zambia — unconstrained individual countries 2000-2020, 1 km, not UN-adjusted; DOI 10.5258/SOTON/WP00670",zmb_ppp_2007_1km_Aggregated.tif,EXPOSURE ONLY - not a flood-occurrence predictor,2026-10-07T14:55:13+00:00
ZMB-D-1003,2007,135467.49240857363,22.36620031247994,6056.795097779089,11.625081062316895,"WorldPop, University of Southampton","The spatial distribution of population in 2007 Zambia — unconstrained individual countries 2000-2020, 1 km, not UN-adjusted; DOI 10.5258/SOTON/WP00670",zmb_ppp_2007_1km_Aggregated.tif,EXPOSURE ONLY - not a flood-occurrence predictor,2026-10-07T14:55:13+00:00
ZMB-D-0102,2007,478280.392069608,53.59817283871984,8923.445832916408,25.509998321533203,"WorldPop, University of Southampton","The spatial distribution of population in 2007 Zambia — unconstrained individual countries 2000-2020, 1 km, not UN-adjusted; DOI 10.5258/SOTON/WP00670",zmb_ppp_2007_1km_Aggregated.tif,EXPOSURE ONLY - not a flood-occurrence predictor,2026-10-07T14:55:13+00:00
ZMB-D-0103,2007,194143.0732307434,125.69507580546637,1544.5559182542002,36.866607666015625,"WorldPop, University of Southampton","The spatial distribution of population in 2007 Zambia — unconstrained individual countries 2000-2020, 1 km, not UN-adjusted; DOI 10.5258/SOTON/WP00670",zmb_ppp_2007_1km_Aggregated.tif,EXPOSURE ONLY - not a flood-occurrence predictor,2026-10-07T14:55:13+00:00
ZMB-D-0104,2007,158216.62081706524,7.936640707485843,19934.96072813719,3.8621129989624023,"WorldPop, University of Southampton","The spatial distribution of population in 2007 Zambia — unconstrained individual countries 2000-2020, 1 km, not UN-adjusted; DOI 10.5258/SOTON/WP00670",zmb_ppp_2007_1km_Aggregated.tif,EXPOSURE ONLY - not a flood-occurrence predictor,2026-10-07T14:55:13+00:00
ZMB-D-1004,2007,84205.59232342243,8.55292186394283,9845.242791052964,4.110575199127197,"WorldPop, University of Southampton","The spatial distribution of population in 2007 Zambia — unconstrained individual countries 2000-2020, 1 km, not UN-adjusted; DOI 10.5258/SOTON/WP00670",zmb_ppp_2007_1km_Aggregated.tif,EXPOSURE ONLY - not a flood-occurrence predictor,2026-10-07T14:55:13+00:00
ZMB-D-1005,2007,98346.87820094824,10.757790670376961,9141.921535223746,3.9349679946899414,"WorldPop, University of Southampton","The spatial distribution of population in 2007 Zambia — unconstrained individual countries 2000-2020, 1 km, not UN-adjusted; DOI 10.5258/SOTON/WP00670",zmb_ppp_2007_1km_Aggregated.tif,EXPOSURE ONLY - not a flood-occurrence predictor,2026-10-07T14:55:13+00:00
ZMB-D-0301,2007,65693.4721622467,43.60865456256847,1506.4319874393639,46.16743087768555,"WorldPop, University of Southampton","The spatial distribution of population in 2007 Zambia — unconstrained individual countries 2000-2020, 1 km, not UN-adjusted; DOI 10.5258/SOTON/WP00670",zmb_ppp_2007_1km_Aggregated.tif,EXPOSURE ONLY - not a flood-occurrence predictor,2026-10-07T14:55:13+00:00
ZMB-D-0302,2007,74081.98506057262,7.239771169483579,10232.641795756781,3.5293407440185547,"WorldPop, University of Southampton","The spatial distribution of population in 2007 Zambia — unconstrained individual countries 2000-2020, 1 km, not UN-adjusted; DOI 10.5258/SOTON/WP00670",zmb_ppp_2007_1km_Aggregated.tif,EXPOSURE ONLY - not a flood-occurrence predictor,2026-10-07T14:55:13+00:00
ZMB-D-1006,2007,50499.83307570219,5.408964048698946,9336.322560296781,7.346670627593994,"WorldPop, University of Southampton","The spatial distribution of population in 2007 Zambia — unconstrained individual countries 2000-2020, 1 km, not UN-adjusted; DOI 10.5258/SOTON/WP00670",zmb_ppp_2007_1km_Aggregated.tif,EXPOSURE ONLY - not a flood-occurrence predictor,2026-10-07T14:55:13+00:00
ZMB-D-0303,2007,147567.1482949257,60.30641593694465,2446.956032824424,370.6397399902344,"WorldPop, University of Southampton","The spatial distribution of population in 2007 Zambia — unconstrained individual countries 2000-2020, 1 km, not UN-adjusted; DOI 10.5258/SOTON/WP00670",zmb_ppp_2007_1km_Aggregated.tif,EXPOSURE ONLY - not a flood-occurrence predictor,2026-10-07T14:55:13+00:00
ZMB-D-0105,2007,49585.823193728924,7.185598750504145,6900.722530638099,9.200419425964355,"WorldPop, University of Southampton","The spatial distribution of population in 2007 Zambia — unconstrained individual countries 2000-2020, 1 km, not UN-adjusted; DOI 10.5258/SOTON/WP00670",zmb_ppp_2007_1km_Aggregated.tif,EXPOSURE ONLY - not a flood-occurrence predictor,2026-10-07T14:55:13+00:00
ZMB-D-0304,2007,209373.31817555428,28.486838396486228,7349.826444811085,26.6895694732666,"WorldPop, University of Southampton","The spatial distribution of population in 2007 Zambia — unconstrained individual countries 2000-2020, 1 km, not UN-adjusted; DOI 10.5258/SOTON/WP00670",zmb_ppp_2007_1km_Aggregated.tif,EXPOSURE ONLY - not a flood-occurrence predictor,2026-10-07T14:55:13+00:00
ZMB-D-0106,2007,24178.891742646694,2.6073702972978574,9273.286486274863,1.3400269746780396,"WorldPop, University of Southampton","The spatial distribution of population in 2007 Zambia — unconstrained individual countries 2000-2020, 1 km, not UN-adjusted; DOI 10.5258/SOTON/WP00670",zmb_ppp_2007_1km_Aggregated.tif,EXPOSURE ONLY - not a flood-occurrence predictor,2026-10-07T14:55:13+00:00
ZMB-D-0201,2007,82493.84371775389,9.262877358738262,8905.8551163837,7.1059136390686035,"WorldPop, University of Southampton","The spatial distribution of population in 2007 Zambia — unconstrained individual countries 2000-2020, 1 km, not UN-adjusted; DOI 10.5258/SOTON/WP00670",zmb_ppp_2007_1km_Aggregated.tif,EXPOSURE ONLY - not a flood-occurrence predictor,2026-10-07T14:55:13+00:00
ZMB-D-0305,2007,424893.54103398323,66.41603270617597,6397.4544055305,59.41739273071289,"WorldPop, University of Southampton","The spatial distribution of population in 2007 Zambia — unconstrained individual countries 2000-2020, 1 km, not UN-adjusted; DOI 10.5258/SOTON/WP00670",zmb_ppp_2007_1km_Aggregated.tif,EXPOSURE ONLY - not a flood-occurrence predictor,2026-10-07T14:55:13+00:00
ZMB-D-0701,2007,72601.75932401419,5.078942157786369,14294.66157883107,2.5081396102905273,"WorldPop, University of Southampton","The spatial distribution of population in 2007 Zambia — unconstrained individual countries 2000-2020, 1 km, not UN-adjusted; DOI 10.5258/SOTON/WP00670",zmb_ppp_2007_1km_Aggregated.tif,EXPOSURE ONLY - not a flood-occurrence predictor,2026-10-07T14:55:13+00:00
ZMB-D-0702,2007,32301.71104878187,7.048242583475646,4582.94541741683,1.9073550701141357,"WorldPop, University of Southampton","The spatial distribution of population in 2007 Zambia — unconstrained individual countries 2000-2020, 1 km, not UN-adjusted; DOI 10.5258/SOTON/WP00670",zmb_ppp_2007_1km_Aggregated.tif,EXPOSURE ONLY - not a flood-occurrence predictor,2026-10-07T14:55:13+00:00
ZMB-D-0703,2007,52254.40758776665,2.749749489583765,19003.333862124473,2.904918670654297,"WorldPop, University of Southampton","The spatial distribution of population in 2007 Zambia — unconstrained individual countries 2000-2020, 1 km, not UN-adjusted; DOI 10.5258/SOTON/WP00670",zmb_ppp_2007_1km_Aggregated.tif,EXPOSURE ONLY - not a flood-occurrence predictor,2026-10-07T14:55:13+00:00
ZMB-D-0306,2007,63088.603653907776,10.668378674753463,5913.60745407415,9.422341346740723,"WorldPop, University of Southampton","The spatial distribution of population in 2007 Zambia — unconstrained individual countries 2000-2020, 1 km, not UN-adjusted; DOI 10.5258/SOTON/WP00670",zmb_ppp_2007_1km_Aggregated.tif,EXPOSURE ONLY - not a flood-occurrence predictor,2026-10-07T14:55:13+00:00
ZMB-D-0704,2007,64790.025252223015,2.972925006196912,21793.360114086794,2.845848798751831,"WorldPop, University of Southampton","The spatial distribution of population in 2007 Zambia — unconstrained individual countries 2000-2020, 1 km, not UN-adjusted; DOI 10.5258/SOTON/WP00670",zmb_ppp_2007_1km_Aggregated.tif,EXPOSURE ONLY - not a flood-occurrence predictor,2026-10-07T14:55:13+00:00
ZMB-D-0202,2007,506696.1286344528,423.12071826465615,1197.521432447374,120.32032012939453,"WorldPop, University of Southampton","The spatial distribution of population in 2007 Zambia — unconstrained individual countries 2000-2020, 1 km, not UN-adjusted; DOI 10.5258/SOTON/WP00670",zmb_ppp_2007_1km_Aggregated.tif,EXPOSURE ONLY - not a flood-occurrence predictor,2026-10-07T14:55:13+00:00
ZMB-D-0203,2007,66320.61699342728,62.00611254848992,1069.5819213236975,11.625266075134277,"WorldPop, University of Southampton","The spatial distribution of population in 2007 Zambia — unconstrained individual countries 2000-2020, 1 km, not UN-adjusted; DOI 10.5258/SOTON/WP00670",zmb_ppp_2007_1km_Aggregated.tif,EXPOSURE ONLY - not a flood-occurrence predictor,2026-10-07T14:55:13+00:00
ZMB-D-0204,2007,132369.67542254925,177.3824681826537,746.2387730801331,789.5393676757812,"WorldPop, University of Southampton","The spatial distribution of population in 2007 Zambia — unconstrained individual countries 2000-2020, 1 km, not UN-adjusted; DOI 10.5258/SOTON/WP00670",zmb_ppp_2007_1km_Aggregated.tif,EXPOSURE ONLY - not a flood-occurrence predictor,2026-10-07T14:55:13+00:00
ZMB-D-0205,2007,69914.39163434505,6.44957448130101,10840.155709038638,9.169706344604492,"WorldPop, University of Southampton","The spatial distribution of population in 2007 Zambia — unconstrained individual countries 2000-2020, 1 km, not UN-adjusted; DOI 10.5258/SOTON/WP00670",zmb_ppp_2007_1km_Aggregated.tif,EXPOSURE ONLY - not a flood-occurrence predictor,2026-10-07T14:55:13+00:00
ZMB-D-0206,2007,200464.38365530968,128.77729929498386,1556.6748545961948,12.968343734741211,"WorldPop, University of Southampton","The spatial distribution of population in 2007 Zambia — unconstrained individual countries 2000-2020, 1 km, not UN-adjusted; DOI 10.5258/SOTON/WP00670",zmb_ppp_2007_1km_Aggregated.tif,EXPOSURE ONLY - not a flood-occurrence predictor,2026-10-07T14:55:13+00:00
ZMB-D-0207,2007,78255.46869277954,88.83244232007735,880.9334365795404,48.741981506347656,"WorldPop, University of Southampton","The spatial distribution of population in 2007 Zambia — unconstrained individual countries 2000-2020, 1 km, not UN-adjusted; DOI 10.5258/SOTON/WP00670",zmb_ppp_2007_1km_Aggregated.tif,EXPOSURE ONLY - not a flood-occurrence predictor,2026-10-07T14:55:13+00:00
ZMB-D-0107,2007,75778.47955035418,6.308126511446741,12012.83446247414,12.701156616210938,"WorldPop, University of Southampton","The spatial distribution of population in 2007 Zambia — unconstrained individual countries 2000-2020, 1 km, not UN-adjusted; DOI 10.5258/SOTON/WP00670",zmb_ppp_2007_1km_Aggregated.tif,EXPOSURE ONLY - not a flood-occurrence predictor,2026-10-07T14:55:13+00:00
ZMB-D-0307,2007,282318.3495964408,20.709112532725044,13632.56629902969,8.669208526611328,"WorldPop, University of Southampton","The spatial distribution of population in 2007 Zambia — unconstrained individual countries 2000-2020, 1 km, not UN-adjusted; DOI 10.5258/SOTON/WP00670",zmb_ppp_2007_1km_Aggregated.tif,EXPOSURE ONLY - not a flood-occurrence predictor,2026-10-07T14:55:13+00:00
ZMB-D-0705,2007,232450.48349574208,7.635093609827033,30445.00766782453,7.181833744049072,"WorldPop, University of Southampton","The spatial distribution of population in 2007 Zambia — unconstrained individual countries 2000-2020, 1 km, not UN-adjusted; DOI 10.5258/SOTON/WP00670",zmb_ppp_2007_1km_Aggregated.tif,EXPOSURE ONLY - not a flood-occurrence predictor,2026-10-07T14:55:13+00:00
ZMB-D-0401,2007,59848.701961517334,9.673052886591034,6187.157525467551,5.459948539733887,"WorldPop, University of Southampton","The spatial distribution of population in 2007 Zambia — unconstrained individual countries 2000-2020, 1 km, not UN-adjusted; DOI 10.5258/SOTON/WP00670",zmb_ppp_2007_1km_Aggregated.tif,EXPOSURE ONLY - not a flood-occurrence predictor,2026-10-07T14:55:13+00:00
ZMB-D-0601,2007,184830.93126483634,4.612340558753759,40073.13183196019,9.558328628540039,"WorldPop, University of Southampton","The spatial distribution of population in 2007 Zambia — unconstrained individual countries 2000-2020, 1 km, not UN-adjusted; DOI 10.5258/SOTON/WP00670",zmb_ppp_2007_1km_Aggregated.tif,EXPOSURE ONLY - not a flood-occurrence predictor,2026-10-07T14:55:13+00:00
ZMB-D-0706,2007,120332.81669205427,5.767342148958828,20864.51845305863,1.4081616401672363,"WorldPop, University of Southampton","The spatial distribution of population in 2007 Zambia — unconstrained individual countries 2000-2020, 1 km, not UN-adjusted; DOI 10.5258/SOTON/WP00670",zmb_ppp_2007_1km_Aggregated.tif,EXPOSURE ONLY - not a flood-occurrence predictor,2026-10-07T14:55:13+00:00
ZMB-D-0402,2007,158886.53852838278,25.376187554043312,6261.245436888592,0.0,"WorldPop, University of Southampton","The spatial distribution of population in 2007 Zambia — unconstrained individual countries 2000-2020, 1 km, not UN-adjusted; DOI 10.5258/SOTON/WP00670",zmb_ppp_2007_1km_Aggregated.tif,EXPOSURE ONLY - not a flood-occurrence predictor,2026-10-07T14:55:13+00:00
ZMB-D-0801,2007,82706.90451832116,16.03063206722541,5159.30402316545,19.00713348388672,"WorldPop, University of Southampton","The spatial distribution of population in 2007 Zambia — unconstrained individual countries 2000-2020, 1 km, not UN-adjusted; DOI 10.5258/SOTON/WP00670",zmb_ppp_2007_1km_Aggregated.tif,EXPOSURE ONLY - not a flood-occurrence predictor,2026-10-07T14:55:13+00:00
ZMB-D-0403,2007,151217.21844804287,19.99641854756355,7562.215108088334,13.486002922058105,"WorldPop, University of Southampton","The spatial distribution of population in 2007 Zambia — unconstrained individual countries 2000-2020, 1 km, not UN-adjusted; DOI 10.5258/SOTON/WP00670",zmb_ppp_2007_1km_Aggregated.tif,EXPOSURE ONLY - not a flood-occurrence predictor,2026-10-07T14:55:13+00:00
ZMB-D-0602,2007,88053.18317902088,4.989093201276286,17649.135750058857,5.713144779205322,"WorldPop, University of Southampton","The spatial distribution of population in 2007 Zambia — unconstrained individual countries 2000-2020, 1 km, not UN-adjusted; DOI 10.5258/SOTON/WP00670",zmb_ppp_2007_1km_Aggregated.tif,EXPOSURE ONLY - not a flood-occurrence predictor,2026-10-07T14:55:13+00:00
ZMB-D-0802,2007,99852.56695711613,11.173451770820686,8936.590858867778,13.240635871887207,"WorldPop, University of Southampton","The spatial distribution of population in 2007 Zambia — unconstrained individual countries 2000-2020, 1 km, not UN-adjusted; DOI 10.5258/SOTON/WP00670",zmb_ppp_2007_1km_Aggregated.tif,EXPOSURE ONLY - not a flood-occurrence predictor,2026-10-07T14:55:13+00:00
ZMB-D-0404,2007,29155.066607236862,6.946603027163266,4197.025005348939,18.190771102905273,"WorldPop, University of Southampton","The spatial distribution of population in 2007 Zambia — unconstrained individual countries 2000-2020, 1 km, not UN-adjusted; DOI 10.5258/SOTON/WP00670",zmb_ppp_2007_1km_Aggregated.tif,EXPOSURE ONLY - not a flood-occurrence predictor,2026-10-07T14:55:13+00:00
ZMB-D-0603,2007,56322.30738215521,6.164097115699834,9137.154448573401,3.2886898517608643,"WorldPop, University of Southampton","The spatial distribution of population in 2007 Zambia — unconstrained individual countries 2000-2020, 1 km, not UN-adjusted; DOI 10.5258/SOTON/WP00670",zmb_ppp_2007_1km_Aggregated.tif,EXPOSURE ONLY - not a flood-occurrence predictor,2026-10-07T14:55:13+00:00
ZMB-D-0803,2007,213570.52758073807,20.126629379076952,10611.341002918236,5.467054843902588,"WorldPop, University of Southampton","The spatial distribution of population in 2007 Zambia — unconstrained individual countries 2000-2020, 1 km, not UN-adjusted; DOI 10.5258/SOTON/WP00670",zmb_ppp_2007_1km_Aggregated.tif,EXPOSURE ONLY - not a flood-occurrence predictor,2026-10-07T14:55:13+00:00
ZMB-D-0604,2007,64382.790281653404,12.186075215609094,5283.308131824572,2.6072311401367188,"WorldPop, University of Southampton","The spatial distribution of population in 2007 Zambia — unconstrained individual countries 2000-2020, 1 km, not UN-adjusted; DOI 10.5258/SOTON/WP00670",zmb_ppp_2007_1km_Aggregated.tif,EXPOSURE ONLY - not a flood-occurrence predictor,2026-10-07T14:55:13+00:00
ZMB-D-0804,2007,133249.5613129139,13.719544570404619,9712.389549749032,7.739624977111816,"WorldPop, University of Southampton","The spatial distribution of population in 2007 Zambia — unconstrained individual countries 2000-2020, 1 km, not UN-adjusted; DOI 10.5258/SOTON/WP00670",zmb_ppp_2007_1km_Aggregated.tif,EXPOSURE ONLY - not a flood-occurrence predictor,2026-10-07T14:55:13+00:00
ZMB-D-0405,2007,81369.02584302425,10.18509415541605,7989.0303026560905,14.530438423156738,"WorldPop, University of Southampton","The spatial distribution of population in 2007 Zambia — unconstrained individual countries 2000-2020, 1 km, not UN-adjusted; DOI 10.5258/SOTON/WP00670",zmb_ppp_2007_1km_Aggregated.tif,EXPOSURE ONLY - not a flood-occurrence predictor,2026-10-07T14:55:13+00:00
ZMB-D-0805,2007,91577.5197287798,7.624845995306139,12010.409100086084,2.5783867835998535,"WorldPop, University of Southampton","The spatial distribution of population in 2007 Zambia — unconstrained individual countries 2000-2020, 1 km, not UN-adjusted; DOI 10.5258/SOTON/WP00670",zmb_ppp_2007_1km_Aggregated.tif,EXPOSURE ONLY - not a flood-occurrence predictor,2026-10-07T14:55:13+00:00
ZMB-D-0605,2007,109862.79216241837,25.288109418458557,4344.444669407599,21.51000213623047,"WorldPop, University of Southampton","The spatial distribution of population in 2007 Zambia — unconstrained individual countries 2000-2020, 1 km, not UN-adjusted; DOI 10.5258/SOTON/WP00670",zmb_ppp_2007_1km_Aggregated.tif,EXPOSURE ONLY - not a flood-occurrence predictor,2026-10-07T14:55:13+00:00
ZMB-D-0406,2007,140218.00956007838,33.23922615258118,4218.4498795616455,20.54047966003418,"WorldPop, University of Southampton","The spatial distribution of population in 2007 Zambia — unconstrained individual countries 2000-2020, 1 km, not UN-adjusted; DOI 10.5258/SOTON/WP00670",zmb_ppp_2007_1km_Aggregated.tif,EXPOSURE ONLY - not a flood-occurrence predictor,2026-10-07T14:55:13+00:00
ZMB-D-0806,2007,165812.63169050217,21.701975821054837,7640.439426240349,32.23554229736328,"WorldPop, University of Southampton","The spatial distribution of population in 2007 Zambia — unconstrained individual countries 2000-2020, 1 km, not UN-adjusted; DOI 10.5258/SOTON/WP00670",zmb_ppp_2007_1km_Aggregated.tif,EXPOSURE ONLY - not a flood-occurrence predictor,2026-10-07T14:55:13+00:00
ZMB-D-0807,2007,105536.50248499215,9.522347766116665,11083.033835470942,4.559349536895752,"WorldPop, University of Southampton","The spatial distribution of population in 2007 Zambia — unconstrained individual countries 2000-2020, 1 km, not UN-adjusted; DOI 10.5258/SOTON/WP00670",zmb_ppp_2007_1km_Aggregated.tif,EXPOSURE ONLY - not a flood-occurrence predictor,2026-10-07T14:55:13+00:00
ZMB-D-0808,2007,50927.11299881339,6.877084411646164,7405.33487019145,2.793549060821533,"WorldPop, University of Southampton","The spatial distribution of population in 2007 Zambia — unconstrained individual countries 2000-2020, 1 km, not UN-adjusted; DOI 10.5258/SOTON/WP00670",zmb_ppp_2007_1km_Aggregated.tif,EXPOSURE ONLY - not a flood-occurrence predictor,2026-10-07T14:55:13+00:00
ZMB-D-0407,2007,95647.76868134737,24.59099634744525,3889.5442596120824,114.8043212890625,"WorldPop, University of Southampton","The spatial distribution of population in 2007 Zambia — unconstrained individual countries 2000-2020, 1 km, not UN-adjusted; DOI 10.5258/SOTON/WP00670",zmb_ppp_2007_1km_Aggregated.tif,EXPOSURE ONLY - not a flood-occurrence predictor,2026-10-07T14:55:13+00:00
ZMB-D-0208,2007,99240.68213582039,26.949876562791104,3682.4169455692077,11.254919052124023,"WorldPop, University of Southampton","The spatial distribution of population in 2007 Zambia — unconstrained individual countries 2000-2020, 1 km, not UN-adjusted; DOI 10.5258/SOTON/WP00670",zmb_ppp_2007_1km_Aggregated.tif,EXPOSURE ONLY - not a flood-occurrence predictor,2026-10-07T14:55:13+00:00
ZMB-D-0209,2007,150712.1872549057,190.09693265566145,792.8175649625202,101.15872192382812,"WorldPop, University of Southampton","The spatial distribution of population in 2007 Zambia — unconstrained individual countries 2000-2020, 1 km, not UN-adjusted; DOI 10.5258/SOTON/WP00670",zmb_ppp_2007_1km_Aggregated.tif,EXPOSURE ONLY - not a flood-occurrence predictor,2026-10-07T14:55:13+00:00
ZMB-D-0210,2007,417836.47748184204,384.13389395666815,1087.7365524245452,106.41250610351562,"WorldPop, University of Southampton","The spatial distribution of population in 2007 Zambia — unconstrained individual countries 2000-2020, 1 km, not UN-adjusted; DOI 10.5258/SOTON/WP00670",zmb_ppp_2007_1km_Aggregated.tif,EXPOSURE ONLY - not a flood-occurrence predictor,2026-10-07T14:55:13+00:00
ZMB-D-0707,2007,28227.682572364807,12.858341135142032,2195.2818233464145,19.614572525024414,"WorldPop, University of Southampton","The spatial distribution of population in 2007 Zambia — unconstrained individual countries 2000-2020, 1 km, not UN-adjusted; DOI 10.5258/SOTON/WP00670",zmb_ppp_2007_1km_Aggregated.tif,EXPOSURE ONLY - not a flood-occurrence predictor,2026-10-07T14:55:13+00:00
ZMB-D-0606,2007,60388.87328457832,14.809366375779357,4077.748618829771,14.741374015808105,"WorldPop, University of Southampton","The spatial distribution of population in 2007 Zambia — unconstrained individual countries 2000-2020, 1 km, not UN-adjusted; DOI 10.5258/SOTON/WP00670",zmb_ppp_2007_1km_Aggregated.tif,EXPOSURE ONLY - not a flood-occurrence predictor,2026-10-07T14:55:13+00:00
ZMB-D-0505,2007,31509.232967972755,17.76014323226044,1774.1542146314316,14.13653564453125,"WorldPop, University of Southampton","The spatial distribution of population in 2007 Zambia — unconstrained individual countries 2000-2020, 1 km, not UN-adjusted; DOI 10.5258/SOTON/WP00670",zmb_ppp_2007_1km_Aggregated.tif,EXPOSURE ONLY - not a flood-occurrence predictor,2026-10-07T14:55:13+00:00
ZMB-D-0408,2007,19140.73491501808,8.899872095832135,2150.675280376423,6.421648979187012,"WorldPop, University of Southampton","The spatial distribution of population in 2007 Zambia — unconstrained individual countries 2000-2020, 1 km, not UN-adjusted; DOI 10.5258/SOTON/WP00670",zmb_ppp_2007_1km_Aggregated.tif,EXPOSURE ONLY - not a flood-occurrence predictor,2026-10-07T14:55:13+00:00
ZMB-D-0607,2007,85039.32979404926,13.57277774015118,6265.433017626505,5.6030049324035645,"WorldPop, University of Southampton","The spatial distribution of population in 2007 Zambia — unconstrained individual countries 2000-2020, 1 km, not UN-adjusted; DOI 10.5258/SOTON/WP00670",zmb_ppp_2007_1km_Aggregated.tif,EXPOSURE ONLY - not a flood-occurrence predictor,2026-10-07T14:55:13+00:00
ZMB-D-0108,2007,112913.49167269468,13.418028621501746,8415.0581920623,19.27811050415039,"WorldPop, University of Southampton","The spatial distribution of population in 2007 Zambia — unconstrained individual countries 2000-2020, 1 km, not UN-adjusted; DOI 10.5258/SOTON/WP00670",zmb_ppp_2007_1km_Aggregated.tif,EXPOSURE ONLY - not a flood-occurrence predictor,2026-10-07T14:55:13+00:00
ZMB-D-0506,2007,184299.006316185,81.53667484343585,2260.3203609917887,25.611961364746094,"WorldPop, University of Southampton","The spatial distribution of population in 2007 Zambia — unconstrained individual countries 2000-2020, 1 km, not UN-adjusted; DOI 10.5258/SOTON/WP00670",zmb_ppp_2007_1km_Aggregated.tif,EXPOSURE ONLY - not a flood-occurrence predictor,2026-10-07T14:55:13+00:00
ZMB-D-0109,2007,102102.97075012326,19.36899100842186,5271.4656486611875,9.967065811157227,"WorldPop, University of Southampton","The spatial distribution of population in 2007 Zambia — unconstrained individual countries 2000-2020, 1 km, not UN-adjusted; DOI 10.5258/SOTON/WP00670",zmb_ppp_2007_1km_Aggregated.tif,EXPOSURE ONLY - not a flood-occurrence predictor,2026-10-07T14:55:13+00:00
ZMB-D-1007,2007,34513.0598731339,3.1149703592108358,11079.739417449106,2.8518218994140625,"WorldPop, University of Southampton","The spatial distribution of population in 2007 Zambia — unconstrained individual countries 2000-2020, 1 km, not UN-adjusted; DOI 10.5258/SOTON/WP00670",zmb_ppp_2007_1km_Aggregated.tif,EXPOSURE ONLY - not a flood-occurrence predictor,2026-10-07T14:55:13+00:00
ZMB-D-1008,2007,29511.315478116274,4.568947910822052,6459.105258831141,1.9461969137191772,"WorldPop, University of Southampton","The spatial distribution of population in 2007 Zambia — unconstrained individual countries 2000-2020, 1 km, not UN-adjusted; DOI 10.5258/SOTON/WP00670",zmb_ppp_2007_1km_Aggregated.tif,EXPOSURE ONLY - not a flood-occurrence predictor,2026-10-07T14:55:13+00:00
ZMB-D-1009,2007,49158.103191018105,6.177899637141431,7957.08996233613,2.213785171508789,"WorldPop, University of Southampton","The spatial distribution of population in 2007 Zambia — unconstrained individual countries 2000-2020, 1 km, not UN-adjusted; DOI 10.5258/SOTON/WP00670",zmb_ppp_2007_1km_Aggregated.tif,EXPOSURE ONLY - not a flood-occurrence predictor,2026-10-07T14:55:13+00:00
ZMB-D-1010,2007,50201.69621157646,10.851841103874207,4626.099454557439,4.186883449554443,"WorldPop, University of Southampton","The spatial distribution of population in 2007 Zambia — unconstrained individual countries 2000-2020, 1 km, not UN-adjusted; DOI 10.5258/SOTON/WP00670",zmb_ppp_2007_1km_Aggregated.tif,EXPOSURE ONLY - not a flood-occurrence predictor,2026-10-07T14:55:13+00:00
ZMB-D-1011,2007,39077.09092605114,5.113680817393044,7641.6757950827,4.447537899017334,"WorldPop, University of Southampton","The spatial distribution of population in 2007 Zambia — unconstrained individual countries 2000-2020, 1 km, not UN-adjusted; DOI 10.5258/SOTON/WP00670",zmb_ppp_2007_1km_Aggregated.tif,EXPOSURE ONLY - not a flood-occurrence predictor,2026-10-07T14:55:13+00:00
ZMB-D-1012,2007,46566.537852823734,4.572441347233327,10184.17390547831,3.274341106414795,"WorldPop, University of Southampton","The spatial distribution of population in 2007 Zambia — unconstrained individual countries 2000-2020, 1 km, not UN-adjusted; DOI 10.5258/SOTON/WP00670",zmb_ppp_2007_1km_Aggregated.tif,EXPOSURE ONLY - not a flood-occurrence predictor,2026-10-07T14:55:13+00:00
ZMB-D-1013,2007,36516.786449193954,9.608930103247836,3800.2968131541734,19.57729721069336,"WorldPop, University of Southampton","The spatial distribution of population in 2007 Zambia — unconstrained individual countries 2000-2020, 1 km, not UN-adjusted; DOI 10.5258/SOTON/WP00670",zmb_ppp_2007_1km_Aggregated.tif,EXPOSURE ONLY - not a flood-occurrence predictor,2026-10-07T14:55:13+00:00
ZMB-D-0809,2007,58274.90238709003,11.497938479572706,5068.291371589916,11.451918601989746,"WorldPop, University of Southampton","The spatial distribution of population in 2007 Zambia — unconstrained individual countries 2000-2020, 1 km, not UN-adjusted; DOI 10.5258/SOTON/WP00670",zmb_ppp_2007_1km_Aggregated.tif,EXPOSURE ONLY - not a flood-occurrence predictor,2026-10-07T14:55:13+00:00
ZMB-D-0409,2007,23527.62669912353,6.3515490192473205,3704.234451757665,5.057131767272949,"WorldPop, University of Southampton","The spatial distribution of population in 2007 Zambia — unconstrained individual countries 2000-2020, 1 km, not UN-adjusted; DOI 10.5258/SOTON/WP00670",zmb_ppp_2007_1km_Aggregated.tif,EXPOSURE ONLY - not a flood-occurrence predictor,2026-10-07T14:55:13+00:00
ZMB-D-0911,2007,64525.20221781731,12.293298472334973,5248.811160245219,5.560768127441406,"WorldPop, University of Southampton","The spatial distribution of population in 2007 Zambia — unconstrained individual countries 2000-2020, 1 km, not UN-adjusted; DOI 10.5258/SOTON/WP00670",zmb_ppp_2007_1km_Aggregated.tif,EXPOSURE ONLY - not a flood-occurrence predictor,2026-10-07T14:55:13+00:00
ZMB-D-0308,2007,147525.70938682556,56.97071310113889,2589.5008392281543,105.49456787109375,"WorldPop, University of Southampton","The spatial distribution of population in 2007 Zambia — unconstrained individual countries 2000-2020, 1 km, not UN-adjusted; DOI 10.5258/SOTON/WP00670",zmb_ppp_2007_1km_Aggregated.tif,EXPOSURE ONLY - not a flood-occurrence predictor,2026-10-07T14:55:13+00:00
ZMB-D-0110,2007,177061.3222587481,19.00629217965353,9315.931828528577,19.200279235839844,"WorldPop, University of Southampton","The spatial distribution of population in 2007 Zambia — unconstrained individual countries 2000-2020, 1 km, not UN-adjusted; DOI 10.5258/SOTON/WP00670",zmb_ppp_2007_1km_Aggregated.tif,EXPOSURE ONLY - not a flood-occurrence predictor,2026-10-07T14:55:13+00:00
ZMB-D-0507,2007,130448.12347269058,97.66017561018245,1335.735090149577,25.05495262145996,"WorldPop, University of Southampton","The spatial distribution of population in 2007 Zambia — unconstrained individual countries 2000-2020, 1 km, not UN-adjusted; DOI 10.5258/SOTON/WP00670",zmb_ppp_2007_1km_Aggregated.tif,EXPOSURE ONLY - not a flood-occurrence predictor,2026-10-07T14:55:13+00:00
ZMB-D-0309,2007,29378.41607761383,31.91257853734502,920.5904826284833,21.809602737426758,"WorldPop, University of Southampton","The spatial distribution of population in 2007 Zambia — unconstrained individual countries 2000-2020, 1 km, not UN-adjusted; DOI 10.5258/SOTON/WP00670",zmb_ppp_2007_1km_Aggregated.tif,EXPOSURE ONLY - not a flood-occurrence predictor,2026-10-07T14:55:13+00:00
ZMB-D-1014,2007,46193.82543075085,11.830412904840669,3904.667216801,4.819229602813721,"WorldPop, University of Southampton","The spatial distribution of population in 2007 Zambia — unconstrained individual countries 2000-2020, 1 km, not UN-adjusted; DOI 10.5258/SOTON/WP00670",zmb_ppp_2007_1km_Aggregated.tif,EXPOSURE ONLY - not a flood-occurrence predictor,2026-10-07T14:55:13+00:00
ZMB-D-1015,2007,25243.1190533638,3.9697232057790637,6358.911628048839,2.4550271034240723,"WorldPop, University of Southampton","The spatial distribution of population in 2007 Zambia — unconstrained individual countries 2000-2020, 1 km, not UN-adjusted; DOI 10.5258/SOTON/WP00670",zmb_ppp_2007_1km_Aggregated.tif,EXPOSURE ONLY - not a flood-occurrence predictor,2026-10-07T14:55:13+00:00
ZMB-D-0111,2007,79594.48912197351,6.8716968374610685,11582.945377925289,8.699241638183594,"WorldPop, University of Southampton","The spatial distribution of population in 2007 Zambia — unconstrained individual countries 2000-2020, 1 km, not UN-adjusted; DOI 10.5258/SOTON/WP00670",zmb_ppp_2007_1km_Aggregated.tif,EXPOSURE ONLY - not a flood-occurrence predictor,2026-10-07T14:55:13+00:00
ZMB-D-0708,2007,38596.53645712137,5.4794050770446106,7043.928294116726,5.366486072540283,"WorldPop, University of Southampton","The spatial distribution of population in 2007 Zambia — unconstrained individual countries 2000-2020, 1 km, not UN-adjusted; DOI 10.5258/SOTON/WP00670",zmb_ppp_2007_1km_Aggregated.tif,EXPOSURE ONLY - not a flood-occurrence predictor,2026-10-07T14:55:13+00:00
ZMB-D-0709,2007,43039.61269158125,5.7992990431033045,7421.51980294329,2.900916337966919,"WorldPop, University of Southampton","The spatial distribution of population in 2007 Zambia — unconstrained individual countries 2000-2020, 1 km, not UN-adjusted; DOI 10.5258/SOTON/WP00670",zmb_ppp_2007_1km_Aggregated.tif,EXPOSURE ONLY - not a flood-occurrence predictor,2026-10-07T14:55:13+00:00
ZMB-D-0410,2007,81842.08136451244,33.6622876566636,2431.269146032368,18.607149124145508,"WorldPop, University of Southampton","The spatial distribution of population in 2007 Zambia — unconstrained individual countries 2000-2020, 1 km, not UN-adjusted; DOI 10.5258/SOTON/WP00670",zmb_ppp_2007_1km_Aggregated.tif,EXPOSURE ONLY - not a flood-occurrence predictor,2026-10-07T14:55:13+00:00
ZMB-D-0411,2007,45784.341746822,38.523290535818035,1188.4847091203908,37.47309112548828,"WorldPop, University of Southampton","The spatial distribution of population in 2007 Zambia — unconstrained individual countries 2000-2020, 1 km, not UN-adjusted; DOI 10.5258/SOTON/WP00670",zmb_ppp_2007_1km_Aggregated.tif,EXPOSURE ONLY - not a flood-occurrence predictor,2026-10-07T14:55:13+00:00
ZMB-D-0912,2007,50990.469413757324,26.86138755606261,1898.281289726181,9.932977676391602,"WorldPop, University of Southampton","The spatial distribution of population in 2007 Zambia — unconstrained individual countries 2000-2020, 1 km, not UN-adjusted; DOI 10.5258/SOTON/WP00670",zmb_ppp_2007_1km_Aggregated.tif,EXPOSURE ONLY - not a flood-occurrence predictor,2026-10-07T14:55:13+00:00
ZMB-D-0508,2007,46441.74280309677,28.403670940994054,1635.0612883656872,17.615327835083008,"WorldPop, University of Southampton","The spatial distribution of population in 2007 Zambia — unconstrained individual countries 2000-2020, 1 km, not UN-adjusted; DOI 10.5258/SOTON/WP00670",zmb_ppp_2007_1km_Aggregated.tif,EXPOSURE ONLY - not a flood-occurrence predictor,2026-10-07T14:55:13+00:00
ZMB-D-0901,2008,132904.25004720688,157.985528894092,841.2431883954464,174.31008911132812,"WorldPop, University of Southampton","The spatial distribution of population in 2008 Zambia — unconstrained individual countries 2000-2020, 1 km, not UN-adjusted; DOI 10.5258/SOTON/WP00670",zmb_ppp_2008_1km_Aggregated.tif,EXPOSURE ONLY - not a flood-occurrence predictor,2026-10-07T14:55:13+00:00
ZMB-D-0902,2008,98957.68682353199,19.515253650259723,5070.7866060564875,33.425872802734375,"WorldPop, University of Southampton","The spatial distribution of population in 2008 Zambia — unconstrained individual countries 2000-2020, 1 km, not UN-adjusted; DOI 10.5258/SOTON/WP00670",zmb_ppp_2008_1km_Aggregated.tif,EXPOSURE ONLY - not a flood-occurrence predictor,2026-10-07T14:55:13+00:00
ZMB-D-0903,2008,47674.604866642505,12.364221597519935,3855.8517000540714,9.451309204101562,"WorldPop, University of Southampton","The spatial distribution of population in 2008 Zambia — unconstrained individual countries 2000-2020, 1 km, not UN-adjusted; DOI 10.5258/SOTON/WP00670",zmb_ppp_2008_1km_Aggregated.tif,EXPOSURE ONLY - not a flood-occurrence predictor,2026-10-07T14:55:13+00:00
ZMB-D-0904,2008,158534.15790367126,19.61814294703817,8080.997183660843,7.1819233894348145,"WorldPop, University of Southampton","The spatial distribution of population in 2008 Zambia — unconstrained individual countries 2000-2020, 1 km, not UN-adjusted; DOI 10.5258/SOTON/WP00670",zmb_ppp_2008_1km_Aggregated.tif,EXPOSURE ONLY - not a flood-occurrence predictor,2026-10-07T14:55:13+00:00
ZMB-D-0905,2008,186135.50783395767,36.112127714378204,5154.376648924151,65.29386901855469,"WorldPop, University of Southampton","The spatial distribution of population in 2008 Zambia — unconstrained individual countries 2000-2020, 1 km, not UN-adjusted; DOI 10.5258/SOTON/WP00670",zmb_ppp_2008_1km_Aggregated.tif,EXPOSURE ONLY - not a flood-occurrence predictor,2026-10-07T14:55:13+00:00
ZMB-D-0906,2008,98694.7286258936,5.3971643499586754,18286.404160853333,1.2835006713867188,"WorldPop, University of Southampton","The spatial distribution of population in 2008 Zambia — unconstrained individual countries 2000-2020, 1 km, not UN-adjusted; DOI 10.5258/SOTON/WP00670",zmb_ppp_2008_1km_Aggregated.tif,EXPOSURE ONLY - not a flood-occurrence predictor,2026-10-07T14:55:13+00:00
ZMB-D-0907,2008,42521.71786805615,20.74398105470063,2049.8340099679485,9.73736572265625,"WorldPop, University of Southampton","The spatial distribution of population in 2008 Zambia — unconstrained individual countries 2000-2020, 1 km, not UN-adjusted; DOI 10.5258/SOTON/WP00670",zmb_ppp_2008_1km_Aggregated.tif,EXPOSURE ONLY - not a flood-occurrence predictor,2026-10-07T14:55:13+00:00
ZMB-D-1001,2008,35454.57378911972,4.2795823160076525,8284.587413239587,2.7446351051330566,"WorldPop, University of Southampton","The spatial distribution of population in 2008 Zambia — unconstrained individual countries 2000-2020, 1 km, not UN-adjusted; DOI 10.5258/SOTON/WP00670",zmb_ppp_2008_1km_Aggregated.tif,EXPOSURE ONLY - not a flood-occurrence predictor,2026-10-07T14:55:13+00:00
ZMB-D-0908,2008,187381.25289432704,38.23767748423057,4900.434995603594,13.82666015625,"WorldPop, University of Southampton","The spatial distribution of population in 2008 Zambia — unconstrained individual countries 2000-2020, 1 km, not UN-adjusted; DOI 10.5258/SOTON/WP00670",zmb_ppp_2008_1km_Aggregated.tif,EXPOSURE ONLY - not a flood-occurrence predictor,2026-10-07T14:55:13+00:00
ZMB-D-0909,2008,94122.90077418089,17.405054039029466,5407.791355494656,12.63525104522705,"WorldPop, University of Southampton","The spatial distribution of population in 2008 Zambia — unconstrained individual countries 2000-2020, 1 km, not UN-adjusted; DOI 10.5258/SOTON/WP00670",zmb_ppp_2008_1km_Aggregated.tif,EXPOSURE ONLY - not a flood-occurrence predictor,2026-10-07T14:55:13+00:00
ZMB-D-0910,2008,156301.12405872345,40.85541192351666,3825.714065772408,75.85453033447266,"WorldPop, University of Southampton","The spatial distribution of population in 2008 Zambia — unconstrained individual countries 2000-2020, 1 km, not UN-adjusted; DOI 10.5258/SOTON/WP00670",zmb_ppp_2008_1km_Aggregated.tif,EXPOSURE ONLY - not a flood-occurrence predictor,2026-10-07T14:55:13+00:00
ZMB-D-1002,2008,66697.49028813839,6.052983984556569,11018.9437900891,1.6007496118545532,"WorldPop, University of Southampton","The spatial distribution of population in 2008 Zambia — unconstrained individual countries 2000-2020, 1 km, not UN-adjusted; DOI 10.5258/SOTON/WP00670",zmb_ppp_2008_1km_Aggregated.tif,EXPOSURE ONLY - not a flood-occurrence predictor,2026-10-07T14:55:13+00:00
ZMB-D-0501,2008,1190952.01137352,2760.392868262574,431.4429388172996,1190.4647216796875,"WorldPop, University of Southampton","The spatial distribution of population in 2008 Zambia — unconstrained individual countries 2000-2020, 1 km, not UN-adjusted; DOI 10.5258/SOTON/WP00670",zmb_ppp_2008_1km_Aggregated.tif,EXPOSURE ONLY - not a flood-occurrence predictor,2026-10-07T14:55:13+00:00
ZMB-D-0101,2008,67801.6452685222,4.200216500761757,16142.416767379873,5.840277194976807,"WorldPop, University of Southampton","The spatial distribution of population in 2008 Zambia — unconstrained individual countries 2000-2020, 1 km, not UN-adjusted; DOI 10.5258/SOTON/WP00670",zmb_ppp_2008_1km_Aggregated.tif,EXPOSURE ONLY - not a flood-occurrence predictor,2026-10-07T14:55:13+00:00
ZMB-D-0502,2008,101470.62232115865,21.87058582378156,4639.593248152589,2.5193824768066406,"WorldPop, University of Southampton","The spatial distribution of population in 2008 Zambia — unconstrained individual countries 2000-2020, 1 km, not UN-adjusted; DOI 10.5258/SOTON/WP00670",zmb_ppp_2008_1km_Aggregated.tif,EXPOSURE ONLY - not a flood-occurrence predictor,2026-10-07T14:55:13+00:00
ZMB-D-0503,2008,22062.586099505424,5.8453086364587055,3774.40909824596,1.2621207237243652,"WorldPop, University of Southampton","The spatial distribution of population in 2008 Zambia — unconstrained individual countries 2000-2020, 1 km, not UN-adjusted; DOI 10.5258/SOTON/WP00670",zmb_ppp_2008_1km_Aggregated.tif,EXPOSURE ONLY - not a flood-occurrence predictor,2026-10-07T14:55:13+00:00
ZMB-D-0504,2008,48520.63694882393,5.07442070406354,9561.808091703777,4.895264148712158,"WorldPop, University of Southampton","The spatial distribution of population in 2008 Zambia — unconstrained individual countries 2000-2020, 1 km, not UN-adjusted; DOI 10.5258/SOTON/WP00670",zmb_ppp_2008_1km_Aggregated.tif,EXPOSURE ONLY - not a flood-occurrence predictor,2026-10-07T14:55:13+00:00
ZMB-D-1003,2008,136630.04745173454,22.558142589607197,6056.795097779089,10.632954597473145,"WorldPop, University of Southampton","The spatial distribution of population in 2008 Zambia — unconstrained individual countries 2000-2020, 1 km, not UN-adjusted; DOI 10.5258/SOTON/WP00670",zmb_ppp_2008_1km_Aggregated.tif,EXPOSURE ONLY - not a flood-occurrence predictor,2026-10-07T14:55:13+00:00
ZMB-D-0102,2008,494109.9067270532,55.372096831069754,8923.445832916408,24.260984420776367,"WorldPop, University of Southampton","The spatial distribution of population in 2008 Zambia — unconstrained individual countries 2000-2020, 1 km, not UN-adjusted; DOI 10.5258/SOTON/WP00670",zmb_ppp_2008_1km_Aggregated.tif,EXPOSURE ONLY - not a flood-occurrence predictor,2026-10-07T14:55:13+00:00
ZMB-D-0103,2008,196934.45713281631,127.50231623560113,1544.5559182542002,42.16801834106445,"WorldPop, University of Southampton","The spatial distribution of population in 2008 Zambia — unconstrained individual countries 2000-2020, 1 km, not UN-adjusted; DOI 10.5258/SOTON/WP00670",zmb_ppp_2008_1km_Aggregated.tif,EXPOSURE ONLY - not a flood-occurrence predictor,2026-10-07T14:55:13+00:00
ZMB-D-0104,2008,164001.46465361118,8.226826573183633,19934.96072813719,3.5302910804748535,"WorldPop, University of Southampton","The spatial distribution of population in 2008 Zambia — unconstrained individual countries 2000-2020, 1 km, not UN-adjusted; DOI 10.5258/SOTON/WP00670",zmb_ppp_2008_1km_Aggregated.tif,EXPOSURE ONLY - not a flood-occurrence predictor,2026-10-07T14:55:13+00:00
ZMB-D-1004,2008,84406.69309997559,8.573348051576914,9845.242791052964,4.086456775665283,"WorldPop, University of Southampton","The spatial distribution of population in 2008 Zambia — unconstrained individual countries 2000-2020, 1 km, not UN-adjusted; DOI 10.5258/SOTON/WP00670",zmb_ppp_2008_1km_Aggregated.tif,EXPOSURE ONLY - not a flood-occurrence predictor,2026-10-07T14:55:13+00:00
ZMB-D-1005,2008,97968.1849720478,10.716366859481042,9141.921535223746,4.2234978675842285,"WorldPop, University of Southampton","The spatial distribution of population in 2008 Zambia — unconstrained individual countries 2000-2020, 1 km, not UN-adjusted; DOI 10.5258/SOTON/WP00670",zmb_ppp_2008_1km_Aggregated.tif,EXPOSURE ONLY - not a flood-occurrence predictor,2026-10-07T14:55:13+00:00
ZMB-D-0301,2008,68217.69274902344,45.28428320549673,1506.4319874393639,44.381248474121094,"WorldPop, University of Southampton","The spatial distribution of population in 2008 Zambia — unconstrained individual countries 2000-2020, 1 km, not UN-adjusted; DOI 10.5258/SOTON/WP00670",zmb_ppp_2008_1km_Aggregated.tif,EXPOSURE ONLY - not a flood-occurrence predictor,2026-10-07T14:55:13+00:00
ZMB-D-0302,2008,75428.36141526699,7.371347782988479,10232.641795756781,3.4171462059020996,"WorldPop, University of Southampton","The spatial distribution of population in 2008 Zambia — unconstrained individual countries 2000-2020, 1 km, not UN-adjusted; DOI 10.5258/SOTON/WP00670",zmb_ppp_2008_1km_Aggregated.tif,EXPOSURE ONLY - not a flood-occurrence predictor,2026-10-07T14:55:13+00:00
ZMB-D-1006,2008,52606.15365558863,5.634568998215545,9336.322560296781,7.74711275100708,"WorldPop, University of Southampton","The spatial distribution of population in 2008 Zambia — unconstrained individual countries 2000-2020, 1 km, not UN-adjusted; DOI 10.5258/SOTON/WP00670",zmb_ppp_2008_1km_Aggregated.tif,EXPOSURE ONLY - not a flood-occurrence predictor,2026-10-07T14:55:13+00:00
ZMB-D-0303,2008,151287.9949092865,61.82701809098744,2446.956032824424,371.7766418457031,"WorldPop, University of Southampton","The spatial distribution of population in 2008 Zambia — unconstrained individual countries 2000-2020, 1 km, not UN-adjusted; DOI 10.5258/SOTON/WP00670",zmb_ppp_2008_1km_Aggregated.tif,EXPOSURE ONLY - not a flood-occurrence predictor,2026-10-07T14:55:13+00:00
ZMB-D-0105,2008,49204.12857192755,7.130286481374831,6900.722530638099,9.027616500854492,"WorldPop, University of Southampton","The spatial distribution of population in 2008 Zambia — unconstrained individual countries 2000-2020, 1 km, not UN-adjusted; DOI 10.5258/SOTON/WP00670",zmb_ppp_2008_1km_Aggregated.tif,EXPOSURE ONLY - not a flood-occurrence predictor,2026-10-07T14:55:13+00:00
ZMB-D-0304,2008,215830.22260653973,29.36534953950022,7349.826444811085,29.786130905151367,"WorldPop, University of Southampton","The spatial distribution of population in 2008 Zambia — unconstrained individual countries 2000-2020, 1 km, not UN-adjusted; DOI 10.5258/SOTON/WP00670",zmb_ppp_2008_1km_Aggregated.tif,EXPOSURE ONLY - not a flood-occurrence predictor,2026-10-07T14:55:13+00:00
ZMB-D-0106,2008,25057.02775850892,2.7020655293670846,9273.286486274863,1.377004623413086,"WorldPop, University of Southampton","The spatial distribution of population in 2008 Zambia — unconstrained individual countries 2000-2020, 1 km, not UN-adjusted; DOI 10.5258/SOTON/WP00670",zmb_ppp_2008_1km_Aggregated.tif,EXPOSURE ONLY - not a flood-occurrence predictor,2026-10-07T14:55:13+00:00
ZMB-D-0201,2008,85228.02237808704,9.569886469553822,8905.8551163837,8.540079116821289,"WorldPop, University of Southampton","The spatial distribution of population in 2008 Zambia — unconstrained individual countries 2000-2020, 1 km, not UN-adjusted; DOI 10.5258/SOTON/WP00670",zmb_ppp_2008_1km_Aggregated.tif,EXPOSURE ONLY - not a flood-occurrence predictor,2026-10-07T14:55:13+00:00
ZMB-D-0305,2008,434154.2109116316,67.86358813848084,6397.4544055305,64.19192504882812,"WorldPop, University of Southampton","The spatial distribution of population in 2008 Zambia — unconstrained individual countries 2000-2020, 1 km, not UN-adjusted; DOI 10.5258/SOTON/WP00670",zmb_ppp_2008_1km_Aggregated.tif,EXPOSURE ONLY - not a flood-occurrence predictor,2026-10-07T14:55:13+00:00
ZMB-D-0701,2008,75772.13847571611,5.300729790478348,14294.66157883107,2.652437925338745,"WorldPop, University of Southampton","The spatial distribution of population in 2008 Zambia — unconstrained individual countries 2000-2020, 1 km, not UN-adjusted; DOI 10.5258/SOTON/WP00670",zmb_ppp_2008_1km_Aggregated.tif,EXPOSURE ONLY - not a flood-occurrence predictor,2026-10-07T14:55:13+00:00
ZMB-D-0702,2008,32647.70049124956,7.123737578714473,4582.94541741683,2.074486494064331,"WorldPop, University of Southampton","The spatial distribution of population in 2008 Zambia — unconstrained individual countries 2000-2020, 1 km, not UN-adjusted; DOI 10.5258/SOTON/WP00670",zmb_ppp_2008_1km_Aggregated.tif,EXPOSURE ONLY - not a flood-occurrence predictor,2026-10-07T14:55:13+00:00
ZMB-D-0703,2008,53640.35138344765,2.822681102833129,19003.333862124473,2.592397928237915,"WorldPop, University of Southampton","The spatial distribution of population in 2008 Zambia — unconstrained individual countries 2000-2020, 1 km, not UN-adjusted; DOI 10.5258/SOTON/WP00670",zmb_ppp_2008_1km_Aggregated.tif,EXPOSURE ONLY - not a flood-occurrence predictor,2026-10-07T14:55:13+00:00
ZMB-D-0306,2008,65506.167697668076,11.07719242550297,5913.60745407415,9.386021614074707,"WorldPop, University of Southampton","The spatial distribution of population in 2008 Zambia — unconstrained individual countries 2000-2020, 1 km, not UN-adjusted; DOI 10.5258/SOTON/WP00670",zmb_ppp_2008_1km_Aggregated.tif,EXPOSURE ONLY - not a flood-occurrence predictor,2026-10-07T14:55:13+00:00
ZMB-D-0704,2008,66696.32447826862,3.060396567079046,21793.360114086794,2.6865134239196777,"WorldPop, University of Southampton","The spatial distribution of population in 2008 Zambia — unconstrained individual countries 2000-2020, 1 km, not UN-adjusted; DOI 10.5258/SOTON/WP00670",zmb_ppp_2008_1km_Aggregated.tif,EXPOSURE ONLY - not a flood-occurrence predictor,2026-10-07T14:55:13+00:00
ZMB-D-0202,2008,521118.64543151855,435.1643580745846,1197.521432447374,118.89464569091797,"WorldPop, University of Southampton","The spatial distribution of population in 2008 Zambia — unconstrained individual countries 2000-2020, 1 km, not UN-adjusted; DOI 10.5258/SOTON/WP00670",zmb_ppp_2008_1km_Aggregated.tif,EXPOSURE ONLY - not a flood-occurrence predictor,2026-10-07T14:55:13+00:00
ZMB-D-0203,2008,67651.29941987991,63.250227094485425,1069.5819213236975,12.242913246154785,"WorldPop, University of Southampton","The spatial distribution of population in 2008 Zambia — unconstrained individual countries 2000-2020, 1 km, not UN-adjusted; DOI 10.5258/SOTON/WP00670",zmb_ppp_2008_1km_Aggregated.tif,EXPOSURE ONLY - not a flood-occurrence predictor,2026-10-07T14:55:13+00:00
ZMB-D-0204,2008,134353.89723587036,180.0414318882397,746.2387730801331,826.918212890625,"WorldPop, University of Southampton","The spatial distribution of population in 2008 Zambia — unconstrained individual countries 2000-2020, 1 km, not UN-adjusted; DOI 10.5258/SOTON/WP00670",zmb_ppp_2008_1km_Aggregated.tif,EXPOSURE ONLY - not a flood-occurrence predictor,2026-10-07T14:55:13+00:00
ZMB-D-0205,2008,71328.01936393976,6.5799810702410575,10840.155709038638,8.528355598449707,"WorldPop, University of Southampton","The spatial distribution of population in 2008 Zambia — unconstrained individual countries 2000-2020, 1 km, not UN-adjusted; DOI 10.5258/SOTON/WP00670",zmb_ppp_2008_1km_Aggregated.tif,EXPOSURE ONLY - not a flood-occurrence predictor,2026-10-07T14:55:13+00:00
ZMB-D-0206,2008,205316.97505116463,131.8945792982725,1556.6748545961948,13.803478240966797,"WorldPop, University of Southampton","The spatial distribution of population in 2008 Zambia — unconstrained individual countries 2000-2020, 1 km, not UN-adjusted; DOI 10.5258/SOTON/WP00670",zmb_ppp_2008_1km_Aggregated.tif,EXPOSURE ONLY - not a flood-occurrence predictor,2026-10-07T14:55:13+00:00
ZMB-D-0207,2008,80478.52923679352,91.35597071814293,880.9334365795404,55.325439453125,"WorldPop, University of Southampton","The spatial distribution of population in 2008 Zambia — unconstrained individual countries 2000-2020, 1 km, not UN-adjusted; DOI 10.5258/SOTON/WP00670",zmb_ppp_2008_1km_Aggregated.tif,EXPOSURE ONLY - not a flood-occurrence predictor,2026-10-07T14:55:13+00:00
ZMB-D-0107,2008,76762.15811041743,6.390012144944486,12012.83446247414,12.62236213684082,"WorldPop, University of Southampton","The spatial distribution of population in 2008 Zambia — unconstrained individual countries 2000-2020, 1 km, not UN-adjusted; DOI 10.5258/SOTON/WP00670",zmb_ppp_2008_1km_Aggregated.tif,EXPOSURE ONLY - not a flood-occurrence predictor,2026-10-07T14:55:13+00:00
ZMB-D-0307,2008,290588.8939189315,21.315788058159995,13632.56629902969,8.446743965148926,"WorldPop, University of Southampton","The spatial distribution of population in 2008 Zambia — unconstrained individual countries 2000-2020, 1 km, not UN-adjusted; DOI 10.5258/SOTON/WP00670",zmb_ppp_2008_1km_Aggregated.tif,EXPOSURE ONLY - not a flood-occurrence predictor,2026-10-07T14:55:13+00:00
ZMB-D-0705,2008,242097.48310908675,7.951959997860167,30445.00766782453,6.650087833404541,"WorldPop, University of Southampton","The spatial distribution of population in 2008 Zambia — unconstrained individual countries 2000-2020, 1 km, not UN-adjusted; DOI 10.5258/SOTON/WP00670",zmb_ppp_2008_1km_Aggregated.tif,EXPOSURE ONLY - not a flood-occurrence predictor,2026-10-07T14:55:13+00:00
ZMB-D-0401,2008,55601.33295035362,8.98657141368838,6187.157525467551,5.12711763381958,"WorldPop, University of Southampton","The spatial distribution of population in 2008 Zambia — unconstrained individual countries 2000-2020, 1 km, not UN-adjusted; DOI 10.5258/SOTON/WP00670",zmb_ppp_2008_1km_Aggregated.tif,EXPOSURE ONLY - not a flood-occurrence predictor,2026-10-07T14:55:13+00:00
ZMB-D-0601,2008,191342.2321831137,4.774826010242338,40073.13183196019,10.717769622802734,"WorldPop, University of Southampton","The spatial distribution of population in 2008 Zambia — unconstrained individual countries 2000-2020, 1 km, not UN-adjusted; DOI 10.5258/SOTON/WP00670",zmb_ppp_2008_1km_Aggregated.tif,EXPOSURE ONLY - not a flood-occurrence predictor,2026-10-07T14:55:13+00:00
ZMB-D-0706,2008,125351.14978301525,6.007862106428793,20864.51845305863,1.5716264247894287,"WorldPop, University of Southampton","The spatial distribution of population in 2008 Zambia — unconstrained individual countries 2000-2020, 1 km, not UN-adjusted; DOI 10.5258/SOTON/WP00670",zmb_ppp_2008_1km_Aggregated.tif,EXPOSURE ONLY - not a flood-occurrence predictor,2026-10-07T14:55:13+00:00
ZMB-D-0402,2008,161870.69882921875,25.85279565556487,6261.245436888592,0.0,"WorldPop, University of Southampton","The spatial distribution of population in 2008 Zambia — unconstrained individual countries 2000-2020, 1 km, not UN-adjusted; DOI 10.5258/SOTON/WP00670",zmb_ppp_2008_1km_Aggregated.tif,EXPOSURE ONLY - not a flood-occurrence predictor,2026-10-07T14:55:13+00:00
ZMB-D-0801,2008,84405.7760990262,16.359915159107004,5159.30402316545,18.63742446899414,"WorldPop, University of Southampton","The spatial distribution of population in 2008 Zambia — unconstrained individual countries 2000-2020, 1 km, not UN-adjusted; DOI 10.5258/SOTON/WP00670",zmb_ppp_2008_1km_Aggregated.tif,EXPOSURE ONLY - not a flood-occurrence predictor,2026-10-07T14:55:13+00:00
ZMB-D-0403,2008,164528.37680000067,21.7566380284562,7562.215108088334,15.956517219543457,"WorldPop, University of Southampton","The spatial distribution of population in 2008 Zambia — unconstrained individual countries 2000-2020, 1 km, not UN-adjusted; DOI 10.5258/SOTON/WP00670",zmb_ppp_2008_1km_Aggregated.tif,EXPOSURE ONLY - not a flood-occurrence predictor,2026-10-07T14:55:13+00:00
ZMB-D-0602,2008,91817.58106344938,5.202383978668371,17649.135750058857,6.259578704833984,"WorldPop, University of Southampton","The spatial distribution of population in 2008 Zambia — unconstrained individual countries 2000-2020, 1 km, not UN-adjusted; DOI 10.5258/SOTON/WP00670",zmb_ppp_2008_1km_Aggregated.tif,EXPOSURE ONLY - not a flood-occurrence predictor,2026-10-07T14:55:13+00:00
ZMB-D-0802,2008,104189.49895477295,11.658752269204058,8936.590858867778,14.218835830688477,"WorldPop, University of Southampton","The spatial distribution of population in 2008 Zambia — unconstrained individual countries 2000-2020, 1 km, not UN-adjusted; DOI 10.5258/SOTON/WP00670",zmb_ppp_2008_1km_Aggregated.tif,EXPOSURE ONLY - not a flood-occurrence predictor,2026-10-07T14:55:13+00:00
ZMB-D-0404,2008,29382.805455446243,7.0008649979447455,4197.025005348939,16.46703338623047,"WorldPop, University of Southampton","The spatial distribution of population in 2008 Zambia — unconstrained individual countries 2000-2020, 1 km, not UN-adjusted; DOI 10.5258/SOTON/WP00670",zmb_ppp_2008_1km_Aggregated.tif,EXPOSURE ONLY - not a flood-occurrence predictor,2026-10-07T14:55:13+00:00
ZMB-D-0603,2008,56540.08848537505,6.1879317903182365,9137.154448573401,3.543914556503296,"WorldPop, University of Southampton","The spatial distribution of population in 2008 Zambia — unconstrained individual countries 2000-2020, 1 km, not UN-adjusted; DOI 10.5258/SOTON/WP00670",zmb_ppp_2008_1km_Aggregated.tif,EXPOSURE ONLY - not a flood-occurrence predictor,2026-10-07T14:55:13+00:00
ZMB-D-0803,2008,220819.1961233616,20.809735175095575,10611.341002918236,5.614899158477783,"WorldPop, University of Southampton","The spatial distribution of population in 2008 Zambia — unconstrained individual countries 2000-2020, 1 km, not UN-adjusted; DOI 10.5258/SOTON/WP00670",zmb_ppp_2008_1km_Aggregated.tif,EXPOSURE ONLY - not a flood-occurrence predictor,2026-10-07T14:55:13+00:00
ZMB-D-0604,2008,67205.12605643272,12.720273809436828,5283.308131824572,2.6367886066436768,"WorldPop, University of Southampton","The spatial distribution of population in 2008 Zambia — unconstrained individual countries 2000-2020, 1 km, not UN-adjusted; DOI 10.5258/SOTON/WP00670",zmb_ppp_2008_1km_Aggregated.tif,EXPOSURE ONLY - not a flood-occurrence predictor,2026-10-07T14:55:13+00:00
ZMB-D-0804,2008,137312.9210510254,14.13791326508043,9712.389549749032,8.260457992553711,"WorldPop, University of Southampton","The spatial distribution of population in 2008 Zambia — unconstrained individual countries 2000-2020, 1 km, not UN-adjusted; DOI 10.5258/SOTON/WP00670",zmb_ppp_2008_1km_Aggregated.tif,EXPOSURE ONLY - not a flood-occurrence predictor,2026-10-07T14:55:13+00:00
ZMB-D-0405,2008,83730.03246200085,10.480625218577948,7989.0303026560905,14.159571647644043,"WorldPop, University of Southampton","The spatial distribution of population in 2008 Zambia — unconstrained individual countries 2000-2020, 1 km, not UN-adjusted; DOI 10.5258/SOTON/WP00670",zmb_ppp_2008_1km_Aggregated.tif,EXPOSURE ONLY - not a flood-occurrence predictor,2026-10-07T14:55:13+00:00
ZMB-D-0805,2008,94243.655397892,7.846831412030462,12010.409100086084,2.5868728160858154,"WorldPop, University of Southampton","The spatial distribution of population in 2008 Zambia — unconstrained individual countries 2000-2020, 1 km, not UN-adjusted; DOI 10.5258/SOTON/WP00670",zmb_ppp_2008_1km_Aggregated.tif,EXPOSURE ONLY - not a flood-occurrence predictor,2026-10-07T14:55:13+00:00
ZMB-D-0605,2008,114192.73867559433,26.284772247120245,4344.444669407599,24.461088180541992,"WorldPop, University of Southampton","The spatial distribution of population in 2008 Zambia — unconstrained individual countries 2000-2020, 1 km, not UN-adjusted; DOI 10.5258/SOTON/WP00670",zmb_ppp_2008_1km_Aggregated.tif,EXPOSURE ONLY - not a flood-occurrence predictor,2026-10-07T14:55:13+00:00
ZMB-D-0406,2008,144836.7201268524,34.33410950989013,4218.4498795616455,21.780200958251953,"WorldPop, University of Southampton","The spatial distribution of population in 2008 Zambia — unconstrained individual countries 2000-2020, 1 km, not UN-adjusted; DOI 10.5258/SOTON/WP00670",zmb_ppp_2008_1km_Aggregated.tif,EXPOSURE ONLY - not a flood-occurrence predictor,2026-10-07T14:55:13+00:00
ZMB-D-0806,2008,171037.33460855484,22.385798128461524,7640.439426240349,31.111743927001953,"WorldPop, University of Southampton","The spatial distribution of population in 2008 Zambia — unconstrained individual countries 2000-2020, 1 km, not UN-adjusted; DOI 10.5258/SOTON/WP00670",zmb_ppp_2008_1km_Aggregated.tif,EXPOSURE ONLY - not a flood-occurrence predictor,2026-10-07T14:55:13+00:00
ZMB-D-0807,2008,110291.61541611701,9.951392105574175,11083.033835470942,4.817723751068115,"WorldPop, University of Southampton","The spatial distribution of population in 2008 Zambia — unconstrained individual countries 2000-2020, 1 km, not UN-adjusted; DOI 10.5258/SOTON/WP00670",zmb_ppp_2008_1km_Aggregated.tif,EXPOSURE ONLY - not a flood-occurrence predictor,2026-10-07T14:55:13+00:00
ZMB-D-0808,2008,51637.88647745177,6.9730656861053975,7405.33487019145,2.9188010692596436,"WorldPop, University of Southampton","The spatial distribution of population in 2008 Zambia — unconstrained individual countries 2000-2020, 1 km, not UN-adjusted; DOI 10.5258/SOTON/WP00670",zmb_ppp_2008_1km_Aggregated.tif,EXPOSURE ONLY - not a flood-occurrence predictor,2026-10-07T14:55:13+00:00
ZMB-D-0407,2008,98529.84584605694,25.33197703113003,3889.5442596120824,99.46260833740234,"WorldPop, University of Southampton","The spatial distribution of population in 2008 Zambia — unconstrained individual countries 2000-2020, 1 km, not UN-adjusted; DOI 10.5258/SOTON/WP00670",zmb_ppp_2008_1km_Aggregated.tif,EXPOSURE ONLY - not a flood-occurrence predictor,2026-10-07T14:55:13+00:00
ZMB-D-0208,2008,100242.04855394363,27.22180840346116,3682.4169455692077,11.575657844543457,"WorldPop, University of Southampton","The spatial distribution of population in 2008 Zambia — unconstrained individual countries 2000-2020, 1 km, not UN-adjusted; DOI 10.5258/SOTON/WP00670",zmb_ppp_2008_1km_Aggregated.tif,EXPOSURE ONLY - not a flood-occurrence predictor,2026-10-07T14:55:13+00:00
ZMB-D-0209,2008,151882.2163925171,191.5727187498642,792.8175649625202,115.8262710571289,"WorldPop, University of Southampton","The spatial distribution of population in 2008 Zambia — unconstrained individual countries 2000-2020, 1 km, not UN-adjusted; DOI 10.5258/SOTON/WP00670",zmb_ppp_2008_1km_Aggregated.tif,EXPOSURE ONLY - not a flood-occurrence predictor,2026-10-07T14:55:13+00:00
ZMB-D-0210,2008,431040.7025375366,396.27306959277473,1087.7365524245452,111.39061737060547,"WorldPop, University of Southampton","The spatial distribution of population in 2008 Zambia — unconstrained individual countries 2000-2020, 1 km, not UN-adjusted; DOI 10.5258/SOTON/WP00670",zmb_ppp_2008_1km_Aggregated.tif,EXPOSURE ONLY - not a flood-occurrence predictor,2026-10-07T14:55:13+00:00
ZMB-D-0707,2008,29375.625893592834,13.381255008440606,2195.2818233464145,19.896324157714844,"WorldPop, University of Southampton","The spatial distribution of population in 2008 Zambia — unconstrained individual countries 2000-2020, 1 km, not UN-adjusted; DOI 10.5258/SOTON/WP00670",zmb_ppp_2008_1km_Aggregated.tif,EXPOSURE ONLY - not a flood-occurrence predictor,2026-10-07T14:55:13+00:00
ZMB-D-0606,2008,62945.60870409012,15.4363631964528,4077.748618829771,15.123745918273926,"WorldPop, University of Southampton","The spatial distribution of population in 2008 Zambia — unconstrained individual countries 2000-2020, 1 km, not UN-adjusted; DOI 10.5258/SOTON/WP00670",zmb_ppp_2008_1km_Aggregated.tif,EXPOSURE ONLY - not a flood-occurrence predictor,2026-10-07T14:55:13+00:00
ZMB-D-0505,2008,34236.51319873333,19.297371624397222,1774.1542146314316,15.554594039916992,"WorldPop, University of Southampton","The spatial distribution of population in 2008 Zambia — unconstrained individual countries 2000-2020, 1 km, not UN-adjusted; DOI 10.5258/SOTON/WP00670",zmb_ppp_2008_1km_Aggregated.tif,EXPOSURE ONLY - not a flood-occurrence predictor,2026-10-07T14:55:13+00:00
ZMB-D-0408,2008,22031.172637701035,10.24383961573456,2150.675280376423,7.694162845611572,"WorldPop, University of Southampton","The spatial distribution of population in 2008 Zambia — unconstrained individual countries 2000-2020, 1 km, not UN-adjusted; DOI 10.5258/SOTON/WP00670",zmb_ppp_2008_1km_Aggregated.tif,EXPOSURE ONLY - not a flood-occurrence predictor,2026-10-07T14:55:13+00:00
ZMB-D-0607,2008,86688.81814980507,13.83604579379014,6265.433017626505,5.889493942260742,"WorldPop, University of Southampton","The spatial distribution of population in 2008 Zambia — unconstrained individual countries 2000-2020, 1 km, not UN-adjusted; DOI 10.5258/SOTON/WP00670",zmb_ppp_2008_1km_Aggregated.tif,EXPOSURE ONLY - not a flood-occurrence predictor,2026-10-07T14:55:13+00:00
ZMB-D-0108,2008,117695.17596036196,13.98625811897304,8415.0581920623,18.651229858398438,"WorldPop, University of Southampton","The spatial distribution of population in 2008 Zambia — unconstrained individual countries 2000-2020, 1 km, not UN-adjusted; DOI 10.5258/SOTON/WP00670",zmb_ppp_2008_1km_Aggregated.tif,EXPOSURE ONLY - not a flood-occurrence predictor,2026-10-07T14:55:13+00:00
ZMB-D-0506,2008,190384.27396178246,84.2288895182297,2260.3203609917887,30.42730712890625,"WorldPop, University of Southampton","The spatial distribution of population in 2008 Zambia — unconstrained individual countries 2000-2020, 1 km, not UN-adjusted; DOI 10.5258/SOTON/WP00670",zmb_ppp_2008_1km_Aggregated.tif,EXPOSURE ONLY - not a flood-occurrence predictor,2026-10-07T14:55:13+00:00
ZMB-D-0109,2008,103667.96841925383,19.665871946938086,5271.4656486611875,10.823783874511719,"WorldPop, University of Southampton","The spatial distribution of population in 2008 Zambia — unconstrained individual countries 2000-2020, 1 km, not UN-adjusted; DOI 10.5258/SOTON/WP00670",zmb_ppp_2008_1km_Aggregated.tif,EXPOSURE ONLY - not a flood-occurrence predictor,2026-10-07T14:55:13+00:00
ZMB-D-1007,2008,35374.221027225256,3.192694312965122,11079.739417449106,3.3776774406433105,"WorldPop, University of Southampton","The spatial distribution of population in 2008 Zambia — unconstrained individual countries 2000-2020, 1 km, not UN-adjusted; DOI 10.5258/SOTON/WP00670",zmb_ppp_2008_1km_Aggregated.tif,EXPOSURE ONLY - not a flood-occurrence predictor,2026-10-07T14:55:13+00:00
ZMB-D-1008,2008,30254.66179281473,4.684032939616424,6459.105258831141,2.006932497024536,"WorldPop, University of Southampton","The spatial distribution of population in 2008 Zambia — unconstrained individual countries 2000-2020, 1 km, not UN-adjusted; DOI 10.5258/SOTON/WP00670",zmb_ppp_2008_1km_Aggregated.tif,EXPOSURE ONLY - not a flood-occurrence predictor,2026-10-07T14:55:13+00:00
ZMB-D-1009,2008,50462.74073660374,6.341858766893761,7957.08996233613,2.3517096042633057,"WorldPop, University of Southampton","The spatial distribution of population in 2008 Zambia — unconstrained individual countries 2000-2020, 1 km, not UN-adjusted; DOI 10.5258/SOTON/WP00670",zmb_ppp_2008_1km_Aggregated.tif,EXPOSURE ONLY - not a flood-occurrence predictor,2026-10-07T14:55:13+00:00
ZMB-D-1010,2008,50805.33255469799,10.982326051085373,4626.099454557439,4.529054641723633,"WorldPop, University of Southampton","The spatial distribution of population in 2008 Zambia — unconstrained individual countries 2000-2020, 1 km, not UN-adjusted; DOI 10.5258/SOTON/WP00670",zmb_ppp_2008_1km_Aggregated.tif,EXPOSURE ONLY - not a flood-occurrence predictor,2026-10-07T14:55:13+00:00
ZMB-D-1011,2008,40399.28298664093,5.286704653531264,7641.6757950827,4.695775032043457,"WorldPop, University of Southampton","The spatial distribution of population in 2008 Zambia — unconstrained individual countries 2000-2020, 1 km, not UN-adjusted; DOI 10.5258/SOTON/WP00670",zmb_ppp_2008_1km_Aggregated.tif,EXPOSURE ONLY - not a flood-occurrence predictor,2026-10-07T14:55:13+00:00
ZMB-D-1012,2008,47901.81177973747,4.703553987228158,10184.17390547831,3.1860623359680176,"WorldPop, University of Southampton","The spatial distribution of population in 2008 Zambia — unconstrained individual countries 2000-2020, 1 km, not UN-adjusted; DOI 10.5258/SOTON/WP00670",zmb_ppp_2008_1km_Aggregated.tif,EXPOSURE ONLY - not a flood-occurrence predictor,2026-10-07T14:55:13+00:00
ZMB-D-1013,2008,38428.8251824379,10.112058892195504,3800.2968131541734,19.93295669555664,"WorldPop, University of Southampton","The spatial distribution of population in 2008 Zambia — unconstrained individual countries 2000-2020, 1 km, not UN-adjusted; DOI 10.5258/SOTON/WP00670",zmb_ppp_2008_1km_Aggregated.tif,EXPOSURE ONLY - not a flood-occurrence predictor,2026-10-07T14:55:13+00:00
ZMB-D-0809,2008,61196.128084138036,12.074311360071016,5068.291371589916,11.763620376586914,"WorldPop, University of Southampton","The spatial distribution of population in 2008 Zambia — unconstrained individual countries 2000-2020, 1 km, not UN-adjusted; DOI 10.5258/SOTON/WP00670",zmb_ppp_2008_1km_Aggregated.tif,EXPOSURE ONLY - not a flood-occurrence predictor,2026-10-07T14:55:13+00:00
ZMB-D-0409,2008,24046.00807015598,6.491491935329879,3704.234451757665,5.0376482009887695,"WorldPop, University of Southampton","The spatial distribution of population in 2008 Zambia — unconstrained individual countries 2000-2020, 1 km, not UN-adjusted; DOI 10.5258/SOTON/WP00670",zmb_ppp_2008_1km_Aggregated.tif,EXPOSURE ONLY - not a flood-occurrence predictor,2026-10-07T14:55:13+00:00
ZMB-D-0911,2008,67933.88174533844,12.942717821489437,5248.811160245219,6.256835460662842,"WorldPop, University of Southampton","The spatial distribution of population in 2008 Zambia — unconstrained individual countries 2000-2020, 1 km, not UN-adjusted; DOI 10.5258/SOTON/WP00670",zmb_ppp_2008_1km_Aggregated.tif,EXPOSURE ONLY - not a flood-occurrence predictor,2026-10-07T14:55:13+00:00
ZMB-D-0308,2008,152248.14768218994,58.79439982246546,2589.5008392281543,99.45384216308594,"WorldPop, University of Southampton","The spatial distribution of population in 2008 Zambia — unconstrained individual countries 2000-2020, 1 km, not UN-adjusted; DOI 10.5258/SOTON/WP00670",zmb_ppp_2008_1km_Aggregated.tif,EXPOSURE ONLY - not a flood-occurrence predictor,2026-10-07T14:55:13+00:00
ZMB-D-0110,2008,183495.77726337314,19.696985834680127,9315.931828528577,19.664119720458984,"WorldPop, University of Southampton","The spatial distribution of population in 2008 Zambia — unconstrained individual countries 2000-2020, 1 km, not UN-adjusted; DOI 10.5258/SOTON/WP00670",zmb_ppp_2008_1km_Aggregated.tif,EXPOSURE ONLY - not a flood-occurrence predictor,2026-10-07T14:55:13+00:00
ZMB-D-0507,2008,136439.97695684433,102.14598535519917,1335.735090149577,26.526885986328125,"WorldPop, University of Southampton","The spatial distribution of population in 2008 Zambia — unconstrained individual countries 2000-2020, 1 km, not UN-adjusted; DOI 10.5258/SOTON/WP00670",zmb_ppp_2008_1km_Aggregated.tif,EXPOSURE ONLY - not a flood-occurrence predictor,2026-10-07T14:55:13+00:00
ZMB-D-0309,2008,29076.832157611847,31.584980190748066,920.5904826284833,19.688899993896484,"WorldPop, University of Southampton","The spatial distribution of population in 2008 Zambia — unconstrained individual countries 2000-2020, 1 km, not UN-adjusted; DOI 10.5258/SOTON/WP00670",zmb_ppp_2008_1km_Aggregated.tif,EXPOSURE ONLY - not a flood-occurrence predictor,2026-10-07T14:55:13+00:00
ZMB-D-1014,2008,47118.901005506516,12.067328248298173,3904.667216801,5.141356945037842,"WorldPop, University of Southampton","The spatial distribution of population in 2008 Zambia — unconstrained individual countries 2000-2020, 1 km, not UN-adjusted; DOI 10.5258/SOTON/WP00670",zmb_ppp_2008_1km_Aggregated.tif,EXPOSURE ONLY - not a flood-occurrence predictor,2026-10-07T14:55:13+00:00
ZMB-D-1015,2008,26297.841427087784,4.135588441124002,6358.911628048839,2.5210113525390625,"WorldPop, University of Southampton","The spatial distribution of population in 2008 Zambia — unconstrained individual countries 2000-2020, 1 km, not UN-adjusted; DOI 10.5258/SOTON/WP00670",zmb_ppp_2008_1km_Aggregated.tif,EXPOSURE ONLY - not a flood-occurrence predictor,2026-10-07T14:55:13+00:00
ZMB-D-0111,2008,82209.97745674849,7.0975019543322535,11582.945377925289,9.641095161437988,"WorldPop, University of Southampton","The spatial distribution of population in 2008 Zambia — unconstrained individual countries 2000-2020, 1 km, not UN-adjusted; DOI 10.5258/SOTON/WP00670",zmb_ppp_2008_1km_Aggregated.tif,EXPOSURE ONLY - not a flood-occurrence predictor,2026-10-07T14:55:13+00:00
ZMB-D-0708,2008,40128.15243077278,5.696842834741641,7043.928294116726,5.328193187713623,"WorldPop, University of Southampton","The spatial distribution of population in 2008 Zambia — unconstrained individual countries 2000-2020, 1 km, not UN-adjusted; DOI 10.5258/SOTON/WP00670",zmb_ppp_2008_1km_Aggregated.tif,EXPOSURE ONLY - not a flood-occurrence predictor,2026-10-07T14:55:13+00:00
ZMB-D-0709,2008,44987.60466897488,6.0617778923305305,7421.51980294329,3.3704628944396973,"WorldPop, University of Southampton","The spatial distribution of population in 2008 Zambia — unconstrained individual countries 2000-2020, 1 km, not UN-adjusted; DOI 10.5258/SOTON/WP00670",zmb_ppp_2008_1km_Aggregated.tif,EXPOSURE ONLY - not a flood-occurrence predictor,2026-10-07T14:55:13+00:00
ZMB-D-0410,2008,83912.56957364082,34.51389563783148,2431.269146032368,20.827749252319336,"WorldPop, University of Southampton","The spatial distribution of population in 2008 Zambia — unconstrained individual countries 2000-2020, 1 km, not UN-adjusted; DOI 10.5258/SOTON/WP00670",zmb_ppp_2008_1km_Aggregated.tif,EXPOSURE ONLY - not a flood-occurrence predictor,2026-10-07T14:55:13+00:00
ZMB-D-0411,2008,46315.57645365596,38.97027542570116,1188.4847091203908,38.55079650878906,"WorldPop, University of Southampton","The spatial distribution of population in 2008 Zambia — unconstrained individual countries 2000-2020, 1 km, not UN-adjusted; DOI 10.5258/SOTON/WP00670",zmb_ppp_2008_1km_Aggregated.tif,EXPOSURE ONLY - not a flood-occurrence predictor,2026-10-07T14:55:13+00:00
ZMB-D-0912,2008,50893.10117936134,26.810094718208205,1898.281289726181,10.969400405883789,"WorldPop, University of Southampton","The spatial distribution of population in 2008 Zambia — unconstrained individual countries 2000-2020, 1 km, not UN-adjusted; DOI 10.5258/SOTON/WP00670",zmb_ppp_2008_1km_Aggregated.tif,EXPOSURE ONLY - not a flood-occurrence predictor,2026-10-07T14:55:13+00:00
ZMB-D-0508,2008,48181.71090143919,29.467831722441943,1635.0612883656872,18.971532821655273,"WorldPop, University of Southampton","The spatial distribution of population in 2008 Zambia — unconstrained individual countries 2000-2020, 1 km, not UN-adjusted; DOI 10.5258/SOTON/WP00670",zmb_ppp_2008_1km_Aggregated.tif,EXPOSURE ONLY - not a flood-occurrence predictor,2026-10-07T14:55:13+00:00
ZMB-D-0901,2009,136884.3351392746,162.7167233298641,841.2431883954464,104.96662139892578,"WorldPop, University of Southampton","The spatial distribution of population in 2009 Zambia — unconstrained individual countries 2000-2020, 1 km, not UN-adjusted; DOI 10.5258/SOTON/WP00670",zmb_ppp_2009_1km_Aggregated.tif,EXPOSURE ONLY - not a flood-occurrence predictor,2026-10-07T14:55:13+00:00
ZMB-D-0902,2009,101360.59783226997,19.989127073737645,5070.7866060564875,33.82512283325195,"WorldPop, University of Southampton","The spatial distribution of population in 2009 Zambia — unconstrained individual countries 2000-2020, 1 km, not UN-adjusted; DOI 10.5258/SOTON/WP00670",zmb_ppp_2009_1km_Aggregated.tif,EXPOSURE ONLY - not a flood-occurrence predictor,2026-10-07T14:55:13+00:00
ZMB-D-0903,2009,50031.7611656785,12.975540829274346,3855.8517000540714,9.950835227966309,"WorldPop, University of Southampton","The spatial distribution of population in 2009 Zambia — unconstrained individual countries 2000-2020, 1 km, not UN-adjusted; DOI 10.5258/SOTON/WP00670",zmb_ppp_2009_1km_Aggregated.tif,EXPOSURE ONLY - not a flood-occurrence predictor,2026-10-07T14:55:13+00:00
ZMB-D-0904,2009,164617.5546617508,20.370945679153913,8080.997183660843,7.2621917724609375,"WorldPop, University of Southampton","The spatial distribution of population in 2009 Zambia — unconstrained individual countries 2000-2020, 1 km, not UN-adjusted; DOI 10.5258/SOTON/WP00670",zmb_ppp_2009_1km_Aggregated.tif,EXPOSURE ONLY - not a flood-occurrence predictor,2026-10-07T14:55:13+00:00
ZMB-D-0905,2009,191667.3278579712,37.18535545864252,5154.376648924151,62.856178283691406,"WorldPop, University of Southampton","The spatial distribution of population in 2009 Zambia — unconstrained individual countries 2000-2020, 1 km, not UN-adjusted; DOI 10.5258/SOTON/WP00670",zmb_ppp_2009_1km_Aggregated.tif,EXPOSURE ONLY - not a flood-occurrence predictor,2026-10-07T14:55:13+00:00
ZMB-D-0906,2009,102671.60119098425,5.614641363487894,18286.404160853333,1.3882696628570557,"WorldPop, University of Southampton","The spatial distribution of population in 2009 Zambia — unconstrained individual countries 2000-2020, 1 km, not UN-adjusted; DOI 10.5258/SOTON/WP00670",zmb_ppp_2009_1km_Aggregated.tif,EXPOSURE ONLY - not a flood-occurrence predictor,2026-10-07T14:55:13+00:00
ZMB-D-0907,2009,45216.02262134105,22.05838248436909,2049.8340099679485,9.573014259338379,"WorldPop, University of Southampton","The spatial distribution of population in 2009 Zambia — unconstrained individual countries 2000-2020, 1 km, not UN-adjusted; DOI 10.5258/SOTON/WP00670",zmb_ppp_2009_1km_Aggregated.tif,EXPOSURE ONLY - not a flood-occurrence predictor,2026-10-07T14:55:13+00:00
ZMB-D-1001,2009,36958.502259254456,4.461115613336535,8284.587413239587,2.757969379425049,"WorldPop, University of Southampton","The spatial distribution of population in 2009 Zambia — unconstrained individual countries 2000-2020, 1 km, not UN-adjusted; DOI 10.5258/SOTON/WP00670",zmb_ppp_2009_1km_Aggregated.tif,EXPOSURE ONLY - not a flood-occurrence predictor,2026-10-07T14:55:13+00:00
ZMB-D-0908,2009,190331.97965280712,38.8398131642523,4900.434995603594,13.779552459716797,"WorldPop, University of Southampton","The spatial distribution of population in 2009 Zambia — unconstrained individual countries 2000-2020, 1 km, not UN-adjusted; DOI 10.5258/SOTON/WP00670",zmb_ppp_2009_1km_Aggregated.tif,EXPOSURE ONLY - not a flood-occurrence predictor,2026-10-07T14:55:13+00:00
ZMB-D-0909,2009,96207.76613482833,17.790583957547693,5407.791355494656,13.03626823425293,"WorldPop, University of Southampton","The spatial distribution of population in 2009 Zambia — unconstrained individual countries 2000-2020, 1 km, not UN-adjusted; DOI 10.5258/SOTON/WP00670",zmb_ppp_2009_1km_Aggregated.tif,EXPOSURE ONLY - not a flood-occurrence predictor,2026-10-07T14:55:13+00:00
ZMB-D-0910,2009,158600.17908883095,41.456359874822404,3825.714065772408,148.68394470214844,"WorldPop, University of Southampton","The spatial distribution of population in 2009 Zambia — unconstrained individual countries 2000-2020, 1 km, not UN-adjusted; DOI 10.5258/SOTON/WP00670",zmb_ppp_2009_1km_Aggregated.tif,EXPOSURE ONLY - not a flood-occurrence predictor,2026-10-07T14:55:13+00:00
ZMB-D-1002,2009,66998.33072769642,6.080286096745272,11018.9437900891,1.3963642120361328,"WorldPop, University of Southampton","The spatial distribution of population in 2009 Zambia — unconstrained individual countries 2000-2020, 1 km, not UN-adjusted; DOI 10.5258/SOTON/WP00670",zmb_ppp_2009_1km_Aggregated.tif,EXPOSURE ONLY - not a flood-occurrence predictor,2026-10-07T14:55:13+00:00
ZMB-D-0501,2009,1268051.735736847,2939.0948875253716,431.4429388172996,1298.2821044921875,"WorldPop, University of Southampton","The spatial distribution of population in 2009 Zambia — unconstrained individual countries 2000-2020, 1 km, not UN-adjusted; DOI 10.5258/SOTON/WP00670",zmb_ppp_2009_1km_Aggregated.tif,EXPOSURE ONLY - not a flood-occurrence predictor,2026-10-07T14:55:13+00:00
ZMB-D-0101,2009,70870.9679084383,4.390356718558542,16142.416767379873,6.080387592315674,"WorldPop, University of Southampton","The spatial distribution of population in 2009 Zambia — unconstrained individual countries 2000-2020, 1 km, not UN-adjusted; DOI 10.5258/SOTON/WP00670",zmb_ppp_2009_1km_Aggregated.tif,EXPOSURE ONLY - not a flood-occurrence predictor,2026-10-07T14:55:13+00:00
ZMB-D-0502,2009,103167.58772892505,22.236343190214942,4639.593248152589,2.268444299697876,"WorldPop, University of Southampton","The spatial distribution of population in 2009 Zambia — unconstrained individual countries 2000-2020, 1 km, not UN-adjusted; DOI 10.5258/SOTON/WP00670",zmb_ppp_2009_1km_Aggregated.tif,EXPOSURE ONLY - not a flood-occurrence predictor,2026-10-07T14:55:13+00:00
ZMB-D-0503,2009,22622.798808336258,5.993732586870221,3774.40909824596,1.3475438356399536,"WorldPop, University of Southampton","The spatial distribution of population in 2009 Zambia — unconstrained individual countries 2000-2020, 1 km, not UN-adjusted; DOI 10.5258/SOTON/WP00670",zmb_ppp_2009_1km_Aggregated.tif,EXPOSURE ONLY - not a flood-occurrence predictor,2026-10-07T14:55:13+00:00
ZMB-D-0504,2009,50030.22964966297,5.232298030857917,9561.808091703777,4.958545684814453,"WorldPop, University of Southampton","The spatial distribution of population in 2009 Zambia — unconstrained individual countries 2000-2020, 1 km, not UN-adjusted; DOI 10.5258/SOTON/WP00670",zmb_ppp_2009_1km_Aggregated.tif,EXPOSURE ONLY - not a flood-occurrence predictor,2026-10-07T14:55:13+00:00
ZMB-D-1003,2009,138953.6249896884,22.94177411427374,6056.795097779089,10.537498474121094,"WorldPop, University of Southampton","The spatial distribution of population in 2009 Zambia — unconstrained individual countries 2000-2020, 1 km, not UN-adjusted; DOI 10.5258/SOTON/WP00670",zmb_ppp_2009_1km_Aggregated.tif,EXPOSURE ONLY - not a flood-occurrence predictor,2026-10-07T14:55:13+00:00
ZMB-D-0102,2009,503143.4614203572,56.38443610700074,8923.445832916408,24.273555755615234,"WorldPop, University of Southampton","The spatial distribution of population in 2009 Zambia — unconstrained individual countries 2000-2020, 1 km, not UN-adjusted; DOI 10.5258/SOTON/WP00670",zmb_ppp_2009_1km_Aggregated.tif,EXPOSURE ONLY - not a flood-occurrence predictor,2026-10-07T14:55:13+00:00
ZMB-D-0103,2009,199656.67893457413,129.26477868165793,1544.5559182542002,36.390499114990234,"WorldPop, University of Southampton","The spatial distribution of population in 2009 Zambia — unconstrained individual countries 2000-2020, 1 km, not UN-adjusted; DOI 10.5258/SOTON/WP00670",zmb_ppp_2009_1km_Aggregated.tif,EXPOSURE ONLY - not a flood-occurrence predictor,2026-10-07T14:55:13+00:00
ZMB-D-0104,2009,169671.3528639078,8.511245905010751,19934.96072813719,3.719491720199585,"WorldPop, University of Southampton","The spatial distribution of population in 2009 Zambia — unconstrained individual countries 2000-2020, 1 km, not UN-adjusted; DOI 10.5258/SOTON/WP00670",zmb_ppp_2009_1km_Aggregated.tif,EXPOSURE ONLY - not a flood-occurrence predictor,2026-10-07T14:55:13+00:00
ZMB-D-1004,2009,85054.53786730766,8.63915087443069,9845.242791052964,3.625823974609375,"WorldPop, University of Southampton","The spatial distribution of population in 2009 Zambia — unconstrained individual countries 2000-2020, 1 km, not UN-adjusted; DOI 10.5258/SOTON/WP00670",zmb_ppp_2009_1km_Aggregated.tif,EXPOSURE ONLY - not a flood-occurrence predictor,2026-10-07T14:55:13+00:00
ZMB-D-1005,2009,102124.79076623917,11.171042146090755,9141.921535223746,4.222916603088379,"WorldPop, University of Southampton","The spatial distribution of population in 2009 Zambia — unconstrained individual countries 2000-2020, 1 km, not UN-adjusted; DOI 10.5258/SOTON/WP00670",zmb_ppp_2009_1km_Aggregated.tif,EXPOSURE ONLY - not a flood-occurrence predictor,2026-10-07T14:55:13+00:00
ZMB-D-0301,2009,69085.71873855591,45.86049640116043,1506.4319874393639,45.774078369140625,"WorldPop, University of Southampton","The spatial distribution of population in 2009 Zambia — unconstrained individual countries 2000-2020, 1 km, not UN-adjusted; DOI 10.5258/SOTON/WP00670",zmb_ppp_2009_1km_Aggregated.tif,EXPOSURE ONLY - not a flood-occurrence predictor,2026-10-07T14:55:13+00:00
ZMB-D-0302,2009,77320.73882079124,7.556283153862985,10232.641795756781,3.4948370456695557,"WorldPop, University of Southampton","The spatial distribution of population in 2009 Zambia — unconstrained individual countries 2000-2020, 1 km, not UN-adjusted; DOI 10.5258/SOTON/WP00670",zmb_ppp_2009_1km_Aggregated.tif,EXPOSURE ONLY - not a flood-occurrence predictor,2026-10-07T14:55:13+00:00
ZMB-D-1006,2009,54752.55852454901,5.864467317933855,9336.322560296781,7.825157642364502,"WorldPop, University of Southampton","The spatial distribution of population in 2009 Zambia — unconstrained individual countries 2000-2020, 1 km, not UN-adjusted; DOI 10.5258/SOTON/WP00670",zmb_ppp_2009_1km_Aggregated.tif,EXPOSURE ONLY - not a flood-occurrence predictor,2026-10-07T14:55:13+00:00
ZMB-D-0303,2009,155381.3247680664,63.499843349745824,2446.956032824424,436.1581115722656,"WorldPop, University of Southampton","The spatial distribution of population in 2009 Zambia — unconstrained individual countries 2000-2020, 1 km, not UN-adjusted; DOI 10.5258/SOTON/WP00670",zmb_ppp_2009_1km_Aggregated.tif,EXPOSURE ONLY - not a flood-occurrence predictor,2026-10-07T14:55:13+00:00
ZMB-D-0105,2009,50924.153796076775,7.37953939895159,6900.722530638099,9.061607360839844,"WorldPop, University of Southampton","The spatial distribution of population in 2009 Zambia — unconstrained individual countries 2000-2020, 1 km, not UN-adjusted; DOI 10.5258/SOTON/WP00670",zmb_ppp_2009_1km_Aggregated.tif,EXPOSURE ONLY - not a flood-occurrence predictor,2026-10-07T14:55:13+00:00
ZMB-D-0304,2009,222880.70417273045,30.324621383418155,7349.826444811085,30.722925186157227,"WorldPop, University of Southampton","The spatial distribution of population in 2009 Zambia — unconstrained individual countries 2000-2020, 1 km, not UN-adjusted; DOI 10.5258/SOTON/WP00670",zmb_ppp_2009_1km_Aggregated.tif,EXPOSURE ONLY - not a flood-occurrence predictor,2026-10-07T14:55:13+00:00
ZMB-D-0106,2009,26065.36867493391,2.8108016196321066,9273.286486274863,1.4695534706115723,"WorldPop, University of Southampton","The spatial distribution of population in 2009 Zambia — unconstrained individual countries 2000-2020, 1 km, not UN-adjusted; DOI 10.5258/SOTON/WP00670",zmb_ppp_2009_1km_Aggregated.tif,EXPOSURE ONLY - not a flood-occurrence predictor,2026-10-07T14:55:13+00:00
ZMB-D-0201,2009,88342.88881367445,9.919641366178753,8905.8551163837,8.324088096618652,"WorldPop, University of Southampton","The spatial distribution of population in 2009 Zambia — unconstrained individual countries 2000-2020, 1 km, not UN-adjusted; DOI 10.5258/SOTON/WP00670",zmb_ppp_2009_1km_Aggregated.tif,EXPOSURE ONLY - not a flood-occurrence predictor,2026-10-07T14:55:13+00:00
ZMB-D-0305,2009,443888.04291152954,69.38510457031084,6397.4544055305,72.794189453125,"WorldPop, University of Southampton","The spatial distribution of population in 2009 Zambia — unconstrained individual countries 2000-2020, 1 km, not UN-adjusted; DOI 10.5258/SOTON/WP00670",zmb_ppp_2009_1km_Aggregated.tif,EXPOSURE ONLY - not a flood-occurrence predictor,2026-10-07T14:55:13+00:00
ZMB-D-0701,2009,78773.9541003704,5.5107253617690795,14294.66157883107,2.66627836227417,"WorldPop, University of Southampton","The spatial distribution of population in 2009 Zambia — unconstrained individual countries 2000-2020, 1 km, not UN-adjusted; DOI 10.5258/SOTON/WP00670",zmb_ppp_2009_1km_Aggregated.tif,EXPOSURE ONLY - not a flood-occurrence predictor,2026-10-07T14:55:13+00:00
ZMB-D-0702,2009,33324.9842376709,7.2715210857681285,4582.94541741683,2.0207769870758057,"WorldPop, University of Southampton","The spatial distribution of population in 2009 Zambia — unconstrained individual countries 2000-2020, 1 km, not UN-adjusted; DOI 10.5258/SOTON/WP00670",zmb_ppp_2009_1km_Aggregated.tif,EXPOSURE ONLY - not a flood-occurrence predictor,2026-10-07T14:55:13+00:00
ZMB-D-0703,2009,55160.99861288071,2.902701126712405,19003.333862124473,2.753692865371704,"WorldPop, University of Southampton","The spatial distribution of population in 2009 Zambia — unconstrained individual countries 2000-2020, 1 km, not UN-adjusted; DOI 10.5258/SOTON/WP00670",zmb_ppp_2009_1km_Aggregated.tif,EXPOSURE ONLY - not a flood-occurrence predictor,2026-10-07T14:55:13+00:00
ZMB-D-0306,2009,67859.97825336456,11.475225364614415,5913.60745407415,9.553826332092285,"WorldPop, University of Southampton","The spatial distribution of population in 2009 Zambia — unconstrained individual countries 2000-2020, 1 km, not UN-adjusted; DOI 10.5258/SOTON/WP00670",zmb_ppp_2009_1km_Aggregated.tif,EXPOSURE ONLY - not a flood-occurrence predictor,2026-10-07T14:55:13+00:00
ZMB-D-0704,2009,68673.83902072906,3.1511358808933583,21793.360114086794,2.856294631958008,"WorldPop, University of Southampton","The spatial distribution of population in 2009 Zambia — unconstrained individual countries 2000-2020, 1 km, not UN-adjusted; DOI 10.5258/SOTON/WP00670",zmb_ppp_2009_1km_Aggregated.tif,EXPOSURE ONLY - not a flood-occurrence predictor,2026-10-07T14:55:13+00:00
ZMB-D-0202,2009,541075.6327552795,451.8296024560358,1197.521432447374,133.1357421875,"WorldPop, University of Southampton","The spatial distribution of population in 2009 Zambia — unconstrained individual countries 2000-2020, 1 km, not UN-adjusted; DOI 10.5258/SOTON/WP00670",zmb_ppp_2009_1km_Aggregated.tif,EXPOSURE ONLY - not a flood-occurrence predictor,2026-10-07T14:55:13+00:00
ZMB-D-0203,2009,66928.54806232452,62.57449450855977,1069.5819213236975,11.63496208190918,"WorldPop, University of Southampton","The spatial distribution of population in 2009 Zambia — unconstrained individual countries 2000-2020, 1 km, not UN-adjusted; DOI 10.5258/SOTON/WP00670",zmb_ppp_2009_1km_Aggregated.tif,EXPOSURE ONLY - not a flood-occurrence predictor,2026-10-07T14:55:13+00:00
ZMB-D-0204,2009,136021.79278981686,182.27650143181515,746.2387730801331,776.4650268554688,"WorldPop, University of Southampton","The spatial distribution of population in 2009 Zambia — unconstrained individual countries 2000-2020, 1 km, not UN-adjusted; DOI 10.5258/SOTON/WP00670",zmb_ppp_2009_1km_Aggregated.tif,EXPOSURE ONLY - not a flood-occurrence predictor,2026-10-07T14:55:13+00:00
ZMB-D-0205,2009,72903.3920918107,6.725308570154862,10840.155709038638,8.748880386352539,"WorldPop, University of Southampton","The spatial distribution of population in 2009 Zambia — unconstrained individual countries 2000-2020, 1 km, not UN-adjusted; DOI 10.5258/SOTON/WP00670",zmb_ppp_2009_1km_Aggregated.tif,EXPOSURE ONLY - not a flood-occurrence predictor,2026-10-07T14:55:13+00:00
ZMB-D-0206,2009,210925.14355003834,135.4972381851397,1556.6748545961948,12.861300468444824,"WorldPop, University of Southampton","The spatial distribution of population in 2009 Zambia — unconstrained individual countries 2000-2020, 1 km, not UN-adjusted; DOI 10.5258/SOTON/WP00670",zmb_ppp_2009_1km_Aggregated.tif,EXPOSURE ONLY - not a flood-occurrence predictor,2026-10-07T14:55:13+00:00
ZMB-D-0207,2009,81812.65986156464,92.87042183257813,880.9334365795404,51.636619567871094,"WorldPop, University of Southampton","The spatial distribution of population in 2009 Zambia — unconstrained individual countries 2000-2020, 1 km, not UN-adjusted; DOI 10.5258/SOTON/WP00670",zmb_ppp_2009_1km_Aggregated.tif,EXPOSURE ONLY - not a flood-occurrence predictor,2026-10-07T14:55:13+00:00
ZMB-D-0107,2009,78028.00240769982,6.495386467818631,12012.83446247414,12.987318992614746,"WorldPop, University of Southampton","The spatial distribution of population in 2009 Zambia — unconstrained individual countries 2000-2020, 1 km, not UN-adjusted; DOI 10.5258/SOTON/WP00670",zmb_ppp_2009_1km_Aggregated.tif,EXPOSURE ONLY - not a flood-occurrence predictor,2026-10-07T14:55:13+00:00
ZMB-D-0307,2009,299435.98872083426,21.964755729238366,13632.56629902969,9.059208869934082,"WorldPop, University of Southampton","The spatial distribution of population in 2009 Zambia — unconstrained individual countries 2000-2020, 1 km, not UN-adjusted; DOI 10.5258/SOTON/WP00670",zmb_ppp_2009_1km_Aggregated.tif,EXPOSURE ONLY - not a flood-occurrence predictor,2026-10-07T14:55:13+00:00
ZMB-D-0705,2009,252374.4660461843,8.289518885978257,30445.00766782453,7.068423748016357,"WorldPop, University of Southampton","The spatial distribution of population in 2009 Zambia — unconstrained individual countries 2000-2020, 1 km, not UN-adjusted; DOI 10.5258/SOTON/WP00670",zmb_ppp_2009_1km_Aggregated.tif,EXPOSURE ONLY - not a flood-occurrence predictor,2026-10-07T14:55:13+00:00
ZMB-D-0401,2009,51438.68940258026,8.313783702911806,6187.157525467551,4.56569242477417,"WorldPop, University of Southampton","The spatial distribution of population in 2009 Zambia — unconstrained individual countries 2000-2020, 1 km, not UN-adjusted; DOI 10.5258/SOTON/WP00670",zmb_ppp_2009_1km_Aggregated.tif,EXPOSURE ONLY - not a flood-occurrence predictor,2026-10-07T14:55:13+00:00
ZMB-D-0601,2009,198138.14586096257,4.944413795553113,40073.13183196019,9.874537467956543,"WorldPop, University of Southampton","The spatial distribution of population in 2009 Zambia — unconstrained individual countries 2000-2020, 1 km, not UN-adjusted; DOI 10.5258/SOTON/WP00670",zmb_ppp_2009_1km_Aggregated.tif,EXPOSURE ONLY - not a flood-occurrence predictor,2026-10-07T14:55:13+00:00
ZMB-D-0706,2009,130564.33799904585,6.257721130386587,20864.51845305863,1.548930287361145,"WorldPop, University of Southampton","The spatial distribution of population in 2009 Zambia — unconstrained individual countries 2000-2020, 1 km, not UN-adjusted; DOI 10.5258/SOTON/WP00670",zmb_ppp_2009_1km_Aggregated.tif,EXPOSURE ONLY - not a flood-occurrence predictor,2026-10-07T14:55:13+00:00
ZMB-D-0402,2009,165181.51308219135,26.38157452014454,6261.245436888592,0.0,"WorldPop, University of Southampton","The spatial distribution of population in 2009 Zambia — unconstrained individual countries 2000-2020, 1 km, not UN-adjusted; DOI 10.5258/SOTON/WP00670",zmb_ppp_2009_1km_Aggregated.tif,EXPOSURE ONLY - not a flood-occurrence predictor,2026-10-07T14:55:13+00:00
ZMB-D-0801,2009,86088.75813494623,16.686118466445237,5159.30402316545,18.269882202148438,"WorldPop, University of Southampton","The spatial distribution of population in 2009 Zambia — unconstrained individual countries 2000-2020, 1 km, not UN-adjusted; DOI 10.5258/SOTON/WP00670",zmb_ppp_2009_1km_Aggregated.tif,EXPOSURE ONLY - not a flood-occurrence predictor,2026-10-07T14:55:13+00:00
ZMB-D-0403,2009,181097.59695863724,23.94769182973125,7562.215108088334,17.027734756469727,"WorldPop, University of Southampton","The spatial distribution of population in 2009 Zambia — unconstrained individual countries 2000-2020, 1 km, not UN-adjusted; DOI 10.5258/SOTON/WP00670",zmb_ppp_2009_1km_Aggregated.tif,EXPOSURE ONLY - not a flood-occurrence predictor,2026-10-07T14:55:13+00:00
ZMB-D-0602,2009,95830.66289454699,5.429765188033494,17649.135750058857,5.880164623260498,"WorldPop, University of Southampton","The spatial distribution of population in 2009 Zambia — unconstrained individual countries 2000-2020, 1 km, not UN-adjusted; DOI 10.5258/SOTON/WP00670",zmb_ppp_2009_1km_Aggregated.tif,EXPOSURE ONLY - not a flood-occurrence predictor,2026-10-07T14:55:13+00:00
ZMB-D-0802,2009,108776.83796954155,12.172073186231001,8936.590858867778,15.114678382873535,"WorldPop, University of Southampton","The spatial distribution of population in 2009 Zambia — unconstrained individual countries 2000-2020, 1 km, not UN-adjusted; DOI 10.5258/SOTON/WP00670",zmb_ppp_2009_1km_Aggregated.tif,EXPOSURE ONLY - not a flood-occurrence predictor,2026-10-07T14:55:13+00:00
ZMB-D-0404,2009,29928.581333994865,7.1309037463088965,4197.025005348939,16.801530838012695,"WorldPop, University of Southampton","The spatial distribution of population in 2009 Zambia — unconstrained individual countries 2000-2020, 1 km, not UN-adjusted; DOI 10.5258/SOTON/WP00670",zmb_ppp_2009_1km_Aggregated.tif,EXPOSURE ONLY - not a flood-occurrence predictor,2026-10-07T14:55:13+00:00
ZMB-D-0603,2009,57131.2787354812,6.2526335805127164,9137.154448573401,3.2347519397735596,"WorldPop, University of Southampton","The spatial distribution of population in 2009 Zambia — unconstrained individual countries 2000-2020, 1 km, not UN-adjusted; DOI 10.5258/SOTON/WP00670",zmb_ppp_2009_1km_Aggregated.tif,EXPOSURE ONLY - not a flood-occurrence predictor,2026-10-07T14:55:13+00:00
ZMB-D-0803,2009,229834.81060433388,21.65935582893121,10611.341002918236,5.370175838470459,"WorldPop, University of Southampton","The spatial distribution of population in 2009 Zambia — unconstrained individual countries 2000-2020, 1 km, not UN-adjusted; DOI 10.5258/SOTON/WP00670",zmb_ppp_2009_1km_Aggregated.tif,EXPOSURE ONLY - not a flood-occurrence predictor,2026-10-07T14:55:13+00:00
ZMB-D-0604,2009,69904.85591125488,13.23126612475534,5283.308131824572,2.7981510162353516,"WorldPop, University of Southampton","The spatial distribution of population in 2009 Zambia — unconstrained individual countries 2000-2020, 1 km, not UN-adjusted; DOI 10.5258/SOTON/WP00670",zmb_ppp_2009_1km_Aggregated.tif,EXPOSURE ONLY - not a flood-occurrence predictor,2026-10-07T14:55:13+00:00
ZMB-D-0804,2009,140307.11454200745,14.44619924101304,9712.389549749032,8.26231575012207,"WorldPop, University of Southampton","The spatial distribution of population in 2009 Zambia — unconstrained individual countries 2000-2020, 1 km, not UN-adjusted; DOI 10.5258/SOTON/WP00670",zmb_ppp_2009_1km_Aggregated.tif,EXPOSURE ONLY - not a flood-occurrence predictor,2026-10-07T14:55:13+00:00
ZMB-D-0405,2009,86221.84198486805,10.79252909532739,7989.0303026560905,14.40156364440918,"WorldPop, University of Southampton","The spatial distribution of population in 2009 Zambia — unconstrained individual countries 2000-2020, 1 km, not UN-adjusted; DOI 10.5258/SOTON/WP00670",zmb_ppp_2009_1km_Aggregated.tif,EXPOSURE ONLY - not a flood-occurrence predictor,2026-10-07T14:55:13+00:00
ZMB-D-0805,2009,97081.54102754593,8.083116921208795,12010.409100086084,2.5715134143829346,"WorldPop, University of Southampton","The spatial distribution of population in 2009 Zambia — unconstrained individual countries 2000-2020, 1 km, not UN-adjusted; DOI 10.5258/SOTON/WP00670",zmb_ppp_2009_1km_Aggregated.tif,EXPOSURE ONLY - not a flood-occurrence predictor,2026-10-07T14:55:13+00:00
ZMB-D-0605,2009,119764.1754450798,27.567200081618406,4344.444669407599,22.637672424316406,"WorldPop, University of Southampton","The spatial distribution of population in 2009 Zambia — unconstrained individual countries 2000-2020, 1 km, not UN-adjusted; DOI 10.5258/SOTON/WP00670",zmb_ppp_2009_1km_Aggregated.tif,EXPOSURE ONLY - not a flood-occurrence predictor,2026-10-07T14:55:13+00:00
ZMB-D-0406,2009,149542.2887046486,35.44958289754247,4218.4498795616455,20.67585563659668,"WorldPop, University of Southampton","The spatial distribution of population in 2009 Zambia — unconstrained individual countries 2000-2020, 1 km, not UN-adjusted; DOI 10.5258/SOTON/WP00670",zmb_ppp_2009_1km_Aggregated.tif,EXPOSURE ONLY - not a flood-occurrence predictor,2026-10-07T14:55:13+00:00
ZMB-D-0806,2009,178602.57727718353,23.375956186994987,7640.439426240349,32.52350997924805,"WorldPop, University of Southampton","The spatial distribution of population in 2009 Zambia — unconstrained individual countries 2000-2020, 1 km, not UN-adjusted; DOI 10.5258/SOTON/WP00670",zmb_ppp_2009_1km_Aggregated.tif,EXPOSURE ONLY - not a flood-occurrence predictor,2026-10-07T14:55:13+00:00
ZMB-D-0807,2009,112976.0116982162,10.193599818908755,11083.033835470942,4.646343231201172,"WorldPop, University of Southampton","The spatial distribution of population in 2009 Zambia — unconstrained individual countries 2000-2020, 1 km, not UN-adjusted; DOI 10.5258/SOTON/WP00670",zmb_ppp_2009_1km_Aggregated.tif,EXPOSURE ONLY - not a flood-occurrence predictor,2026-10-07T14:55:13+00:00
ZMB-D-0808,2009,52468.063445117325,7.085170942953032,7405.33487019145,2.967647075653076,"WorldPop, University of Southampton","The spatial distribution of population in 2009 Zambia — unconstrained individual countries 2000-2020, 1 km, not UN-adjusted; DOI 10.5258/SOTON/WP00670",zmb_ppp_2009_1km_Aggregated.tif,EXPOSURE ONLY - not a flood-occurrence predictor,2026-10-07T14:55:13+00:00
ZMB-D-0407,2009,101012.85192930698,25.970356727443782,3889.5442596120824,105.45430755615234,"WorldPop, University of Southampton","The spatial distribution of population in 2009 Zambia — unconstrained individual countries 2000-2020, 1 km, not UN-adjusted; DOI 10.5258/SOTON/WP00670",zmb_ppp_2009_1km_Aggregated.tif,EXPOSURE ONLY - not a flood-occurrence predictor,2026-10-07T14:55:13+00:00
ZMB-D-0208,2009,101637.48413324356,27.600753970985487,3682.4169455692077,11.7184476852417,"WorldPop, University of Southampton","The spatial distribution of population in 2009 Zambia — unconstrained individual countries 2000-2020, 1 km, not UN-adjusted; DOI 10.5258/SOTON/WP00670",zmb_ppp_2009_1km_Aggregated.tif,EXPOSURE ONLY - not a flood-occurrence predictor,2026-10-07T14:55:13+00:00
ZMB-D-0209,2009,151499.66155433655,191.0901930654104,792.8175649625202,66.59709167480469,"WorldPop, University of Southampton","The spatial distribution of population in 2009 Zambia — unconstrained individual countries 2000-2020, 1 km, not UN-adjusted; DOI 10.5258/SOTON/WP00670",zmb_ppp_2009_1km_Aggregated.tif,EXPOSURE ONLY - not a flood-occurrence predictor,2026-10-07T14:55:13+00:00
ZMB-D-0210,2009,446750.5641775131,410.7157778064129,1087.7365524245452,116.3968276977539,"WorldPop, University of Southampton","The spatial distribution of population in 2009 Zambia — unconstrained individual countries 2000-2020, 1 km, not UN-adjusted; DOI 10.5258/SOTON/WP00670",zmb_ppp_2009_1km_Aggregated.tif,EXPOSURE ONLY - not a flood-occurrence predictor,2026-10-07T14:55:13+00:00
ZMB-D-0707,2009,30625.101649403572,13.950419177943944,2195.2818233464145,21.19416618347168,"WorldPop, University of Southampton","The spatial distribution of population in 2009 Zambia — unconstrained individual countries 2000-2020, 1 km, not UN-adjusted; DOI 10.5258/SOTON/WP00670",zmb_ppp_2009_1km_Aggregated.tif,EXPOSURE ONLY - not a flood-occurrence predictor,2026-10-07T14:55:13+00:00
ZMB-D-0606,2009,65467.52002263069,16.054819985793657,4077.748618829771,15.881196022033691,"WorldPop, University of Southampton","The spatial distribution of population in 2009 Zambia — unconstrained individual countries 2000-2020, 1 km, not UN-adjusted; DOI 10.5258/SOTON/WP00670",zmb_ppp_2009_1km_Aggregated.tif,EXPOSURE ONLY - not a flood-occurrence predictor,2026-10-07T14:55:13+00:00
ZMB-D-0505,2009,34814.17959010601,19.622972627178534,1774.1542146314316,15.854755401611328,"WorldPop, University of Southampton","The spatial distribution of population in 2009 Zambia — unconstrained individual countries 2000-2020, 1 km, not UN-adjusted; DOI 10.5258/SOTON/WP00670",zmb_ppp_2009_1km_Aggregated.tif,EXPOSURE ONLY - not a flood-occurrence predictor,2026-10-07T14:55:13+00:00
ZMB-D-0408,2009,24246.524357557297,11.273912235283394,2150.675280376423,8.160845756530762,"WorldPop, University of Southampton","The spatial distribution of population in 2009 Zambia — unconstrained individual countries 2000-2020, 1 km, not UN-adjusted; DOI 10.5258/SOTON/WP00670",zmb_ppp_2009_1km_Aggregated.tif,EXPOSURE ONLY - not a flood-occurrence predictor,2026-10-07T14:55:13+00:00
ZMB-D-0607,2009,87991.1313084364,14.043902641827225,6265.433017626505,6.049276351928711,"WorldPop, University of Southampton","The spatial distribution of population in 2009 Zambia — unconstrained individual countries 2000-2020, 1 km, not UN-adjusted; DOI 10.5258/SOTON/WP00670",zmb_ppp_2009_1km_Aggregated.tif,EXPOSURE ONLY - not a flood-occurrence predictor,2026-10-07T14:55:13+00:00
ZMB-D-0108,2009,122770.12893611193,14.589338081098203,8415.0581920623,17.568164825439453,"WorldPop, University of Southampton","The spatial distribution of population in 2009 Zambia — unconstrained individual countries 2000-2020, 1 km, not UN-adjusted; DOI 10.5258/SOTON/WP00670",zmb_ppp_2009_1km_Aggregated.tif,EXPOSURE ONLY - not a flood-occurrence predictor,2026-10-07T14:55:13+00:00
ZMB-D-0506,2009,194774.71475076675,86.17128709370341,2260.3203609917887,29.204391479492188,"WorldPop, University of Southampton","The spatial distribution of population in 2009 Zambia — unconstrained individual countries 2000-2020, 1 km, not UN-adjusted; DOI 10.5258/SOTON/WP00670",zmb_ppp_2009_1km_Aggregated.tif,EXPOSURE ONLY - not a flood-occurrence predictor,2026-10-07T14:55:13+00:00
ZMB-D-0109,2009,105781.1226349771,20.066738490810938,5271.4656486611875,10.616646766662598,"WorldPop, University of Southampton","The spatial distribution of population in 2009 Zambia — unconstrained individual countries 2000-2020, 1 km, not UN-adjusted; DOI 10.5258/SOTON/WP00670",zmb_ppp_2009_1km_Aggregated.tif,EXPOSURE ONLY - not a flood-occurrence predictor,2026-10-07T14:55:13+00:00
ZMB-D-1007,2009,36549.20246121287,3.298742062800933,11079.739417449106,3.309476375579834,"WorldPop, University of Southampton","The spatial distribution of population in 2009 Zambia — unconstrained individual countries 2000-2020, 1 km, not UN-adjusted; DOI 10.5258/SOTON/WP00670",zmb_ppp_2009_1km_Aggregated.tif,EXPOSURE ONLY - not a flood-occurrence predictor,2026-10-07T14:55:13+00:00
ZMB-D-1008,2009,30530.82503682375,4.726788589655016,6459.105258831141,1.7662605047225952,"WorldPop, University of Southampton","The spatial distribution of population in 2009 Zambia — unconstrained individual countries 2000-2020, 1 km, not UN-adjusted; DOI 10.5258/SOTON/WP00670",zmb_ppp_2009_1km_Aggregated.tif,EXPOSURE ONLY - not a flood-occurrence predictor,2026-10-07T14:55:13+00:00
ZMB-D-1009,2009,51373.533800423145,6.456321851781645,7957.08996233613,2.481842517852783,"WorldPop, University of Southampton","The spatial distribution of population in 2009 Zambia — unconstrained individual countries 2000-2020, 1 km, not UN-adjusted; DOI 10.5258/SOTON/WP00670",zmb_ppp_2009_1km_Aggregated.tif,EXPOSURE ONLY - not a flood-occurrence predictor,2026-10-07T14:55:13+00:00
ZMB-D-1010,2009,51107.969183683395,11.047745446400633,4626.099454557439,4.854226589202881,"WorldPop, University of Southampton","The spatial distribution of population in 2009 Zambia — unconstrained individual countries 2000-2020, 1 km, not UN-adjusted; DOI 10.5258/SOTON/WP00670",zmb_ppp_2009_1km_Aggregated.tif,EXPOSURE ONLY - not a flood-occurrence predictor,2026-10-07T14:55:13+00:00
ZMB-D-1011,2009,41263.83375775814,5.399840933360557,7641.6757950827,4.792900562286377,"WorldPop, University of Southampton","The spatial distribution of population in 2009 Zambia — unconstrained individual countries 2000-2020, 1 km, not UN-adjusted; DOI 10.5258/SOTON/WP00670",zmb_ppp_2009_1km_Aggregated.tif,EXPOSURE ONLY - not a flood-occurrence predictor,2026-10-07T14:55:13+00:00
ZMB-D-1012,2009,49224.59011411667,4.8334396654045335,10184.17390547831,3.1831276416778564,"WorldPop, University of Southampton","The spatial distribution of population in 2009 Zambia — unconstrained individual countries 2000-2020, 1 km, not UN-adjusted; DOI 10.5258/SOTON/WP00670",zmb_ppp_2009_1km_Aggregated.tif,EXPOSURE ONLY - not a flood-occurrence predictor,2026-10-07T14:55:13+00:00
ZMB-D-1013,2009,35908.95806527138,9.44898775826608,3800.2968131541734,17.980775833129883,"WorldPop, University of Southampton","The spatial distribution of population in 2009 Zambia — unconstrained individual countries 2000-2020, 1 km, not UN-adjusted; DOI 10.5258/SOTON/WP00670",zmb_ppp_2009_1km_Aggregated.tif,EXPOSURE ONLY - not a flood-occurrence predictor,2026-10-07T14:55:13+00:00
ZMB-D-0809,2009,63775.54469589889,12.583243547004795,5068.291371589916,11.99321174621582,"WorldPop, University of Southampton","The spatial distribution of population in 2009 Zambia — unconstrained individual countries 2000-2020, 1 km, not UN-adjusted; DOI 10.5258/SOTON/WP00670",zmb_ppp_2009_1km_Aggregated.tif,EXPOSURE ONLY - not a flood-occurrence predictor,2026-10-07T14:55:13+00:00
ZMB-D-0409,2009,24662.640668705106,6.6579588818960005,3704.234451757665,5.101799488067627,"WorldPop, University of Southampton","The spatial distribution of population in 2009 Zambia — unconstrained individual countries 2000-2020, 1 km, not UN-adjusted; DOI 10.5258/SOTON/WP00670",zmb_ppp_2009_1km_Aggregated.tif,EXPOSURE ONLY - not a flood-occurrence predictor,2026-10-07T14:55:13+00:00
ZMB-D-0911,2009,72176.80846428871,13.751077388906612,5248.811160245219,6.6995463371276855,"WorldPop, University of Southampton","The spatial distribution of population in 2009 Zambia — unconstrained individual countries 2000-2020, 1 km, not UN-adjusted; DOI 10.5258/SOTON/WP00670",zmb_ppp_2009_1km_Aggregated.tif,EXPOSURE ONLY - not a flood-occurrence predictor,2026-10-07T14:55:13+00:00
ZMB-D-0308,2009,157303.8524017334,60.746785642525815,2589.5008392281543,107.18370819091797,"WorldPop, University of Southampton","The spatial distribution of population in 2009 Zambia — unconstrained individual countries 2000-2020, 1 km, not UN-adjusted; DOI 10.5258/SOTON/WP00670",zmb_ppp_2009_1km_Aggregated.tif,EXPOSURE ONLY - not a flood-occurrence predictor,2026-10-07T14:55:13+00:00
ZMB-D-0110,2009,188061.0274392292,20.187033449871524,9315.931828528577,19.489105224609375,"WorldPop, University of Southampton","The spatial distribution of population in 2009 Zambia — unconstrained individual countries 2000-2020, 1 km, not UN-adjusted; DOI 10.5258/SOTON/WP00670",zmb_ppp_2009_1km_Aggregated.tif,EXPOSURE ONLY - not a flood-occurrence predictor,2026-10-07T14:55:13+00:00
ZMB-D-0507,2009,145322.07186985016,108.7955785106887,1335.735090149577,25.944116592407227,"WorldPop, University of Southampton","The spatial distribution of population in 2009 Zambia — unconstrained individual countries 2000-2020, 1 km, not UN-adjusted; DOI 10.5258/SOTON/WP00670",zmb_ppp_2009_1km_Aggregated.tif,EXPOSURE ONLY - not a flood-occurrence predictor,2026-10-07T14:55:13+00:00
ZMB-D-0309,2009,30709.104366779327,33.35805110552332,920.5904826284833,19.984783172607422,"WorldPop, University of Southampton","The spatial distribution of population in 2009 Zambia — unconstrained individual countries 2000-2020, 1 km, not UN-adjusted; DOI 10.5258/SOTON/WP00670",zmb_ppp_2009_1km_Aggregated.tif,EXPOSURE ONLY - not a flood-occurrence predictor,2026-10-07T14:55:13+00:00
ZMB-D-1014,2009,47917.08273208141,12.271745598678375,3904.667216801,5.250766754150391,"WorldPop, University of Southampton","The spatial distribution of population in 2009 Zambia — unconstrained individual countries 2000-2020, 1 km, not UN-adjusted; DOI 10.5258/SOTON/WP00670",zmb_ppp_2009_1km_Aggregated.tif,EXPOSURE ONLY - not a flood-occurrence predictor,2026-10-07T14:55:13+00:00
ZMB-D-1015,2009,27443.646823763847,4.3157773576709735,6358.911628048839,2.4261856079101562,"WorldPop, University of Southampton","The spatial distribution of population in 2009 Zambia — unconstrained individual countries 2000-2020, 1 km, not UN-adjusted; DOI 10.5258/SOTON/WP00670",zmb_ppp_2009_1km_Aggregated.tif,EXPOSURE ONLY - not a flood-occurrence predictor,2026-10-07T14:55:13+00:00
ZMB-D-0111,2009,84580.70183545351,7.30217566221515,11582.945377925289,10.218596458435059,"WorldPop, University of Southampton","The spatial distribution of population in 2009 Zambia — unconstrained individual countries 2000-2020, 1 km, not UN-adjusted; DOI 10.5258/SOTON/WP00670",zmb_ppp_2009_1km_Aggregated.tif,EXPOSURE ONLY - not a flood-occurrence predictor,2026-10-07T14:55:13+00:00
ZMB-D-0708,2009,41990.03693288565,5.961167572923312,7043.928294116726,6.0959296226501465,"WorldPop, University of Southampton","The spatial distribution of population in 2009 Zambia — unconstrained individual countries 2000-2020, 1 km, not UN-adjusted; DOI 10.5258/SOTON/WP00670",zmb_ppp_2009_1km_Aggregated.tif,EXPOSURE ONLY - not a flood-occurrence predictor,2026-10-07T14:55:13+00:00
ZMB-D-0709,2009,46667.23661774397,6.288097028217357,7421.51980294329,3.383054256439209,"WorldPop, University of Southampton","The spatial distribution of population in 2009 Zambia — unconstrained individual countries 2000-2020, 1 km, not UN-adjusted; DOI 10.5258/SOTON/WP00670",zmb_ppp_2009_1km_Aggregated.tif,EXPOSURE ONLY - not a flood-occurrence predictor,2026-10-07T14:55:13+00:00
ZMB-D-0410,2009,84328.70838236809,34.68505678196329,2431.269146032368,19.741750717163086,"WorldPop, University of Southampton","The spatial distribution of population in 2009 Zambia — unconstrained individual countries 2000-2020, 1 km, not UN-adjusted; DOI 10.5258/SOTON/WP00670",zmb_ppp_2009_1km_Aggregated.tif,EXPOSURE ONLY - not a flood-occurrence predictor,2026-10-07T14:55:13+00:00
ZMB-D-0411,2009,48062.894998297095,40.44048243066494,1188.4847091203908,40.02791213989258,"WorldPop, University of Southampton","The spatial distribution of population in 2009 Zambia — unconstrained individual countries 2000-2020, 1 km, not UN-adjusted; DOI 10.5258/SOTON/WP00670",zmb_ppp_2009_1km_Aggregated.tif,EXPOSURE ONLY - not a flood-occurrence predictor,2026-10-07T14:55:13+00:00
ZMB-D-0912,2009,50529.71272492409,26.61866447211982,1898.281289726181,11.133056640625,"WorldPop, University of Southampton","The spatial distribution of population in 2009 Zambia — unconstrained individual countries 2000-2020, 1 km, not UN-adjusted; DOI 10.5258/SOTON/WP00670",zmb_ppp_2009_1km_Aggregated.tif,EXPOSURE ONLY - not a flood-occurrence predictor,2026-10-07T14:55:13+00:00
ZMB-D-0508,2009,50017.822025597095,30.59079337361844,1635.0612883656872,18.581256866455078,"WorldPop, University of Southampton","The spatial distribution of population in 2009 Zambia — unconstrained individual countries 2000-2020, 1 km, not UN-adjusted; DOI 10.5258/SOTON/WP00670",zmb_ppp_2009_1km_Aggregated.tif,EXPOSURE ONLY - not a flood-occurrence predictor,2026-10-07T14:55:13+00:00
ZMB-D-0901,2010,141790.88862609863,168.54922640924428,841.2431883954464,181.7273406982422,"WorldPop, University of Southampton","The spatial distribution of population in 2010 Zambia — unconstrained individual countries 2000-2020, 1 km, not UN-adjusted; DOI 10.5258/SOTON/WP00670",zmb_ppp_2010_1km_Aggregated.tif,EXPOSURE ONLY - not a flood-occurrence predictor,2026-10-07T14:55:13+00:00
ZMB-D-0902,2010,103723.73533142358,20.45515684046676,5070.7866060564875,36.04865264892578,"WorldPop, University of Southampton","The spatial distribution of population in 2010 Zambia — unconstrained individual countries 2000-2020, 1 km, not UN-adjusted; DOI 10.5258/SOTON/WP00670",zmb_ppp_2010_1km_Aggregated.tif,EXPOSURE ONLY - not a flood-occurrence predictor,2026-10-07T14:55:13+00:00
ZMB-D-0903,2010,52227.80684321374,13.545076653876842,3855.8517000540714,9.472576141357422,"WorldPop, University of Southampton","The spatial distribution of population in 2010 Zambia — unconstrained individual countries 2000-2020, 1 km, not UN-adjusted; DOI 10.5258/SOTON/WP00670",zmb_ppp_2010_1km_Aggregated.tif,EXPOSURE ONLY - not a flood-occurrence predictor,2026-10-07T14:55:13+00:00
ZMB-D-0904,2010,171345.2485921383,21.20347832054505,8080.997183660843,6.479909420013428,"WorldPop, University of Southampton","The spatial distribution of population in 2010 Zambia — unconstrained individual countries 2000-2020, 1 km, not UN-adjusted; DOI 10.5258/SOTON/WP00670",zmb_ppp_2010_1km_Aggregated.tif,EXPOSURE ONLY - not a flood-occurrence predictor,2026-10-07T14:55:13+00:00
ZMB-D-0905,2010,197568.70876407623,38.330281665643085,5154.376648924151,69.8197021484375,"WorldPop, University of Southampton","The spatial distribution of population in 2010 Zambia — unconstrained individual countries 2000-2020, 1 km, not UN-adjusted; DOI 10.5258/SOTON/WP00670",zmb_ppp_2010_1km_Aggregated.tif,EXPOSURE ONLY - not a flood-occurrence predictor,2026-10-07T14:55:13+00:00
ZMB-D-0906,2010,105748.01850283146,5.782876588127249,18286.404160853333,1.4544148445129395,"WorldPop, University of Southampton","The spatial distribution of population in 2010 Zambia — unconstrained individual countries 2000-2020, 1 km, not UN-adjusted; DOI 10.5258/SOTON/WP00670",zmb_ppp_2010_1km_Aggregated.tif,EXPOSURE ONLY - not a flood-occurrence predictor,2026-10-07T14:55:13+00:00
ZMB-D-0907,2010,46941.4698292017,22.90013220628322,2049.8340099679485,9.684556007385254,"WorldPop, University of Southampton","The spatial distribution of population in 2010 Zambia — unconstrained individual countries 2000-2020, 1 km, not UN-adjusted; DOI 10.5258/SOTON/WP00670",zmb_ppp_2010_1km_Aggregated.tif,EXPOSURE ONLY - not a flood-occurrence predictor,2026-10-07T14:55:13+00:00
ZMB-D-1001,2010,35317.96903705597,4.263093293048532,8284.587413239587,2.2773337364196777,"WorldPop, University of Southampton","The spatial distribution of population in 2010 Zambia — unconstrained individual countries 2000-2020, 1 km, not UN-adjusted; DOI 10.5258/SOTON/WP00670",zmb_ppp_2010_1km_Aggregated.tif,EXPOSURE ONLY - not a flood-occurrence predictor,2026-10-07T14:55:13+00:00
ZMB-D-0908,2010,194153.17037916183,39.619578782974486,4900.434995603594,12.465771675109863,"WorldPop, University of Southampton","The spatial distribution of population in 2010 Zambia — unconstrained individual countries 2000-2020, 1 km, not UN-adjusted; DOI 10.5258/SOTON/WP00670",zmb_ppp_2010_1km_Aggregated.tif,EXPOSURE ONLY - not a flood-occurrence predictor,2026-10-07T14:55:13+00:00
ZMB-D-0909,2010,98145.01046387851,18.148816034508616,5407.791355494656,12.645252227783203,"WorldPop, University of Southampton","The spatial distribution of population in 2010 Zambia — unconstrained individual countries 2000-2020, 1 km, not UN-adjusted; DOI 10.5258/SOTON/WP00670",zmb_ppp_2010_1km_Aggregated.tif,EXPOSURE ONLY - not a flood-occurrence predictor,2026-10-07T14:55:13+00:00
ZMB-D-0910,2010,161526.675147295,42.221314078966046,3825.714065772408,131.17434692382812,"WorldPop, University of Southampton","The spatial distribution of population in 2010 Zambia — unconstrained individual countries 2000-2020, 1 km, not UN-adjusted; DOI 10.5258/SOTON/WP00670",zmb_ppp_2010_1km_Aggregated.tif,EXPOSURE ONLY - not a flood-occurrence predictor,2026-10-07T14:55:13+00:00
ZMB-D-1002,2010,69839.15630483627,6.338098971668458,11018.9437900891,1.1793391704559326,"WorldPop, University of Southampton","The spatial distribution of population in 2010 Zambia — unconstrained individual countries 2000-2020, 1 km, not UN-adjusted; DOI 10.5258/SOTON/WP00670",zmb_ppp_2010_1km_Aggregated.tif,EXPOSURE ONLY - not a flood-occurrence predictor,2026-10-07T14:55:13+00:00
ZMB-D-0501,2010,1328004.983285904,3078.054740972979,431.4429388172996,1427.1307373046875,"WorldPop, University of Southampton","The spatial distribution of population in 2010 Zambia — unconstrained individual countries 2000-2020, 1 km, not UN-adjusted; DOI 10.5258/SOTON/WP00670",zmb_ppp_2010_1km_Aggregated.tif,EXPOSURE ONLY - not a flood-occurrence predictor,2026-10-07T14:55:13+00:00
ZMB-D-0101,2010,74239.4710843265,4.599030749493934,16142.416767379873,5.9766316413879395,"WorldPop, University of Southampton","The spatial distribution of population in 2010 Zambia — unconstrained individual countries 2000-2020, 1 km, not UN-adjusted; DOI 10.5258/SOTON/WP00670",zmb_ppp_2010_1km_Aggregated.tif,EXPOSURE ONLY - not a flood-occurrence predictor,2026-10-07T14:55:13+00:00
ZMB-D-0502,2010,107387.6560010314,23.145920398041667,4639.593248152589,2.18147873878479,"WorldPop, University of Southampton","The spatial distribution of population in 2010 Zambia — unconstrained individual countries 2000-2020, 1 km, not UN-adjusted; DOI 10.5258/SOTON/WP00670",zmb_ppp_2010_1km_Aggregated.tif,EXPOSURE ONLY - not a flood-occurrence predictor,2026-10-07T14:55:13+00:00
ZMB-D-0503,2010,23163.75159406662,6.137053772160325,3774.40909824596,1.3894292116165161,"WorldPop, University of Southampton","The spatial distribution of population in 2010 Zambia — unconstrained individual countries 2000-2020, 1 km, not UN-adjusted; DOI 10.5258/SOTON/WP00670",zmb_ppp_2010_1km_Aggregated.tif,EXPOSURE ONLY - not a flood-occurrence predictor,2026-10-07T14:55:13+00:00
ZMB-D-0504,2010,51627.014622211456,5.399294163517589,9561.808091703777,4.764185428619385,"WorldPop, University of Southampton","The spatial distribution of population in 2010 Zambia — unconstrained individual countries 2000-2020, 1 km, not UN-adjusted; DOI 10.5258/SOTON/WP00670",zmb_ppp_2010_1km_Aggregated.tif,EXPOSURE ONLY - not a flood-occurrence predictor,2026-10-07T14:55:13+00:00
ZMB-D-1003,2010,138923.24627369642,22.936758472254894,6056.795097779089,11.146668434143066,"WorldPop, University of Southampton","The spatial distribution of population in 2010 Zambia — unconstrained individual countries 2000-2020, 1 km, not UN-adjusted; DOI 10.5258/SOTON/WP00670",zmb_ppp_2010_1km_Aggregated.tif,EXPOSURE ONLY - not a flood-occurrence predictor,2026-10-07T14:55:13+00:00
ZMB-D-0102,2010,524237.6620538756,58.74834361857066,8923.445832916408,27.936594009399414,"WorldPop, University of Southampton","The spatial distribution of population in 2010 Zambia — unconstrained individual countries 2000-2020, 1 km, not UN-adjusted; DOI 10.5258/SOTON/WP00670",zmb_ppp_2010_1km_Aggregated.tif,EXPOSURE ONLY - not a flood-occurrence predictor,2026-10-07T14:55:13+00:00
ZMB-D-0103,2010,201993.16799402237,130.77750414004674,1544.5559182542002,36.16423797607422,"WorldPop, University of Southampton","The spatial distribution of population in 2010 Zambia — unconstrained individual countries 2000-2020, 1 km, not UN-adjusted; DOI 10.5258/SOTON/WP00670",zmb_ppp_2010_1km_Aggregated.tif,EXPOSURE ONLY - not a flood-occurrence predictor,2026-10-07T14:55:13+00:00
ZMB-D-0104,2010,175523.7975088954,8.80482283876047,19934.96072813719,3.834444522857666,"WorldPop, University of Southampton","The spatial distribution of population in 2010 Zambia — unconstrained individual countries 2000-2020, 1 km, not UN-adjusted; DOI 10.5258/SOTON/WP00670",zmb_ppp_2010_1km_Aggregated.tif,EXPOSURE ONLY - not a flood-occurrence predictor,2026-10-07T14:55:13+00:00
ZMB-D-1004,2010,85807.3397783041,8.715614393611808,9845.242791052964,4.413553237915039,"WorldPop, University of Southampton","The spatial distribution of population in 2010 Zambia — unconstrained individual countries 2000-2020, 1 km, not UN-adjusted; DOI 10.5258/SOTON/WP00670",zmb_ppp_2010_1km_Aggregated.tif,EXPOSURE ONLY - not a flood-occurrence predictor,2026-10-07T14:55:13+00:00
ZMB-D-1005,2010,100972.38537442684,11.044984906661155,9141.921535223746,3.95693302154541,"WorldPop, University of Southampton","The spatial distribution of population in 2010 Zambia — unconstrained individual countries 2000-2020, 1 km, not UN-adjusted; DOI 10.5258/SOTON/WP00670",zmb_ppp_2010_1km_Aggregated.tif,EXPOSURE ONLY - not a flood-occurrence predictor,2026-10-07T14:55:13+00:00
ZMB-D-0301,2010,70865.08111953735,47.04167311263349,1506.4319874393639,48.029354095458984,"WorldPop, University of Southampton","The spatial distribution of population in 2010 Zambia — unconstrained individual countries 2000-2020, 1 km, not UN-adjusted; DOI 10.5258/SOTON/WP00670",zmb_ppp_2010_1km_Aggregated.tif,EXPOSURE ONLY - not a flood-occurrence predictor,2026-10-07T14:55:13+00:00
ZMB-D-0302,2010,79031.30888211727,7.723451134084413,10232.641795756781,3.3983874320983887,"WorldPop, University of Southampton","The spatial distribution of population in 2010 Zambia — unconstrained individual countries 2000-2020, 1 km, not UN-adjusted; DOI 10.5258/SOTON/WP00670",zmb_ppp_2010_1km_Aggregated.tif,EXPOSURE ONLY - not a flood-occurrence predictor,2026-10-07T14:55:13+00:00
ZMB-D-1006,2010,56810.78514313698,6.084920992846576,9336.322560296781,7.687894344329834,"WorldPop, University of Southampton","The spatial distribution of population in 2010 Zambia — unconstrained individual countries 2000-2020, 1 km, not UN-adjusted; DOI 10.5258/SOTON/WP00670",zmb_ppp_2010_1km_Aggregated.tif,EXPOSURE ONLY - not a flood-occurrence predictor,2026-10-07T14:55:13+00:00
ZMB-D-0303,2010,159354.84727334976,65.12370681602023,2446.956032824424,262.11865234375,"WorldPop, University of Southampton","The spatial distribution of population in 2010 Zambia — unconstrained individual countries 2000-2020, 1 km, not UN-adjusted; DOI 10.5258/SOTON/WP00670",zmb_ppp_2010_1km_Aggregated.tif,EXPOSURE ONLY - not a flood-occurrence predictor,2026-10-07T14:55:13+00:00
ZMB-D-0105,2010,50563.563589036465,7.327285420409583,6900.722530638099,9.291662216186523,"WorldPop, University of Southampton","The spatial distribution of population in 2010 Zambia — unconstrained individual countries 2000-2020, 1 km, not UN-adjusted; DOI 10.5258/SOTON/WP00670",zmb_ppp_2010_1km_Aggregated.tif,EXPOSURE ONLY - not a flood-occurrence predictor,2026-10-07T14:55:13+00:00
ZMB-D-0304,2010,230497.84032583237,31.36099091000467,7349.826444811085,35.882720947265625,"WorldPop, University of Southampton","The spatial distribution of population in 2010 Zambia — unconstrained individual countries 2000-2020, 1 km, not UN-adjusted; DOI 10.5258/SOTON/WP00670",zmb_ppp_2010_1km_Aggregated.tif,EXPOSURE ONLY - not a flood-occurrence predictor,2026-10-07T14:55:13+00:00
ZMB-D-0106,2010,27131.469848006964,2.9257663815480637,9273.286486274863,1.4094173908233643,"WorldPop, University of Southampton","The spatial distribution of population in 2010 Zambia — unconstrained individual countries 2000-2020, 1 km, not UN-adjusted; DOI 10.5258/SOTON/WP00670",zmb_ppp_2010_1km_Aggregated.tif,EXPOSURE ONLY - not a flood-occurrence predictor,2026-10-07T14:55:13+00:00
ZMB-D-0201,2010,91842.70505028963,10.312620613076307,8905.8551163837,8.478204727172852,"WorldPop, University of Southampton","The spatial distribution of population in 2010 Zambia — unconstrained individual countries 2000-2020, 1 km, not UN-adjusted; DOI 10.5258/SOTON/WP00670",zmb_ppp_2010_1km_Aggregated.tif,EXPOSURE ONLY - not a flood-occurrence predictor,2026-10-07T14:55:13+00:00
ZMB-D-0305,2010,453856.20720124245,70.94324999157334,6397.4544055305,81.64002990722656,"WorldPop, University of Southampton","The spatial distribution of population in 2010 Zambia — unconstrained individual countries 2000-2020, 1 km, not UN-adjusted; DOI 10.5258/SOTON/WP00670",zmb_ppp_2010_1km_Aggregated.tif,EXPOSURE ONLY - not a flood-occurrence predictor,2026-10-07T14:55:13+00:00
ZMB-D-0701,2010,81789.95193725824,5.721713066532529,14294.66157883107,2.4351537227630615,"WorldPop, University of Southampton","The spatial distribution of population in 2010 Zambia — unconstrained individual countries 2000-2020, 1 km, not UN-adjusted; DOI 10.5258/SOTON/WP00670",zmb_ppp_2010_1km_Aggregated.tif,EXPOSURE ONLY - not a flood-occurrence predictor,2026-10-07T14:55:13+00:00
ZMB-D-0702,2010,34065.47970545292,7.433097408490164,4582.94541741683,1.6953086853027344,"WorldPop, University of Southampton","The spatial distribution of population in 2010 Zambia — unconstrained individual countries 2000-2020, 1 km, not UN-adjusted; DOI 10.5258/SOTON/WP00670",zmb_ppp_2010_1km_Aggregated.tif,EXPOSURE ONLY - not a flood-occurrence predictor,2026-10-07T14:55:13+00:00
ZMB-D-0703,2010,56800.45633685589,2.9889732374835987,19003.333862124473,2.898074150085449,"WorldPop, University of Southampton","The spatial distribution of population in 2010 Zambia — unconstrained individual countries 2000-2020, 1 km, not UN-adjusted; DOI 10.5258/SOTON/WP00670",zmb_ppp_2010_1km_Aggregated.tif,EXPOSURE ONLY - not a flood-occurrence predictor,2026-10-07T14:55:13+00:00
ZMB-D-0306,2010,70412.84324502945,11.906918711102286,5913.60745407415,9.824907302856445,"WorldPop, University of Southampton","The spatial distribution of population in 2010 Zambia — unconstrained individual countries 2000-2020, 1 km, not UN-adjusted; DOI 10.5258/SOTON/WP00670",zmb_ppp_2010_1km_Aggregated.tif,EXPOSURE ONLY - not a flood-occurrence predictor,2026-10-07T14:55:13+00:00
ZMB-D-0704,2010,70690.02251720428,3.2436495403713197,21793.360114086794,2.751216173171997,"WorldPop, University of Southampton","The spatial distribution of population in 2010 Zambia — unconstrained individual countries 2000-2020, 1 km, not UN-adjusted; DOI 10.5258/SOTON/WP00670",zmb_ppp_2010_1km_Aggregated.tif,EXPOSURE ONLY - not a flood-occurrence predictor,2026-10-07T14:55:13+00:00
ZMB-D-0202,2010,555347.9607543945,463.74782589020566,1197.521432447374,132.0133056640625,"WorldPop, University of Southampton","The spatial distribution of population in 2010 Zambia — unconstrained individual countries 2000-2020, 1 km, not UN-adjusted; DOI 10.5258/SOTON/WP00670",zmb_ppp_2010_1km_Aggregated.tif,EXPOSURE ONLY - not a flood-occurrence predictor,2026-10-07T14:55:13+00:00
ZMB-D-0203,2010,69700.77339553833,65.16637202438665,1069.5819213236975,11.37683391571045,"WorldPop, University of Southampton","The spatial distribution of population in 2010 Zambia — unconstrained individual countries 2000-2020, 1 km, not UN-adjusted; DOI 10.5258/SOTON/WP00670",zmb_ppp_2010_1km_Aggregated.tif,EXPOSURE ONLY - not a flood-occurrence predictor,2026-10-07T14:55:13+00:00
ZMB-D-0204,2010,138519.91581374407,185.62412033617213,746.2387730801331,694.8858032226562,"WorldPop, University of Southampton","The spatial distribution of population in 2010 Zambia — unconstrained individual countries 2000-2020, 1 km, not UN-adjusted; DOI 10.5258/SOTON/WP00670",zmb_ppp_2010_1km_Aggregated.tif,EXPOSURE ONLY - not a flood-occurrence predictor,2026-10-07T14:55:13+00:00
ZMB-D-0205,2010,74952.83673226833,6.9143690131472795,10840.155709038638,8.7069091796875,"WorldPop, University of Southampton","The spatial distribution of population in 2010 Zambia — unconstrained individual countries 2000-2020, 1 km, not UN-adjusted; DOI 10.5258/SOTON/WP00670",zmb_ppp_2010_1km_Aggregated.tif,EXPOSURE ONLY - not a flood-occurrence predictor,2026-10-07T14:55:13+00:00
ZMB-D-0206,2010,215343.1553645134,138.33534647823032,1556.6748545961948,12.261672973632812,"WorldPop, University of Southampton","The spatial distribution of population in 2010 Zambia — unconstrained individual countries 2000-2020, 1 km, not UN-adjusted; DOI 10.5258/SOTON/WP00670",zmb_ppp_2010_1km_Aggregated.tif,EXPOSURE ONLY - not a flood-occurrence predictor,2026-10-07T14:55:13+00:00
ZMB-D-0207,2010,85270.09908628464,96.79516697353276,880.9334365795404,51.16344451904297,"WorldPop, University of Southampton","The spatial distribution of population in 2010 Zambia — unconstrained individual countries 2000-2020, 1 km, not UN-adjusted; DOI 10.5258/SOTON/WP00670",zmb_ppp_2010_1km_Aggregated.tif,EXPOSURE ONLY - not a flood-occurrence predictor,2026-10-07T14:55:13+00:00
ZMB-D-0107,2010,80727.36790461838,6.720093259987529,12012.83446247414,13.800798416137695,"WorldPop, University of Southampton","The spatial distribution of population in 2010 Zambia — unconstrained individual countries 2000-2020, 1 km, not UN-adjusted; DOI 10.5258/SOTON/WP00670",zmb_ppp_2010_1km_Aggregated.tif,EXPOSURE ONLY - not a flood-occurrence predictor,2026-10-07T14:55:13+00:00
ZMB-D-0307,2010,308562.25893980265,22.63420196693009,13632.56629902969,8.825860023498535,"WorldPop, University of Southampton","The spatial distribution of population in 2010 Zambia — unconstrained individual countries 2000-2020, 1 km, not UN-adjusted; DOI 10.5258/SOTON/WP00670",zmb_ppp_2010_1km_Aggregated.tif,EXPOSURE ONLY - not a flood-occurrence predictor,2026-10-07T14:55:13+00:00
ZMB-D-0705,2010,263413.8544075489,8.652119824753235,30445.00766782453,8.38589859008789,"WorldPop, University of Southampton","The spatial distribution of population in 2010 Zambia — unconstrained individual countries 2000-2020, 1 km, not UN-adjusted; DOI 10.5258/SOTON/WP00670",zmb_ppp_2010_1km_Aggregated.tif,EXPOSURE ONLY - not a flood-occurrence predictor,2026-10-07T14:55:13+00:00
ZMB-D-0401,2010,48008.68346643448,7.759408624852583,6187.157525467551,4.102263927459717,"WorldPop, University of Southampton","The spatial distribution of population in 2010 Zambia — unconstrained individual countries 2000-2020, 1 km, not UN-adjusted; DOI 10.5258/SOTON/WP00670",zmb_ppp_2010_1km_Aggregated.tif,EXPOSURE ONLY - not a flood-occurrence predictor,2026-10-07T14:55:13+00:00
ZMB-D-0601,2010,205416.38594168425,5.126037735285144,40073.13183196019,9.498257637023926,"WorldPop, University of Southampton","The spatial distribution of population in 2010 Zambia — unconstrained individual countries 2000-2020, 1 km, not UN-adjusted; DOI 10.5258/SOTON/WP00670",zmb_ppp_2010_1km_Aggregated.tif,EXPOSURE ONLY - not a flood-occurrence predictor,2026-10-07T14:55:13+00:00
ZMB-D-0706,2010,136112.07163393497,6.523614333115924,20864.51845305863,1.728057622909546,"WorldPop, University of Southampton","The spatial distribution of population in 2010 Zambia — unconstrained individual countries 2000-2020, 1 km, not UN-adjusted; DOI 10.5258/SOTON/WP00670",zmb_ppp_2010_1km_Aggregated.tif,EXPOSURE ONLY - not a flood-occurrence predictor,2026-10-07T14:55:13+00:00
ZMB-D-0402,2010,168408.24712195992,26.896924712417476,6261.245436888592,0.0,"WorldPop, University of Southampton","The spatial distribution of population in 2010 Zambia — unconstrained individual countries 2000-2020, 1 km, not UN-adjusted; DOI 10.5258/SOTON/WP00670",zmb_ppp_2010_1km_Aggregated.tif,EXPOSURE ONLY - not a flood-occurrence predictor,2026-10-07T14:55:13+00:00
ZMB-D-0801,2010,88415.16395115852,17.137033125819187,5159.30402316545,17.701465606689453,"WorldPop, University of Southampton","The spatial distribution of population in 2010 Zambia — unconstrained individual countries 2000-2020, 1 km, not UN-adjusted; DOI 10.5258/SOTON/WP00670",zmb_ppp_2010_1km_Aggregated.tif,EXPOSURE ONLY - not a flood-occurrence predictor,2026-10-07T14:55:13+00:00
ZMB-D-0403,2010,196730.80557912588,26.014970847458187,7562.215108088334,18.483692169189453,"WorldPop, University of Southampton","The spatial distribution of population in 2010 Zambia — unconstrained individual countries 2000-2020, 1 km, not UN-adjusted; DOI 10.5258/SOTON/WP00670",zmb_ppp_2010_1km_Aggregated.tif,EXPOSURE ONLY - not a flood-occurrence predictor,2026-10-07T14:55:13+00:00
ZMB-D-0602,2010,99931.13735854626,5.66209806382236,17649.135750058857,5.40365743637085,"WorldPop, University of Southampton","The spatial distribution of population in 2010 Zambia — unconstrained individual countries 2000-2020, 1 km, not UN-adjusted; DOI 10.5258/SOTON/WP00670",zmb_ppp_2010_1km_Aggregated.tif,EXPOSURE ONLY - not a flood-occurrence predictor,2026-10-07T14:55:13+00:00
ZMB-D-0802,2010,113040.8311034441,12.649211862628096,8936.590858867778,14.42165756225586,"WorldPop, University of Southampton","The spatial distribution of population in 2010 Zambia — unconstrained individual countries 2000-2020, 1 km, not UN-adjusted; DOI 10.5258/SOTON/WP00670",zmb_ppp_2010_1km_Aggregated.tif,EXPOSURE ONLY - not a flood-occurrence predictor,2026-10-07T14:55:13+00:00
ZMB-D-0404,2010,30526.7155700922,7.273417606801755,4197.025005348939,19.17538833618164,"WorldPop, University of Southampton","The spatial distribution of population in 2010 Zambia — unconstrained individual countries 2000-2020, 1 km, not UN-adjusted; DOI 10.5258/SOTON/WP00670",zmb_ppp_2010_1km_Aggregated.tif,EXPOSURE ONLY - not a flood-occurrence predictor,2026-10-07T14:55:13+00:00
ZMB-D-0603,2010,57497.97414710373,6.292765922992686,9137.154448573401,3.2479708194732666,"WorldPop, University of Southampton","The spatial distribution of population in 2010 Zambia — unconstrained individual countries 2000-2020, 1 km, not UN-adjusted; DOI 10.5258/SOTON/WP00670",zmb_ppp_2010_1km_Aggregated.tif,EXPOSURE ONLY - not a flood-occurrence predictor,2026-10-07T14:55:13+00:00
ZMB-D-0803,2010,238446.45507335663,22.47090683522292,10611.341002918236,5.213685989379883,"WorldPop, University of Southampton","The spatial distribution of population in 2010 Zambia — unconstrained individual countries 2000-2020, 1 km, not UN-adjusted; DOI 10.5258/SOTON/WP00670",zmb_ppp_2010_1km_Aggregated.tif,EXPOSURE ONLY - not a flood-occurrence predictor,2026-10-07T14:55:13+00:00
ZMB-D-0604,2010,72799.77443861961,13.779202844540219,5283.308131824572,2.499532461166382,"WorldPop, University of Southampton","The spatial distribution of population in 2010 Zambia — unconstrained individual countries 2000-2020, 1 km, not UN-adjusted; DOI 10.5258/SOTON/WP00670",zmb_ppp_2010_1km_Aggregated.tif,EXPOSURE ONLY - not a flood-occurrence predictor,2026-10-07T14:55:13+00:00
ZMB-D-0804,2010,144487.4402422905,14.876610900149084,9712.389549749032,8.448867797851562,"WorldPop, University of Southampton","The spatial distribution of population in 2010 Zambia — unconstrained individual countries 2000-2020, 1 km, not UN-adjusted; DOI 10.5258/SOTON/WP00670",zmb_ppp_2010_1km_Aggregated.tif,EXPOSURE ONLY - not a flood-occurrence predictor,2026-10-07T14:55:13+00:00
ZMB-D-0405,2010,88655.16720104218,11.097112395676762,7989.0303026560905,14.685284614562988,"WorldPop, University of Southampton","The spatial distribution of population in 2010 Zambia — unconstrained individual countries 2000-2020, 1 km, not UN-adjusted; DOI 10.5258/SOTON/WP00670",zmb_ppp_2010_1km_Aggregated.tif,EXPOSURE ONLY - not a flood-occurrence predictor,2026-10-07T14:55:13+00:00
ZMB-D-0805,2010,99834.32996416092,8.31231718521939,12010.409100086084,2.9356536865234375,"WorldPop, University of Southampton","The spatial distribution of population in 2010 Zambia — unconstrained individual countries 2000-2020, 1 km, not UN-adjusted; DOI 10.5258/SOTON/WP00670",zmb_ppp_2010_1km_Aggregated.tif,EXPOSURE ONLY - not a flood-occurrence predictor,2026-10-07T14:55:13+00:00
ZMB-D-0605,2010,125359.87850141525,28.85521350615086,4344.444669407599,22.48939323425293,"WorldPop, University of Southampton","The spatial distribution of population in 2010 Zambia — unconstrained individual countries 2000-2020, 1 km, not UN-adjusted; DOI 10.5258/SOTON/WP00670",zmb_ppp_2010_1km_Aggregated.tif,EXPOSURE ONLY - not a flood-occurrence predictor,2026-10-07T14:55:13+00:00
ZMB-D-0406,2010,154465.76040025055,36.61671106930436,4218.4498795616455,25.592363357543945,"WorldPop, University of Southampton","The spatial distribution of population in 2010 Zambia — unconstrained individual countries 2000-2020, 1 km, not UN-adjusted; DOI 10.5258/SOTON/WP00670",zmb_ppp_2010_1km_Aggregated.tif,EXPOSURE ONLY - not a flood-occurrence predictor,2026-10-07T14:55:13+00:00
ZMB-D-0806,2010,185285.9471230507,24.25069250424315,7640.439426240349,34.14213943481445,"WorldPop, University of Southampton","The spatial distribution of population in 2010 Zambia — unconstrained individual countries 2000-2020, 1 km, not UN-adjusted; DOI 10.5258/SOTON/WP00670",zmb_ppp_2010_1km_Aggregated.tif,EXPOSURE ONLY - not a flood-occurrence predictor,2026-10-07T14:55:13+00:00
ZMB-D-0807,2010,117067.01736369729,10.562723086617995,11083.033835470942,5.224920749664307,"WorldPop, University of Southampton","The spatial distribution of population in 2010 Zambia — unconstrained individual countries 2000-2020, 1 km, not UN-adjusted; DOI 10.5258/SOTON/WP00670",zmb_ppp_2010_1km_Aggregated.tif,EXPOSURE ONLY - not a flood-occurrence predictor,2026-10-07T14:55:13+00:00
ZMB-D-0808,2010,53263.189822912216,7.1925430458670405,7405.33487019145,3.066667079925537,"WorldPop, University of Southampton","The spatial distribution of population in 2010 Zambia — unconstrained individual countries 2000-2020, 1 km, not UN-adjusted; DOI 10.5258/SOTON/WP00670",zmb_ppp_2010_1km_Aggregated.tif,EXPOSURE ONLY - not a flood-occurrence predictor,2026-10-07T14:55:13+00:00
ZMB-D-0407,2010,104198.16542935371,26.78929933033999,3889.5442596120824,147.34951782226562,"WorldPop, University of Southampton","The spatial distribution of population in 2010 Zambia — unconstrained individual countries 2000-2020, 1 km, not UN-adjusted; DOI 10.5258/SOTON/WP00670",zmb_ppp_2010_1km_Aggregated.tif,EXPOSURE ONLY - not a flood-occurrence predictor,2026-10-07T14:55:13+00:00
ZMB-D-0208,2010,102957.20544242859,27.959138512630876,3682.4169455692077,9.967607498168945,"WorldPop, University of Southampton","The spatial distribution of population in 2010 Zambia — unconstrained individual countries 2000-2020, 1 km, not UN-adjusted; DOI 10.5258/SOTON/WP00670",zmb_ppp_2010_1km_Aggregated.tif,EXPOSURE ONLY - not a flood-occurrence predictor,2026-10-07T14:55:13+00:00
ZMB-D-0209,2010,152489.82133293152,192.3391055799077,792.8175649625202,87.56473541259766,"WorldPop, University of Southampton","The spatial distribution of population in 2010 Zambia — unconstrained individual countries 2000-2020, 1 km, not UN-adjusted; DOI 10.5258/SOTON/WP00670",zmb_ppp_2010_1km_Aggregated.tif,EXPOSURE ONLY - not a flood-occurrence predictor,2026-10-07T14:55:13+00:00
ZMB-D-0210,2010,459461.9808292389,422.40189483851253,1087.7365524245452,140.18858337402344,"WorldPop, University of Southampton","The spatial distribution of population in 2010 Zambia — unconstrained individual countries 2000-2020, 1 km, not UN-adjusted; DOI 10.5258/SOTON/WP00670",zmb_ppp_2010_1km_Aggregated.tif,EXPOSURE ONLY - not a flood-occurrence predictor,2026-10-07T14:55:13+00:00
ZMB-D-0707,2010,31958.330869197845,14.557734924658389,2195.2818233464145,22.72910499572754,"WorldPop, University of Southampton","The spatial distribution of population in 2010 Zambia — unconstrained individual countries 2000-2020, 1 km, not UN-adjusted; DOI 10.5258/SOTON/WP00670",zmb_ppp_2010_1km_Aggregated.tif,EXPOSURE ONLY - not a flood-occurrence predictor,2026-10-07T14:55:13+00:00
ZMB-D-0606,2010,68143.68115329742,16.711103975029545,4077.748618829771,15.7555570602417,"WorldPop, University of Southampton","The spatial distribution of population in 2010 Zambia — unconstrained individual countries 2000-2020, 1 km, not UN-adjusted; DOI 10.5258/SOTON/WP00670",zmb_ppp_2010_1km_Aggregated.tif,EXPOSURE ONLY - not a flood-occurrence predictor,2026-10-07T14:55:13+00:00
ZMB-D-0505,2010,36675.172057151794,20.671918909129786,1774.1542146314316,19.730712890625,"WorldPop, University of Southampton","The spatial distribution of population in 2010 Zambia — unconstrained individual countries 2000-2020, 1 km, not UN-adjusted; DOI 10.5258/SOTON/WP00670",zmb_ppp_2010_1km_Aggregated.tif,EXPOSURE ONLY - not a flood-occurrence predictor,2026-10-07T14:55:13+00:00
ZMB-D-0408,2010,29662.41397333145,13.79213972652337,2150.675280376423,9.215044021606445,"WorldPop, University of Southampton","The spatial distribution of population in 2010 Zambia — unconstrained individual countries 2000-2020, 1 km, not UN-adjusted; DOI 10.5258/SOTON/WP00670",zmb_ppp_2010_1km_Aggregated.tif,EXPOSURE ONLY - not a flood-occurrence predictor,2026-10-07T14:55:13+00:00
ZMB-D-0607,2010,89472.8973557949,14.28040122750995,6265.433017626505,5.49800968170166,"WorldPop, University of Southampton","The spatial distribution of population in 2010 Zambia — unconstrained individual countries 2000-2020, 1 km, not UN-adjusted; DOI 10.5258/SOTON/WP00670",zmb_ppp_2010_1km_Aggregated.tif,EXPOSURE ONLY - not a flood-occurrence predictor,2026-10-07T14:55:13+00:00
ZMB-D-0108,2010,128005.17188125849,15.211442269288446,8415.0581920623,19.02471160888672,"WorldPop, University of Southampton","The spatial distribution of population in 2010 Zambia — unconstrained individual countries 2000-2020, 1 km, not UN-adjusted; DOI 10.5258/SOTON/WP00670",zmb_ppp_2010_1km_Aggregated.tif,EXPOSURE ONLY - not a flood-occurrence predictor,2026-10-07T14:55:13+00:00
ZMB-D-0506,2010,203065.83949375153,89.83940639487484,2260.3203609917887,35.231163024902344,"WorldPop, University of Southampton","The spatial distribution of population in 2010 Zambia — unconstrained individual countries 2000-2020, 1 km, not UN-adjusted; DOI 10.5258/SOTON/WP00670",zmb_ppp_2010_1km_Aggregated.tif,EXPOSURE ONLY - not a flood-occurrence predictor,2026-10-07T14:55:13+00:00
ZMB-D-0109,2010,108879.74491068721,20.65454888022267,5271.4656486611875,11.371210098266602,"WorldPop, University of Southampton","The spatial distribution of population in 2010 Zambia — unconstrained individual countries 2000-2020, 1 km, not UN-adjusted; DOI 10.5258/SOTON/WP00670",zmb_ppp_2010_1km_Aggregated.tif,EXPOSURE ONLY - not a flood-occurrence predictor,2026-10-07T14:55:13+00:00
ZMB-D-1007,2010,38214.8777372241,3.4490773020384204,11079.739417449106,3.077458381652832,"WorldPop, University of Southampton","The spatial distribution of population in 2010 Zambia — unconstrained individual countries 2000-2020, 1 km, not UN-adjusted; DOI 10.5258/SOTON/WP00670",zmb_ppp_2010_1km_Aggregated.tif,EXPOSURE ONLY - not a flood-occurrence predictor,2026-10-07T14:55:13+00:00
ZMB-D-1008,2010,30487.24116780609,4.720040926120958,6459.105258831141,1.6970574855804443,"WorldPop, University of Southampton","The spatial distribution of population in 2010 Zambia — unconstrained individual countries 2000-2020, 1 km, not UN-adjusted; DOI 10.5258/SOTON/WP00670",zmb_ppp_2010_1km_Aggregated.tif,EXPOSURE ONLY - not a flood-occurrence predictor,2026-10-07T14:55:13+00:00
ZMB-D-1009,2010,54986.34675872326,6.9103588144653525,7957.08996233613,2.3848578929901123,"WorldPop, University of Southampton","The spatial distribution of population in 2010 Zambia — unconstrained individual countries 2000-2020, 1 km, not UN-adjusted; DOI 10.5258/SOTON/WP00670",zmb_ppp_2010_1km_Aggregated.tif,EXPOSURE ONLY - not a flood-occurrence predictor,2026-10-07T14:55:13+00:00
ZMB-D-1010,2010,52190.55484485626,11.281762391303612,4626.099454557439,4.650264263153076,"WorldPop, University of Southampton","The spatial distribution of population in 2010 Zambia — unconstrained individual countries 2000-2020, 1 km, not UN-adjusted; DOI 10.5258/SOTON/WP00670",zmb_ppp_2010_1km_Aggregated.tif,EXPOSURE ONLY - not a flood-occurrence predictor,2026-10-07T14:55:13+00:00
ZMB-D-1011,2010,41970.97116410732,5.492377887990877,7641.6757950827,5.334362030029297,"WorldPop, University of Southampton","The spatial distribution of population in 2010 Zambia — unconstrained individual countries 2000-2020, 1 km, not UN-adjusted; DOI 10.5258/SOTON/WP00670",zmb_ppp_2010_1km_Aggregated.tif,EXPOSURE ONLY - not a flood-occurrence predictor,2026-10-07T14:55:13+00:00
ZMB-D-1012,2010,50883.86267220974,4.996366238879532,10184.17390547831,3.3151695728302,"WorldPop, University of Southampton","The spatial distribution of population in 2010 Zambia — unconstrained individual countries 2000-2020, 1 km, not UN-adjusted; DOI 10.5258/SOTON/WP00670",zmb_ppp_2010_1km_Aggregated.tif,EXPOSURE ONLY - not a flood-occurrence predictor,2026-10-07T14:55:13+00:00
ZMB-D-1013,2010,38368.55151903629,10.096198640650684,3800.2968131541734,32.62486267089844,"WorldPop, University of Southampton","The spatial distribution of population in 2010 Zambia — unconstrained individual countries 2000-2020, 1 km, not UN-adjusted; DOI 10.5258/SOTON/WP00670",zmb_ppp_2010_1km_Aggregated.tif,EXPOSURE ONLY - not a flood-occurrence predictor,2026-10-07T14:55:13+00:00
ZMB-D-0809,2010,66344.4810218364,13.09010791955006,5068.291371589916,11.705500602722168,"WorldPop, University of Southampton","The spatial distribution of population in 2010 Zambia — unconstrained individual countries 2000-2020, 1 km, not UN-adjusted; DOI 10.5258/SOTON/WP00670",zmb_ppp_2010_1km_Aggregated.tif,EXPOSURE ONLY - not a flood-occurrence predictor,2026-10-07T14:55:13+00:00
ZMB-D-0409,2010,25156.906560715288,6.791391551573713,3704.234451757665,4.892208099365234,"WorldPop, University of Southampton","The spatial distribution of population in 2010 Zambia — unconstrained individual countries 2000-2020, 1 km, not UN-adjusted; DOI 10.5258/SOTON/WP00670",zmb_ppp_2010_1km_Aggregated.tif,EXPOSURE ONLY - not a flood-occurrence predictor,2026-10-07T14:55:13+00:00
ZMB-D-0911,2010,76083.09377861023,14.495300260536656,5248.811160245219,6.490612030029297,"WorldPop, University of Southampton","The spatial distribution of population in 2010 Zambia — unconstrained individual countries 2000-2020, 1 km, not UN-adjusted; DOI 10.5258/SOTON/WP00670",zmb_ppp_2010_1km_Aggregated.tif,EXPOSURE ONLY - not a flood-occurrence predictor,2026-10-07T14:55:13+00:00
ZMB-D-0308,2010,163152.75423240662,63.005484207928326,2589.5008392281543,138.2428436279297,"WorldPop, University of Southampton","The spatial distribution of population in 2010 Zambia — unconstrained individual countries 2000-2020, 1 km, not UN-adjusted; DOI 10.5258/SOTON/WP00670",zmb_ppp_2010_1km_Aggregated.tif,EXPOSURE ONLY - not a flood-occurrence predictor,2026-10-07T14:55:13+00:00
ZMB-D-0110,2010,194894.62561182678,20.92057232696708,9315.931828528577,20.510883331298828,"WorldPop, University of Southampton","The spatial distribution of population in 2010 Zambia — unconstrained individual countries 2000-2020, 1 km, not UN-adjusted; DOI 10.5258/SOTON/WP00670",zmb_ppp_2010_1km_Aggregated.tif,EXPOSURE ONLY - not a flood-occurrence predictor,2026-10-07T14:55:13+00:00
ZMB-D-0507,2010,156634.9927392006,117.2650130211526,1335.735090149577,52.79914855957031,"WorldPop, University of Southampton","The spatial distribution of population in 2010 Zambia — unconstrained individual countries 2000-2020, 1 km, not UN-adjusted; DOI 10.5258/SOTON/WP00670",zmb_ppp_2010_1km_Aggregated.tif,EXPOSURE ONLY - not a flood-occurrence predictor,2026-10-07T14:55:13+00:00
ZMB-D-0309,2010,31581.778125286102,34.30600111692807,920.5904826284833,20.81037139892578,"WorldPop, University of Southampton","The spatial distribution of population in 2010 Zambia — unconstrained individual countries 2000-2020, 1 km, not UN-adjusted; DOI 10.5258/SOTON/WP00670",zmb_ppp_2010_1km_Aggregated.tif,EXPOSURE ONLY - not a flood-occurrence predictor,2026-10-07T14:55:13+00:00
ZMB-D-1014,2010,48561.9477148056,12.43689795275082,3904.667216801,5.0106353759765625,"WorldPop, University of Southampton","The spatial distribution of population in 2010 Zambia — unconstrained individual countries 2000-2020, 1 km, not UN-adjusted; DOI 10.5258/SOTON/WP00670",zmb_ppp_2010_1km_Aggregated.tif,EXPOSURE ONLY - not a flood-occurrence predictor,2026-10-07T14:55:13+00:00
ZMB-D-1015,2010,28802.17289876938,4.529418646380372,6358.911628048839,2.2981772422790527,"WorldPop, University of Southampton","The spatial distribution of population in 2010 Zambia — unconstrained individual countries 2000-2020, 1 km, not UN-adjusted; DOI 10.5258/SOTON/WP00670",zmb_ppp_2010_1km_Aggregated.tif,EXPOSURE ONLY - not a flood-occurrence predictor,2026-10-07T14:55:13+00:00
ZMB-D-0111,2010,85654.07882887125,7.394844405647488,11582.945377925289,9.634011268615723,"WorldPop, University of Southampton","The spatial distribution of population in 2010 Zambia — unconstrained individual countries 2000-2020, 1 km, not UN-adjusted; DOI 10.5258/SOTON/WP00670",zmb_ppp_2010_1km_Aggregated.tif,EXPOSURE ONLY - not a flood-occurrence predictor,2026-10-07T14:55:13+00:00
ZMB-D-0708,2010,43530.93780249357,6.179923472368643,7043.928294116726,4.926759243011475,"WorldPop, University of Southampton","The spatial distribution of population in 2010 Zambia — unconstrained individual countries 2000-2020, 1 km, not UN-adjusted; DOI 10.5258/SOTON/WP00670",zmb_ppp_2010_1km_Aggregated.tif,EXPOSURE ONLY - not a flood-occurrence predictor,2026-10-07T14:55:13+00:00
ZMB-D-0709,2010,48799.21911364794,6.575367365360222,7421.51980294329,3.0178427696228027,"WorldPop, University of Southampton","The spatial distribution of population in 2010 Zambia — unconstrained individual countries 2000-2020, 1 km, not UN-adjusted; DOI 10.5258/SOTON/WP00670",zmb_ppp_2010_1km_Aggregated.tif,EXPOSURE ONLY - not a flood-occurrence predictor,2026-10-07T14:55:13+00:00
ZMB-D-0410,2010,85228.52095985413,35.05515672706993,2431.269146032368,16.958087921142578,"WorldPop, University of Southampton","The spatial distribution of population in 2010 Zambia — unconstrained individual countries 2000-2020, 1 km, not UN-adjusted; DOI 10.5258/SOTON/WP00670",zmb_ppp_2010_1km_Aggregated.tif,EXPOSURE ONLY - not a flood-occurrence predictor,2026-10-07T14:55:13+00:00
ZMB-D-0411,2010,49229.79608672857,41.42232180939377,1188.4847091203908,39.54521942138672,"WorldPop, University of Southampton","The spatial distribution of population in 2010 Zambia — unconstrained individual countries 2000-2020, 1 km, not UN-adjusted; DOI 10.5258/SOTON/WP00670",zmb_ppp_2010_1km_Aggregated.tif,EXPOSURE ONLY - not a flood-occurrence predictor,2026-10-07T14:55:13+00:00
ZMB-D-0912,2010,49607.835265398026,26.133026508707644,1898.281289726181,10.744128227233887,"WorldPop, University of Southampton","The spatial distribution of population in 2010 Zambia — unconstrained individual countries 2000-2020, 1 km, not UN-adjusted; DOI 10.5258/SOTON/WP00670",zmb_ppp_2010_1km_Aggregated.tif,EXPOSURE ONLY - not a flood-occurrence predictor,2026-10-07T14:55:13+00:00
ZMB-D-0508,2010,52007.77655887604,31.8078453260061,1635.0612883656872,17.800764083862305,"WorldPop, University of Southampton","The spatial distribution of population in 2010 Zambia — unconstrained individual countries 2000-2020, 1 km, not UN-adjusted; DOI 10.5258/SOTON/WP00670",zmb_ppp_2010_1km_Aggregated.tif,EXPOSURE ONLY - not a flood-occurrence predictor,2026-10-07T14:55:13+00:00
ZMB-D-0901,2011,146475.03433418274,174.11734960203762,841.2431883954464,147.0102996826172,"WorldPop, University of Southampton","The spatial distribution of population in 2011 Zambia — unconstrained individual countries 2000-2020, 1 km, not UN-adjusted; DOI 10.5258/SOTON/WP00670",zmb_ppp_2011_1km_Aggregated.tif,EXPOSURE ONLY - not a flood-occurrence predictor,2026-10-07T14:55:13+00:00
ZMB-D-0902,2011,106339.4405702278,20.970995001686173,5070.7866060564875,31.398351669311523,"WorldPop, University of Southampton","The spatial distribution of population in 2011 Zambia — unconstrained individual countries 2000-2020, 1 km, not UN-adjusted; DOI 10.5258/SOTON/WP00670",zmb_ppp_2011_1km_Aggregated.tif,EXPOSURE ONLY - not a flood-occurrence predictor,2026-10-07T14:55:13+00:00
ZMB-D-0903,2011,54224.15794938058,14.062822475413196,3855.8517000540714,11.172171592712402,"WorldPop, University of Southampton","The spatial distribution of population in 2011 Zambia — unconstrained individual countries 2000-2020, 1 km, not UN-adjusted; DOI 10.5258/SOTON/WP00670",zmb_ppp_2011_1km_Aggregated.tif,EXPOSURE ONLY - not a flood-occurrence predictor,2026-10-07T14:55:13+00:00
ZMB-D-0904,2011,179715.69649863243,22.239297009285412,8080.997183660843,9.605216026306152,"WorldPop, University of Southampton","The spatial distribution of population in 2011 Zambia — unconstrained individual countries 2000-2020, 1 km, not UN-adjusted; DOI 10.5258/SOTON/WP00670",zmb_ppp_2011_1km_Aggregated.tif,EXPOSURE ONLY - not a flood-occurrence predictor,2026-10-07T14:55:13+00:00
ZMB-D-0905,2011,203509.50862312317,39.48285553901086,5154.376648924151,60.18534469604492,"WorldPop, University of Southampton","The spatial distribution of population in 2011 Zambia — unconstrained individual countries 2000-2020, 1 km, not UN-adjusted; DOI 10.5258/SOTON/WP00670",zmb_ppp_2011_1km_Aggregated.tif,EXPOSURE ONLY - not a flood-occurrence predictor,2026-10-07T14:55:13+00:00
ZMB-D-0906,2011,110000.13659667969,6.015405523638308,18286.404160853333,1.5449161529541016,"WorldPop, University of Southampton","The spatial distribution of population in 2011 Zambia — unconstrained individual countries 2000-2020, 1 km, not UN-adjusted; DOI 10.5258/SOTON/WP00670",zmb_ppp_2011_1km_Aggregated.tif,EXPOSURE ONLY - not a flood-occurrence predictor,2026-10-07T14:55:13+00:00
ZMB-D-0907,2011,48630.816557869315,23.72427051233759,2049.8340099679485,9.642533302307129,"WorldPop, University of Southampton","The spatial distribution of population in 2011 Zambia — unconstrained individual countries 2000-2020, 1 km, not UN-adjusted; DOI 10.5258/SOTON/WP00670",zmb_ppp_2011_1km_Aggregated.tif,EXPOSURE ONLY - not a flood-occurrence predictor,2026-10-07T14:55:13+00:00
ZMB-D-1001,2011,39073.7030775547,4.716433194381059,8284.587413239587,2.36608624458313,"WorldPop, University of Southampton","The spatial distribution of population in 2011 Zambia — unconstrained individual countries 2000-2020, 1 km, not UN-adjusted; DOI 10.5258/SOTON/WP00670",zmb_ppp_2011_1km_Aggregated.tif,EXPOSURE ONLY - not a flood-occurrence predictor,2026-10-07T14:55:13+00:00
ZMB-D-0908,2011,197262.0353769064,40.253984708271666,4900.434995603594,15.429536819458008,"WorldPop, University of Southampton","The spatial distribution of population in 2011 Zambia — unconstrained individual countries 2000-2020, 1 km, not UN-adjusted; DOI 10.5258/SOTON/WP00670",zmb_ppp_2011_1km_Aggregated.tif,EXPOSURE ONLY - not a flood-occurrence predictor,2026-10-07T14:55:13+00:00
ZMB-D-0909,2011,100411.50540058315,18.567932599425962,5407.791355494656,13.453888893127441,"WorldPop, University of Southampton","The spatial distribution of population in 2011 Zambia — unconstrained individual countries 2000-2020, 1 km, not UN-adjusted; DOI 10.5258/SOTON/WP00670",zmb_ppp_2011_1km_Aggregated.tif,EXPOSURE ONLY - not a flood-occurrence predictor,2026-10-07T14:55:13+00:00
ZMB-D-0910,2011,165377.03427147865,43.22775602888377,3825.714065772408,177.2187957763672,"WorldPop, University of Southampton","The spatial distribution of population in 2011 Zambia — unconstrained individual countries 2000-2020, 1 km, not UN-adjusted; DOI 10.5258/SOTON/WP00670",zmb_ppp_2011_1km_Aggregated.tif,EXPOSURE ONLY - not a flood-occurrence predictor,2026-10-07T14:55:13+00:00
ZMB-D-1002,2011,67768.7368658185,6.150202610777681,11018.9437900891,1.2171106338500977,"WorldPop, University of Southampton","The spatial distribution of population in 2011 Zambia — unconstrained individual countries 2000-2020, 1 km, not UN-adjusted; DOI 10.5258/SOTON/WP00670",zmb_ppp_2011_1km_Aggregated.tif,EXPOSURE ONLY - not a flood-occurrence predictor,2026-10-07T14:55:13+00:00
ZMB-D-0501,2011,1390018.4982481003,3221.7898896630745,431.4429388172996,1372.2806396484375,"WorldPop, University of Southampton","The spatial distribution of population in 2011 Zambia — unconstrained individual countries 2000-2020, 1 km, not UN-adjusted; DOI 10.5258/SOTON/WP00670",zmb_ppp_2011_1km_Aggregated.tif,EXPOSURE ONLY - not a flood-occurrence predictor,2026-10-07T14:55:13+00:00
ZMB-D-0101,2011,77605.98871674016,4.807581778805519,16142.416767379873,5.048526287078857,"WorldPop, University of Southampton","The spatial distribution of population in 2011 Zambia — unconstrained individual countries 2000-2020, 1 km, not UN-adjusted; DOI 10.5258/SOTON/WP00670",zmb_ppp_2011_1km_Aggregated.tif,EXPOSURE ONLY - not a flood-occurrence predictor,2026-10-07T14:55:13+00:00
ZMB-D-0502,2011,108158.54969254136,23.312075845357423,4639.593248152589,1.879478096961975,"WorldPop, University of Southampton","The spatial distribution of population in 2011 Zambia — unconstrained individual countries 2000-2020, 1 km, not UN-adjusted; DOI 10.5258/SOTON/WP00670",zmb_ppp_2011_1km_Aggregated.tif,EXPOSURE ONLY - not a flood-occurrence predictor,2026-10-07T14:55:13+00:00
ZMB-D-0503,2011,23738.84935826063,6.289421400900217,3774.40909824596,1.3660838603973389,"WorldPop, University of Southampton","The spatial distribution of population in 2011 Zambia — unconstrained individual countries 2000-2020, 1 km, not UN-adjusted; DOI 10.5258/SOTON/WP00670",zmb_ppp_2011_1km_Aggregated.tif,EXPOSURE ONLY - not a flood-occurrence predictor,2026-10-07T14:55:13+00:00
ZMB-D-0504,2011,53177.293454527855,5.56142655704068,9561.808091703777,4.283665657043457,"WorldPop, University of Southampton","The spatial distribution of population in 2011 Zambia — unconstrained individual countries 2000-2020, 1 km, not UN-adjusted; DOI 10.5258/SOTON/WP00670",zmb_ppp_2011_1km_Aggregated.tif,EXPOSURE ONLY - not a flood-occurrence predictor,2026-10-07T14:55:13+00:00
ZMB-D-1003,2011,142788.61130291224,23.574944999422236,6056.795097779089,11.020955085754395,"WorldPop, University of Southampton","The spatial distribution of population in 2011 Zambia — unconstrained individual countries 2000-2020, 1 km, not UN-adjusted; DOI 10.5258/SOTON/WP00670",zmb_ppp_2011_1km_Aggregated.tif,EXPOSURE ONLY - not a flood-occurrence predictor,2026-10-07T14:55:13+00:00
ZMB-D-0102,2011,552407.8696108088,61.90521912209198,8923.445832916408,24.277511596679688,"WorldPop, University of Southampton","The spatial distribution of population in 2011 Zambia — unconstrained individual countries 2000-2020, 1 km, not UN-adjusted; DOI 10.5258/SOTON/WP00670",zmb_ppp_2011_1km_Aggregated.tif,EXPOSURE ONLY - not a flood-occurrence predictor,2026-10-07T14:55:13+00:00
ZMB-D-0103,2011,204956.59999370575,132.6961345791654,1544.5559182542002,30.936172485351562,"WorldPop, University of Southampton","The spatial distribution of population in 2011 Zambia — unconstrained individual countries 2000-2020, 1 km, not UN-adjusted; DOI 10.5258/SOTON/WP00670",zmb_ppp_2011_1km_Aggregated.tif,EXPOSURE ONLY - not a flood-occurrence predictor,2026-10-07T14:55:13+00:00
ZMB-D-0104,2011,181818.92190605402,9.12060597387713,19934.96072813719,3.4280076026916504,"WorldPop, University of Southampton","The spatial distribution of population in 2011 Zambia — unconstrained individual countries 2000-2020, 1 km, not UN-adjusted; DOI 10.5258/SOTON/WP00670",zmb_ppp_2011_1km_Aggregated.tif,EXPOSURE ONLY - not a flood-occurrence predictor,2026-10-07T14:55:13+00:00
ZMB-D-1004,2011,86061.15003359318,8.741394383062117,9845.242791052964,4.983598232269287,"WorldPop, University of Southampton","The spatial distribution of population in 2011 Zambia — unconstrained individual countries 2000-2020, 1 km, not UN-adjusted; DOI 10.5258/SOTON/WP00670",zmb_ppp_2011_1km_Aggregated.tif,EXPOSURE ONLY - not a flood-occurrence predictor,2026-10-07T14:55:13+00:00
ZMB-D-1005,2011,104015.23748850822,11.377830917465042,9141.921535223746,3.695340394973755,"WorldPop, University of Southampton","The spatial distribution of population in 2011 Zambia — unconstrained individual countries 2000-2020, 1 km, not UN-adjusted; DOI 10.5258/SOTON/WP00670",zmb_ppp_2011_1km_Aggregated.tif,EXPOSURE ONLY - not a flood-occurrence predictor,2026-10-07T14:55:13+00:00
ZMB-D-0301,2011,72071.11987924576,47.842266016770125,1506.4319874393639,48.58101272583008,"WorldPop, University of Southampton","The spatial distribution of population in 2011 Zambia — unconstrained individual countries 2000-2020, 1 km, not UN-adjusted; DOI 10.5258/SOTON/WP00670",zmb_ppp_2011_1km_Aggregated.tif,EXPOSURE ONLY - not a flood-occurrence predictor,2026-10-07T14:55:13+00:00
ZMB-D-0302,2011,80811.62316125631,7.897434970778207,10232.641795756781,7.421101093292236,"WorldPop, University of Southampton","The spatial distribution of population in 2011 Zambia — unconstrained individual countries 2000-2020, 1 km, not UN-adjusted; DOI 10.5258/SOTON/WP00670",zmb_ppp_2011_1km_Aggregated.tif,EXPOSURE ONLY - not a flood-occurrence predictor,2026-10-07T14:55:13+00:00
ZMB-D-1006,2011,59520.486696481705,6.3751532053525874,9336.322560296781,9.399083137512207,"WorldPop, University of Southampton","The spatial distribution of population in 2011 Zambia — unconstrained individual countries 2000-2020, 1 km, not UN-adjusted; DOI 10.5258/SOTON/WP00670",zmb_ppp_2011_1km_Aggregated.tif,EXPOSURE ONLY - not a flood-occurrence predictor,2026-10-07T14:55:13+00:00
ZMB-D-0303,2011,164065.4503250122,67.04879373563489,2446.956032824424,396.9648742675781,"WorldPop, University of Southampton","The spatial distribution of population in 2011 Zambia — unconstrained individual countries 2000-2020, 1 km, not UN-adjusted; DOI 10.5258/SOTON/WP00670",zmb_ppp_2011_1km_Aggregated.tif,EXPOSURE ONLY - not a flood-occurrence predictor,2026-10-07T14:55:13+00:00
ZMB-D-0105,2011,47632.56410777569,6.902547363163025,6900.722530638099,6.6747307777404785,"WorldPop, University of Southampton","The spatial distribution of population in 2011 Zambia — unconstrained individual countries 2000-2020, 1 km, not UN-adjusted; DOI 10.5258/SOTON/WP00670",zmb_ppp_2011_1km_Aggregated.tif,EXPOSURE ONLY - not a flood-occurrence predictor,2026-10-07T14:55:13+00:00
ZMB-D-0304,2011,246966.03398436308,33.60161438352316,7349.826444811085,40.90699005126953,"WorldPop, University of Southampton","The spatial distribution of population in 2011 Zambia — unconstrained individual countries 2000-2020, 1 km, not UN-adjusted; DOI 10.5258/SOTON/WP00670",zmb_ppp_2011_1km_Aggregated.tif,EXPOSURE ONLY - not a flood-occurrence predictor,2026-10-07T14:55:13+00:00
ZMB-D-0106,2011,28192.189801335335,3.0401508508404027,9273.286486274863,1.2251722812652588,"WorldPop, University of Southampton","The spatial distribution of population in 2011 Zambia — unconstrained individual countries 2000-2020, 1 km, not UN-adjusted; DOI 10.5258/SOTON/WP00670",zmb_ppp_2011_1km_Aggregated.tif,EXPOSURE ONLY - not a flood-occurrence predictor,2026-10-07T14:55:13+00:00
ZMB-D-0201,2011,94994.64894092083,10.666538776962973,8905.8551163837,8.384090423583984,"WorldPop, University of Southampton","The spatial distribution of population in 2011 Zambia — unconstrained individual countries 2000-2020, 1 km, not UN-adjusted; DOI 10.5258/SOTON/WP00670",zmb_ppp_2011_1km_Aggregated.tif,EXPOSURE ONLY - not a flood-occurrence predictor,2026-10-07T14:55:13+00:00
ZMB-D-0305,2011,463762.2280266285,72.49168163288718,6397.4544055305,82.03451538085938,"WorldPop, University of Southampton","The spatial distribution of population in 2011 Zambia — unconstrained individual countries 2000-2020, 1 km, not UN-adjusted; DOI 10.5258/SOTON/WP00670",zmb_ppp_2011_1km_Aggregated.tif,EXPOSURE ONLY - not a flood-occurrence predictor,2026-10-07T14:55:13+00:00
ZMB-D-0701,2011,85421.81230354309,5.9757841647712775,14294.66157883107,2.4368345737457275,"WorldPop, University of Southampton","The spatial distribution of population in 2011 Zambia — unconstrained individual countries 2000-2020, 1 km, not UN-adjusted; DOI 10.5258/SOTON/WP00670",zmb_ppp_2011_1km_Aggregated.tif,EXPOSURE ONLY - not a flood-occurrence predictor,2026-10-07T14:55:13+00:00
ZMB-D-0702,2011,34495.40831810236,7.5269079546545505,4582.94541741683,1.817075252532959,"WorldPop, University of Southampton","The spatial distribution of population in 2011 Zambia — unconstrained individual countries 2000-2020, 1 km, not UN-adjusted; DOI 10.5258/SOTON/WP00670",zmb_ppp_2011_1km_Aggregated.tif,EXPOSURE ONLY - not a flood-occurrence predictor,2026-10-07T14:55:13+00:00
ZMB-D-0703,2011,58494.37509250641,3.0781112154794847,19003.333862124473,2.6281397342681885,"WorldPop, University of Southampton","The spatial distribution of population in 2011 Zambia — unconstrained individual countries 2000-2020, 1 km, not UN-adjusted; DOI 10.5258/SOTON/WP00670",zmb_ppp_2011_1km_Aggregated.tif,EXPOSURE ONLY - not a flood-occurrence predictor,2026-10-07T14:55:13+00:00
ZMB-D-0306,2011,73341.21658360958,12.4021110892441,5913.60745407415,10.534180641174316,"WorldPop, University of Southampton","The spatial distribution of population in 2011 Zambia — unconstrained individual countries 2000-2020, 1 km, not UN-adjusted; DOI 10.5258/SOTON/WP00670",zmb_ppp_2011_1km_Aggregated.tif,EXPOSURE ONLY - not a flood-occurrence predictor,2026-10-07T14:55:13+00:00
ZMB-D-0704,2011,72800.20167440176,3.3404762410797386,21793.360114086794,2.6735236644744873,"WorldPop, University of Southampton","The spatial distribution of population in 2011 Zambia — unconstrained individual countries 2000-2020, 1 km, not UN-adjusted; DOI 10.5258/SOTON/WP00670",zmb_ppp_2011_1km_Aggregated.tif,EXPOSURE ONLY - not a flood-occurrence predictor,2026-10-07T14:55:13+00:00
ZMB-D-0202,2011,570223.0208415985,476.16936565071234,1197.521432447374,138.84347534179688,"WorldPop, University of Southampton","The spatial distribution of population in 2011 Zambia — unconstrained individual countries 2000-2020, 1 km, not UN-adjusted; DOI 10.5258/SOTON/WP00670",zmb_ppp_2011_1km_Aggregated.tif,EXPOSURE ONLY - not a flood-occurrence predictor,2026-10-07T14:55:13+00:00
ZMB-D-0203,2011,71205.96747016907,66.57364531932785,1069.5819213236975,10.769771575927734,"WorldPop, University of Southampton","The spatial distribution of population in 2011 Zambia — unconstrained individual countries 2000-2020, 1 km, not UN-adjusted; DOI 10.5258/SOTON/WP00670",zmb_ppp_2011_1km_Aggregated.tif,EXPOSURE ONLY - not a flood-occurrence predictor,2026-10-07T14:55:13+00:00
ZMB-D-0204,2011,143431.5628387332,192.20599091456097,746.2387730801331,834.5558471679688,"WorldPop, University of Southampton","The spatial distribution of population in 2011 Zambia — unconstrained individual countries 2000-2020, 1 km, not UN-adjusted; DOI 10.5258/SOTON/WP00670",zmb_ppp_2011_1km_Aggregated.tif,EXPOSURE ONLY - not a flood-occurrence predictor,2026-10-07T14:55:13+00:00
ZMB-D-0205,2011,76318.05076950788,7.040309458458523,10840.155709038638,8.7531156539917,"WorldPop, University of Southampton","The spatial distribution of population in 2011 Zambia — unconstrained individual countries 2000-2020, 1 km, not UN-adjusted; DOI 10.5258/SOTON/WP00670",zmb_ppp_2011_1km_Aggregated.tif,EXPOSURE ONLY - not a flood-occurrence predictor,2026-10-07T14:55:13+00:00
ZMB-D-0206,2011,220338.21431183815,141.54414691113797,1556.6748545961948,11.746548652648926,"WorldPop, University of Southampton","The spatial distribution of population in 2011 Zambia — unconstrained individual countries 2000-2020, 1 km, not UN-adjusted; DOI 10.5258/SOTON/WP00670",zmb_ppp_2011_1km_Aggregated.tif,EXPOSURE ONLY - not a flood-occurrence predictor,2026-10-07T14:55:13+00:00
ZMB-D-0207,2011,88322.38325500488,100.25999648502406,880.9334365795404,66.74308013916016,"WorldPop, University of Southampton","The spatial distribution of population in 2011 Zambia — unconstrained individual countries 2000-2020, 1 km, not UN-adjusted; DOI 10.5258/SOTON/WP00670",zmb_ppp_2011_1km_Aggregated.tif,EXPOSURE ONLY - not a flood-occurrence predictor,2026-10-07T14:55:13+00:00
ZMB-D-0107,2011,80472.5372170955,6.698880057698017,12012.83446247414,15.151026725769043,"WorldPop, University of Southampton","The spatial distribution of population in 2011 Zambia — unconstrained individual countries 2000-2020, 1 km, not UN-adjusted; DOI 10.5258/SOTON/WP00670",zmb_ppp_2011_1km_Aggregated.tif,EXPOSURE ONLY - not a flood-occurrence predictor,2026-10-07T14:55:13+00:00
ZMB-D-0307,2011,318213.4894403815,23.342156015264028,13632.56629902969,7.232398509979248,"WorldPop, University of Southampton","The spatial distribution of population in 2011 Zambia — unconstrained individual countries 2000-2020, 1 km, not UN-adjusted; DOI 10.5258/SOTON/WP00670",zmb_ppp_2011_1km_Aggregated.tif,EXPOSURE ONLY - not a flood-occurrence predictor,2026-10-07T14:55:13+00:00
ZMB-D-0705,2011,273440.9301187992,8.981470233222579,30445.00766782453,8.0218505859375,"WorldPop, University of Southampton","The spatial distribution of population in 2011 Zambia — unconstrained individual countries 2000-2020, 1 km, not UN-adjusted; DOI 10.5258/SOTON/WP00670",zmb_ppp_2011_1km_Aggregated.tif,EXPOSURE ONLY - not a flood-occurrence predictor,2026-10-07T14:55:13+00:00
ZMB-D-0401,2011,45490.78236055374,7.352452588010695,6187.157525467551,3.400589942932129,"WorldPop, University of Southampton","The spatial distribution of population in 2011 Zambia — unconstrained individual countries 2000-2020, 1 km, not UN-adjusted; DOI 10.5258/SOTON/WP00670",zmb_ppp_2011_1km_Aggregated.tif,EXPOSURE ONLY - not a flood-occurrence predictor,2026-10-07T14:55:13+00:00
ZMB-D-0601,2011,212617.69728971273,5.305741966494872,40073.13183196019,13.985204696655273,"WorldPop, University of Southampton","The spatial distribution of population in 2011 Zambia — unconstrained individual countries 2000-2020, 1 km, not UN-adjusted; DOI 10.5258/SOTON/WP00670",zmb_ppp_2011_1km_Aggregated.tif,EXPOSURE ONLY - not a flood-occurrence predictor,2026-10-07T14:55:13+00:00
ZMB-D-0706,2011,141839.7606371045,6.798132482962315,20864.51845305863,1.6529350280761719,"WorldPop, University of Southampton","The spatial distribution of population in 2011 Zambia — unconstrained individual countries 2000-2020, 1 km, not UN-adjusted; DOI 10.5258/SOTON/WP00670",zmb_ppp_2011_1km_Aggregated.tif,EXPOSURE ONLY - not a flood-occurrence predictor,2026-10-07T14:55:13+00:00
ZMB-D-0402,2011,171937.8550426811,27.46064768994623,6261.245436888592,0.0,"WorldPop, University of Southampton","The spatial distribution of population in 2011 Zambia — unconstrained individual countries 2000-2020, 1 km, not UN-adjusted; DOI 10.5258/SOTON/WP00670",zmb_ppp_2011_1km_Aggregated.tif,EXPOSURE ONLY - not a flood-occurrence predictor,2026-10-07T14:55:13+00:00
ZMB-D-0801,2011,90159.97927516699,17.47522124502561,5159.30402316545,15.8843355178833,"WorldPop, University of Southampton","The spatial distribution of population in 2011 Zambia — unconstrained individual countries 2000-2020, 1 km, not UN-adjusted; DOI 10.5258/SOTON/WP00670",zmb_ppp_2011_1km_Aggregated.tif,EXPOSURE ONLY - not a flood-occurrence predictor,2026-10-07T14:55:13+00:00
ZMB-D-0403,2011,211512.31644278765,27.969624431412957,7562.215108088334,22.57811164855957,"WorldPop, University of Southampton","The spatial distribution of population in 2011 Zambia — unconstrained individual countries 2000-2020, 1 km, not UN-adjusted; DOI 10.5258/SOTON/WP00670",zmb_ppp_2011_1km_Aggregated.tif,EXPOSURE ONLY - not a flood-occurrence predictor,2026-10-07T14:55:13+00:00
ZMB-D-0602,2011,104566.45277431607,5.924735026980987,17649.135750058857,5.347450256347656,"WorldPop, University of Southampton","The spatial distribution of population in 2011 Zambia — unconstrained individual countries 2000-2020, 1 km, not UN-adjusted; DOI 10.5258/SOTON/WP00670",zmb_ppp_2011_1km_Aggregated.tif,EXPOSURE ONLY - not a flood-occurrence predictor,2026-10-07T14:55:13+00:00
ZMB-D-0802,2011,117929.47140538692,13.196248241393477,8936.590858867778,16.28333282470703,"WorldPop, University of Southampton","The spatial distribution of population in 2011 Zambia — unconstrained individual countries 2000-2020, 1 km, not UN-adjusted; DOI 10.5258/SOTON/WP00670",zmb_ppp_2011_1km_Aggregated.tif,EXPOSURE ONLY - not a flood-occurrence predictor,2026-10-07T14:55:13+00:00
ZMB-D-0404,2011,31134.904825091362,7.418327216399994,4197.025005348939,16.506248474121094,"WorldPop, University of Southampton","The spatial distribution of population in 2011 Zambia — unconstrained individual countries 2000-2020, 1 km, not UN-adjusted; DOI 10.5258/SOTON/WP00670",zmb_ppp_2011_1km_Aggregated.tif,EXPOSURE ONLY - not a flood-occurrence predictor,2026-10-07T14:55:13+00:00
ZMB-D-0603,2011,58103.02666668594,6.358984845195176,9137.154448573401,3.1596567630767822,"WorldPop, University of Southampton","The spatial distribution of population in 2011 Zambia — unconstrained individual countries 2000-2020, 1 km, not UN-adjusted; DOI 10.5258/SOTON/WP00670",zmb_ppp_2011_1km_Aggregated.tif,EXPOSURE ONLY - not a flood-occurrence predictor,2026-10-07T14:55:13+00:00
ZMB-D-0803,2011,246783.70348620415,23.256599087555088,10611.341002918236,4.705009937286377,"WorldPop, University of Southampton","The spatial distribution of population in 2011 Zambia — unconstrained individual countries 2000-2020, 1 km, not UN-adjusted; DOI 10.5258/SOTON/WP00670",zmb_ppp_2011_1km_Aggregated.tif,EXPOSURE ONLY - not a flood-occurrence predictor,2026-10-07T14:55:13+00:00
ZMB-D-0604,2011,75544.09130811691,14.298634382702192,5283.308131824572,2.4272172451019287,"WorldPop, University of Southampton","The spatial distribution of population in 2011 Zambia — unconstrained individual countries 2000-2020, 1 km, not UN-adjusted; DOI 10.5258/SOTON/WP00670",zmb_ppp_2011_1km_Aggregated.tif,EXPOSURE ONLY - not a flood-occurrence predictor,2026-10-07T14:55:13+00:00
ZMB-D-0804,2011,149685.99024558067,15.411860230569989,9712.389549749032,7.057501792907715,"WorldPop, University of Southampton","The spatial distribution of population in 2011 Zambia — unconstrained individual countries 2000-2020, 1 km, not UN-adjusted; DOI 10.5258/SOTON/WP00670",zmb_ppp_2011_1km_Aggregated.tif,EXPOSURE ONLY - not a flood-occurrence predictor,2026-10-07T14:55:13+00:00
ZMB-D-0405,2011,91345.84275758266,11.433908659379245,7989.0303026560905,14.277719497680664,"WorldPop, University of Southampton","The spatial distribution of population in 2011 Zambia — unconstrained individual countries 2000-2020, 1 km, not UN-adjusted; DOI 10.5258/SOTON/WP00670",zmb_ppp_2011_1km_Aggregated.tif,EXPOSURE ONLY - not a flood-occurrence predictor,2026-10-07T14:55:13+00:00
ZMB-D-0805,2011,102584.68530189991,8.541314825084903,12010.409100086084,2.850351333618164,"WorldPop, University of Southampton","The spatial distribution of population in 2011 Zambia — unconstrained individual countries 2000-2020, 1 km, not UN-adjusted; DOI 10.5258/SOTON/WP00670",zmb_ppp_2011_1km_Aggregated.tif,EXPOSURE ONLY - not a flood-occurrence predictor,2026-10-07T14:55:13+00:00
ZMB-D-0605,2011,129640.58764457703,29.840542925421722,4344.444669407599,18.80604362487793,"WorldPop, University of Southampton","The spatial distribution of population in 2011 Zambia — unconstrained individual countries 2000-2020, 1 km, not UN-adjusted; DOI 10.5258/SOTON/WP00670",zmb_ppp_2011_1km_Aggregated.tif,EXPOSURE ONLY - not a flood-occurrence predictor,2026-10-07T14:55:13+00:00
ZMB-D-0406,2011,159530.8187505901,37.817402909897204,4218.4498795616455,31.09934425354004,"WorldPop, University of Southampton","The spatial distribution of population in 2011 Zambia — unconstrained individual countries 2000-2020, 1 km, not UN-adjusted; DOI 10.5258/SOTON/WP00670",zmb_ppp_2011_1km_Aggregated.tif,EXPOSURE ONLY - not a flood-occurrence predictor,2026-10-07T14:55:13+00:00
ZMB-D-0806,2011,191577.14111423492,25.07409985560278,7640.439426240349,36.38422393798828,"WorldPop, University of Southampton","The spatial distribution of population in 2011 Zambia — unconstrained individual countries 2000-2020, 1 km, not UN-adjusted; DOI 10.5258/SOTON/WP00670",zmb_ppp_2011_1km_Aggregated.tif,EXPOSURE ONLY - not a flood-occurrence predictor,2026-10-07T14:55:13+00:00
ZMB-D-0807,2011,121912.72732535005,10.999941815134747,11083.033835470942,5.122035503387451,"WorldPop, University of Southampton","The spatial distribution of population in 2011 Zambia — unconstrained individual countries 2000-2020, 1 km, not UN-adjusted; DOI 10.5258/SOTON/WP00670",zmb_ppp_2011_1km_Aggregated.tif,EXPOSURE ONLY - not a flood-occurrence predictor,2026-10-07T14:55:13+00:00
ZMB-D-0808,2011,53685.718396663666,7.249600367535537,7405.33487019145,2.817124605178833,"WorldPop, University of Southampton","The spatial distribution of population in 2011 Zambia — unconstrained individual countries 2000-2020, 1 km, not UN-adjusted; DOI 10.5258/SOTON/WP00670",zmb_ppp_2011_1km_Aggregated.tif,EXPOSURE ONLY - not a flood-occurrence predictor,2026-10-07T14:55:13+00:00
ZMB-D-0407,2011,107357.5915324688,27.601586295659207,3889.5442596120824,107.03817749023438,"WorldPop, University of Southampton","The spatial distribution of population in 2011 Zambia — unconstrained individual countries 2000-2020, 1 km, not UN-adjusted; DOI 10.5258/SOTON/WP00670",zmb_ppp_2011_1km_Aggregated.tif,EXPOSURE ONLY - not a flood-occurrence predictor,2026-10-07T14:55:13+00:00
ZMB-D-0208,2011,102492.05121135712,27.832820869097553,3682.4169455692077,11.489994049072266,"WorldPop, University of Southampton","The spatial distribution of population in 2011 Zambia — unconstrained individual countries 2000-2020, 1 km, not UN-adjusted; DOI 10.5258/SOTON/WP00670",zmb_ppp_2011_1km_Aggregated.tif,EXPOSURE ONLY - not a flood-occurrence predictor,2026-10-07T14:55:13+00:00
ZMB-D-0209,2011,155940.97135543823,196.69212470438922,792.8175649625202,58.60520935058594,"WorldPop, University of Southampton","The spatial distribution of population in 2011 Zambia — unconstrained individual countries 2000-2020, 1 km, not UN-adjusted; DOI 10.5258/SOTON/WP00670",zmb_ppp_2011_1km_Aggregated.tif,EXPOSURE ONLY - not a flood-occurrence predictor,2026-10-07T14:55:13+00:00
ZMB-D-0210,2011,474709.1833515167,436.4192619006859,1087.7365524245452,149.8208465576172,"WorldPop, University of Southampton","The spatial distribution of population in 2011 Zambia — unconstrained individual countries 2000-2020, 1 km, not UN-adjusted; DOI 10.5258/SOTON/WP00670",zmb_ppp_2011_1km_Aggregated.tif,EXPOSURE ONLY - not a flood-occurrence predictor,2026-10-07T14:55:13+00:00
ZMB-D-0707,2011,33314.244032382965,15.175383715244287,2195.2818233464145,23.95406150817871,"WorldPop, University of Southampton","The spatial distribution of population in 2011 Zambia — unconstrained individual countries 2000-2020, 1 km, not UN-adjusted; DOI 10.5258/SOTON/WP00670",zmb_ppp_2011_1km_Aggregated.tif,EXPOSURE ONLY - not a flood-occurrence predictor,2026-10-07T14:55:13+00:00
ZMB-D-0606,2011,70991.6552927494,17.409522245910914,4077.748618829771,14.886103630065918,"WorldPop, University of Southampton","The spatial distribution of population in 2011 Zambia — unconstrained individual countries 2000-2020, 1 km, not UN-adjusted; DOI 10.5258/SOTON/WP00670",zmb_ppp_2011_1km_Aggregated.tif,EXPOSURE ONLY - not a flood-occurrence predictor,2026-10-07T14:55:13+00:00
ZMB-D-0505,2011,38316.392659664154,21.59699103024374,1774.1542146314316,21.083003997802734,"WorldPop, University of Southampton","The spatial distribution of population in 2011 Zambia — unconstrained individual countries 2000-2020, 1 km, not UN-adjusted; DOI 10.5258/SOTON/WP00670",zmb_ppp_2011_1km_Aggregated.tif,EXPOSURE ONLY - not a flood-occurrence predictor,2026-10-07T14:55:13+00:00
ZMB-D-0408,2011,39282.91987133026,18.26538865711738,2150.675280376423,16.39208984375,"WorldPop, University of Southampton","The spatial distribution of population in 2011 Zambia — unconstrained individual countries 2000-2020, 1 km, not UN-adjusted; DOI 10.5258/SOTON/WP00670",zmb_ppp_2011_1km_Aggregated.tif,EXPOSURE ONLY - not a flood-occurrence predictor,2026-10-07T14:55:13+00:00
ZMB-D-0607,2011,90775.73383975029,14.488341601350053,6265.433017626505,8.985461235046387,"WorldPop, University of Southampton","The spatial distribution of population in 2011 Zambia — unconstrained individual countries 2000-2020, 1 km, not UN-adjusted; DOI 10.5258/SOTON/WP00670",zmb_ppp_2011_1km_Aggregated.tif,EXPOSURE ONLY - not a flood-occurrence predictor,2026-10-07T14:55:13+00:00
ZMB-D-0108,2011,133476.7757883072,15.861658082675206,8415.0581920623,18.595458984375,"WorldPop, University of Southampton","The spatial distribution of population in 2011 Zambia — unconstrained individual countries 2000-2020, 1 km, not UN-adjusted; DOI 10.5258/SOTON/WP00670",zmb_ppp_2011_1km_Aggregated.tif,EXPOSURE ONLY - not a flood-occurrence predictor,2026-10-07T14:55:13+00:00
ZMB-D-0506,2011,212463.90301299095,93.99725219471347,2260.3203609917887,25.52674674987793,"WorldPop, University of Southampton","The spatial distribution of population in 2011 Zambia — unconstrained individual countries 2000-2020, 1 km, not UN-adjusted; DOI 10.5258/SOTON/WP00670",zmb_ppp_2011_1km_Aggregated.tif,EXPOSURE ONLY - not a flood-occurrence predictor,2026-10-07T14:55:13+00:00
ZMB-D-0109,2011,111885.9267116785,21.224823259560566,5271.4656486611875,10.996935844421387,"WorldPop, University of Southampton","The spatial distribution of population in 2011 Zambia — unconstrained individual countries 2000-2020, 1 km, not UN-adjusted; DOI 10.5258/SOTON/WP00670",zmb_ppp_2011_1km_Aggregated.tif,EXPOSURE ONLY - not a flood-occurrence predictor,2026-10-07T14:55:13+00:00
ZMB-D-1007,2011,39880.71910241246,3.5994275316263913,11079.739417449106,3.6044373512268066,"WorldPop, University of Southampton","The spatial distribution of population in 2011 Zambia — unconstrained individual countries 2000-2020, 1 km, not UN-adjusted; DOI 10.5258/SOTON/WP00670",zmb_ppp_2011_1km_Aggregated.tif,EXPOSURE ONLY - not a flood-occurrence predictor,2026-10-07T14:55:13+00:00
ZMB-D-1008,2011,30841.64065052569,4.774909126671654,6459.105258831141,1.6063028573989868,"WorldPop, University of Southampton","The spatial distribution of population in 2011 Zambia — unconstrained individual countries 2000-2020, 1 km, not UN-adjusted; DOI 10.5258/SOTON/WP00670",zmb_ppp_2011_1km_Aggregated.tif,EXPOSURE ONLY - not a flood-occurrence predictor,2026-10-07T14:55:13+00:00
ZMB-D-1009,2011,54597.18457752466,6.861451213440274,7957.08996233613,2.657525062561035,"WorldPop, University of Southampton","The spatial distribution of population in 2011 Zambia — unconstrained individual countries 2000-2020, 1 km, not UN-adjusted; DOI 10.5258/SOTON/WP00670",zmb_ppp_2011_1km_Aggregated.tif,EXPOSURE ONLY - not a flood-occurrence predictor,2026-10-07T14:55:13+00:00
ZMB-D-1010,2011,52825.48188376427,11.419011286435449,4626.099454557439,5.804560661315918,"WorldPop, University of Southampton","The spatial distribution of population in 2011 Zambia — unconstrained individual countries 2000-2020, 1 km, not UN-adjusted; DOI 10.5258/SOTON/WP00670",zmb_ppp_2011_1km_Aggregated.tif,EXPOSURE ONLY - not a flood-occurrence predictor,2026-10-07T14:55:13+00:00
ZMB-D-1011,2011,43362.1727335453,5.674432401522215,7641.6757950827,6.1337785720825195,"WorldPop, University of Southampton","The spatial distribution of population in 2011 Zambia — unconstrained individual countries 2000-2020, 1 km, not UN-adjusted; DOI 10.5258/SOTON/WP00670",zmb_ppp_2011_1km_Aggregated.tif,EXPOSURE ONLY - not a flood-occurrence predictor,2026-10-07T14:55:13+00:00
ZMB-D-1012,2011,52178.64742875099,5.123503183766614,10184.17390547831,3.2889719009399414,"WorldPop, University of Southampton","The spatial distribution of population in 2011 Zambia — unconstrained individual countries 2000-2020, 1 km, not UN-adjusted; DOI 10.5258/SOTON/WP00670",zmb_ppp_2011_1km_Aggregated.tif,EXPOSURE ONLY - not a flood-occurrence predictor,2026-10-07T14:55:13+00:00
ZMB-D-1013,2011,37077.29774928093,9.756421556585599,3800.2968131541734,32.53896713256836,"WorldPop, University of Southampton","The spatial distribution of population in 2011 Zambia — unconstrained individual countries 2000-2020, 1 km, not UN-adjusted; DOI 10.5258/SOTON/WP00670",zmb_ppp_2011_1km_Aggregated.tif,EXPOSURE ONLY - not a flood-occurrence predictor,2026-10-07T14:55:13+00:00
ZMB-D-0809,2011,70023.3910240382,13.8159758171267,5068.291371589916,13.400965690612793,"WorldPop, University of Southampton","The spatial distribution of population in 2011 Zambia — unconstrained individual countries 2000-2020, 1 km, not UN-adjusted; DOI 10.5258/SOTON/WP00670",zmb_ppp_2011_1km_Aggregated.tif,EXPOSURE ONLY - not a flood-occurrence predictor,2026-10-07T14:55:13+00:00
ZMB-D-0409,2011,25865.765203673393,6.982755962274485,3704.234451757665,4.871984004974365,"WorldPop, University of Southampton","The spatial distribution of population in 2011 Zambia — unconstrained individual countries 2000-2020, 1 km, not UN-adjusted; DOI 10.5258/SOTON/WP00670",zmb_ppp_2011_1km_Aggregated.tif,EXPOSURE ONLY - not a flood-occurrence predictor,2026-10-07T14:55:13+00:00
ZMB-D-0911,2011,79454.7209277153,15.137660415278354,5248.811160245219,6.92708683013916,"WorldPop, University of Southampton","The spatial distribution of population in 2011 Zambia — unconstrained individual countries 2000-2020, 1 km, not UN-adjusted; DOI 10.5258/SOTON/WP00670",zmb_ppp_2011_1km_Aggregated.tif,EXPOSURE ONLY - not a flood-occurrence predictor,2026-10-07T14:55:13+00:00
ZMB-D-0308,2011,161290.55092430115,62.28634819534432,2589.5008392281543,254.17608642578125,"WorldPop, University of Southampton","The spatial distribution of population in 2011 Zambia — unconstrained individual countries 2000-2020, 1 km, not UN-adjusted; DOI 10.5258/SOTON/WP00670",zmb_ppp_2011_1km_Aggregated.tif,EXPOSURE ONLY - not a flood-occurrence predictor,2026-10-07T14:55:13+00:00
ZMB-D-0110,2011,204457.62687051296,21.947093498944852,9315.931828528577,20.936763763427734,"WorldPop, University of Southampton","The spatial distribution of population in 2011 Zambia — unconstrained individual countries 2000-2020, 1 km, not UN-adjusted; DOI 10.5258/SOTON/WP00670",zmb_ppp_2011_1km_Aggregated.tif,EXPOSURE ONLY - not a flood-occurrence predictor,2026-10-07T14:55:13+00:00
ZMB-D-0507,2011,168455.27433633804,126.11428387156786,1335.735090149577,57.31336212158203,"WorldPop, University of Southampton","The spatial distribution of population in 2011 Zambia — unconstrained individual countries 2000-2020, 1 km, not UN-adjusted; DOI 10.5258/SOTON/WP00670",zmb_ppp_2011_1km_Aggregated.tif,EXPOSURE ONLY - not a flood-occurrence predictor,2026-10-07T14:55:13+00:00
ZMB-D-0309,2011,33056.01949596405,35.90740955911474,920.5904826284833,22.12433433532715,"WorldPop, University of Southampton","The spatial distribution of population in 2011 Zambia — unconstrained individual countries 2000-2020, 1 km, not UN-adjusted; DOI 10.5258/SOTON/WP00670",zmb_ppp_2011_1km_Aggregated.tif,EXPOSURE ONLY - not a flood-occurrence predictor,2026-10-07T14:55:13+00:00
ZMB-D-1014,2011,49158.958310723305,12.589794617887579,3904.667216801,5.513896942138672,"WorldPop, University of Southampton","The spatial distribution of population in 2011 Zambia — unconstrained individual countries 2000-2020, 1 km, not UN-adjusted; DOI 10.5258/SOTON/WP00670",zmb_ppp_2011_1km_Aggregated.tif,EXPOSURE ONLY - not a flood-occurrence predictor,2026-10-07T14:55:13+00:00
ZMB-D-1015,2011,29544.3522554636,4.646133486923289,6358.911628048839,2.4446661472320557,"WorldPop, University of Southampton","The spatial distribution of population in 2011 Zambia — unconstrained individual countries 2000-2020, 1 km, not UN-adjusted; DOI 10.5258/SOTON/WP00670",zmb_ppp_2011_1km_Aggregated.tif,EXPOSURE ONLY - not a flood-occurrence predictor,2026-10-07T14:55:13+00:00
ZMB-D-0111,2011,89866.05696624517,7.758480596611583,11582.945377925289,13.634438514709473,"WorldPop, University of Southampton","The spatial distribution of population in 2011 Zambia — unconstrained individual countries 2000-2020, 1 km, not UN-adjusted; DOI 10.5258/SOTON/WP00670",zmb_ppp_2011_1km_Aggregated.tif,EXPOSURE ONLY - not a flood-occurrence predictor,2026-10-07T14:55:13+00:00
ZMB-D-0708,2011,45340.05822771788,6.4367574930578275,7043.928294116726,4.648514747619629,"WorldPop, University of Southampton","The spatial distribution of population in 2011 Zambia — unconstrained individual countries 2000-2020, 1 km, not UN-adjusted; DOI 10.5258/SOTON/WP00670",zmb_ppp_2011_1km_Aggregated.tif,EXPOSURE ONLY - not a flood-occurrence predictor,2026-10-07T14:55:13+00:00
ZMB-D-0709,2011,50614.537226080894,6.819969301437118,7421.51980294329,3.6608736515045166,"WorldPop, University of Southampton","The spatial distribution of population in 2011 Zambia — unconstrained individual countries 2000-2020, 1 km, not UN-adjusted; DOI 10.5258/SOTON/WP00670",zmb_ppp_2011_1km_Aggregated.tif,EXPOSURE ONLY - not a flood-occurrence predictor,2026-10-07T14:55:13+00:00
ZMB-D-0410,2011,86430.38198387623,35.54949155872912,2431.269146032368,19.003387451171875,"WorldPop, University of Southampton","The spatial distribution of population in 2011 Zambia — unconstrained individual countries 2000-2020, 1 km, not UN-adjusted; DOI 10.5258/SOTON/WP00670",zmb_ppp_2011_1km_Aggregated.tif,EXPOSURE ONLY - not a flood-occurrence predictor,2026-10-07T14:55:13+00:00
ZMB-D-0411,2011,50397.70109501481,42.40500589386181,1188.4847091203908,43.47727584838867,"WorldPop, University of Southampton","The spatial distribution of population in 2011 Zambia — unconstrained individual countries 2000-2020, 1 km, not UN-adjusted; DOI 10.5258/SOTON/WP00670",zmb_ppp_2011_1km_Aggregated.tif,EXPOSURE ONLY - not a flood-occurrence predictor,2026-10-07T14:55:13+00:00
ZMB-D-0912,2011,49734.49560070038,26.19975020028479,1898.281289726181,11.57083511352539,"WorldPop, University of Southampton","The spatial distribution of population in 2011 Zambia — unconstrained individual countries 2000-2020, 1 km, not UN-adjusted; DOI 10.5258/SOTON/WP00670",zmb_ppp_2011_1km_Aggregated.tif,EXPOSURE ONLY - not a flood-occurrence predictor,2026-10-07T14:55:13+00:00
ZMB-D-0508,2011,53610.62738418579,32.78814547543467,1635.0612883656872,19.534042358398438,"WorldPop, University of Southampton","The spatial distribution of population in 2011 Zambia — unconstrained individual countries 2000-2020, 1 km, not UN-adjusted; DOI 10.5258/SOTON/WP00670",zmb_ppp_2011_1km_Aggregated.tif,EXPOSURE ONLY - not a flood-occurrence predictor,2026-10-07T14:55:13+00:00
ZMB-D-0901,2012,151356.3334197998,179.91983234775526,841.2431883954464,99.50228118896484,"WorldPop, University of Southampton","The spatial distribution of population in 2012 Zambia — unconstrained individual countries 2000-2020, 1 km, not UN-adjusted; DOI 10.5258/SOTON/WP00670",zmb_ppp_2012_1km_Aggregated.tif,EXPOSURE ONLY - not a flood-occurrence predictor,2026-10-07T14:55:13+00:00
ZMB-D-0902,2012,108819.43875105679,21.46007063698641,5070.7866060564875,36.8390998840332,"WorldPop, University of Southampton","The spatial distribution of population in 2012 Zambia — unconstrained individual countries 2000-2020, 1 km, not UN-adjusted; DOI 10.5258/SOTON/WP00670",zmb_ppp_2012_1km_Aggregated.tif,EXPOSURE ONLY - not a flood-occurrence predictor,2026-10-07T14:55:13+00:00
ZMB-D-0903,2012,57130.27561274171,14.816512681735285,3855.8517000540714,9.760066032409668,"WorldPop, University of Southampton","The spatial distribution of population in 2012 Zambia — unconstrained individual countries 2000-2020, 1 km, not UN-adjusted; DOI 10.5258/SOTON/WP00670",zmb_ppp_2012_1km_Aggregated.tif,EXPOSURE ONLY - not a flood-occurrence predictor,2026-10-07T14:55:13+00:00
ZMB-D-0904,2012,185724.10384511948,22.982820018875813,8080.997183660843,11.450066566467285,"WorldPop, University of Southampton","The spatial distribution of population in 2012 Zambia — unconstrained individual countries 2000-2020, 1 km, not UN-adjusted; DOI 10.5258/SOTON/WP00670",zmb_ppp_2012_1km_Aggregated.tif,EXPOSURE ONLY - not a flood-occurrence predictor,2026-10-07T14:55:13+00:00
ZMB-D-0905,2012,208778.62963819504,40.50511707982622,5154.376648924151,106.41780853271484,"WorldPop, University of Southampton","The spatial distribution of population in 2012 Zambia — unconstrained individual countries 2000-2020, 1 km, not UN-adjusted; DOI 10.5258/SOTON/WP00670",zmb_ppp_2012_1km_Aggregated.tif,EXPOSURE ONLY - not a flood-occurrence predictor,2026-10-07T14:55:13+00:00
ZMB-D-0906,2012,115316.93208420277,6.306156807529596,18286.404160853333,1.5872722864151,"WorldPop, University of Southampton","The spatial distribution of population in 2012 Zambia — unconstrained individual countries 2000-2020, 1 km, not UN-adjusted; DOI 10.5258/SOTON/WP00670",zmb_ppp_2012_1km_Aggregated.tif,EXPOSURE ONLY - not a flood-occurrence predictor,2026-10-07T14:55:13+00:00
ZMB-D-0907,2012,53359.09484831244,26.030934499494798,2049.8340099679485,10.472399711608887,"WorldPop, University of Southampton","The spatial distribution of population in 2012 Zambia — unconstrained individual countries 2000-2020, 1 km, not UN-adjusted; DOI 10.5258/SOTON/WP00670",zmb_ppp_2012_1km_Aggregated.tif,EXPOSURE ONLY - not a flood-occurrence predictor,2026-10-07T14:55:13+00:00
ZMB-D-1001,2012,36413.96658861637,4.3953868517849495,8284.587413239587,2.0097837448120117,"WorldPop, University of Southampton","The spatial distribution of population in 2012 Zambia — unconstrained individual countries 2000-2020, 1 km, not UN-adjusted; DOI 10.5258/SOTON/WP00670",zmb_ppp_2012_1km_Aggregated.tif,EXPOSURE ONLY - not a flood-occurrence predictor,2026-10-07T14:55:13+00:00
ZMB-D-0908,2012,200836.57323396206,40.983417475008196,4900.434995603594,16.54262351989746,"WorldPop, University of Southampton","The spatial distribution of population in 2012 Zambia — unconstrained individual countries 2000-2020, 1 km, not UN-adjusted; DOI 10.5258/SOTON/WP00670",zmb_ppp_2012_1km_Aggregated.tif,EXPOSURE ONLY - not a flood-occurrence predictor,2026-10-07T14:55:13+00:00
ZMB-D-0909,2012,102296.18790988624,18.916445029993046,5407.791355494656,11.8429594039917,"WorldPop, University of Southampton","The spatial distribution of population in 2012 Zambia — unconstrained individual countries 2000-2020, 1 km, not UN-adjusted; DOI 10.5258/SOTON/WP00670",zmb_ppp_2012_1km_Aggregated.tif,EXPOSURE ONLY - not a flood-occurrence predictor,2026-10-07T14:55:13+00:00
ZMB-D-0910,2012,166066.9463675022,43.408091538585346,3825.714065772408,112.12152862548828,"WorldPop, University of Southampton","The spatial distribution of population in 2012 Zambia — unconstrained individual countries 2000-2020, 1 km, not UN-adjusted; DOI 10.5258/SOTON/WP00670",zmb_ppp_2012_1km_Aggregated.tif,EXPOSURE ONLY - not a flood-occurrence predictor,2026-10-07T14:55:13+00:00
ZMB-D-1002,2012,71809.3124166727,6.516896154898349,11018.9437900891,1.0583840608596802,"WorldPop, University of Southampton","The spatial distribution of population in 2012 Zambia — unconstrained individual countries 2000-2020, 1 km, not UN-adjusted; DOI 10.5258/SOTON/WP00670",zmb_ppp_2012_1km_Aggregated.tif,EXPOSURE ONLY - not a flood-occurrence predictor,2026-10-07T14:55:13+00:00
ZMB-D-0501,2012,1473046.888850212,3414.2333929215006,431.4429388172996,1603.787841796875,"WorldPop, University of Southampton","The spatial distribution of population in 2012 Zambia — unconstrained individual countries 2000-2020, 1 km, not UN-adjusted; DOI 10.5258/SOTON/WP00670",zmb_ppp_2012_1km_Aggregated.tif,EXPOSURE ONLY - not a flood-occurrence predictor,2026-10-07T14:55:13+00:00
ZMB-D-0101,2012,81373.81480132043,5.040993301929751,16142.416767379873,6.6938910484313965,"WorldPop, University of Southampton","The spatial distribution of population in 2012 Zambia — unconstrained individual countries 2000-2020, 1 km, not UN-adjusted; DOI 10.5258/SOTON/WP00670",zmb_ppp_2012_1km_Aggregated.tif,EXPOSURE ONLY - not a flood-occurrence predictor,2026-10-07T14:55:13+00:00
ZMB-D-0502,2012,111539.99725267291,24.040899985593853,4639.593248152589,2.0853538513183594,"WorldPop, University of Southampton","The spatial distribution of population in 2012 Zambia — unconstrained individual countries 2000-2020, 1 km, not UN-adjusted; DOI 10.5258/SOTON/WP00670",zmb_ppp_2012_1km_Aggregated.tif,EXPOSURE ONLY - not a flood-occurrence predictor,2026-10-07T14:55:13+00:00
ZMB-D-0503,2012,24381.922897815704,6.459798676605153,3774.40909824596,1.717566967010498,"WorldPop, University of Southampton","The spatial distribution of population in 2012 Zambia — unconstrained individual countries 2000-2020, 1 km, not UN-adjusted; DOI 10.5258/SOTON/WP00670",zmb_ppp_2012_1km_Aggregated.tif,EXPOSURE ONLY - not a flood-occurrence predictor,2026-10-07T14:55:13+00:00
ZMB-D-0504,2012,54914.41459727287,5.743099429585802,9561.808091703777,4.307142734527588,"WorldPop, University of Southampton","The spatial distribution of population in 2012 Zambia — unconstrained individual countries 2000-2020, 1 km, not UN-adjusted; DOI 10.5258/SOTON/WP00670",zmb_ppp_2012_1km_Aggregated.tif,EXPOSURE ONLY - not a flood-occurrence predictor,2026-10-07T14:55:13+00:00
ZMB-D-1003,2012,140576.05041104555,23.209642746968957,6056.795097779089,9.877387046813965,"WorldPop, University of Southampton","The spatial distribution of population in 2012 Zambia — unconstrained individual countries 2000-2020, 1 km, not UN-adjusted; DOI 10.5258/SOTON/WP00670",zmb_ppp_2012_1km_Aggregated.tif,EXPOSURE ONLY - not a flood-occurrence predictor,2026-10-07T14:55:13+00:00
ZMB-D-0102,2012,561909.4016193151,62.97000196343086,8923.445832916408,30.59131622314453,"WorldPop, University of Southampton","The spatial distribution of population in 2012 Zambia — unconstrained individual countries 2000-2020, 1 km, not UN-adjusted; DOI 10.5258/SOTON/WP00670",zmb_ppp_2012_1km_Aggregated.tif,EXPOSURE ONLY - not a flood-occurrence predictor,2026-10-07T14:55:13+00:00
ZMB-D-0103,2012,206778.05642843246,133.87540974376125,1544.5559182542002,35.94694900512695,"WorldPop, University of Southampton","The spatial distribution of population in 2012 Zambia — unconstrained individual countries 2000-2020, 1 km, not UN-adjusted; DOI 10.5258/SOTON/WP00670",zmb_ppp_2012_1km_Aggregated.tif,EXPOSURE ONLY - not a flood-occurrence predictor,2026-10-07T14:55:13+00:00
ZMB-D-0104,2012,188277.26945090294,9.444576892752996,19934.96072813719,3.404630422592163,"WorldPop, University of Southampton","The spatial distribution of population in 2012 Zambia — unconstrained individual countries 2000-2020, 1 km, not UN-adjusted; DOI 10.5258/SOTON/WP00670",zmb_ppp_2012_1km_Aggregated.tif,EXPOSURE ONLY - not a flood-occurrence predictor,2026-10-07T14:55:13+00:00
ZMB-D-1004,2012,87014.6891810894,8.83824716442397,9845.242791052964,4.193691730499268,"WorldPop, University of Southampton","The spatial distribution of population in 2012 Zambia — unconstrained individual countries 2000-2020, 1 km, not UN-adjusted; DOI 10.5258/SOTON/WP00670",zmb_ppp_2012_1km_Aggregated.tif,EXPOSURE ONLY - not a flood-occurrence predictor,2026-10-07T14:55:13+00:00
ZMB-D-1005,2012,102603.97050631046,11.223457793963581,9141.921535223746,3.9038970470428467,"WorldPop, University of Southampton","The spatial distribution of population in 2012 Zambia — unconstrained individual countries 2000-2020, 1 km, not UN-adjusted; DOI 10.5258/SOTON/WP00670",zmb_ppp_2012_1km_Aggregated.tif,EXPOSURE ONLY - not a flood-occurrence predictor,2026-10-07T14:55:13+00:00
ZMB-D-0301,2012,73143.79323005676,48.554328267011066,1506.4319874393639,46.70200729370117,"WorldPop, University of Southampton","The spatial distribution of population in 2012 Zambia — unconstrained individual countries 2000-2020, 1 km, not UN-adjusted; DOI 10.5258/SOTON/WP00670",zmb_ppp_2012_1km_Aggregated.tif,EXPOSURE ONLY - not a flood-occurrence predictor,2026-10-07T14:55:13+00:00
ZMB-D-0302,2012,82162.2372379303,8.029425721908972,10232.641795756781,7.498913288116455,"WorldPop, University of Southampton","The spatial distribution of population in 2012 Zambia — unconstrained individual countries 2000-2020, 1 km, not UN-adjusted; DOI 10.5258/SOTON/WP00670",zmb_ppp_2012_1km_Aggregated.tif,EXPOSURE ONLY - not a flood-occurrence predictor,2026-10-07T14:55:13+00:00
ZMB-D-1006,2012,62340.994473814964,6.677253712176079,9336.322560296781,9.40694522857666,"WorldPop, University of Southampton","The spatial distribution of population in 2012 Zambia — unconstrained individual countries 2000-2020, 1 km, not UN-adjusted; DOI 10.5258/SOTON/WP00670",zmb_ppp_2012_1km_Aggregated.tif,EXPOSURE ONLY - not a flood-occurrence predictor,2026-10-07T14:55:13+00:00
ZMB-D-0303,2012,167869.95920848846,68.603586233923,2446.956032824424,368.2029113769531,"WorldPop, University of Southampton","The spatial distribution of population in 2012 Zambia — unconstrained individual countries 2000-2020, 1 km, not UN-adjusted; DOI 10.5258/SOTON/WP00670",zmb_ppp_2012_1km_Aggregated.tif,EXPOSURE ONLY - not a flood-occurrence predictor,2026-10-07T14:55:13+00:00
ZMB-D-0105,2012,48013.89110213518,6.957806358531476,6900.722530638099,14.142178535461426,"WorldPop, University of Southampton","The spatial distribution of population in 2012 Zambia — unconstrained individual countries 2000-2020, 1 km, not UN-adjusted; DOI 10.5258/SOTON/WP00670",zmb_ppp_2012_1km_Aggregated.tif,EXPOSURE ONLY - not a flood-occurrence predictor,2026-10-07T14:55:13+00:00
ZMB-D-0304,2012,256016.61854326725,34.833015509367954,7349.826444811085,40.09305191040039,"WorldPop, University of Southampton","The spatial distribution of population in 2012 Zambia — unconstrained individual countries 2000-2020, 1 km, not UN-adjusted; DOI 10.5258/SOTON/WP00670",zmb_ppp_2012_1km_Aggregated.tif,EXPOSURE ONLY - not a flood-occurrence predictor,2026-10-07T14:55:13+00:00
ZMB-D-0106,2012,29149.08934788406,3.1433396769340436,9273.286486274863,1.2718567848205566,"WorldPop, University of Southampton","The spatial distribution of population in 2012 Zambia — unconstrained individual countries 2000-2020, 1 km, not UN-adjusted; DOI 10.5258/SOTON/WP00670",zmb_ppp_2012_1km_Aggregated.tif,EXPOSURE ONLY - not a flood-occurrence predictor,2026-10-07T14:55:13+00:00
ZMB-D-0201,2012,98683.1196359992,11.080701218062297,8905.8551163837,10.870402336120605,"WorldPop, University of Southampton","The spatial distribution of population in 2012 Zambia — unconstrained individual countries 2000-2020, 1 km, not UN-adjusted; DOI 10.5258/SOTON/WP00670",zmb_ppp_2012_1km_Aggregated.tif,EXPOSURE ONLY - not a flood-occurrence predictor,2026-10-07T14:55:13+00:00
ZMB-D-0305,2012,474485.3766646385,74.16784029823695,6397.4544055305,87.11091613769531,"WorldPop, University of Southampton","The spatial distribution of population in 2012 Zambia — unconstrained individual countries 2000-2020, 1 km, not UN-adjusted; DOI 10.5258/SOTON/WP00670",zmb_ppp_2012_1km_Aggregated.tif,EXPOSURE ONLY - not a flood-occurrence predictor,2026-10-07T14:55:13+00:00
ZMB-D-0701,2012,88681.72694396973,6.203835358739677,14294.66157883107,2.5073845386505127,"WorldPop, University of Southampton","The spatial distribution of population in 2012 Zambia — unconstrained individual countries 2000-2020, 1 km, not UN-adjusted; DOI 10.5258/SOTON/WP00670",zmb_ppp_2012_1km_Aggregated.tif,EXPOSURE ONLY - not a flood-occurrence predictor,2026-10-07T14:55:13+00:00
ZMB-D-0702,2012,35261.38982158899,7.694045337651875,4582.94541741683,1.894944190979004,"WorldPop, University of Southampton","The spatial distribution of population in 2012 Zambia — unconstrained individual countries 2000-2020, 1 km, not UN-adjusted; DOI 10.5258/SOTON/WP00670",zmb_ppp_2012_1km_Aggregated.tif,EXPOSURE ONLY - not a flood-occurrence predictor,2026-10-07T14:55:13+00:00
ZMB-D-0703,2012,59839.02285993099,3.1488697348624757,19003.333862124473,2.509791374206543,"WorldPop, University of Southampton","The spatial distribution of population in 2012 Zambia — unconstrained individual countries 2000-2020, 1 km, not UN-adjusted; DOI 10.5258/SOTON/WP00670",zmb_ppp_2012_1km_Aggregated.tif,EXPOSURE ONLY - not a flood-occurrence predictor,2026-10-07T14:55:13+00:00
ZMB-D-0306,2012,75809.00150704384,12.819417267004358,5913.60745407415,10.132380485534668,"WorldPop, University of Southampton","The spatial distribution of population in 2012 Zambia — unconstrained individual countries 2000-2020, 1 km, not UN-adjusted; DOI 10.5258/SOTON/WP00670",zmb_ppp_2012_1km_Aggregated.tif,EXPOSURE ONLY - not a flood-occurrence predictor,2026-10-07T14:55:13+00:00
ZMB-D-0704,2012,74871.39765995741,3.4355141780804157,21793.360114086794,2.7386457920074463,"WorldPop, University of Southampton","The spatial distribution of population in 2012 Zambia — unconstrained individual countries 2000-2020, 1 km, not UN-adjusted; DOI 10.5258/SOTON/WP00670",zmb_ppp_2012_1km_Aggregated.tif,EXPOSURE ONLY - not a flood-occurrence predictor,2026-10-07T14:55:13+00:00
ZMB-D-0202,2012,586741.7692785263,489.9634807198418,1197.521432447374,105.31375122070312,"WorldPop, University of Southampton","The spatial distribution of population in 2012 Zambia — unconstrained individual countries 2000-2020, 1 km, not UN-adjusted; DOI 10.5258/SOTON/WP00670",zmb_ppp_2012_1km_Aggregated.tif,EXPOSURE ONLY - not a flood-occurrence predictor,2026-10-07T14:55:13+00:00
ZMB-D-0203,2012,76936.84360456467,71.93169786316962,1069.5819213236975,15.740530967712402,"WorldPop, University of Southampton","The spatial distribution of population in 2012 Zambia — unconstrained individual countries 2000-2020, 1 km, not UN-adjusted; DOI 10.5258/SOTON/WP00670",zmb_ppp_2012_1km_Aggregated.tif,EXPOSURE ONLY - not a flood-occurrence predictor,2026-10-07T14:55:13+00:00
ZMB-D-0204,2012,142231.8804308176,190.5983521115491,746.2387730801331,840.3582153320312,"WorldPop, University of Southampton","The spatial distribution of population in 2012 Zambia — unconstrained individual countries 2000-2020, 1 km, not UN-adjusted; DOI 10.5258/SOTON/WP00670",zmb_ppp_2012_1km_Aggregated.tif,EXPOSURE ONLY - not a flood-occurrence predictor,2026-10-07T14:55:13+00:00
ZMB-D-0205,2012,78552.26907372475,7.246415197544351,10840.155709038638,9.718025207519531,"WorldPop, University of Southampton","The spatial distribution of population in 2012 Zambia — unconstrained individual countries 2000-2020, 1 km, not UN-adjusted; DOI 10.5258/SOTON/WP00670",zmb_ppp_2012_1km_Aggregated.tif,EXPOSURE ONLY - not a flood-occurrence predictor,2026-10-07T14:55:13+00:00
ZMB-D-0206,2012,225098.27342009544,144.60198464404854,1556.6748545961948,13.634011268615723,"WorldPop, University of Southampton","The spatial distribution of population in 2012 Zambia — unconstrained individual countries 2000-2020, 1 km, not UN-adjusted; DOI 10.5258/SOTON/WP00670",zmb_ppp_2012_1km_Aggregated.tif,EXPOSURE ONLY - not a flood-occurrence predictor,2026-10-07T14:55:13+00:00
ZMB-D-0207,2012,89424.79845905304,101.51141362765016,880.9334365795404,59.44804382324219,"WorldPop, University of Southampton","The spatial distribution of population in 2012 Zambia — unconstrained individual countries 2000-2020, 1 km, not UN-adjusted; DOI 10.5258/SOTON/WP00670",zmb_ppp_2012_1km_Aggregated.tif,EXPOSURE ONLY - not a flood-occurrence predictor,2026-10-07T14:55:13+00:00
ZMB-D-0107,2012,83496.38140831143,6.9505978517508575,12012.83446247414,16.27429962158203,"WorldPop, University of Southampton","The spatial distribution of population in 2012 Zambia — unconstrained individual countries 2000-2020, 1 km, not UN-adjusted; DOI 10.5258/SOTON/WP00670",zmb_ppp_2012_1km_Aggregated.tif,EXPOSURE ONLY - not a flood-occurrence predictor,2026-10-07T14:55:13+00:00
ZMB-D-0307,2012,328578.86421483755,24.102495231453556,13632.56629902969,7.38755989074707,"WorldPop, University of Southampton","The spatial distribution of population in 2012 Zambia — unconstrained individual countries 2000-2020, 1 km, not UN-adjusted; DOI 10.5258/SOTON/WP00670",zmb_ppp_2012_1km_Aggregated.tif,EXPOSURE ONLY - not a flood-occurrence predictor,2026-10-07T14:55:13+00:00
ZMB-D-0705,2012,286234.34771713614,9.401684205178892,30445.00766782453,6.713559150695801,"WorldPop, University of Southampton","The spatial distribution of population in 2012 Zambia — unconstrained individual countries 2000-2020, 1 km, not UN-adjusted; DOI 10.5258/SOTON/WP00670",zmb_ppp_2012_1km_Aggregated.tif,EXPOSURE ONLY - not a flood-occurrence predictor,2026-10-07T14:55:13+00:00
ZMB-D-0401,2012,42959.50130403042,6.943334015208229,6187.157525467551,2.8187217712402344,"WorldPop, University of Southampton","The spatial distribution of population in 2012 Zambia — unconstrained individual countries 2000-2020, 1 km, not UN-adjusted; DOI 10.5258/SOTON/WP00670",zmb_ppp_2012_1km_Aggregated.tif,EXPOSURE ONLY - not a flood-occurrence predictor,2026-10-07T14:55:13+00:00
ZMB-D-0601,2012,220764.143631313,5.509031451723054,40073.13183196019,16.276790618896484,"WorldPop, University of Southampton","The spatial distribution of population in 2012 Zambia — unconstrained individual countries 2000-2020, 1 km, not UN-adjusted; DOI 10.5258/SOTON/WP00670",zmb_ppp_2012_1km_Aggregated.tif,EXPOSURE ONLY - not a flood-occurrence predictor,2026-10-07T14:55:13+00:00
ZMB-D-0706,2012,147910.53659129143,7.08909419232767,20864.51845305863,1.7130666971206665,"WorldPop, University of Southampton","The spatial distribution of population in 2012 Zambia — unconstrained individual countries 2000-2020, 1 km, not UN-adjusted; DOI 10.5258/SOTON/WP00670",zmb_ppp_2012_1km_Aggregated.tif,EXPOSURE ONLY - not a flood-occurrence predictor,2026-10-07T14:55:13+00:00
ZMB-D-0402,2012,174698.13558144867,27.9014993649988,6261.245436888592,0.0,"WorldPop, University of Southampton","The spatial distribution of population in 2012 Zambia — unconstrained individual countries 2000-2020, 1 km, not UN-adjusted; DOI 10.5258/SOTON/WP00670",zmb_ppp_2012_1km_Aggregated.tif,EXPOSURE ONLY - not a flood-occurrence predictor,2026-10-07T14:55:13+00:00
ZMB-D-0801,2012,91746.98608830571,17.782822193915813,5159.30402316545,16.910842895507812,"WorldPop, University of Southampton","The spatial distribution of population in 2012 Zambia — unconstrained individual countries 2000-2020, 1 km, not UN-adjusted; DOI 10.5258/SOTON/WP00670",zmb_ppp_2012_1km_Aggregated.tif,EXPOSURE ONLY - not a flood-occurrence predictor,2026-10-07T14:55:13+00:00
ZMB-D-0403,2012,232784.76275351644,30.782615864039144,7562.215108088334,19.888145446777344,"WorldPop, University of Southampton","The spatial distribution of population in 2012 Zambia — unconstrained individual countries 2000-2020, 1 km, not UN-adjusted; DOI 10.5258/SOTON/WP00670",zmb_ppp_2012_1km_Aggregated.tif,EXPOSURE ONLY - not a flood-occurrence predictor,2026-10-07T14:55:13+00:00
ZMB-D-0602,2012,108855.77634999156,6.167768093099321,17649.135750058857,5.292229175567627,"WorldPop, University of Southampton","The spatial distribution of population in 2012 Zambia — unconstrained individual countries 2000-2020, 1 km, not UN-adjusted; DOI 10.5258/SOTON/WP00670",zmb_ppp_2012_1km_Aggregated.tif,EXPOSURE ONLY - not a flood-occurrence predictor,2026-10-07T14:55:13+00:00
ZMB-D-0802,2012,123240.4741319418,13.790546761984778,8936.590858867778,15.81066608428955,"WorldPop, University of Southampton","The spatial distribution of population in 2012 Zambia — unconstrained individual countries 2000-2020, 1 km, not UN-adjusted; DOI 10.5258/SOTON/WP00670",zmb_ppp_2012_1km_Aggregated.tif,EXPOSURE ONLY - not a flood-occurrence predictor,2026-10-07T14:55:13+00:00
ZMB-D-0404,2012,31479.01016521454,7.500315133956984,4197.025005348939,26.9979190826416,"WorldPop, University of Southampton","The spatial distribution of population in 2012 Zambia — unconstrained individual countries 2000-2020, 1 km, not UN-adjusted; DOI 10.5258/SOTON/WP00670",zmb_ppp_2012_1km_Aggregated.tif,EXPOSURE ONLY - not a flood-occurrence predictor,2026-10-07T14:55:13+00:00
ZMB-D-0603,2012,58877.111329860985,6.443703196792692,9137.154448573401,2.9166741371154785,"WorldPop, University of Southampton","The spatial distribution of population in 2012 Zambia — unconstrained individual countries 2000-2020, 1 km, not UN-adjusted; DOI 10.5258/SOTON/WP00670",zmb_ppp_2012_1km_Aggregated.tif,EXPOSURE ONLY - not a flood-occurrence predictor,2026-10-07T14:55:13+00:00
ZMB-D-0803,2012,258049.33661198616,24.31825878944233,10611.341002918236,4.275537490844727,"WorldPop, University of Southampton","The spatial distribution of population in 2012 Zambia — unconstrained individual countries 2000-2020, 1 km, not UN-adjusted; DOI 10.5258/SOTON/WP00670",zmb_ppp_2012_1km_Aggregated.tif,EXPOSURE ONLY - not a flood-occurrence predictor,2026-10-07T14:55:13+00:00
ZMB-D-0604,2012,80388.4701615572,15.215555889562571,5283.308131824572,2.492727756500244,"WorldPop, University of Southampton","The spatial distribution of population in 2012 Zambia — unconstrained individual countries 2000-2020, 1 km, not UN-adjusted; DOI 10.5258/SOTON/WP00670",zmb_ppp_2012_1km_Aggregated.tif,EXPOSURE ONLY - not a flood-occurrence predictor,2026-10-07T14:55:13+00:00
ZMB-D-0804,2012,152763.7149116993,15.728746682699388,9712.389549749032,6.857645511627197,"WorldPop, University of Southampton","The spatial distribution of population in 2012 Zambia — unconstrained individual countries 2000-2020, 1 km, not UN-adjusted; DOI 10.5258/SOTON/WP00670",zmb_ppp_2012_1km_Aggregated.tif,EXPOSURE ONLY - not a flood-occurrence predictor,2026-10-07T14:55:13+00:00
ZMB-D-0405,2012,94014.9396071434,11.7680038810075,7989.0303026560905,14.320022583007812,"WorldPop, University of Southampton","The spatial distribution of population in 2012 Zambia — unconstrained individual countries 2000-2020, 1 km, not UN-adjusted; DOI 10.5258/SOTON/WP00670",zmb_ppp_2012_1km_Aggregated.tif,EXPOSURE ONLY - not a flood-occurrence predictor,2026-10-07T14:55:13+00:00
ZMB-D-0805,2012,105708.89055275917,8.801439623901029,12010.409100086084,2.7518296241760254,"WorldPop, University of Southampton","The spatial distribution of population in 2012 Zambia — unconstrained individual countries 2000-2020, 1 km, not UN-adjusted; DOI 10.5258/SOTON/WP00670",zmb_ppp_2012_1km_Aggregated.tif,EXPOSURE ONLY - not a flood-occurrence predictor,2026-10-07T14:55:13+00:00
ZMB-D-0605,2012,135734.99584245682,31.24334780881567,4344.444669407599,51.08514404296875,"WorldPop, University of Southampton","The spatial distribution of population in 2012 Zambia — unconstrained individual countries 2000-2020, 1 km, not UN-adjusted; DOI 10.5258/SOTON/WP00670",zmb_ppp_2012_1km_Aggregated.tif,EXPOSURE ONLY - not a flood-occurrence predictor,2026-10-07T14:55:13+00:00
ZMB-D-0406,2012,164176.2908705771,38.91863019779134,4218.4498795616455,35.1104736328125,"WorldPop, University of Southampton","The spatial distribution of population in 2012 Zambia — unconstrained individual countries 2000-2020, 1 km, not UN-adjusted; DOI 10.5258/SOTON/WP00670",zmb_ppp_2012_1km_Aggregated.tif,EXPOSURE ONLY - not a flood-occurrence predictor,2026-10-07T14:55:13+00:00
ZMB-D-0806,2012,197689.80414056778,25.87414062359048,7640.439426240349,39.132999420166016,"WorldPop, University of Southampton","The spatial distribution of population in 2012 Zambia — unconstrained individual countries 2000-2020, 1 km, not UN-adjusted; DOI 10.5258/SOTON/WP00670",zmb_ppp_2012_1km_Aggregated.tif,EXPOSURE ONLY - not a flood-occurrence predictor,2026-10-07T14:55:13+00:00
ZMB-D-0807,2012,127323.82952775806,11.488174755928442,11083.033835470942,4.8930864334106445,"WorldPop, University of Southampton","The spatial distribution of population in 2012 Zambia — unconstrained individual countries 2000-2020, 1 km, not UN-adjusted; DOI 10.5258/SOTON/WP00670",zmb_ppp_2012_1km_Aggregated.tif,EXPOSURE ONLY - not a flood-occurrence predictor,2026-10-07T14:55:13+00:00
ZMB-D-0808,2012,55292.480894722044,7.466574012377183,7405.33487019145,3.020393133163452,"WorldPop, University of Southampton","The spatial distribution of population in 2012 Zambia — unconstrained individual countries 2000-2020, 1 km, not UN-adjusted; DOI 10.5258/SOTON/WP00670",zmb_ppp_2012_1km_Aggregated.tif,EXPOSURE ONLY - not a flood-occurrence predictor,2026-10-07T14:55:13+00:00
ZMB-D-0407,2012,110711.96198707819,28.463993362070617,3889.5442596120824,153.94180297851562,"WorldPop, University of Southampton","The spatial distribution of population in 2012 Zambia — unconstrained individual countries 2000-2020, 1 km, not UN-adjusted; DOI 10.5258/SOTON/WP00670",zmb_ppp_2012_1km_Aggregated.tif,EXPOSURE ONLY - not a flood-occurrence predictor,2026-10-07T14:55:13+00:00
ZMB-D-0208,2012,108142.91803741455,29.367374644399053,3682.4169455692077,9.173384666442871,"WorldPop, University of Southampton","The spatial distribution of population in 2012 Zambia — unconstrained individual countries 2000-2020, 1 km, not UN-adjusted; DOI 10.5258/SOTON/WP00670",zmb_ppp_2012_1km_Aggregated.tif,EXPOSURE ONLY - not a flood-occurrence predictor,2026-10-07T14:55:13+00:00
ZMB-D-0209,2012,154613.92353534698,195.01828714233423,792.8175649625202,93.36566162109375,"WorldPop, University of Southampton","The spatial distribution of population in 2012 Zambia — unconstrained individual countries 2000-2020, 1 km, not UN-adjusted; DOI 10.5258/SOTON/WP00670",zmb_ppp_2012_1km_Aggregated.tif,EXPOSURE ONLY - not a flood-occurrence predictor,2026-10-07T14:55:13+00:00
ZMB-D-0210,2012,488740.3950061798,449.318719607966,1087.7365524245452,117.80421447753906,"WorldPop, University of Southampton","The spatial distribution of population in 2012 Zambia — unconstrained individual countries 2000-2020, 1 km, not UN-adjusted; DOI 10.5258/SOTON/WP00670",zmb_ppp_2012_1km_Aggregated.tif,EXPOSURE ONLY - not a flood-occurrence predictor,2026-10-07T14:55:13+00:00
ZMB-D-0707,2012,34774.34641265869,15.840493025924951,2195.2818233464145,33.207664489746094,"WorldPop, University of Southampton","The spatial distribution of population in 2012 Zambia — unconstrained individual countries 2000-2020, 1 km, not UN-adjusted; DOI 10.5258/SOTON/WP00670",zmb_ppp_2012_1km_Aggregated.tif,EXPOSURE ONLY - not a flood-occurrence predictor,2026-10-07T14:55:13+00:00
ZMB-D-0606,2012,73687.89135527611,18.070729278163057,4077.748618829771,14.462333679199219,"WorldPop, University of Southampton","The spatial distribution of population in 2012 Zambia — unconstrained individual countries 2000-2020, 1 km, not UN-adjusted; DOI 10.5258/SOTON/WP00670",zmb_ppp_2012_1km_Aggregated.tif,EXPOSURE ONLY - not a flood-occurrence predictor,2026-10-07T14:55:13+00:00
ZMB-D-0505,2012,37530.81065225601,21.15419862757127,1774.1542146314316,19.26437759399414,"WorldPop, University of Southampton","The spatial distribution of population in 2012 Zambia — unconstrained individual countries 2000-2020, 1 km, not UN-adjusted; DOI 10.5258/SOTON/WP00670",zmb_ppp_2012_1km_Aggregated.tif,EXPOSURE ONLY - not a flood-occurrence predictor,2026-10-07T14:55:13+00:00
ZMB-D-0408,2012,46659.27413439751,21.69517386475514,2150.675280376423,16.271486282348633,"WorldPop, University of Southampton","The spatial distribution of population in 2012 Zambia — unconstrained individual countries 2000-2020, 1 km, not UN-adjusted; DOI 10.5258/SOTON/WP00670",zmb_ppp_2012_1km_Aggregated.tif,EXPOSURE ONLY - not a flood-occurrence predictor,2026-10-07T14:55:13+00:00
ZMB-D-0607,2012,92072.8447971344,14.695368147437922,6265.433017626505,10.142287254333496,"WorldPop, University of Southampton","The spatial distribution of population in 2012 Zambia — unconstrained individual countries 2000-2020, 1 km, not UN-adjusted; DOI 10.5258/SOTON/WP00670",zmb_ppp_2012_1km_Aggregated.tif,EXPOSURE ONLY - not a flood-occurrence predictor,2026-10-07T14:55:13+00:00
ZMB-D-0108,2012,139252.17089653015,16.54797479925724,8415.0581920623,22.77861213684082,"WorldPop, University of Southampton","The spatial distribution of population in 2012 Zambia — unconstrained individual countries 2000-2020, 1 km, not UN-adjusted; DOI 10.5258/SOTON/WP00670",zmb_ppp_2012_1km_Aggregated.tif,EXPOSURE ONLY - not a flood-occurrence predictor,2026-10-07T14:55:13+00:00
ZMB-D-0506,2012,224637.7223725319,99.38313446593244,2260.3203609917887,38.52789306640625,"WorldPop, University of Southampton","The spatial distribution of population in 2012 Zambia — unconstrained individual countries 2000-2020, 1 km, not UN-adjusted; DOI 10.5258/SOTON/WP00670",zmb_ppp_2012_1km_Aggregated.tif,EXPOSURE ONLY - not a flood-occurrence predictor,2026-10-07T14:55:13+00:00
ZMB-D-0109,2012,112691.65534004569,21.377670433775165,5271.4656486611875,8.682589530944824,"WorldPop, University of Southampton","The spatial distribution of population in 2012 Zambia — unconstrained individual countries 2000-2020, 1 km, not UN-adjusted; DOI 10.5258/SOTON/WP00670",zmb_ppp_2012_1km_Aggregated.tif,EXPOSURE ONLY - not a flood-occurrence predictor,2026-10-07T14:55:13+00:00
ZMB-D-1007,2012,41615.21563056111,3.755974221291046,11079.739417449106,2.885387897491455,"WorldPop, University of Southampton","The spatial distribution of population in 2012 Zambia — unconstrained individual countries 2000-2020, 1 km, not UN-adjusted; DOI 10.5258/SOTON/WP00670",zmb_ppp_2012_1km_Aggregated.tif,EXPOSURE ONLY - not a flood-occurrence predictor,2026-10-07T14:55:13+00:00
ZMB-D-1008,2012,31265.809574902058,4.840579046479266,6459.105258831141,1.6094037294387817,"WorldPop, University of Southampton","The spatial distribution of population in 2012 Zambia — unconstrained individual countries 2000-2020, 1 km, not UN-adjusted; DOI 10.5258/SOTON/WP00670",zmb_ppp_2012_1km_Aggregated.tif,EXPOSURE ONLY - not a flood-occurrence predictor,2026-10-07T14:55:13+00:00
ZMB-D-1009,2012,59052.37439441681,7.421353117023144,7957.08996233613,2.2442500591278076,"WorldPop, University of Southampton","The spatial distribution of population in 2012 Zambia — unconstrained individual countries 2000-2020, 1 km, not UN-adjusted; DOI 10.5258/SOTON/WP00670",zmb_ppp_2012_1km_Aggregated.tif,EXPOSURE ONLY - not a flood-occurrence predictor,2026-10-07T14:55:13+00:00
ZMB-D-1010,2012,54292.357093691826,11.736098116136539,4626.099454557439,4.684457302093506,"WorldPop, University of Southampton","The spatial distribution of population in 2012 Zambia — unconstrained individual countries 2000-2020, 1 km, not UN-adjusted; DOI 10.5258/SOTON/WP00670",zmb_ppp_2012_1km_Aggregated.tif,EXPOSURE ONLY - not a flood-occurrence predictor,2026-10-07T14:55:13+00:00
ZMB-D-1011,2012,43955.50242102146,5.7520763245813376,7641.6757950827,5.697375774383545,"WorldPop, University of Southampton","The spatial distribution of population in 2012 Zambia — unconstrained individual countries 2000-2020, 1 km, not UN-adjusted; DOI 10.5258/SOTON/WP00670",zmb_ppp_2012_1km_Aggregated.tif,EXPOSURE ONLY - not a flood-occurrence predictor,2026-10-07T14:55:13+00:00
ZMB-D-1012,2012,53626.68231236935,5.265687998858923,10184.17390547831,3.206223726272583,"WorldPop, University of Southampton","The spatial distribution of population in 2012 Zambia — unconstrained individual countries 2000-2020, 1 km, not UN-adjusted; DOI 10.5258/SOTON/WP00670",zmb_ppp_2012_1km_Aggregated.tif,EXPOSURE ONLY - not a flood-occurrence predictor,2026-10-07T14:55:13+00:00
ZMB-D-1013,2012,40182.379150271416,10.573484421318348,3800.2968131541734,42.23781204223633,"WorldPop, University of Southampton","The spatial distribution of population in 2012 Zambia — unconstrained individual countries 2000-2020, 1 km, not UN-adjusted; DOI 10.5258/SOTON/WP00670",zmb_ppp_2012_1km_Aggregated.tif,EXPOSURE ONLY - not a flood-occurrence predictor,2026-10-07T14:55:13+00:00
ZMB-D-0809,2012,72034.89407519996,14.212855732602192,5068.291371589916,13.18511962890625,"WorldPop, University of Southampton","The spatial distribution of population in 2012 Zambia — unconstrained individual countries 2000-2020, 1 km, not UN-adjusted; DOI 10.5258/SOTON/WP00670",zmb_ppp_2012_1km_Aggregated.tif,EXPOSURE ONLY - not a flood-occurrence predictor,2026-10-07T14:55:13+00:00
ZMB-D-0409,2012,26425.70849051699,7.133918987762222,3704.234451757665,4.569097995758057,"WorldPop, University of Southampton","The spatial distribution of population in 2012 Zambia — unconstrained individual countries 2000-2020, 1 km, not UN-adjusted; DOI 10.5258/SOTON/WP00670",zmb_ppp_2012_1km_Aggregated.tif,EXPOSURE ONLY - not a flood-occurrence predictor,2026-10-07T14:55:13+00:00
ZMB-D-0911,2012,84765.44668006897,16.149456342054574,5248.811160245219,7.257137298583984,"WorldPop, University of Southampton","The spatial distribution of population in 2012 Zambia — unconstrained individual countries 2000-2020, 1 km, not UN-adjusted; DOI 10.5258/SOTON/WP00670",zmb_ppp_2012_1km_Aggregated.tif,EXPOSURE ONLY - not a flood-occurrence predictor,2026-10-07T14:55:13+00:00
ZMB-D-0308,2012,169814.5961227417,65.5781197481125,2589.5008392281543,309.58941650390625,"WorldPop, University of Southampton","The spatial distribution of population in 2012 Zambia — unconstrained individual countries 2000-2020, 1 km, not UN-adjusted; DOI 10.5258/SOTON/WP00670",zmb_ppp_2012_1km_Aggregated.tif,EXPOSURE ONLY - not a flood-occurrence predictor,2026-10-07T14:55:13+00:00
ZMB-D-0110,2012,211311.45560835302,22.68280398545263,9315.931828528577,19.281770706176758,"WorldPop, University of Southampton","The spatial distribution of population in 2012 Zambia — unconstrained individual countries 2000-2020, 1 km, not UN-adjusted; DOI 10.5258/SOTON/WP00670",zmb_ppp_2012_1km_Aggregated.tif,EXPOSURE ONLY - not a flood-occurrence predictor,2026-10-07T14:55:13+00:00
ZMB-D-0507,2012,177255.6929807663,132.70272997089342,1335.735090149577,42.95371627807617,"WorldPop, University of Southampton","The spatial distribution of population in 2012 Zambia — unconstrained individual countries 2000-2020, 1 km, not UN-adjusted; DOI 10.5258/SOTON/WP00670",zmb_ppp_2012_1km_Aggregated.tif,EXPOSURE ONLY - not a flood-occurrence predictor,2026-10-07T14:55:13+00:00
ZMB-D-0309,2012,34106.605139255524,37.0486180151177,920.5904826284833,23.019311904907227,"WorldPop, University of Southampton","The spatial distribution of population in 2012 Zambia — unconstrained individual countries 2000-2020, 1 km, not UN-adjusted; DOI 10.5258/SOTON/WP00670",zmb_ppp_2012_1km_Aggregated.tif,EXPOSURE ONLY - not a flood-occurrence predictor,2026-10-07T14:55:13+00:00
ZMB-D-1014,2012,50885.030878305435,13.031848312029602,3904.667216801,5.029991626739502,"WorldPop, University of Southampton","The spatial distribution of population in 2012 Zambia — unconstrained individual countries 2000-2020, 1 km, not UN-adjusted; DOI 10.5258/SOTON/WP00670",zmb_ppp_2012_1km_Aggregated.tif,EXPOSURE ONLY - not a flood-occurrence predictor,2026-10-07T14:55:13+00:00
ZMB-D-1015,2012,30588.93069946766,4.810403491777024,6358.911628048839,2.7940585613250732,"WorldPop, University of Southampton","The spatial distribution of population in 2012 Zambia — unconstrained individual countries 2000-2020, 1 km, not UN-adjusted; DOI 10.5258/SOTON/WP00670",zmb_ppp_2012_1km_Aggregated.tif,EXPOSURE ONLY - not a flood-occurrence predictor,2026-10-07T14:55:13+00:00
ZMB-D-0111,2012,90811.54679054022,7.840108351335951,11582.945377925289,12.704532623291016,"WorldPop, University of Southampton","The spatial distribution of population in 2012 Zambia — unconstrained individual countries 2000-2020, 1 km, not UN-adjusted; DOI 10.5258/SOTON/WP00670",zmb_ppp_2012_1km_Aggregated.tif,EXPOSURE ONLY - not a flood-occurrence predictor,2026-10-07T14:55:13+00:00
ZMB-D-0708,2012,47236.19728255272,6.705945221220612,7043.928294116726,4.530801296234131,"WorldPop, University of Southampton","The spatial distribution of population in 2012 Zambia — unconstrained individual countries 2000-2020, 1 km, not UN-adjusted; DOI 10.5258/SOTON/WP00670",zmb_ppp_2012_1km_Aggregated.tif,EXPOSURE ONLY - not a flood-occurrence predictor,2026-10-07T14:55:13+00:00
ZMB-D-0709,2012,53169.39408290386,7.164219121508978,7421.51980294329,3.4104785919189453,"WorldPop, University of Southampton","The spatial distribution of population in 2012 Zambia — unconstrained individual countries 2000-2020, 1 km, not UN-adjusted; DOI 10.5258/SOTON/WP00670",zmb_ppp_2012_1km_Aggregated.tif,EXPOSURE ONLY - not a flood-occurrence predictor,2026-10-07T14:55:13+00:00
ZMB-D-0410,2012,88253.41674697399,36.29932000370931,2431.269146032368,16.745075225830078,"WorldPop, University of Southampton","The spatial distribution of population in 2012 Zambia — unconstrained individual countries 2000-2020, 1 km, not UN-adjusted; DOI 10.5258/SOTON/WP00670",zmb_ppp_2012_1km_Aggregated.tif,EXPOSURE ONLY - not a flood-occurrence predictor,2026-10-07T14:55:13+00:00
ZMB-D-0411,2012,51031.93912804127,42.938658559444576,1188.4847091203908,34.543418884277344,"WorldPop, University of Southampton","The spatial distribution of population in 2012 Zambia — unconstrained individual countries 2000-2020, 1 km, not UN-adjusted; DOI 10.5258/SOTON/WP00670",zmb_ppp_2012_1km_Aggregated.tif,EXPOSURE ONLY - not a flood-occurrence predictor,2026-10-07T14:55:13+00:00
ZMB-D-0912,2012,50211.079587221146,26.450810983057142,1898.281289726181,8.528409957885742,"WorldPop, University of Southampton","The spatial distribution of population in 2012 Zambia — unconstrained individual countries 2000-2020, 1 km, not UN-adjusted; DOI 10.5258/SOTON/WP00670",zmb_ppp_2012_1km_Aggregated.tif,EXPOSURE ONLY - not a flood-occurrence predictor,2026-10-07T14:55:13+00:00
ZMB-D-0508,2012,56112.7540807724,34.31844083157242,1635.0612883656872,18.3916072845459,"WorldPop, University of Southampton","The spatial distribution of population in 2012 Zambia — unconstrained individual countries 2000-2020, 1 km, not UN-adjusted; DOI 10.5258/SOTON/WP00670",zmb_ppp_2012_1km_Aggregated.tif,EXPOSURE ONLY - not a flood-occurrence predictor,2026-10-07T14:55:13+00:00
ZMB-D-0901,2013,155821.5023803711,185.22765417878603,841.2431883954464,109.87759399414062,"WorldPop, University of Southampton","The spatial distribution of population in 2013 Zambia — unconstrained individual countries 2000-2020, 1 km, not UN-adjusted; DOI 10.5258/SOTON/WP00670",zmb_ppp_2013_1km_Aggregated.tif,EXPOSURE ONLY - not a flood-occurrence predictor,2026-10-07T14:55:13+00:00
ZMB-D-0902,2013,111498.41210833937,21.988385781244865,5070.7866060564875,33.532840728759766,"WorldPop, University of Southampton","The spatial distribution of population in 2013 Zambia — unconstrained individual countries 2000-2020, 1 km, not UN-adjusted; DOI 10.5258/SOTON/WP00670",zmb_ppp_2013_1km_Aggregated.tif,EXPOSURE ONLY - not a flood-occurrence predictor,2026-10-07T14:55:13+00:00
ZMB-D-0903,2013,59544.972633980215,15.44275487388304,3855.8517000540714,11.330049514770508,"WorldPop, University of Southampton","The spatial distribution of population in 2013 Zambia — unconstrained individual countries 2000-2020, 1 km, not UN-adjusted; DOI 10.5258/SOTON/WP00670",zmb_ppp_2013_1km_Aggregated.tif,EXPOSURE ONLY - not a flood-occurrence predictor,2026-10-07T14:55:13+00:00
ZMB-D-0904,2013,193649.24770617485,23.96353362153359,8080.997183660843,8.737698554992676,"WorldPop, University of Southampton","The spatial distribution of population in 2013 Zambia — unconstrained individual countries 2000-2020, 1 km, not UN-adjusted; DOI 10.5258/SOTON/WP00670",zmb_ppp_2013_1km_Aggregated.tif,EXPOSURE ONLY - not a flood-occurrence predictor,2026-10-07T14:55:13+00:00
ZMB-D-0905,2013,215661.56721305847,41.84047497927271,5154.376648924151,105.66175079345703,"WorldPop, University of Southampton","The spatial distribution of population in 2013 Zambia — unconstrained individual countries 2000-2020, 1 km, not UN-adjusted; DOI 10.5258/SOTON/WP00670",zmb_ppp_2013_1km_Aggregated.tif,EXPOSURE ONLY - not a flood-occurrence predictor,2026-10-07T14:55:13+00:00
ZMB-D-0906,2013,119861.87361478806,6.554698920599309,18286.404160853333,1.6425788402557373,"WorldPop, University of Southampton","The spatial distribution of population in 2013 Zambia — unconstrained individual countries 2000-2020, 1 km, not UN-adjusted; DOI 10.5258/SOTON/WP00670",zmb_ppp_2013_1km_Aggregated.tif,EXPOSURE ONLY - not a flood-occurrence predictor,2026-10-07T14:55:13+00:00
ZMB-D-0907,2013,54260.43743350357,26.470649413389328,2049.8340099679485,11.051076889038086,"WorldPop, University of Southampton","The spatial distribution of population in 2013 Zambia — unconstrained individual countries 2000-2020, 1 km, not UN-adjusted; DOI 10.5258/SOTON/WP00670",zmb_ppp_2013_1km_Aggregated.tif,EXPOSURE ONLY - not a flood-occurrence predictor,2026-10-07T14:55:13+00:00
ZMB-D-1001,2013,38879.76504898071,4.6930236968526655,8284.587413239587,2.345831871032715,"WorldPop, University of Southampton","The spatial distribution of population in 2013 Zambia — unconstrained individual countries 2000-2020, 1 km, not UN-adjusted; DOI 10.5258/SOTON/WP00670",zmb_ppp_2013_1km_Aggregated.tif,EXPOSURE ONLY - not a flood-occurrence predictor,2026-10-07T14:55:13+00:00
ZMB-D-0908,2013,204130.1800276041,41.655522460911875,4900.434995603594,15.11881160736084,"WorldPop, University of Southampton","The spatial distribution of population in 2013 Zambia — unconstrained individual countries 2000-2020, 1 km, not UN-adjusted; DOI 10.5258/SOTON/WP00670",zmb_ppp_2013_1km_Aggregated.tif,EXPOSURE ONLY - not a flood-occurrence predictor,2026-10-07T14:55:13+00:00
ZMB-D-0909,2013,104530.85061377287,19.329675230085005,5407.791355494656,11.554222106933594,"WorldPop, University of Southampton","The spatial distribution of population in 2013 Zambia — unconstrained individual countries 2000-2020, 1 km, not UN-adjusted; DOI 10.5258/SOTON/WP00670",zmb_ppp_2013_1km_Aggregated.tif,EXPOSURE ONLY - not a flood-occurrence predictor,2026-10-07T14:55:13+00:00
ZMB-D-0910,2013,169628.59202182293,44.33906693117565,3825.714065772408,124.08092498779297,"WorldPop, University of Southampton","The spatial distribution of population in 2013 Zambia — unconstrained individual countries 2000-2020, 1 km, not UN-adjusted; DOI 10.5258/SOTON/WP00670",zmb_ppp_2013_1km_Aggregated.tif,EXPOSURE ONLY - not a flood-occurrence predictor,2026-10-07T14:55:13+00:00
ZMB-D-1002,2013,72017.92003118992,6.535827879979372,11018.9437900891,1.256148099899292,"WorldPop, University of Southampton","The spatial distribution of population in 2013 Zambia — unconstrained individual countries 2000-2020, 1 km, not UN-adjusted; DOI 10.5258/SOTON/WP00670",zmb_ppp_2013_1km_Aggregated.tif,EXPOSURE ONLY - not a flood-occurrence predictor,2026-10-07T14:55:13+00:00
ZMB-D-0501,2013,1558171.1472206116,3611.534706054004,431.4429388172996,1675.8896484375,"WorldPop, University of Southampton","The spatial distribution of population in 2013 Zambia — unconstrained individual countries 2000-2020, 1 km, not UN-adjusted; DOI 10.5258/SOTON/WP00670",zmb_ppp_2013_1km_Aggregated.tif,EXPOSURE ONLY - not a flood-occurrence predictor,2026-10-07T14:55:13+00:00
ZMB-D-0101,2013,85223.14432350546,5.279453848306154,16142.416767379873,6.452694416046143,"WorldPop, University of Southampton","The spatial distribution of population in 2013 Zambia — unconstrained individual countries 2000-2020, 1 km, not UN-adjusted; DOI 10.5258/SOTON/WP00670",zmb_ppp_2013_1km_Aggregated.tif,EXPOSURE ONLY - not a flood-occurrence predictor,2026-10-07T14:55:13+00:00
ZMB-D-0502,2013,116646.92603314668,25.141627680313054,4639.593248152589,2.1779394149780273,"WorldPop, University of Southampton","The spatial distribution of population in 2013 Zambia — unconstrained individual countries 2000-2020, 1 km, not UN-adjusted; DOI 10.5258/SOTON/WP00670",zmb_ppp_2013_1km_Aggregated.tif,EXPOSURE ONLY - not a flood-occurrence predictor,2026-10-07T14:55:13+00:00
ZMB-D-0503,2013,25027.471749305725,6.630831766735744,3774.40909824596,1.6636624336242676,"WorldPop, University of Southampton","The spatial distribution of population in 2013 Zambia — unconstrained individual countries 2000-2020, 1 km, not UN-adjusted; DOI 10.5258/SOTON/WP00670",zmb_ppp_2013_1km_Aggregated.tif,EXPOSURE ONLY - not a flood-occurrence predictor,2026-10-07T14:55:13+00:00
ZMB-D-0504,2013,56726.53319430351,5.932615740690489,9561.808091703777,4.7236456871032715,"WorldPop, University of Southampton","The spatial distribution of population in 2013 Zambia — unconstrained individual countries 2000-2020, 1 km, not UN-adjusted; DOI 10.5258/SOTON/WP00670",zmb_ppp_2013_1km_Aggregated.tif,EXPOSURE ONLY - not a flood-occurrence predictor,2026-10-07T14:55:13+00:00
ZMB-D-1003,2013,142665.28036016226,23.554582589804777,6056.795097779089,10.432794570922852,"WorldPop, University of Southampton","The spatial distribution of population in 2013 Zambia — unconstrained individual countries 2000-2020, 1 km, not UN-adjusted; DOI 10.5258/SOTON/WP00670",zmb_ppp_2013_1km_Aggregated.tif,EXPOSURE ONLY - not a flood-occurrence predictor,2026-10-07T14:55:13+00:00
ZMB-D-0102,2013,582686.0147064924,65.29831923864056,8923.445832916408,28.221065521240234,"WorldPop, University of Southampton","The spatial distribution of population in 2013 Zambia — unconstrained individual countries 2000-2020, 1 km, not UN-adjusted; DOI 10.5258/SOTON/WP00670",zmb_ppp_2013_1km_Aggregated.tif,EXPOSURE ONLY - not a flood-occurrence predictor,2026-10-07T14:55:13+00:00
ZMB-D-0103,2013,209571.60959768295,135.6840546340078,1544.5559182542002,40.614646911621094,"WorldPop, University of Southampton","The spatial distribution of population in 2013 Zambia — unconstrained individual countries 2000-2020, 1 km, not UN-adjusted; DOI 10.5258/SOTON/WP00670",zmb_ppp_2013_1km_Aggregated.tif,EXPOSURE ONLY - not a flood-occurrence predictor,2026-10-07T14:55:13+00:00
ZMB-D-0104,2013,195049.22477948666,9.784279359235683,19934.96072813719,3.403414011001587,"WorldPop, University of Southampton","The spatial distribution of population in 2013 Zambia — unconstrained individual countries 2000-2020, 1 km, not UN-adjusted; DOI 10.5258/SOTON/WP00670",zmb_ppp_2013_1km_Aggregated.tif,EXPOSURE ONLY - not a flood-occurrence predictor,2026-10-07T14:55:13+00:00
ZMB-D-1004,2013,87059.46681070328,8.842795313267448,9845.242791052964,4.5199079513549805,"WorldPop, University of Southampton","The spatial distribution of population in 2013 Zambia — unconstrained individual countries 2000-2020, 1 km, not UN-adjusted; DOI 10.5258/SOTON/WP00670",zmb_ppp_2013_1km_Aggregated.tif,EXPOSURE ONLY - not a flood-occurrence predictor,2026-10-07T14:55:13+00:00
ZMB-D-1005,2013,100336.6531854868,10.975444582289459,9141.921535223746,4.167871475219727,"WorldPop, University of Southampton","The spatial distribution of population in 2013 Zambia — unconstrained individual countries 2000-2020, 1 km, not UN-adjusted; DOI 10.5258/SOTON/WP00670",zmb_ppp_2013_1km_Aggregated.tif,EXPOSURE ONLY - not a flood-occurrence predictor,2026-10-07T14:55:13+00:00
ZMB-D-0301,2013,75021.64092159271,49.800881518132556,1506.4319874393639,49.661659240722656,"WorldPop, University of Southampton","The spatial distribution of population in 2013 Zambia — unconstrained individual countries 2000-2020, 1 km, not UN-adjusted; DOI 10.5258/SOTON/WP00670",zmb_ppp_2013_1km_Aggregated.tif,EXPOSURE ONLY - not a flood-occurrence predictor,2026-10-07T14:55:13+00:00
ZMB-D-0302,2013,84399.46625721455,8.248062224968422,10232.641795756781,6.693060398101807,"WorldPop, University of Southampton","The spatial distribution of population in 2013 Zambia — unconstrained individual countries 2000-2020, 1 km, not UN-adjusted; DOI 10.5258/SOTON/WP00670",zmb_ppp_2013_1km_Aggregated.tif,EXPOSURE ONLY - not a flood-occurrence predictor,2026-10-07T14:55:13+00:00
ZMB-D-1006,2013,64958.31102323532,6.957590700590623,9336.322560296781,10.373564720153809,"WorldPop, University of Southampton","The spatial distribution of population in 2013 Zambia — unconstrained individual countries 2000-2020, 1 km, not UN-adjusted; DOI 10.5258/SOTON/WP00670",zmb_ppp_2013_1km_Aggregated.tif,EXPOSURE ONLY - not a flood-occurrence predictor,2026-10-07T14:55:13+00:00
ZMB-D-0303,2013,172288.69570732117,70.40939575381549,2446.956032824424,419.6482849121094,"WorldPop, University of Southampton","The spatial distribution of population in 2013 Zambia — unconstrained individual countries 2000-2020, 1 km, not UN-adjusted; DOI 10.5258/SOTON/WP00670",zmb_ppp_2013_1km_Aggregated.tif,EXPOSURE ONLY - not a flood-occurrence predictor,2026-10-07T14:55:13+00:00
ZMB-D-0105,2013,50431.161563932896,7.308098730245513,6900.722530638099,14.811666488647461,"WorldPop, University of Southampton","The spatial distribution of population in 2013 Zambia — unconstrained individual countries 2000-2020, 1 km, not UN-adjusted; DOI 10.5258/SOTON/WP00670",zmb_ppp_2013_1km_Aggregated.tif,EXPOSURE ONLY - not a flood-occurrence predictor,2026-10-07T14:55:13+00:00
ZMB-D-0304,2013,268397.4695904255,36.51752481582906,7349.826444811085,46.75033950805664,"WorldPop, University of Southampton","The spatial distribution of population in 2013 Zambia — unconstrained individual countries 2000-2020, 1 km, not UN-adjusted; DOI 10.5258/SOTON/WP00670",zmb_ppp_2013_1km_Aggregated.tif,EXPOSURE ONLY - not a flood-occurrence predictor,2026-10-07T14:55:13+00:00
ZMB-D-0106,2013,30412.944389268756,3.2796295503521993,9273.286486274863,1.3337876796722412,"WorldPop, University of Southampton","The spatial distribution of population in 2013 Zambia — unconstrained individual countries 2000-2020, 1 km, not UN-adjusted; DOI 10.5258/SOTON/WP00670",zmb_ppp_2013_1km_Aggregated.tif,EXPOSURE ONLY - not a flood-occurrence predictor,2026-10-07T14:55:13+00:00
ZMB-D-0201,2013,102104.87903159857,11.464915799467793,8905.8551163837,11.31944465637207,"WorldPop, University of Southampton","The spatial distribution of population in 2013 Zambia — unconstrained individual countries 2000-2020, 1 km, not UN-adjusted; DOI 10.5258/SOTON/WP00670",zmb_ppp_2013_1km_Aggregated.tif,EXPOSURE ONLY - not a flood-occurrence predictor,2026-10-07T14:55:13+00:00
ZMB-D-0305,2013,485113.56369638443,75.82915530855699,6397.4544055305,88.04472351074219,"WorldPop, University of Southampton","The spatial distribution of population in 2013 Zambia — unconstrained individual countries 2000-2020, 1 km, not UN-adjusted; DOI 10.5258/SOTON/WP00670",zmb_ppp_2013_1km_Aggregated.tif,EXPOSURE ONLY - not a flood-occurrence predictor,2026-10-07T14:55:13+00:00
ZMB-D-0701,2013,92513.36914944649,6.471882432421437,14294.66157883107,2.3341054916381836,"WorldPop, University of Southampton","The spatial distribution of population in 2013 Zambia — unconstrained individual countries 2000-2020, 1 km, not UN-adjusted; DOI 10.5258/SOTON/WP00670",zmb_ppp_2013_1km_Aggregated.tif,EXPOSURE ONLY - not a flood-occurrence predictor,2026-10-07T14:55:13+00:00
ZMB-D-0702,2013,35785.054534733295,7.808309127736346,4582.94541741683,1.8822648525238037,"WorldPop, University of Southampton","The spatial distribution of population in 2013 Zambia — unconstrained individual countries 2000-2020, 1 km, not UN-adjusted; DOI 10.5258/SOTON/WP00670",zmb_ppp_2013_1km_Aggregated.tif,EXPOSURE ONLY - not a flood-occurrence predictor,2026-10-07T14:55:13+00:00
ZMB-D-0703,2013,61598.64332604408,3.2414650909657636,19003.333862124473,2.4546492099761963,"WorldPop, University of Southampton","The spatial distribution of population in 2013 Zambia — unconstrained individual countries 2000-2020, 1 km, not UN-adjusted; DOI 10.5258/SOTON/WP00670",zmb_ppp_2013_1km_Aggregated.tif,EXPOSURE ONLY - not a flood-occurrence predictor,2026-10-07T14:55:13+00:00
ZMB-D-0306,2013,78805.10944736004,13.326063669151333,5913.60745407415,10.77905559539795,"WorldPop, University of Southampton","The spatial distribution of population in 2013 Zambia — unconstrained individual countries 2000-2020, 1 km, not UN-adjusted; DOI 10.5258/SOTON/WP00670",zmb_ppp_2013_1km_Aggregated.tif,EXPOSURE ONLY - not a flood-occurrence predictor,2026-10-07T14:55:13+00:00
ZMB-D-0704,2013,77125.13650643826,3.5389281920132225,21793.360114086794,2.5610833168029785,"WorldPop, University of Southampton","The spatial distribution of population in 2013 Zambia — unconstrained individual countries 2000-2020, 1 km, not UN-adjusted; DOI 10.5258/SOTON/WP00670",zmb_ppp_2013_1km_Aggregated.tif,EXPOSURE ONLY - not a flood-occurrence predictor,2026-10-07T14:55:13+00:00
ZMB-D-0202,2013,608908.9249601364,508.47434414239206,1197.521432447374,148.76361083984375,"WorldPop, University of Southampton","The spatial distribution of population in 2013 Zambia — unconstrained individual countries 2000-2020, 1 km, not UN-adjusted; DOI 10.5258/SOTON/WP00670",zmb_ppp_2013_1km_Aggregated.tif,EXPOSURE ONLY - not a flood-occurrence predictor,2026-10-07T14:55:13+00:00
ZMB-D-0203,2013,77242.08050584793,72.2170775009495,1069.5819213236975,16.057600021362305,"WorldPop, University of Southampton","The spatial distribution of population in 2013 Zambia — unconstrained individual countries 2000-2020, 1 km, not UN-adjusted; DOI 10.5258/SOTON/WP00670",zmb_ppp_2013_1km_Aggregated.tif,EXPOSURE ONLY - not a flood-occurrence predictor,2026-10-07T14:55:13+00:00
ZMB-D-0204,2013,142923.26425290108,191.52484353363076,746.2387730801331,792.5824584960938,"WorldPop, University of Southampton","The spatial distribution of population in 2013 Zambia — unconstrained individual countries 2000-2020, 1 km, not UN-adjusted; DOI 10.5258/SOTON/WP00670",zmb_ppp_2013_1km_Aggregated.tif,EXPOSURE ONLY - not a flood-occurrence predictor,2026-10-07T14:55:13+00:00
ZMB-D-0205,2013,80447.14048165083,7.421216322065664,10840.155709038638,11.07646656036377,"WorldPop, University of Southampton","The spatial distribution of population in 2013 Zambia — unconstrained individual countries 2000-2020, 1 km, not UN-adjusted; DOI 10.5258/SOTON/WP00670",zmb_ppp_2013_1km_Aggregated.tif,EXPOSURE ONLY - not a flood-occurrence predictor,2026-10-07T14:55:13+00:00
ZMB-D-0206,2013,230328.72829961777,147.9620022251632,1556.6748545961948,15.724820137023926,"WorldPop, University of Southampton","The spatial distribution of population in 2013 Zambia — unconstrained individual countries 2000-2020, 1 km, not UN-adjusted; DOI 10.5258/SOTON/WP00670",zmb_ppp_2013_1km_Aggregated.tif,EXPOSURE ONLY - not a flood-occurrence predictor,2026-10-07T14:55:13+00:00
ZMB-D-0207,2013,92214.3499250412,104.67799960356604,880.9334365795404,60.211734771728516,"WorldPop, University of Southampton","The spatial distribution of population in 2013 Zambia — unconstrained individual countries 2000-2020, 1 km, not UN-adjusted; DOI 10.5258/SOTON/WP00670",zmb_ppp_2013_1km_Aggregated.tif,EXPOSURE ONLY - not a flood-occurrence predictor,2026-10-07T14:55:13+00:00
ZMB-D-0107,2013,84728.31032754481,7.053148912708344,12012.83446247414,15.692422866821289,"WorldPop, University of Southampton","The spatial distribution of population in 2013 Zambia — unconstrained individual countries 2000-2020, 1 km, not UN-adjusted; DOI 10.5258/SOTON/WP00670",zmb_ppp_2013_1km_Aggregated.tif,EXPOSURE ONLY - not a flood-occurrence predictor,2026-10-07T14:55:13+00:00
ZMB-D-0307,2013,339408.2300366163,24.896869935690248,13632.56629902969,7.336146354675293,"WorldPop, University of Southampton","The spatial distribution of population in 2013 Zambia — unconstrained individual countries 2000-2020, 1 km, not UN-adjusted; DOI 10.5258/SOTON/WP00670",zmb_ppp_2013_1km_Aggregated.tif,EXPOSURE ONLY - not a flood-occurrence predictor,2026-10-07T14:55:13+00:00
ZMB-D-0705,2013,298223.6341969371,9.795485599831576,30445.00766782453,6.237874984741211,"WorldPop, University of Southampton","The spatial distribution of population in 2013 Zambia — unconstrained individual countries 2000-2020, 1 km, not UN-adjusted; DOI 10.5258/SOTON/WP00670",zmb_ppp_2013_1km_Aggregated.tif,EXPOSURE ONLY - not a flood-occurrence predictor,2026-10-07T14:55:13+00:00
ZMB-D-0401,2013,41032.7151889801,6.631917002287628,6187.157525467551,3.232966661453247,"WorldPop, University of Southampton","The spatial distribution of population in 2013 Zambia — unconstrained individual countries 2000-2020, 1 km, not UN-adjusted; DOI 10.5258/SOTON/WP00670",zmb_ppp_2013_1km_Aggregated.tif,EXPOSURE ONLY - not a flood-occurrence predictor,2026-10-07T14:55:13+00:00
ZMB-D-0601,2013,229138.64691431075,5.718011955620648,40073.13183196019,15.479939460754395,"WorldPop, University of Southampton","The spatial distribution of population in 2013 Zambia — unconstrained individual countries 2000-2020, 1 km, not UN-adjusted; DOI 10.5258/SOTON/WP00670",zmb_ppp_2013_1km_Aggregated.tif,EXPOSURE ONLY - not a flood-occurrence predictor,2026-10-07T14:55:13+00:00
ZMB-D-0706,2013,154007.37409496307,7.381304986331299,20864.51845305863,1.9416815042495728,"WorldPop, University of Southampton","The spatial distribution of population in 2013 Zambia — unconstrained individual countries 2000-2020, 1 km, not UN-adjusted; DOI 10.5258/SOTON/WP00670",zmb_ppp_2013_1km_Aggregated.tif,EXPOSURE ONLY - not a flood-occurrence predictor,2026-10-07T14:55:13+00:00
ZMB-D-0402,2013,178346.36736409366,28.48416807195463,6261.245436888592,0.0,"WorldPop, University of Southampton","The spatial distribution of population in 2013 Zambia — unconstrained individual countries 2000-2020, 1 km, not UN-adjusted; DOI 10.5258/SOTON/WP00670",zmb_ppp_2013_1km_Aggregated.tif,EXPOSURE ONLY - not a flood-occurrence predictor,2026-10-07T14:55:13+00:00
ZMB-D-0801,2013,93663.0296215713,18.154198551010197,5159.30402316545,18.70224380493164,"WorldPop, University of Southampton","The spatial distribution of population in 2013 Zambia — unconstrained individual countries 2000-2020, 1 km, not UN-adjusted; DOI 10.5258/SOTON/WP00670",zmb_ppp_2013_1km_Aggregated.tif,EXPOSURE ONLY - not a flood-occurrence predictor,2026-10-07T14:55:13+00:00
ZMB-D-0403,2013,259260.02418261766,34.28360876766391,7562.215108088334,20.600475311279297,"WorldPop, University of Southampton","The spatial distribution of population in 2013 Zambia — unconstrained individual countries 2000-2020, 1 km, not UN-adjusted; DOI 10.5258/SOTON/WP00670",zmb_ppp_2013_1km_Aggregated.tif,EXPOSURE ONLY - not a flood-occurrence predictor,2026-10-07T14:55:13+00:00
ZMB-D-0602,2013,113342.7352347672,6.4219991754774295,17649.135750058857,5.510403633117676,"WorldPop, University of Southampton","The spatial distribution of population in 2013 Zambia — unconstrained individual countries 2000-2020, 1 km, not UN-adjusted; DOI 10.5258/SOTON/WP00670",zmb_ppp_2013_1km_Aggregated.tif,EXPOSURE ONLY - not a flood-occurrence predictor,2026-10-07T14:55:13+00:00
ZMB-D-0802,2013,128619.61741518974,14.39247017642757,8936.590858867778,17.657609939575195,"WorldPop, University of Southampton","The spatial distribution of population in 2013 Zambia — unconstrained individual countries 2000-2020, 1 km, not UN-adjusted; DOI 10.5258/SOTON/WP00670",zmb_ppp_2013_1km_Aggregated.tif,EXPOSURE ONLY - not a flood-occurrence predictor,2026-10-07T14:55:13+00:00
ZMB-D-0404,2013,32032.539122223854,7.632201161870533,4197.025005348939,26.60255241394043,"WorldPop, University of Southampton","The spatial distribution of population in 2013 Zambia — unconstrained individual countries 2000-2020, 1 km, not UN-adjusted; DOI 10.5258/SOTON/WP00670",zmb_ppp_2013_1km_Aggregated.tif,EXPOSURE ONLY - not a flood-occurrence predictor,2026-10-07T14:55:13+00:00
ZMB-D-0603,2013,59263.81303330138,6.486025093135461,9137.154448573401,3.0593180656433105,"WorldPop, University of Southampton","The spatial distribution of population in 2013 Zambia — unconstrained individual countries 2000-2020, 1 km, not UN-adjusted; DOI 10.5258/SOTON/WP00670",zmb_ppp_2013_1km_Aggregated.tif,EXPOSURE ONLY - not a flood-occurrence predictor,2026-10-07T14:55:13+00:00
ZMB-D-0803,2013,268345.57202649117,25.28856361817919,10611.341002918236,4.38884162902832,"WorldPop, University of Southampton","The spatial distribution of population in 2013 Zambia — unconstrained individual countries 2000-2020, 1 km, not UN-adjusted; DOI 10.5258/SOTON/WP00670",zmb_ppp_2013_1km_Aggregated.tif,EXPOSURE ONLY - not a flood-occurrence predictor,2026-10-07T14:55:13+00:00
ZMB-D-0604,2013,83808.13682866096,15.86281449757467,5283.308131824572,2.601515293121338,"WorldPop, University of Southampton","The spatial distribution of population in 2013 Zambia — unconstrained individual countries 2000-2020, 1 km, not UN-adjusted; DOI 10.5258/SOTON/WP00670",zmb_ppp_2013_1km_Aggregated.tif,EXPOSURE ONLY - not a flood-occurrence predictor,2026-10-07T14:55:13+00:00
ZMB-D-0804,2013,157272.72659373283,16.19300026920736,9712.389549749032,6.891782760620117,"WorldPop, University of Southampton","The spatial distribution of population in 2013 Zambia — unconstrained individual countries 2000-2020, 1 km, not UN-adjusted; DOI 10.5258/SOTON/WP00670",zmb_ppp_2013_1km_Aggregated.tif,EXPOSURE ONLY - not a flood-occurrence predictor,2026-10-07T14:55:13+00:00
ZMB-D-0405,2013,96828.668253541,12.1202029013895,7989.0303026560905,20.233327865600586,"WorldPop, University of Southampton","The spatial distribution of population in 2013 Zambia — unconstrained individual countries 2000-2020, 1 km, not UN-adjusted; DOI 10.5258/SOTON/WP00670",zmb_ppp_2013_1km_Aggregated.tif,EXPOSURE ONLY - not a flood-occurrence predictor,2026-10-07T14:55:13+00:00
ZMB-D-0805,2013,108915.8369808197,9.068453545020299,12010.409100086084,3.255509853363037,"WorldPop, University of Southampton","The spatial distribution of population in 2013 Zambia — unconstrained individual countries 2000-2020, 1 km, not UN-adjusted; DOI 10.5258/SOTON/WP00670",zmb_ppp_2013_1km_Aggregated.tif,EXPOSURE ONLY - not a flood-occurrence predictor,2026-10-07T14:55:13+00:00
ZMB-D-0605,2013,141306.07442235947,32.52569319558804,4344.444669407599,49.921226501464844,"WorldPop, University of Southampton","The spatial distribution of population in 2013 Zambia — unconstrained individual countries 2000-2020, 1 km, not UN-adjusted; DOI 10.5258/SOTON/WP00670",zmb_ppp_2013_1km_Aggregated.tif,EXPOSURE ONLY - not a flood-occurrence predictor,2026-10-07T14:55:13+00:00
ZMB-D-0406,2013,169373.44392848015,40.150635604109716,4218.4498795616455,31.947786331176758,"WorldPop, University of Southampton","The spatial distribution of population in 2013 Zambia — unconstrained individual countries 2000-2020, 1 km, not UN-adjusted; DOI 10.5258/SOTON/WP00670",zmb_ppp_2013_1km_Aggregated.tif,EXPOSURE ONLY - not a flood-occurrence predictor,2026-10-07T14:55:13+00:00
ZMB-D-0806,2013,204527.30501508713,26.769049998964444,7640.439426240349,40.85232162475586,"WorldPop, University of Southampton","The spatial distribution of population in 2013 Zambia — unconstrained individual countries 2000-2020, 1 km, not UN-adjusted; DOI 10.5258/SOTON/WP00670",zmb_ppp_2013_1km_Aggregated.tif,EXPOSURE ONLY - not a flood-occurrence predictor,2026-10-07T14:55:13+00:00
ZMB-D-0807,2013,132389.13705103844,11.945207333693297,11083.033835470942,5.118521690368652,"WorldPop, University of Southampton","The spatial distribution of population in 2013 Zambia — unconstrained individual countries 2000-2020, 1 km, not UN-adjusted; DOI 10.5258/SOTON/WP00670",zmb_ppp_2013_1km_Aggregated.tif,EXPOSURE ONLY - not a flood-occurrence predictor,2026-10-07T14:55:13+00:00
ZMB-D-0808,2013,57071.96677684039,7.706871839998899,7405.33487019145,2.9042375087738037,"WorldPop, University of Southampton","The spatial distribution of population in 2013 Zambia — unconstrained individual countries 2000-2020, 1 km, not UN-adjusted; DOI 10.5258/SOTON/WP00670",zmb_ppp_2013_1km_Aggregated.tif,EXPOSURE ONLY - not a flood-occurrence predictor,2026-10-07T14:55:13+00:00
ZMB-D-0407,2013,114367.34774130583,29.403791320454616,3889.5442596120824,137.94625854492188,"WorldPop, University of Southampton","The spatial distribution of population in 2013 Zambia — unconstrained individual countries 2000-2020, 1 km, not UN-adjusted; DOI 10.5258/SOTON/WP00670",zmb_ppp_2013_1km_Aggregated.tif,EXPOSURE ONLY - not a flood-occurrence predictor,2026-10-07T14:55:13+00:00
ZMB-D-0208,2013,109459.97201395035,29.72503484312275,3682.4169455692077,9.938483238220215,"WorldPop, University of Southampton","The spatial distribution of population in 2013 Zambia — unconstrained individual countries 2000-2020, 1 km, not UN-adjusted; DOI 10.5258/SOTON/WP00670",zmb_ppp_2013_1km_Aggregated.tif,EXPOSURE ONLY - not a flood-occurrence predictor,2026-10-07T14:55:13+00:00
ZMB-D-0209,2013,156199.8755235672,197.01868680337753,792.8175649625202,86.68148040771484,"WorldPop, University of Southampton","The spatial distribution of population in 2013 Zambia — unconstrained individual countries 2000-2020, 1 km, not UN-adjusted; DOI 10.5258/SOTON/WP00670",zmb_ppp_2013_1km_Aggregated.tif,EXPOSURE ONLY - not a flood-occurrence predictor,2026-10-07T14:55:13+00:00
ZMB-D-0210,2013,504485.89604377747,463.79419255451836,1087.7365524245452,104.09539794921875,"WorldPop, University of Southampton","The spatial distribution of population in 2013 Zambia — unconstrained individual countries 2000-2020, 1 km, not UN-adjusted; DOI 10.5258/SOTON/WP00670",zmb_ppp_2013_1km_Aggregated.tif,EXPOSURE ONLY - not a flood-occurrence predictor,2026-10-07T14:55:13+00:00
ZMB-D-0707,2013,36164.17518568039,16.473591135808213,2195.2818233464145,33.02315139770508,"WorldPop, University of Southampton","The spatial distribution of population in 2013 Zambia — unconstrained individual countries 2000-2020, 1 km, not UN-adjusted; DOI 10.5258/SOTON/WP00670",zmb_ppp_2013_1km_Aggregated.tif,EXPOSURE ONLY - not a flood-occurrence predictor,2026-10-07T14:55:13+00:00
ZMB-D-0606,2013,76910.68192052841,18.86106504098337,4077.748618829771,15.172744750976562,"WorldPop, University of Southampton","The spatial distribution of population in 2013 Zambia — unconstrained individual countries 2000-2020, 1 km, not UN-adjusted; DOI 10.5258/SOTON/WP00670",zmb_ppp_2013_1km_Aggregated.tif,EXPOSURE ONLY - not a flood-occurrence predictor,2026-10-07T14:55:13+00:00
ZMB-D-0505,2013,40457.6508834362,22.803908786385293,1774.1542146314316,20.764877319335938,"WorldPop, University of Southampton","The spatial distribution of population in 2013 Zambia — unconstrained individual countries 2000-2020, 1 km, not UN-adjusted; DOI 10.5258/SOTON/WP00670",zmb_ppp_2013_1km_Aggregated.tif,EXPOSURE ONLY - not a flood-occurrence predictor,2026-10-07T14:55:13+00:00
ZMB-D-0408,2013,52713.45698618889,24.510188714756925,2150.675280376423,19.382753372192383,"WorldPop, University of Southampton","The spatial distribution of population in 2013 Zambia — unconstrained individual countries 2000-2020, 1 km, not UN-adjusted; DOI 10.5258/SOTON/WP00670",zmb_ppp_2013_1km_Aggregated.tif,EXPOSURE ONLY - not a flood-occurrence predictor,2026-10-07T14:55:13+00:00
ZMB-D-0607,2013,93713.68588900566,14.957256046846485,6265.433017626505,10.36487102508545,"WorldPop, University of Southampton","The spatial distribution of population in 2013 Zambia — unconstrained individual countries 2000-2020, 1 km, not UN-adjusted; DOI 10.5258/SOTON/WP00670",zmb_ppp_2013_1km_Aggregated.tif,EXPOSURE ONLY - not a flood-occurrence predictor,2026-10-07T14:55:13+00:00
ZMB-D-0108,2013,144973.87696230412,17.227911400429065,8415.0581920623,19.938629150390625,"WorldPop, University of Southampton","The spatial distribution of population in 2013 Zambia — unconstrained individual countries 2000-2020, 1 km, not UN-adjusted; DOI 10.5258/SOTON/WP00670",zmb_ppp_2013_1km_Aggregated.tif,EXPOSURE ONLY - not a flood-occurrence predictor,2026-10-07T14:55:13+00:00
ZMB-D-0506,2013,230538.43973731995,101.9937012982371,2260.3203609917887,37.2242546081543,"WorldPop, University of Southampton","The spatial distribution of population in 2013 Zambia — unconstrained individual countries 2000-2020, 1 km, not UN-adjusted; DOI 10.5258/SOTON/WP00670",zmb_ppp_2013_1km_Aggregated.tif,EXPOSURE ONLY - not a flood-occurrence predictor,2026-10-07T14:55:13+00:00
ZMB-D-0109,2013,114409.07904986292,21.70346667798543,5271.4656486611875,8.747190475463867,"WorldPop, University of Southampton","The spatial distribution of population in 2013 Zambia — unconstrained individual countries 2000-2020, 1 km, not UN-adjusted; DOI 10.5258/SOTON/WP00670",zmb_ppp_2013_1km_Aggregated.tif,EXPOSURE ONLY - not a flood-occurrence predictor,2026-10-07T14:55:13+00:00
ZMB-D-1007,2013,43064.60703980923,3.886788796854576,11079.739417449106,3.10963773727417,"WorldPop, University of Southampton","The spatial distribution of population in 2013 Zambia — unconstrained individual countries 2000-2020, 1 km, not UN-adjusted; DOI 10.5258/SOTON/WP00670",zmb_ppp_2013_1km_Aggregated.tif,EXPOSURE ONLY - not a flood-occurrence predictor,2026-10-07T14:55:13+00:00
ZMB-D-1008,2013,31530.923945710063,4.8816241077043525,6459.105258831141,1.6798474788665771,"WorldPop, University of Southampton","The spatial distribution of population in 2013 Zambia — unconstrained individual countries 2000-2020, 1 km, not UN-adjusted; DOI 10.5258/SOTON/WP00670",zmb_ppp_2013_1km_Aggregated.tif,EXPOSURE ONLY - not a flood-occurrence predictor,2026-10-07T14:55:13+00:00
ZMB-D-1009,2013,59581.4894503355,7.487849167516878,7957.08996233613,2.204667568206787,"WorldPop, University of Southampton","The spatial distribution of population in 2013 Zambia — unconstrained individual countries 2000-2020, 1 km, not UN-adjusted; DOI 10.5258/SOTON/WP00670",zmb_ppp_2013_1km_Aggregated.tif,EXPOSURE ONLY - not a flood-occurrence predictor,2026-10-07T14:55:13+00:00
ZMB-D-1010,2013,55051.97781145573,11.900301399102181,4626.099454557439,4.746625900268555,"WorldPop, University of Southampton","The spatial distribution of population in 2013 Zambia — unconstrained individual countries 2000-2020, 1 km, not UN-adjusted; DOI 10.5258/SOTON/WP00670",zmb_ppp_2013_1km_Aggregated.tif,EXPOSURE ONLY - not a flood-occurrence predictor,2026-10-07T14:55:13+00:00
ZMB-D-1011,2013,45639.30535387993,5.972421047127924,7641.6757950827,5.166468143463135,"WorldPop, University of Southampton","The spatial distribution of population in 2013 Zambia — unconstrained individual countries 2000-2020, 1 km, not UN-adjusted; DOI 10.5258/SOTON/WP00670",zmb_ppp_2013_1km_Aggregated.tif,EXPOSURE ONLY - not a flood-occurrence predictor,2026-10-07T14:55:13+00:00
ZMB-D-1012,2013,55238.82348680496,5.423986667891706,10184.17390547831,3.17307186126709,"WorldPop, University of Southampton","The spatial distribution of population in 2013 Zambia — unconstrained individual countries 2000-2020, 1 km, not UN-adjusted; DOI 10.5258/SOTON/WP00670",zmb_ppp_2013_1km_Aggregated.tif,EXPOSURE ONLY - not a flood-occurrence predictor,2026-10-07T14:55:13+00:00
ZMB-D-1013,2013,44036.80015325546,11.587726516736403,3800.2968131541734,36.805484771728516,"WorldPop, University of Southampton","The spatial distribution of population in 2013 Zambia — unconstrained individual countries 2000-2020, 1 km, not UN-adjusted; DOI 10.5258/SOTON/WP00670",zmb_ppp_2013_1km_Aggregated.tif,EXPOSURE ONLY - not a flood-occurrence predictor,2026-10-07T14:55:13+00:00
ZMB-D-0809,2013,74539.79357813299,14.707085310044036,5068.291371589916,11.500123023986816,"WorldPop, University of Southampton","The spatial distribution of population in 2013 Zambia — unconstrained individual countries 2000-2020, 1 km, not UN-adjusted; DOI 10.5258/SOTON/WP00670",zmb_ppp_2013_1km_Aggregated.tif,EXPOSURE ONLY - not a flood-occurrence predictor,2026-10-07T14:55:13+00:00
ZMB-D-0409,2013,26957.029678925872,7.277355153946782,3704.234451757665,4.580906867980957,"WorldPop, University of Southampton","The spatial distribution of population in 2013 Zambia — unconstrained individual countries 2000-2020, 1 km, not UN-adjusted; DOI 10.5258/SOTON/WP00670",zmb_ppp_2013_1km_Aggregated.tif,EXPOSURE ONLY - not a flood-occurrence predictor,2026-10-07T14:55:13+00:00
ZMB-D-0911,2013,89387.62944030762,17.030071517400813,5248.811160245219,7.974246501922607,"WorldPop, University of Southampton","The spatial distribution of population in 2013 Zambia — unconstrained individual countries 2000-2020, 1 km, not UN-adjusted; DOI 10.5258/SOTON/WP00670",zmb_ppp_2013_1km_Aggregated.tif,EXPOSURE ONLY - not a flood-occurrence predictor,2026-10-07T14:55:13+00:00
ZMB-D-0308,2013,174881.10518455505,67.53467793301871,2589.5008392281543,343.9588623046875,"WorldPop, University of Southampton","The spatial distribution of population in 2013 Zambia — unconstrained individual countries 2000-2020, 1 km, not UN-adjusted; DOI 10.5258/SOTON/WP00670",zmb_ppp_2013_1km_Aggregated.tif,EXPOSURE ONLY - not a flood-occurrence predictor,2026-10-07T14:55:13+00:00
ZMB-D-0110,2013,215901.84118245542,23.175549709508388,9315.931828528577,21.102100372314453,"WorldPop, University of Southampton","The spatial distribution of population in 2013 Zambia — unconstrained individual countries 2000-2020, 1 km, not UN-adjusted; DOI 10.5258/SOTON/WP00670",zmb_ppp_2013_1km_Aggregated.tif,EXPOSURE ONLY - not a flood-occurrence predictor,2026-10-07T14:55:13+00:00
ZMB-D-0507,2013,185999.2461128235,139.24860362244067,1335.735090149577,43.1641960144043,"WorldPop, University of Southampton","The spatial distribution of population in 2013 Zambia — unconstrained individual countries 2000-2020, 1 km, not UN-adjusted; DOI 10.5258/SOTON/WP00670",zmb_ppp_2013_1km_Aggregated.tif,EXPOSURE ONLY - not a flood-occurrence predictor,2026-10-07T14:55:13+00:00
ZMB-D-0309,2013,34845.41335821152,37.851155335345624,920.5904826284833,25.044212341308594,"WorldPop, University of Southampton","The spatial distribution of population in 2013 Zambia — unconstrained individual countries 2000-2020, 1 km, not UN-adjusted; DOI 10.5258/SOTON/WP00670",zmb_ppp_2013_1km_Aggregated.tif,EXPOSURE ONLY - not a flood-occurrence predictor,2026-10-07T14:55:13+00:00
ZMB-D-1014,2013,51494.18718457222,13.187855539392206,3904.667216801,5.37888240814209,"WorldPop, University of Southampton","The spatial distribution of population in 2013 Zambia — unconstrained individual countries 2000-2020, 1 km, not UN-adjusted; DOI 10.5258/SOTON/WP00670",zmb_ppp_2013_1km_Aggregated.tif,EXPOSURE ONLY - not a flood-occurrence predictor,2026-10-07T14:55:13+00:00
ZMB-D-1015,2013,31832.055362343788,5.005896798743702,6358.911628048839,2.663019895553589,"WorldPop, University of Southampton","The spatial distribution of population in 2013 Zambia — unconstrained individual countries 2000-2020, 1 km, not UN-adjusted; DOI 10.5258/SOTON/WP00670",zmb_ppp_2013_1km_Aggregated.tif,EXPOSURE ONLY - not a flood-occurrence predictor,2026-10-07T14:55:13+00:00
ZMB-D-0111,2013,93639.5223776102,8.084258305842301,11582.945377925289,13.7241792678833,"WorldPop, University of Southampton","The spatial distribution of population in 2013 Zambia — unconstrained individual countries 2000-2020, 1 km, not UN-adjusted; DOI 10.5258/SOTON/WP00670",zmb_ppp_2013_1km_Aggregated.tif,EXPOSURE ONLY - not a flood-occurrence predictor,2026-10-07T14:55:13+00:00
ZMB-D-0708,2013,49137.1799479723,6.9758205785559975,7043.928294116726,4.958047866821289,"WorldPop, University of Southampton","The spatial distribution of population in 2013 Zambia — unconstrained individual countries 2000-2020, 1 km, not UN-adjusted; DOI 10.5258/SOTON/WP00670",zmb_ppp_2013_1km_Aggregated.tif,EXPOSURE ONLY - not a flood-occurrence predictor,2026-10-07T14:55:13+00:00
ZMB-D-0709,2013,55373.9207829833,7.461264303441276,7421.51980294329,3.70900297164917,"WorldPop, University of Southampton","The spatial distribution of population in 2013 Zambia — unconstrained individual countries 2000-2020, 1 km, not UN-adjusted; DOI 10.5258/SOTON/WP00670",zmb_ppp_2013_1km_Aggregated.tif,EXPOSURE ONLY - not a flood-occurrence predictor,2026-10-07T14:55:13+00:00
ZMB-D-0410,2013,88258.66409015656,36.301478276968005,2431.269146032368,15.601163864135742,"WorldPop, University of Southampton","The spatial distribution of population in 2013 Zambia — unconstrained individual countries 2000-2020, 1 km, not UN-adjusted; DOI 10.5258/SOTON/WP00670",zmb_ppp_2013_1km_Aggregated.tif,EXPOSURE ONLY - not a flood-occurrence predictor,2026-10-07T14:55:13+00:00
ZMB-D-0411,2013,53714.53731405735,45.1958169102672,1188.4847091203908,34.51877212524414,"WorldPop, University of Southampton","The spatial distribution of population in 2013 Zambia — unconstrained individual countries 2000-2020, 1 km, not UN-adjusted; DOI 10.5258/SOTON/WP00670",zmb_ppp_2013_1km_Aggregated.tif,EXPOSURE ONLY - not a flood-occurrence predictor,2026-10-07T14:55:13+00:00
ZMB-D-0912,2013,49930.68991065025,26.30310385551582,1898.281289726181,8.661832809448242,"WorldPop, University of Southampton","The spatial distribution of population in 2013 Zambia — unconstrained individual countries 2000-2020, 1 km, not UN-adjusted; DOI 10.5258/SOTON/WP00670",zmb_ppp_2013_1km_Aggregated.tif,EXPOSURE ONLY - not a flood-occurrence predictor,2026-10-07T14:55:13+00:00
ZMB-D-0508,2013,58109.17596971989,35.539448204906414,1635.0612883656872,19.403667449951172,"WorldPop, University of Southampton","The spatial distribution of population in 2013 Zambia — unconstrained individual countries 2000-2020, 1 km, not UN-adjusted; DOI 10.5258/SOTON/WP00670",zmb_ppp_2013_1km_Aggregated.tif,EXPOSURE ONLY - not a flood-occurrence predictor,2026-10-07T14:55:13+00:00
ZMB-D-0901,2014,160421.69577264786,190.69598183449162,841.2431883954464,126.37841796875,"WorldPop, University of Southampton","The spatial distribution of population in 2014 Zambia — unconstrained individual countries 2000-2020, 1 km, not UN-adjusted; DOI 10.5258/SOTON/WP00670",zmb_ppp_2014_1km_Aggregated.tif,EXPOSURE ONLY - not a flood-occurrence predictor,2026-10-07T14:55:13+00:00
ZMB-D-0902,2014,114137.30553990602,22.508796841023003,5070.7866060564875,31.105255126953125,"WorldPop, University of Southampton","The spatial distribution of population in 2014 Zambia — unconstrained individual countries 2000-2020, 1 km, not UN-adjusted; DOI 10.5258/SOTON/WP00670",zmb_ppp_2014_1km_Aggregated.tif,EXPOSURE ONLY - not a flood-occurrence predictor,2026-10-07T14:55:13+00:00
ZMB-D-0903,2014,62041.11686381698,16.09012007981193,3855.8517000540714,10.118456840515137,"WorldPop, University of Southampton","The spatial distribution of population in 2014 Zambia — unconstrained individual countries 2000-2020, 1 km, not UN-adjusted; DOI 10.5258/SOTON/WP00670",zmb_ppp_2014_1km_Aggregated.tif,EXPOSURE ONLY - not a flood-occurrence predictor,2026-10-07T14:55:13+00:00
ZMB-D-0904,2014,199608.67082309723,24.700994974567084,8080.997183660843,8.105134963989258,"WorldPop, University of Southampton","The spatial distribution of population in 2014 Zambia — unconstrained individual countries 2000-2020, 1 km, not UN-adjusted; DOI 10.5258/SOTON/WP00670",zmb_ppp_2014_1km_Aggregated.tif,EXPOSURE ONLY - not a flood-occurrence predictor,2026-10-07T14:55:13+00:00
ZMB-D-0905,2014,223695.28167557716,43.39909496568669,5154.376648924151,106.76864624023438,"WorldPop, University of Southampton","The spatial distribution of population in 2014 Zambia — unconstrained individual countries 2000-2020, 1 km, not UN-adjusted; DOI 10.5258/SOTON/WP00670",zmb_ppp_2014_1km_Aggregated.tif,EXPOSURE ONLY - not a flood-occurrence predictor,2026-10-07T14:55:13+00:00
ZMB-D-0906,2014,126834.14155995846,6.935980439034536,18286.404160853333,1.5564143657684326,"WorldPop, University of Southampton","The spatial distribution of population in 2014 Zambia — unconstrained individual countries 2000-2020, 1 km, not UN-adjusted; DOI 10.5258/SOTON/WP00670",zmb_ppp_2014_1km_Aggregated.tif,EXPOSURE ONLY - not a flood-occurrence predictor,2026-10-07T14:55:13+00:00
ZMB-D-0907,2014,52047.292137913406,25.390978920643054,2049.8340099679485,10.120274543762207,"WorldPop, University of Southampton","The spatial distribution of population in 2014 Zambia — unconstrained individual countries 2000-2020, 1 km, not UN-adjusted; DOI 10.5258/SOTON/WP00670",zmb_ppp_2014_1km_Aggregated.tif,EXPOSURE ONLY - not a flood-occurrence predictor,2026-10-07T14:55:13+00:00
ZMB-D-1001,2014,39408.31064224243,4.756822358982424,8284.587413239587,3.2463033199310303,"WorldPop, University of Southampton","The spatial distribution of population in 2014 Zambia — unconstrained individual countries 2000-2020, 1 km, not UN-adjusted; DOI 10.5258/SOTON/WP00670",zmb_ppp_2014_1km_Aggregated.tif,EXPOSURE ONLY - not a flood-occurrence predictor,2026-10-07T14:55:13+00:00
ZMB-D-0908,2014,208072.09639161825,42.459923777846114,4900.434995603594,14.110770225524902,"WorldPop, University of Southampton","The spatial distribution of population in 2014 Zambia — unconstrained individual countries 2000-2020, 1 km, not UN-adjusted; DOI 10.5258/SOTON/WP00670",zmb_ppp_2014_1km_Aggregated.tif,EXPOSURE ONLY - not a flood-occurrence predictor,2026-10-07T14:55:13+00:00
ZMB-D-0909,2014,106845.5121923089,19.757698692229894,5407.791355494656,11.322025299072266,"WorldPop, University of Southampton","The spatial distribution of population in 2014 Zambia — unconstrained individual countries 2000-2020, 1 km, not UN-adjusted; DOI 10.5258/SOTON/WP00670",zmb_ppp_2014_1km_Aggregated.tif,EXPOSURE ONLY - not a flood-occurrence predictor,2026-10-07T14:55:13+00:00
ZMB-D-0910,2014,172416.94863319397,45.06791298799879,3825.714065772408,130.24020385742188,"WorldPop, University of Southampton","The spatial distribution of population in 2014 Zambia — unconstrained individual countries 2000-2020, 1 km, not UN-adjusted; DOI 10.5258/SOTON/WP00670",zmb_ppp_2014_1km_Aggregated.tif,EXPOSURE ONLY - not a flood-occurrence predictor,2026-10-07T14:55:13+00:00
ZMB-D-1002,2014,71771.25801581144,6.513442611474751,11018.9437900891,1.3427602052688599,"WorldPop, University of Southampton","The spatial distribution of population in 2014 Zambia — unconstrained individual countries 2000-2020, 1 km, not UN-adjusted; DOI 10.5258/SOTON/WP00670",zmb_ppp_2014_1km_Aggregated.tif,EXPOSURE ONLY - not a flood-occurrence predictor,2026-10-07T14:55:13+00:00
ZMB-D-0501,2014,1641305.982120514,3804.224926289841,431.4429388172996,1754.402099609375,"WorldPop, University of Southampton","The spatial distribution of population in 2014 Zambia — unconstrained individual countries 2000-2020, 1 km, not UN-adjusted; DOI 10.5258/SOTON/WP00670",zmb_ppp_2014_1km_Aggregated.tif,EXPOSURE ONLY - not a flood-occurrence predictor,2026-10-07T14:55:13+00:00
ZMB-D-0101,2014,89079.51384278387,5.518350512594444,16142.416767379873,6.378320693969727,"WorldPop, University of Southampton","The spatial distribution of population in 2014 Zambia — unconstrained individual countries 2000-2020, 1 km, not UN-adjusted; DOI 10.5258/SOTON/WP00670",zmb_ppp_2014_1km_Aggregated.tif,EXPOSURE ONLY - not a flood-occurrence predictor,2026-10-07T14:55:13+00:00
ZMB-D-0502,2014,121927.39555516839,26.279759675854756,4639.593248152589,3.6136083602905273,"WorldPop, University of Southampton","The spatial distribution of population in 2014 Zambia — unconstrained individual countries 2000-2020, 1 km, not UN-adjusted; DOI 10.5258/SOTON/WP00670",zmb_ppp_2014_1km_Aggregated.tif,EXPOSURE ONLY - not a flood-occurrence predictor,2026-10-07T14:55:13+00:00
ZMB-D-0503,2014,25519.01039290428,6.761061063773784,3774.40909824596,1.6679961681365967,"WorldPop, University of Southampton","The spatial distribution of population in 2014 Zambia — unconstrained individual countries 2000-2020, 1 km, not UN-adjusted; DOI 10.5258/SOTON/WP00670",zmb_ppp_2014_1km_Aggregated.tif,EXPOSURE ONLY - not a flood-occurrence predictor,2026-10-07T14:55:13+00:00
ZMB-D-0504,2014,58556.75432407856,6.124025264100922,9561.808091703777,4.487302780151367,"WorldPop, University of Southampton","The spatial distribution of population in 2014 Zambia — unconstrained individual countries 2000-2020, 1 km, not UN-adjusted; DOI 10.5258/SOTON/WP00670",zmb_ppp_2014_1km_Aggregated.tif,EXPOSURE ONLY - not a flood-occurrence predictor,2026-10-07T14:55:13+00:00
ZMB-D-1003,2014,145771.32841438055,24.067402984762044,6056.795097779089,12.6958646774292,"WorldPop, University of Southampton","The spatial distribution of population in 2014 Zambia — unconstrained individual countries 2000-2020, 1 km, not UN-adjusted; DOI 10.5258/SOTON/WP00670",zmb_ppp_2014_1km_Aggregated.tif,EXPOSURE ONLY - not a flood-occurrence predictor,2026-10-07T14:55:13+00:00
ZMB-D-0102,2014,601497.2451670021,67.40638722187632,8923.445832916408,25.384716033935547,"WorldPop, University of Southampton","The spatial distribution of population in 2014 Zambia — unconstrained individual countries 2000-2020, 1 km, not UN-adjusted; DOI 10.5258/SOTON/WP00670",zmb_ppp_2014_1km_Aggregated.tif,EXPOSURE ONLY - not a flood-occurrence predictor,2026-10-07T14:55:13+00:00
ZMB-D-0103,2014,212790.69281482697,137.76820269177608,1544.5559182542002,44.235599517822266,"WorldPop, University of Southampton","The spatial distribution of population in 2014 Zambia — unconstrained individual countries 2000-2020, 1 km, not UN-adjusted; DOI 10.5258/SOTON/WP00670",zmb_ppp_2014_1km_Aggregated.tif,EXPOSURE ONLY - not a flood-occurrence predictor,2026-10-07T14:55:13+00:00
ZMB-D-0104,2014,202193.56014108658,10.142661573228011,19934.96072813719,7.289556503295898,"WorldPop, University of Southampton","The spatial distribution of population in 2014 Zambia — unconstrained individual countries 2000-2020, 1 km, not UN-adjusted; DOI 10.5258/SOTON/WP00670",zmb_ppp_2014_1km_Aggregated.tif,EXPOSURE ONLY - not a flood-occurrence predictor,2026-10-07T14:55:13+00:00
ZMB-D-1004,2014,87048.03512215614,8.841634174960374,9845.242791052964,6.114577770233154,"WorldPop, University of Southampton","The spatial distribution of population in 2014 Zambia — unconstrained individual countries 2000-2020, 1 km, not UN-adjusted; DOI 10.5258/SOTON/WP00670",zmb_ppp_2014_1km_Aggregated.tif,EXPOSURE ONLY - not a flood-occurrence predictor,2026-10-07T14:55:13+00:00
ZMB-D-1005,2014,102459.07930493355,11.20760869694184,9141.921535223746,4.195857524871826,"WorldPop, University of Southampton","The spatial distribution of population in 2014 Zambia — unconstrained individual countries 2000-2020, 1 km, not UN-adjusted; DOI 10.5258/SOTON/WP00670",zmb_ppp_2014_1km_Aggregated.tif,EXPOSURE ONLY - not a flood-occurrence predictor,2026-10-07T14:55:13+00:00
ZMB-D-0301,2014,76611.66377258301,50.85637082282597,1506.4319874393639,58.02637481689453,"WorldPop, University of Southampton","The spatial distribution of population in 2014 Zambia — unconstrained individual countries 2000-2020, 1 km, not UN-adjusted; DOI 10.5258/SOTON/WP00670",zmb_ppp_2014_1km_Aggregated.tif,EXPOSURE ONLY - not a flood-occurrence predictor,2026-10-07T14:55:13+00:00
ZMB-D-0302,2014,85964.84150099754,8.401040827662413,10232.641795756781,5.516655445098877,"WorldPop, University of Southampton","The spatial distribution of population in 2014 Zambia — unconstrained individual countries 2000-2020, 1 km, not UN-adjusted; DOI 10.5258/SOTON/WP00670",zmb_ppp_2014_1km_Aggregated.tif,EXPOSURE ONLY - not a flood-occurrence predictor,2026-10-07T14:55:13+00:00
ZMB-D-1006,2014,67433.18043750525,7.222670382476769,9336.322560296781,9.612512588500977,"WorldPop, University of Southampton","The spatial distribution of population in 2014 Zambia — unconstrained individual countries 2000-2020, 1 km, not UN-adjusted; DOI 10.5258/SOTON/WP00670",zmb_ppp_2014_1km_Aggregated.tif,EXPOSURE ONLY - not a flood-occurrence predictor,2026-10-07T14:55:13+00:00
ZMB-D-0303,2014,177015.62915325165,72.34115643219366,2446.956032824424,467.0256042480469,"WorldPop, University of Southampton","The spatial distribution of population in 2014 Zambia — unconstrained individual countries 2000-2020, 1 km, not UN-adjusted; DOI 10.5258/SOTON/WP00670",zmb_ppp_2014_1km_Aggregated.tif,EXPOSURE ONLY - not a flood-occurrence predictor,2026-10-07T14:55:13+00:00
ZMB-D-0105,2014,53110.551923930645,7.696375515480927,6900.722530638099,13.212721824645996,"WorldPop, University of Southampton","The spatial distribution of population in 2014 Zambia — unconstrained individual countries 2000-2020, 1 km, not UN-adjusted; DOI 10.5258/SOTON/WP00670",zmb_ppp_2014_1km_Aggregated.tif,EXPOSURE ONLY - not a flood-occurrence predictor,2026-10-07T14:55:13+00:00
ZMB-D-0304,2014,283198.510758996,38.53131946522788,7349.826444811085,48.501747131347656,"WorldPop, University of Southampton","The spatial distribution of population in 2014 Zambia — unconstrained individual countries 2000-2020, 1 km, not UN-adjusted; DOI 10.5258/SOTON/WP00670",zmb_ppp_2014_1km_Aggregated.tif,EXPOSURE ONLY - not a flood-occurrence predictor,2026-10-07T14:55:13+00:00
ZMB-D-0106,2014,31914.64726190269,3.4415681332760166,9273.286486274863,1.6144119501113892,"WorldPop, University of Southampton","The spatial distribution of population in 2014 Zambia — unconstrained individual countries 2000-2020, 1 km, not UN-adjusted; DOI 10.5258/SOTON/WP00670",zmb_ppp_2014_1km_Aggregated.tif,EXPOSURE ONLY - not a flood-occurrence predictor,2026-10-07T14:55:13+00:00
ZMB-D-0201,2014,106542.48010754585,11.963194854983039,8905.8551163837,14.657065391540527,"WorldPop, University of Southampton","The spatial distribution of population in 2014 Zambia — unconstrained individual countries 2000-2020, 1 km, not UN-adjusted; DOI 10.5258/SOTON/WP00670",zmb_ppp_2014_1km_Aggregated.tif,EXPOSURE ONLY - not a flood-occurrence predictor,2026-10-07T14:55:13+00:00
ZMB-D-0305,2014,495972.9101524353,77.52660335080692,6397.4544055305,93.63983154296875,"WorldPop, University of Southampton","The spatial distribution of population in 2014 Zambia — unconstrained individual countries 2000-2020, 1 km, not UN-adjusted; DOI 10.5258/SOTON/WP00670",zmb_ppp_2014_1km_Aggregated.tif,EXPOSURE ONLY - not a flood-occurrence predictor,2026-10-07T14:55:13+00:00
ZMB-D-0701,2014,96343.96196341515,6.73985609467598,14294.66157883107,2.6595964431762695,"WorldPop, University of Southampton","The spatial distribution of population in 2014 Zambia — unconstrained individual countries 2000-2020, 1 km, not UN-adjusted; DOI 10.5258/SOTON/WP00670",zmb_ppp_2014_1km_Aggregated.tif,EXPOSURE ONLY - not a flood-occurrence predictor,2026-10-07T14:55:13+00:00
ZMB-D-0702,2014,36201.01612114906,7.899072064784421,4582.94541741683,2.1625311374664307,"WorldPop, University of Southampton","The spatial distribution of population in 2014 Zambia — unconstrained individual countries 2000-2020, 1 km, not UN-adjusted; DOI 10.5258/SOTON/WP00670",zmb_ppp_2014_1km_Aggregated.tif,EXPOSURE ONLY - not a flood-occurrence predictor,2026-10-07T14:55:13+00:00
ZMB-D-0703,2014,63237.99457728863,3.3277315988921403,19003.333862124473,2.8610525131225586,"WorldPop, University of Southampton","The spatial distribution of population in 2014 Zambia — unconstrained individual countries 2000-2020, 1 km, not UN-adjusted; DOI 10.5258/SOTON/WP00670",zmb_ppp_2014_1km_Aggregated.tif,EXPOSURE ONLY - not a flood-occurrence predictor,2026-10-07T14:55:13+00:00
ZMB-D-0306,2014,81841.71913921833,13.839558978983952,5913.60745407415,9.805646896362305,"WorldPop, University of Southampton","The spatial distribution of population in 2014 Zambia — unconstrained individual countries 2000-2020, 1 km, not UN-adjusted; DOI 10.5258/SOTON/WP00670",zmb_ppp_2014_1km_Aggregated.tif,EXPOSURE ONLY - not a flood-occurrence predictor,2026-10-07T14:55:13+00:00
ZMB-D-0704,2014,79451.67886507511,3.6456828340903304,21793.360114086794,2.8673393726348877,"WorldPop, University of Southampton","The spatial distribution of population in 2014 Zambia — unconstrained individual countries 2000-2020, 1 km, not UN-adjusted; DOI 10.5258/SOTON/WP00670",zmb_ppp_2014_1km_Aggregated.tif,EXPOSURE ONLY - not a flood-occurrence predictor,2026-10-07T14:55:13+00:00
ZMB-D-0202,2014,627116.1657848358,523.6784484960731,1197.521432447374,144.80914306640625,"WorldPop, University of Southampton","The spatial distribution of population in 2014 Zambia — unconstrained individual countries 2000-2020, 1 km, not UN-adjusted; DOI 10.5258/SOTON/WP00670",zmb_ppp_2014_1km_Aggregated.tif,EXPOSURE ONLY - not a flood-occurrence predictor,2026-10-07T14:55:13+00:00
ZMB-D-0203,2014,79019.62731409073,73.87898555381088,1069.5819213236975,13.87472915649414,"WorldPop, University of Southampton","The spatial distribution of population in 2014 Zambia — unconstrained individual countries 2000-2020, 1 km, not UN-adjusted; DOI 10.5258/SOTON/WP00670",zmb_ppp_2014_1km_Aggregated.tif,EXPOSURE ONLY - not a flood-occurrence predictor,2026-10-07T14:55:13+00:00
ZMB-D-0204,2014,145877.6261332035,195.48384698785785,746.2387730801331,750.8098754882812,"WorldPop, University of Southampton","The spatial distribution of population in 2014 Zambia — unconstrained individual countries 2000-2020, 1 km, not UN-adjusted; DOI 10.5258/SOTON/WP00670",zmb_ppp_2014_1km_Aggregated.tif,EXPOSURE ONLY - not a flood-occurrence predictor,2026-10-07T14:55:13+00:00
ZMB-D-0205,2014,81519.36766839027,7.520128848372404,10840.155709038638,8.743424415588379,"WorldPop, University of Southampton","The spatial distribution of population in 2014 Zambia — unconstrained individual countries 2000-2020, 1 km, not UN-adjusted; DOI 10.5258/SOTON/WP00670",zmb_ppp_2014_1km_Aggregated.tif,EXPOSURE ONLY - not a flood-occurrence predictor,2026-10-07T14:55:13+00:00
ZMB-D-0206,2014,236173.42907476425,151.71660824188504,1556.6748545961948,16.66786766052246,"WorldPop, University of Southampton","The spatial distribution of population in 2014 Zambia — unconstrained individual countries 2000-2020, 1 km, not UN-adjusted; DOI 10.5258/SOTON/WP00670",zmb_ppp_2014_1km_Aggregated.tif,EXPOSURE ONLY - not a flood-occurrence predictor,2026-10-07T14:55:13+00:00
ZMB-D-0207,2014,94752.54283046722,107.55925350996927,880.9334365795404,63.00997543334961,"WorldPop, University of Southampton","The spatial distribution of population in 2014 Zambia — unconstrained individual countries 2000-2020, 1 km, not UN-adjusted; DOI 10.5258/SOTON/WP00670",zmb_ppp_2014_1km_Aggregated.tif,EXPOSURE ONLY - not a flood-occurrence predictor,2026-10-07T14:55:13+00:00
ZMB-D-0107,2014,86456.548548989,7.197014894283541,12012.83446247414,15.52392864227295,"WorldPop, University of Southampton","The spatial distribution of population in 2014 Zambia — unconstrained individual countries 2000-2020, 1 km, not UN-adjusted; DOI 10.5258/SOTON/WP00670",zmb_ppp_2014_1km_Aggregated.tif,EXPOSURE ONLY - not a flood-occurrence predictor,2026-10-07T14:55:13+00:00
ZMB-D-0307,2014,350765.42330139875,25.729962767638607,13632.56629902969,8.02636432647705,"WorldPop, University of Southampton","The spatial distribution of population in 2014 Zambia — unconstrained individual countries 2000-2020, 1 km, not UN-adjusted; DOI 10.5258/SOTON/WP00670",zmb_ppp_2014_1km_Aggregated.tif,EXPOSURE ONLY - not a flood-occurrence predictor,2026-10-07T14:55:13+00:00
ZMB-D-0705,2014,310391.50926445425,10.195152934465774,30445.00766782453,7.6622161865234375,"WorldPop, University of Southampton","The spatial distribution of population in 2014 Zambia — unconstrained individual countries 2000-2020, 1 km, not UN-adjusted; DOI 10.5258/SOTON/WP00670",zmb_ppp_2014_1km_Aggregated.tif,EXPOSURE ONLY - not a flood-occurrence predictor,2026-10-07T14:55:13+00:00
ZMB-D-0401,2014,39208.27755022049,6.337042072847111,6187.157525467551,2.7160775661468506,"WorldPop, University of Southampton","The spatial distribution of population in 2014 Zambia — unconstrained individual countries 2000-2020, 1 km, not UN-adjusted; DOI 10.5258/SOTON/WP00670",zmb_ppp_2014_1km_Aggregated.tif,EXPOSURE ONLY - not a flood-occurrence predictor,2026-10-07T14:55:13+00:00
ZMB-D-0601,2014,238056.58428942412,5.940553518194525,40073.13183196019,15.571860313415527,"WorldPop, University of Southampton","The spatial distribution of population in 2014 Zambia — unconstrained individual countries 2000-2020, 1 km, not UN-adjusted; DOI 10.5258/SOTON/WP00670",zmb_ppp_2014_1km_Aggregated.tif,EXPOSURE ONLY - not a flood-occurrence predictor,2026-10-07T14:55:13+00:00
ZMB-D-0706,2014,160396.86550962925,7.687542172156669,20864.51845305863,2.0642249584198,"WorldPop, University of Southampton","The spatial distribution of population in 2014 Zambia — unconstrained individual countries 2000-2020, 1 km, not UN-adjusted; DOI 10.5258/SOTON/WP00670",zmb_ppp_2014_1km_Aggregated.tif,EXPOSURE ONLY - not a flood-occurrence predictor,2026-10-07T14:55:13+00:00
ZMB-D-0402,2014,182026.84359574318,29.0719866247885,6261.245436888592,0.0,"WorldPop, University of Southampton","The spatial distribution of population in 2014 Zambia — unconstrained individual countries 2000-2020, 1 km, not UN-adjusted; DOI 10.5258/SOTON/WP00670",zmb_ppp_2014_1km_Aggregated.tif,EXPOSURE ONLY - not a flood-occurrence predictor,2026-10-07T14:55:13+00:00
ZMB-D-0801,2014,96139.77805969119,18.63425330781445,5159.30402316545,18.460058212280273,"WorldPop, University of Southampton","The spatial distribution of population in 2014 Zambia — unconstrained individual countries 2000-2020, 1 km, not UN-adjusted; DOI 10.5258/SOTON/WP00670",zmb_ppp_2014_1km_Aggregated.tif,EXPOSURE ONLY - not a flood-occurrence predictor,2026-10-07T14:55:13+00:00
ZMB-D-0403,2014,287064.9782013297,37.960435414524646,7562.215108088334,22.809673309326172,"WorldPop, University of Southampton","The spatial distribution of population in 2014 Zambia — unconstrained individual countries 2000-2020, 1 km, not UN-adjusted; DOI 10.5258/SOTON/WP00670",zmb_ppp_2014_1km_Aggregated.tif,EXPOSURE ONLY - not a flood-occurrence predictor,2026-10-07T14:55:13+00:00
ZMB-D-0602,2014,117459.7945946753,6.655271751438797,17649.135750058857,5.569314956665039,"WorldPop, University of Southampton","The spatial distribution of population in 2014 Zambia — unconstrained individual countries 2000-2020, 1 km, not UN-adjusted; DOI 10.5258/SOTON/WP00670",zmb_ppp_2014_1km_Aggregated.tif,EXPOSURE ONLY - not a flood-occurrence predictor,2026-10-07T14:55:13+00:00
ZMB-D-0802,2014,133714.991604805,14.962639972727366,8936.590858867778,18.66229820251465,"WorldPop, University of Southampton","The spatial distribution of population in 2014 Zambia — unconstrained individual countries 2000-2020, 1 km, not UN-adjusted; DOI 10.5258/SOTON/WP00670",zmb_ppp_2014_1km_Aggregated.tif,EXPOSURE ONLY - not a flood-occurrence predictor,2026-10-07T14:55:13+00:00
ZMB-D-0404,2014,32504.600196003914,7.744676325391941,4197.025005348939,20.089099884033203,"WorldPop, University of Southampton","The spatial distribution of population in 2014 Zambia — unconstrained individual countries 2000-2020, 1 km, not UN-adjusted; DOI 10.5258/SOTON/WP00670",zmb_ppp_2014_1km_Aggregated.tif,EXPOSURE ONLY - not a flood-occurrence predictor,2026-10-07T14:55:13+00:00
ZMB-D-0603,2014,59873.216110922396,6.552720154606831,9137.154448573401,3.144090414047241,"WorldPop, University of Southampton","The spatial distribution of population in 2014 Zambia — unconstrained individual countries 2000-2020, 1 km, not UN-adjusted; DOI 10.5258/SOTON/WP00670",zmb_ppp_2014_1km_Aggregated.tif,EXPOSURE ONLY - not a flood-occurrence predictor,2026-10-07T14:55:13+00:00
ZMB-D-0803,2014,279845.9516043663,26.372345543075618,10611.341002918236,6.259599685668945,"WorldPop, University of Southampton","The spatial distribution of population in 2014 Zambia — unconstrained individual countries 2000-2020, 1 km, not UN-adjusted; DOI 10.5258/SOTON/WP00670",zmb_ppp_2014_1km_Aggregated.tif,EXPOSURE ONLY - not a flood-occurrence predictor,2026-10-07T14:55:13+00:00
ZMB-D-0604,2014,86413.36127352715,16.3559192682719,5283.308131824572,2.861771821975708,"WorldPop, University of Southampton","The spatial distribution of population in 2014 Zambia — unconstrained individual countries 2000-2020, 1 km, not UN-adjusted; DOI 10.5258/SOTON/WP00670",zmb_ppp_2014_1km_Aggregated.tif,EXPOSURE ONLY - not a flood-occurrence predictor,2026-10-07T14:55:13+00:00
ZMB-D-0804,2014,161532.91647696495,16.631634846353435,9712.389549749032,9.014296531677246,"WorldPop, University of Southampton","The spatial distribution of population in 2014 Zambia — unconstrained individual countries 2000-2020, 1 km, not UN-adjusted; DOI 10.5258/SOTON/WP00670",zmb_ppp_2014_1km_Aggregated.tif,EXPOSURE ONLY - not a flood-occurrence predictor,2026-10-07T14:55:13+00:00
ZMB-D-0405,2014,99523.62826442719,12.457535457255537,7989.0303026560905,23.662412643432617,"WorldPop, University of Southampton","The spatial distribution of population in 2014 Zambia — unconstrained individual countries 2000-2020, 1 km, not UN-adjusted; DOI 10.5258/SOTON/WP00670",zmb_ppp_2014_1km_Aggregated.tif,EXPOSURE ONLY - not a flood-occurrence predictor,2026-10-07T14:55:13+00:00
ZMB-D-0805,2014,112098.14244008064,9.333415831711942,12010.409100086084,3.1731085777282715,"WorldPop, University of Southampton","The spatial distribution of population in 2014 Zambia — unconstrained individual countries 2000-2020, 1 km, not UN-adjusted; DOI 10.5258/SOTON/WP00670",zmb_ppp_2014_1km_Aggregated.tif,EXPOSURE ONLY - not a flood-occurrence predictor,2026-10-07T14:55:13+00:00
ZMB-D-0605,2014,149583.89803647995,34.431074491478554,4344.444669407599,52.081947326660156,"WorldPop, University of Southampton","The spatial distribution of population in 2014 Zambia — unconstrained individual countries 2000-2020, 1 km, not UN-adjusted; DOI 10.5258/SOTON/WP00670",zmb_ppp_2014_1km_Aggregated.tif,EXPOSURE ONLY - not a flood-occurrence predictor,2026-10-07T14:55:13+00:00
ZMB-D-0406,2014,174587.96937727928,41.3867592034592,4218.4498795616455,29.132770538330078,"WorldPop, University of Southampton","The spatial distribution of population in 2014 Zambia — unconstrained individual countries 2000-2020, 1 km, not UN-adjusted; DOI 10.5258/SOTON/WP00670",zmb_ppp_2014_1km_Aggregated.tif,EXPOSURE ONLY - not a flood-occurrence predictor,2026-10-07T14:55:13+00:00
ZMB-D-0806,2014,212795.55609464645,27.85121957302884,7640.439426240349,52.64679718017578,"WorldPop, University of Southampton","The spatial distribution of population in 2014 Zambia — unconstrained individual countries 2000-2020, 1 km, not UN-adjusted; DOI 10.5258/SOTON/WP00670",zmb_ppp_2014_1km_Aggregated.tif,EXPOSURE ONLY - not a flood-occurrence predictor,2026-10-07T14:55:13+00:00
ZMB-D-0807,2014,136979.49287454784,12.359385968501583,11083.033835470942,5.915525436401367,"WorldPop, University of Southampton","The spatial distribution of population in 2014 Zambia — unconstrained individual countries 2000-2020, 1 km, not UN-adjusted; DOI 10.5258/SOTON/WP00670",zmb_ppp_2014_1km_Aggregated.tif,EXPOSURE ONLY - not a flood-occurrence predictor,2026-10-07T14:55:13+00:00
ZMB-D-0808,2014,58127.72985018417,7.849439744334127,7405.33487019145,2.6238186359405518,"WorldPop, University of Southampton","The spatial distribution of population in 2014 Zambia — unconstrained individual countries 2000-2020, 1 km, not UN-adjusted; DOI 10.5258/SOTON/WP00670",zmb_ppp_2014_1km_Aggregated.tif,EXPOSURE ONLY - not a flood-occurrence predictor,2026-10-07T14:55:13+00:00
ZMB-D-0407,2014,117923.35677719116,30.318039571286963,3889.5442596120824,145.4841766357422,"WorldPop, University of Southampton","The spatial distribution of population in 2014 Zambia — unconstrained individual countries 2000-2020, 1 km, not UN-adjusted; DOI 10.5258/SOTON/WP00670",zmb_ppp_2014_1km_Aggregated.tif,EXPOSURE ONLY - not a flood-occurrence predictor,2026-10-07T14:55:13+00:00
ZMB-D-0208,2014,109637.72920846939,29.7733067246469,3682.4169455692077,9.174113273620605,"WorldPop, University of Southampton","The spatial distribution of population in 2014 Zambia — unconstrained individual countries 2000-2020, 1 km, not UN-adjusted; DOI 10.5258/SOTON/WP00670",zmb_ppp_2014_1km_Aggregated.tif,EXPOSURE ONLY - not a flood-occurrence predictor,2026-10-07T14:55:13+00:00
ZMB-D-0209,2014,158589.27278900146,200.03249145533076,792.8175649625202,78.76212310791016,"WorldPop, University of Southampton","The spatial distribution of population in 2014 Zambia — unconstrained individual countries 2000-2020, 1 km, not UN-adjusted; DOI 10.5258/SOTON/WP00670",zmb_ppp_2014_1km_Aggregated.tif,EXPOSURE ONLY - not a flood-occurrence predictor,2026-10-07T14:55:13+00:00
ZMB-D-0210,2014,520064.86273002625,478.1165637679556,1087.7365524245452,103.30654907226562,"WorldPop, University of Southampton","The spatial distribution of population in 2014 Zambia — unconstrained individual countries 2000-2020, 1 km, not UN-adjusted; DOI 10.5258/SOTON/WP00670",zmb_ppp_2014_1km_Aggregated.tif,EXPOSURE ONLY - not a flood-occurrence predictor,2026-10-07T14:55:13+00:00
ZMB-D-0707,2014,37652.10250878334,17.15137533065697,2195.2818233464145,26.33362579345703,"WorldPop, University of Southampton","The spatial distribution of population in 2014 Zambia — unconstrained individual countries 2000-2020, 1 km, not UN-adjusted; DOI 10.5258/SOTON/WP00670",zmb_ppp_2014_1km_Aggregated.tif,EXPOSURE ONLY - not a flood-occurrence predictor,2026-10-07T14:55:13+00:00
ZMB-D-0606,2014,80220.22088503838,19.672674405333968,4077.748618829771,17.522613525390625,"WorldPop, University of Southampton","The spatial distribution of population in 2014 Zambia — unconstrained individual countries 2000-2020, 1 km, not UN-adjusted; DOI 10.5258/SOTON/WP00670",zmb_ppp_2014_1km_Aggregated.tif,EXPOSURE ONLY - not a flood-occurrence predictor,2026-10-07T14:55:13+00:00
ZMB-D-0505,2014,47523.37374377251,26.786495419534408,1774.1542146314316,18.736026763916016,"WorldPop, University of Southampton","The spatial distribution of population in 2014 Zambia — unconstrained individual countries 2000-2020, 1 km, not UN-adjusted; DOI 10.5258/SOTON/WP00670",zmb_ppp_2014_1km_Aggregated.tif,EXPOSURE ONLY - not a flood-occurrence predictor,2026-10-07T14:55:13+00:00
ZMB-D-0408,2014,62572.02203154564,29.094128064090615,2150.675280376423,19.608280181884766,"WorldPop, University of Southampton","The spatial distribution of population in 2014 Zambia — unconstrained individual countries 2000-2020, 1 km, not UN-adjusted; DOI 10.5258/SOTON/WP00670",zmb_ppp_2014_1km_Aggregated.tif,EXPOSURE ONLY - not a flood-occurrence predictor,2026-10-07T14:55:13+00:00
ZMB-D-0607,2014,95245.98557531834,15.201820098844467,6265.433017626505,7.533231258392334,"WorldPop, University of Southampton","The spatial distribution of population in 2014 Zambia — unconstrained individual countries 2000-2020, 1 km, not UN-adjusted; DOI 10.5258/SOTON/WP00670",zmb_ppp_2014_1km_Aggregated.tif,EXPOSURE ONLY - not a flood-occurrence predictor,2026-10-07T14:55:13+00:00
ZMB-D-0108,2014,150618.56832027435,17.898695990284278,8415.0581920623,19.391639709472656,"WorldPop, University of Southampton","The spatial distribution of population in 2014 Zambia — unconstrained individual countries 2000-2020, 1 km, not UN-adjusted; DOI 10.5258/SOTON/WP00670",zmb_ppp_2014_1km_Aggregated.tif,EXPOSURE ONLY - not a flood-occurrence predictor,2026-10-07T14:55:13+00:00
ZMB-D-0506,2014,239458.30230212212,105.93998374507056,2260.3203609917887,33.12214660644531,"WorldPop, University of Southampton","The spatial distribution of population in 2014 Zambia — unconstrained individual countries 2000-2020, 1 km, not UN-adjusted; DOI 10.5258/SOTON/WP00670",zmb_ppp_2014_1km_Aggregated.tif,EXPOSURE ONLY - not a flood-occurrence predictor,2026-10-07T14:55:13+00:00
ZMB-D-0109,2014,117693.22324559093,22.326470680024613,5271.4656486611875,11.684331893920898,"WorldPop, University of Southampton","The spatial distribution of population in 2014 Zambia — unconstrained individual countries 2000-2020, 1 km, not UN-adjusted; DOI 10.5258/SOTON/WP00670",zmb_ppp_2014_1km_Aggregated.tif,EXPOSURE ONLY - not a flood-occurrence predictor,2026-10-07T14:55:13+00:00
ZMB-D-1007,2014,43491.42748320103,3.9253114035071848,11079.739417449106,3.1081912517547607,"WorldPop, University of Southampton","The spatial distribution of population in 2014 Zambia — unconstrained individual countries 2000-2020, 1 km, not UN-adjusted; DOI 10.5258/SOTON/WP00670",zmb_ppp_2014_1km_Aggregated.tif,EXPOSURE ONLY - not a flood-occurrence predictor,2026-10-07T14:55:13+00:00
ZMB-D-1008,2014,32788.86804036796,5.0763792702615795,6459.105258831141,1.7890441417694092,"WorldPop, University of Southampton","The spatial distribution of population in 2014 Zambia — unconstrained individual countries 2000-2020, 1 km, not UN-adjusted; DOI 10.5258/SOTON/WP00670",zmb_ppp_2014_1km_Aggregated.tif,EXPOSURE ONLY - not a flood-occurrence predictor,2026-10-07T14:55:13+00:00
ZMB-D-1009,2014,62222.76186364889,7.819788661203077,7957.08996233613,2.0582435131073,"WorldPop, University of Southampton","The spatial distribution of population in 2014 Zambia — unconstrained individual countries 2000-2020, 1 km, not UN-adjusted; DOI 10.5258/SOTON/WP00670",zmb_ppp_2014_1km_Aggregated.tif,EXPOSURE ONLY - not a flood-occurrence predictor,2026-10-07T14:55:13+00:00
ZMB-D-1010,2014,55278.10013079643,11.949181091716213,4626.099454557439,4.885397911071777,"WorldPop, University of Southampton","The spatial distribution of population in 2014 Zambia — unconstrained individual countries 2000-2020, 1 km, not UN-adjusted; DOI 10.5258/SOTON/WP00670",zmb_ppp_2014_1km_Aggregated.tif,EXPOSURE ONLY - not a flood-occurrence predictor,2026-10-07T14:55:13+00:00
ZMB-D-1011,2014,47331.67425775528,6.193886724193727,7641.6757950827,4.51536226272583,"WorldPop, University of Southampton","The spatial distribution of population in 2014 Zambia — unconstrained individual countries 2000-2020, 1 km, not UN-adjusted; DOI 10.5258/SOTON/WP00670",zmb_ppp_2014_1km_Aggregated.tif,EXPOSURE ONLY - not a flood-occurrence predictor,2026-10-07T14:55:13+00:00
ZMB-D-1012,2014,57830.559493780136,5.678473289097282,10184.17390547831,3.4660046100616455,"WorldPop, University of Southampton","The spatial distribution of population in 2014 Zambia — unconstrained individual countries 2000-2020, 1 km, not UN-adjusted; DOI 10.5258/SOTON/WP00670",zmb_ppp_2014_1km_Aggregated.tif,EXPOSURE ONLY - not a flood-occurrence predictor,2026-10-07T14:55:13+00:00
ZMB-D-1013,2014,42835.1069817543,11.271516170391434,3800.2968131541734,35.26631164550781,"WorldPop, University of Southampton","The spatial distribution of population in 2014 Zambia — unconstrained individual countries 2000-2020, 1 km, not UN-adjusted; DOI 10.5258/SOTON/WP00670",zmb_ppp_2014_1km_Aggregated.tif,EXPOSURE ONLY - not a flood-occurrence predictor,2026-10-07T14:55:13+00:00
ZMB-D-0809,2014,78513.53428299725,15.491124824255648,5068.291371589916,11.411725044250488,"WorldPop, University of Southampton","The spatial distribution of population in 2014 Zambia — unconstrained individual countries 2000-2020, 1 km, not UN-adjusted; DOI 10.5258/SOTON/WP00670",zmb_ppp_2014_1km_Aggregated.tif,EXPOSURE ONLY - not a flood-occurrence predictor,2026-10-07T14:55:13+00:00
ZMB-D-0409,2014,27575.23360381648,7.444246297836788,3704.234451757665,5.111997127532959,"WorldPop, University of Southampton","The spatial distribution of population in 2014 Zambia — unconstrained individual countries 2000-2020, 1 km, not UN-adjusted; DOI 10.5258/SOTON/WP00670",zmb_ppp_2014_1km_Aggregated.tif,EXPOSURE ONLY - not a flood-occurrence predictor,2026-10-07T14:55:13+00:00
ZMB-D-0911,2014,95855.07968235016,18.2622458221324,5248.811160245219,9.545374870300293,"WorldPop, University of Southampton","The spatial distribution of population in 2014 Zambia — unconstrained individual countries 2000-2020, 1 km, not UN-adjusted; DOI 10.5258/SOTON/WP00670",zmb_ppp_2014_1km_Aggregated.tif,EXPOSURE ONLY - not a flood-occurrence predictor,2026-10-07T14:55:13+00:00
ZMB-D-0308,2014,179880.06805801392,69.46515148132961,2589.5008392281543,262.63641357421875,"WorldPop, University of Southampton","The spatial distribution of population in 2014 Zambia — unconstrained individual countries 2000-2020, 1 km, not UN-adjusted; DOI 10.5258/SOTON/WP00670",zmb_ppp_2014_1km_Aggregated.tif,EXPOSURE ONLY - not a flood-occurrence predictor,2026-10-07T14:55:13+00:00
ZMB-D-0110,2014,221124.38062038273,23.73615272100039,9315.931828528577,18.380884170532227,"WorldPop, University of Southampton","The spatial distribution of population in 2014 Zambia — unconstrained individual countries 2000-2020, 1 km, not UN-adjusted; DOI 10.5258/SOTON/WP00670",zmb_ppp_2014_1km_Aggregated.tif,EXPOSURE ONLY - not a flood-occurrence predictor,2026-10-07T14:55:13+00:00
ZMB-D-0507,2014,198980.66984176636,148.96716520300765,1335.735090149577,44.52445602416992,"WorldPop, University of Southampton","The spatial distribution of population in 2014 Zambia — unconstrained individual countries 2000-2020, 1 km, not UN-adjusted; DOI 10.5258/SOTON/WP00670",zmb_ppp_2014_1km_Aggregated.tif,EXPOSURE ONLY - not a flood-occurrence predictor,2026-10-07T14:55:13+00:00
ZMB-D-0309,2014,36020.97955465317,39.128125083159176,920.5904826284833,25.141862869262695,"WorldPop, University of Southampton","The spatial distribution of population in 2014 Zambia — unconstrained individual countries 2000-2020, 1 km, not UN-adjusted; DOI 10.5258/SOTON/WP00670",zmb_ppp_2014_1km_Aggregated.tif,EXPOSURE ONLY - not a flood-occurrence predictor,2026-10-07T14:55:13+00:00
ZMB-D-1014,2014,52144.72998678684,13.354462004449067,3904.667216801,4.9226484298706055,"WorldPop, University of Southampton","The spatial distribution of population in 2014 Zambia — unconstrained individual countries 2000-2020, 1 km, not UN-adjusted; DOI 10.5258/SOTON/WP00670",zmb_ppp_2014_1km_Aggregated.tif,EXPOSURE ONLY - not a flood-occurrence predictor,2026-10-07T14:55:13+00:00
ZMB-D-1015,2014,33363.44823372364,5.2467230534481955,6358.911628048839,2.8337271213531494,"WorldPop, University of Southampton","The spatial distribution of population in 2014 Zambia — unconstrained individual countries 2000-2020, 1 km, not UN-adjusted; DOI 10.5258/SOTON/WP00670",zmb_ppp_2014_1km_Aggregated.tif,EXPOSURE ONLY - not a flood-occurrence predictor,2026-10-07T14:55:13+00:00
ZMB-D-0111,2014,96045.25982904434,8.291954826281652,11582.945377925289,13.464232444763184,"WorldPop, University of Southampton","The spatial distribution of population in 2014 Zambia — unconstrained individual countries 2000-2020, 1 km, not UN-adjusted; DOI 10.5258/SOTON/WP00670",zmb_ppp_2014_1km_Aggregated.tif,EXPOSURE ONLY - not a flood-occurrence predictor,2026-10-07T14:55:13+00:00
ZMB-D-0708,2014,51396.59891176224,7.29658178870021,7043.928294116726,9.05811882019043,"WorldPop, University of Southampton","The spatial distribution of population in 2014 Zambia — unconstrained individual countries 2000-2020, 1 km, not UN-adjusted; DOI 10.5258/SOTON/WP00670",zmb_ppp_2014_1km_Aggregated.tif,EXPOSURE ONLY - not a flood-occurrence predictor,2026-10-07T14:55:13+00:00
ZMB-D-0709,2014,57445.36769759655,7.74037787715858,7421.51980294329,3.814122438430786,"WorldPop, University of Southampton","The spatial distribution of population in 2014 Zambia — unconstrained individual countries 2000-2020, 1 km, not UN-adjusted; DOI 10.5258/SOTON/WP00670",zmb_ppp_2014_1km_Aggregated.tif,EXPOSURE ONLY - not a flood-occurrence predictor,2026-10-07T14:55:13+00:00
ZMB-D-0410,2014,88800.57810521126,36.524371746388724,2431.269146032368,17.292518615722656,"WorldPop, University of Southampton","The spatial distribution of population in 2014 Zambia — unconstrained individual countries 2000-2020, 1 km, not UN-adjusted; DOI 10.5258/SOTON/WP00670",zmb_ppp_2014_1km_Aggregated.tif,EXPOSURE ONLY - not a flood-occurrence predictor,2026-10-07T14:55:13+00:00
ZMB-D-0411,2014,56209.54862782359,47.29513825165225,1188.4847091203908,35.609840393066406,"WorldPop, University of Southampton","The spatial distribution of population in 2014 Zambia — unconstrained individual countries 2000-2020, 1 km, not UN-adjusted; DOI 10.5258/SOTON/WP00670",zmb_ppp_2014_1km_Aggregated.tif,EXPOSURE ONLY - not a flood-occurrence predictor,2026-10-07T14:55:13+00:00
ZMB-D-0912,2014,48275.336738824844,25.431076521745812,1898.281289726181,7.579321384429932,"WorldPop, University of Southampton","The spatial distribution of population in 2014 Zambia — unconstrained individual countries 2000-2020, 1 km, not UN-adjusted; DOI 10.5258/SOTON/WP00670",zmb_ppp_2014_1km_Aggregated.tif,EXPOSURE ONLY - not a flood-occurrence predictor,2026-10-07T14:55:13+00:00
ZMB-D-0508,2014,59993.50251173973,36.69189830291057,1635.0612883656872,21.96459197998047,"WorldPop, University of Southampton","The spatial distribution of population in 2014 Zambia — unconstrained individual countries 2000-2020, 1 km, not UN-adjusted; DOI 10.5258/SOTON/WP00670",zmb_ppp_2014_1km_Aggregated.tif,EXPOSURE ONLY - not a flood-occurrence predictor,2026-10-07T14:55:13+00:00
ZMB-D-0901,2015,165741.5515217781,197.01978430031264,841.2431883954464,118.30035400390625,"WorldPop, University of Southampton","The spatial distribution of population in 2015 Zambia — unconstrained individual countries 2000-2020, 1 km, not UN-adjusted; DOI 10.5258/SOTON/WP00670",zmb_ppp_2015_1km_Aggregated.tif,EXPOSURE ONLY - not a flood-occurrence predictor,2026-10-07T14:55:13+00:00
ZMB-D-0902,2015,116587.19257929921,22.991934316472488,5070.7866060564875,31.99034881591797,"WorldPop, University of Southampton","The spatial distribution of population in 2015 Zambia — unconstrained individual countries 2000-2020, 1 km, not UN-adjusted; DOI 10.5258/SOTON/WP00670",zmb_ppp_2015_1km_Aggregated.tif,EXPOSURE ONLY - not a flood-occurrence predictor,2026-10-07T14:55:13+00:00
ZMB-D-0903,2015,65337.98424296081,16.945149690804904,3855.8517000540714,16.725313186645508,"WorldPop, University of Southampton","The spatial distribution of population in 2015 Zambia — unconstrained individual countries 2000-2020, 1 km, not UN-adjusted; DOI 10.5258/SOTON/WP00670",zmb_ppp_2015_1km_Aggregated.tif,EXPOSURE ONLY - not a flood-occurrence predictor,2026-10-07T14:55:13+00:00
ZMB-D-0904,2015,206814.79278206825,25.59273169903238,8080.997183660843,9.85135269165039,"WorldPop, University of Southampton","The spatial distribution of population in 2015 Zambia — unconstrained individual countries 2000-2020, 1 km, not UN-adjusted; DOI 10.5258/SOTON/WP00670",zmb_ppp_2015_1km_Aggregated.tif,EXPOSURE ONLY - not a flood-occurrence predictor,2026-10-07T14:55:13+00:00
ZMB-D-0905,2015,230391.5193579197,44.698231241212895,5154.376648924151,124.7960433959961,"WorldPop, University of Southampton","The spatial distribution of population in 2015 Zambia — unconstrained individual countries 2000-2020, 1 km, not UN-adjusted; DOI 10.5258/SOTON/WP00670",zmb_ppp_2015_1km_Aggregated.tif,EXPOSURE ONLY - not a flood-occurrence predictor,2026-10-07T14:55:13+00:00
ZMB-D-0906,2015,132900.85347044468,7.2677412301185225,18286.404160853333,1.712517499923706,"WorldPop, University of Southampton","The spatial distribution of population in 2015 Zambia — unconstrained individual countries 2000-2020, 1 km, not UN-adjusted; DOI 10.5258/SOTON/WP00670",zmb_ppp_2015_1km_Aggregated.tif,EXPOSURE ONLY - not a flood-occurrence predictor,2026-10-07T14:55:13+00:00
ZMB-D-0907,2015,54827.070654809475,26.747078245455963,2049.8340099679485,10.880635261535645,"WorldPop, University of Southampton","The spatial distribution of population in 2015 Zambia — unconstrained individual countries 2000-2020, 1 km, not UN-adjusted; DOI 10.5258/SOTON/WP00670",zmb_ppp_2015_1km_Aggregated.tif,EXPOSURE ONLY - not a flood-occurrence predictor,2026-10-07T14:55:13+00:00
ZMB-D-1001,2015,39739.00209617615,4.79673882523942,8284.587413239587,2.9736711978912354,"WorldPop, University of Southampton","The spatial distribution of population in 2015 Zambia — unconstrained individual countries 2000-2020, 1 km, not UN-adjusted; DOI 10.5258/SOTON/WP00670",zmb_ppp_2015_1km_Aggregated.tif,EXPOSURE ONLY - not a flood-occurrence predictor,2026-10-07T14:55:13+00:00
ZMB-D-0908,2015,211372.02249735594,43.13331830480101,4900.434995603594,13.826343536376953,"WorldPop, University of Southampton","The spatial distribution of population in 2015 Zambia — unconstrained individual countries 2000-2020, 1 km, not UN-adjusted; DOI 10.5258/SOTON/WP00670",zmb_ppp_2015_1km_Aggregated.tif,EXPOSURE ONLY - not a flood-occurrence predictor,2026-10-07T14:55:13+00:00
ZMB-D-0909,2015,108999.88884037733,20.15608252519332,5407.791355494656,12.214052200317383,"WorldPop, University of Southampton","The spatial distribution of population in 2015 Zambia — unconstrained individual countries 2000-2020, 1 km, not UN-adjusted; DOI 10.5258/SOTON/WP00670",zmb_ppp_2015_1km_Aggregated.tif,EXPOSURE ONLY - not a flood-occurrence predictor,2026-10-07T14:55:13+00:00
ZMB-D-0910,2015,176039.48163366318,46.0148036698924,3825.714065772408,115.55169677734375,"WorldPop, University of Southampton","The spatial distribution of population in 2015 Zambia — unconstrained individual countries 2000-2020, 1 km, not UN-adjusted; DOI 10.5258/SOTON/WP00670",zmb_ppp_2015_1km_Aggregated.tif,EXPOSURE ONLY - not a flood-occurrence predictor,2026-10-07T14:55:13+00:00
ZMB-D-1002,2015,73671.4019678235,6.685885995179198,11018.9437900891,1.2614513635635376,"WorldPop, University of Southampton","The spatial distribution of population in 2015 Zambia — unconstrained individual countries 2000-2020, 1 km, not UN-adjusted; DOI 10.5258/SOTON/WP00670",zmb_ppp_2015_1km_Aggregated.tif,EXPOSURE ONLY - not a flood-occurrence predictor,2026-10-07T14:55:13+00:00
ZMB-D-0501,2015,1730475.7198810577,4010.9028661466896,431.4429388172996,1865.0594482421875,"WorldPop, University of Southampton","The spatial distribution of population in 2015 Zambia — unconstrained individual countries 2000-2020, 1 km, not UN-adjusted; DOI 10.5258/SOTON/WP00670",zmb_ppp_2015_1km_Aggregated.tif,EXPOSURE ONLY - not a flood-occurrence predictor,2026-10-07T14:55:13+00:00
ZMB-D-0101,2015,93200.16955853999,5.773619334799742,16142.416767379873,6.667080879211426,"WorldPop, University of Southampton","The spatial distribution of population in 2015 Zambia — unconstrained individual countries 2000-2020, 1 km, not UN-adjusted; DOI 10.5258/SOTON/WP00670",zmb_ppp_2015_1km_Aggregated.tif,EXPOSURE ONLY - not a flood-occurrence predictor,2026-10-07T14:55:13+00:00
ZMB-D-0502,2015,122573.37812407315,26.418992262496264,4639.593248152589,3.9673452377319336,"WorldPop, University of Southampton","The spatial distribution of population in 2015 Zambia — unconstrained individual countries 2000-2020, 1 km, not UN-adjusted; DOI 10.5258/SOTON/WP00670",zmb_ppp_2015_1km_Aggregated.tif,EXPOSURE ONLY - not a flood-occurrence predictor,2026-10-07T14:55:13+00:00
ZMB-D-0503,2015,26118.341527104378,6.919849133270177,3774.40909824596,2.551776647567749,"WorldPop, University of Southampton","The spatial distribution of population in 2015 Zambia — unconstrained individual countries 2000-2020, 1 km, not UN-adjusted; DOI 10.5258/SOTON/WP00670",zmb_ppp_2015_1km_Aggregated.tif,EXPOSURE ONLY - not a flood-occurrence predictor,2026-10-07T14:55:13+00:00
ZMB-D-0504,2015,60326.208226919174,6.309079584985679,9561.808091703777,4.863381385803223,"WorldPop, University of Southampton","The spatial distribution of population in 2015 Zambia — unconstrained individual countries 2000-2020, 1 km, not UN-adjusted; DOI 10.5258/SOTON/WP00670",zmb_ppp_2015_1km_Aggregated.tif,EXPOSURE ONLY - not a flood-occurrence predictor,2026-10-07T14:55:13+00:00
ZMB-D-1003,2015,146342.46263235807,24.161699425166134,6056.795097779089,10.60071086883545,"WorldPop, University of Southampton","The spatial distribution of population in 2015 Zambia — unconstrained individual countries 2000-2020, 1 km, not UN-adjusted; DOI 10.5258/SOTON/WP00670",zmb_ppp_2015_1km_Aggregated.tif,EXPOSURE ONLY - not a flood-occurrence predictor,2026-10-07T14:55:13+00:00
ZMB-D-0102,2015,626193.0454491228,70.17390559364969,8923.445832916408,31.468217849731445,"WorldPop, University of Southampton","The spatial distribution of population in 2015 Zambia — unconstrained individual countries 2000-2020, 1 km, not UN-adjusted; DOI 10.5258/SOTON/WP00670",zmb_ppp_2015_1km_Aggregated.tif,EXPOSURE ONLY - not a flood-occurrence predictor,2026-10-07T14:55:13+00:00
ZMB-D-0103,2015,215455.2589082718,139.4933367979317,1544.5559182542002,51.1151008605957,"WorldPop, University of Southampton","The spatial distribution of population in 2015 Zambia — unconstrained individual countries 2000-2020, 1 km, not UN-adjusted; DOI 10.5258/SOTON/WP00670",zmb_ppp_2015_1km_Aggregated.tif,EXPOSURE ONLY - not a flood-occurrence predictor,2026-10-07T14:55:13+00:00
ZMB-D-0104,2015,209555.4429551959,10.511956648071996,19934.96072813719,7.99747371673584,"WorldPop, University of Southampton","The spatial distribution of population in 2015 Zambia — unconstrained individual countries 2000-2020, 1 km, not UN-adjusted; DOI 10.5258/SOTON/WP00670",zmb_ppp_2015_1km_Aggregated.tif,EXPOSURE ONLY - not a flood-occurrence predictor,2026-10-07T14:55:13+00:00
ZMB-D-1004,2015,87831.19534373283,8.921181245377815,9845.242791052964,4.984383583068848,"WorldPop, University of Southampton","The spatial distribution of population in 2015 Zambia — unconstrained individual countries 2000-2020, 1 km, not UN-adjusted; DOI 10.5258/SOTON/WP00670",zmb_ppp_2015_1km_Aggregated.tif,EXPOSURE ONLY - not a flood-occurrence predictor,2026-10-07T14:55:13+00:00
ZMB-D-1005,2015,102178.66790616512,11.176935561355627,9141.921535223746,3.8080623149871826,"WorldPop, University of Southampton","The spatial distribution of population in 2015 Zambia — unconstrained individual countries 2000-2020, 1 km, not UN-adjusted; DOI 10.5258/SOTON/WP00670",zmb_ppp_2015_1km_Aggregated.tif,EXPOSURE ONLY - not a flood-occurrence predictor,2026-10-07T14:55:13+00:00
ZMB-D-0301,2015,78970.91264629364,52.42248790835128,1506.4319874393639,56.11136245727539,"WorldPop, University of Southampton","The spatial distribution of population in 2015 Zambia — unconstrained individual countries 2000-2020, 1 km, not UN-adjusted; DOI 10.5258/SOTON/WP00670",zmb_ppp_2015_1km_Aggregated.tif,EXPOSURE ONLY - not a flood-occurrence predictor,2026-10-07T14:55:13+00:00
ZMB-D-0302,2015,87826.10271954536,8.582935323306698,10232.641795756781,5.732991695404053,"WorldPop, University of Southampton","The spatial distribution of population in 2015 Zambia — unconstrained individual countries 2000-2020, 1 km, not UN-adjusted; DOI 10.5258/SOTON/WP00670",zmb_ppp_2015_1km_Aggregated.tif,EXPOSURE ONLY - not a flood-occurrence predictor,2026-10-07T14:55:13+00:00
ZMB-D-1006,2015,69878.33087319136,7.484566907569448,9336.322560296781,10.270106315612793,"WorldPop, University of Southampton","The spatial distribution of population in 2015 Zambia — unconstrained individual countries 2000-2020, 1 km, not UN-adjusted; DOI 10.5258/SOTON/WP00670",zmb_ppp_2015_1km_Aggregated.tif,EXPOSURE ONLY - not a flood-occurrence predictor,2026-10-07T14:55:13+00:00
ZMB-D-0303,2015,181642.96116256714,74.23221289060265,2446.956032824424,446.2934265136719,"WorldPop, University of Southampton","The spatial distribution of population in 2015 Zambia — unconstrained individual countries 2000-2020, 1 km, not UN-adjusted; DOI 10.5258/SOTON/WP00670",zmb_ppp_2015_1km_Aggregated.tif,EXPOSURE ONLY - not a flood-occurrence predictor,2026-10-07T14:55:13+00:00
ZMB-D-0105,2015,53206.79742819071,7.710322678815309,6900.722530638099,14.388991355895996,"WorldPop, University of Southampton","The spatial distribution of population in 2015 Zambia — unconstrained individual countries 2000-2020, 1 km, not UN-adjusted; DOI 10.5258/SOTON/WP00670",zmb_ppp_2015_1km_Aggregated.tif,EXPOSURE ONLY - not a flood-occurrence predictor,2026-10-07T14:55:13+00:00
ZMB-D-0304,2015,300876.55744737387,40.936552680069084,7349.826444811085,55.126373291015625,"WorldPop, University of Southampton","The spatial distribution of population in 2015 Zambia — unconstrained individual countries 2000-2020, 1 km, not UN-adjusted; DOI 10.5258/SOTON/WP00670",zmb_ppp_2015_1km_Aggregated.tif,EXPOSURE ONLY - not a flood-occurrence predictor,2026-10-07T14:55:13+00:00
ZMB-D-0106,2015,33163.613640874624,3.576252463456098,9273.286486274863,1.4941412210464478,"WorldPop, University of Southampton","The spatial distribution of population in 2015 Zambia — unconstrained individual countries 2000-2020, 1 km, not UN-adjusted; DOI 10.5258/SOTON/WP00670",zmb_ppp_2015_1km_Aggregated.tif,EXPOSURE ONLY - not a flood-occurrence predictor,2026-10-07T14:55:13+00:00
ZMB-D-0201,2015,110422.57630985975,12.398874096516607,8905.8551163837,12.134693145751953,"WorldPop, University of Southampton","The spatial distribution of population in 2015 Zambia — unconstrained individual countries 2000-2020, 1 km, not UN-adjusted; DOI 10.5258/SOTON/WP00670",zmb_ppp_2015_1km_Aggregated.tif,EXPOSURE ONLY - not a flood-occurrence predictor,2026-10-07T14:55:13+00:00
ZMB-D-0305,2015,506264.77607798576,79.13534727818111,6397.4544055305,89.20648193359375,"WorldPop, University of Southampton","The spatial distribution of population in 2015 Zambia — unconstrained individual countries 2000-2020, 1 km, not UN-adjusted; DOI 10.5258/SOTON/WP00670",zmb_ppp_2015_1km_Aggregated.tif,EXPOSURE ONLY - not a flood-occurrence predictor,2026-10-07T14:55:13+00:00
ZMB-D-0701,2015,100202.22185754776,7.009765240328389,14294.66157883107,2.9098076820373535,"WorldPop, University of Southampton","The spatial distribution of population in 2015 Zambia — unconstrained individual countries 2000-2020, 1 km, not UN-adjusted; DOI 10.5258/SOTON/WP00670",zmb_ppp_2015_1km_Aggregated.tif,EXPOSURE ONLY - not a flood-occurrence predictor,2026-10-07T14:55:13+00:00
ZMB-D-0702,2015,36857.05192679167,8.042219265086967,4582.94541741683,2.017319440841675,"WorldPop, University of Southampton","The spatial distribution of population in 2015 Zambia — unconstrained individual countries 2000-2020, 1 km, not UN-adjusted; DOI 10.5258/SOTON/WP00670",zmb_ppp_2015_1km_Aggregated.tif,EXPOSURE ONLY - not a flood-occurrence predictor,2026-10-07T14:55:13+00:00
ZMB-D-0703,2015,65020.19120275974,3.421514965453058,19003.333862124473,3.0183207988739014,"WorldPop, University of Southampton","The spatial distribution of population in 2015 Zambia — unconstrained individual countries 2000-2020, 1 km, not UN-adjusted; DOI 10.5258/SOTON/WP00670",zmb_ppp_2015_1km_Aggregated.tif,EXPOSURE ONLY - not a flood-occurrence predictor,2026-10-07T14:55:13+00:00
ZMB-D-0306,2015,84940.69962000847,14.363601283931859,5913.60745407415,10.792350769042969,"WorldPop, University of Southampton","The spatial distribution of population in 2015 Zambia — unconstrained individual countries 2000-2020, 1 km, not UN-adjusted; DOI 10.5258/SOTON/WP00670",zmb_ppp_2015_1km_Aggregated.tif,EXPOSURE ONLY - not a flood-occurrence predictor,2026-10-07T14:55:13+00:00
ZMB-D-0704,2015,81778.17218923569,3.7524352261942346,21793.360114086794,3.085771083831787,"WorldPop, University of Southampton","The spatial distribution of population in 2015 Zambia — unconstrained individual countries 2000-2020, 1 km, not UN-adjusted; DOI 10.5258/SOTON/WP00670",zmb_ppp_2015_1km_Aggregated.tif,EXPOSURE ONLY - not a flood-occurrence predictor,2026-10-07T14:55:13+00:00
ZMB-D-0202,2015,646532.954457283,539.8925956055449,1197.521432447374,135.0908203125,"WorldPop, University of Southampton","The spatial distribution of population in 2015 Zambia — unconstrained individual countries 2000-2020, 1 km, not UN-adjusted; DOI 10.5258/SOTON/WP00670",zmb_ppp_2015_1km_Aggregated.tif,EXPOSURE ONLY - not a flood-occurrence predictor,2026-10-07T14:55:13+00:00
ZMB-D-0203,2015,81668.51852273941,76.35555247761458,1069.5819213236975,13.650049209594727,"WorldPop, University of Southampton","The spatial distribution of population in 2015 Zambia — unconstrained individual countries 2000-2020, 1 km, not UN-adjusted; DOI 10.5258/SOTON/WP00670",zmb_ppp_2015_1km_Aggregated.tif,EXPOSURE ONLY - not a flood-occurrence predictor,2026-10-07T14:55:13+00:00
ZMB-D-0204,2015,149090.6254749298,199.78943851919104,746.2387730801331,799.8795776367188,"WorldPop, University of Southampton","The spatial distribution of population in 2015 Zambia — unconstrained individual countries 2000-2020, 1 km, not UN-adjusted; DOI 10.5258/SOTON/WP00670",zmb_ppp_2015_1km_Aggregated.tif,EXPOSURE ONLY - not a flood-occurrence predictor,2026-10-07T14:55:13+00:00
ZMB-D-0205,2015,83390.77292698622,7.692765230065294,10840.155709038638,9.82468318939209,"WorldPop, University of Southampton","The spatial distribution of population in 2015 Zambia — unconstrained individual countries 2000-2020, 1 km, not UN-adjusted; DOI 10.5258/SOTON/WP00670",zmb_ppp_2015_1km_Aggregated.tif,EXPOSURE ONLY - not a flood-occurrence predictor,2026-10-07T14:55:13+00:00
ZMB-D-0206,2015,241705.52292728424,155.27039716330694,1556.6748545961948,15.960861206054688,"WorldPop, University of Southampton","The spatial distribution of population in 2015 Zambia — unconstrained individual countries 2000-2020, 1 km, not UN-adjusted; DOI 10.5258/SOTON/WP00670",zmb_ppp_2015_1km_Aggregated.tif,EXPOSURE ONLY - not a flood-occurrence predictor,2026-10-07T14:55:13+00:00
ZMB-D-0207,2015,97844.04978942871,111.06860714622707,880.9334365795404,70.3407974243164,"WorldPop, University of Southampton","The spatial distribution of population in 2015 Zambia — unconstrained individual countries 2000-2020, 1 km, not UN-adjusted; DOI 10.5258/SOTON/WP00670",zmb_ppp_2015_1km_Aggregated.tif,EXPOSURE ONLY - not a flood-occurrence predictor,2026-10-07T14:55:13+00:00
ZMB-D-0107,2015,88102.1646315381,7.334003053713332,12012.83446247414,17.81227684020996,"WorldPop, University of Southampton","The spatial distribution of population in 2015 Zambia — unconstrained individual countries 2000-2020, 1 km, not UN-adjusted; DOI 10.5258/SOTON/WP00670",zmb_ppp_2015_1km_Aggregated.tif,EXPOSURE ONLY - not a flood-occurrence predictor,2026-10-07T14:55:13+00:00
ZMB-D-0307,2015,360950.4796382189,26.4770749483837,13632.56629902969,8.433671951293945,"WorldPop, University of Southampton","The spatial distribution of population in 2015 Zambia — unconstrained individual countries 2000-2020, 1 km, not UN-adjusted; DOI 10.5258/SOTON/WP00670",zmb_ppp_2015_1km_Aggregated.tif,EXPOSURE ONLY - not a flood-occurrence predictor,2026-10-07T14:55:13+00:00
ZMB-D-0705,2015,323681.81856295466,10.631687864708084,30445.00766782453,7.091687202453613,"WorldPop, University of Southampton","The spatial distribution of population in 2015 Zambia — unconstrained individual countries 2000-2020, 1 km, not UN-adjusted; DOI 10.5258/SOTON/WP00670",zmb_ppp_2015_1km_Aggregated.tif,EXPOSURE ONLY - not a flood-occurrence predictor,2026-10-07T14:55:13+00:00
ZMB-D-0401,2015,38388.75282371044,6.204586300848948,6187.157525467551,2.366227626800537,"WorldPop, University of Southampton","The spatial distribution of population in 2015 Zambia — unconstrained individual countries 2000-2020, 1 km, not UN-adjusted; DOI 10.5258/SOTON/WP00670",zmb_ppp_2015_1km_Aggregated.tif,EXPOSURE ONLY - not a flood-occurrence predictor,2026-10-07T14:55:13+00:00
ZMB-D-0601,2015,247211.25713837147,6.1690026667995275,40073.13183196019,17.32118034362793,"WorldPop, University of Southampton","The spatial distribution of population in 2015 Zambia — unconstrained individual countries 2000-2020, 1 km, not UN-adjusted; DOI 10.5258/SOTON/WP00670",zmb_ppp_2015_1km_Aggregated.tif,EXPOSURE ONLY - not a flood-occurrence predictor,2026-10-07T14:55:13+00:00
ZMB-D-0706,2015,167494.39072704315,8.027714183956608,20864.51845305863,2.0197243690490723,"WorldPop, University of Southampton","The spatial distribution of population in 2015 Zambia — unconstrained individual countries 2000-2020, 1 km, not UN-adjusted; DOI 10.5258/SOTON/WP00670",zmb_ppp_2015_1km_Aggregated.tif,EXPOSURE ONLY - not a flood-occurrence predictor,2026-10-07T14:55:13+00:00
ZMB-D-0402,2015,184764.7392550856,29.509263151789327,6261.245436888592,0.0,"WorldPop, University of Southampton","The spatial distribution of population in 2015 Zambia — unconstrained individual countries 2000-2020, 1 km, not UN-adjusted; DOI 10.5258/SOTON/WP00670",zmb_ppp_2015_1km_Aggregated.tif,EXPOSURE ONLY - not a flood-occurrence predictor,2026-10-07T14:55:13+00:00
ZMB-D-0801,2015,98769.28488793969,19.143916397340078,5159.30402316545,18.21388053894043,"WorldPop, University of Southampton","The spatial distribution of population in 2015 Zambia — unconstrained individual countries 2000-2020, 1 km, not UN-adjusted; DOI 10.5258/SOTON/WP00670",zmb_ppp_2015_1km_Aggregated.tif,EXPOSURE ONLY - not a flood-occurrence predictor,2026-10-07T14:55:13+00:00
ZMB-D-0403,2015,323101.41882419586,42.725764105627675,7562.215108088334,21.74134063720703,"WorldPop, University of Southampton","The spatial distribution of population in 2015 Zambia — unconstrained individual countries 2000-2020, 1 km, not UN-adjusted; DOI 10.5258/SOTON/WP00670",zmb_ppp_2015_1km_Aggregated.tif,EXPOSURE ONLY - not a flood-occurrence predictor,2026-10-07T14:55:13+00:00
ZMB-D-0602,2015,121818.9850577712,6.902263475273284,17649.135750058857,6.7739152908325195,"WorldPop, University of Southampton","The spatial distribution of population in 2015 Zambia — unconstrained individual countries 2000-2020, 1 km, not UN-adjusted; DOI 10.5258/SOTON/WP00670",zmb_ppp_2015_1km_Aggregated.tif,EXPOSURE ONLY - not a flood-occurrence predictor,2026-10-07T14:55:13+00:00
ZMB-D-0802,2015,139051.54769861698,15.559797902198483,8936.590858867778,18.564794540405273,"WorldPop, University of Southampton","The spatial distribution of population in 2015 Zambia — unconstrained individual countries 2000-2020, 1 km, not UN-adjusted; DOI 10.5258/SOTON/WP00670",zmb_ppp_2015_1km_Aggregated.tif,EXPOSURE ONLY - not a flood-occurrence predictor,2026-10-07T14:55:13+00:00
ZMB-D-0404,2015,33023.72939515114,7.868366129118537,4197.025005348939,27.350770950317383,"WorldPop, University of Southampton","The spatial distribution of population in 2015 Zambia — unconstrained individual countries 2000-2020, 1 km, not UN-adjusted; DOI 10.5258/SOTON/WP00670",zmb_ppp_2015_1km_Aggregated.tif,EXPOSURE ONLY - not a flood-occurrence predictor,2026-10-07T14:55:13+00:00
ZMB-D-0603,2015,60504.45314287394,6.621804795290573,9137.154448573401,3.469029664993286,"WorldPop, University of Southampton","The spatial distribution of population in 2015 Zambia — unconstrained individual countries 2000-2020, 1 km, not UN-adjusted; DOI 10.5258/SOTON/WP00670",zmb_ppp_2015_1km_Aggregated.tif,EXPOSURE ONLY - not a flood-occurrence predictor,2026-10-07T14:55:13+00:00
ZMB-D-0803,2015,292130.91629862785,27.530065824695356,10611.341002918236,5.278496265411377,"WorldPop, University of Southampton","The spatial distribution of population in 2015 Zambia — unconstrained individual countries 2000-2020, 1 km, not UN-adjusted; DOI 10.5258/SOTON/WP00670",zmb_ppp_2015_1km_Aggregated.tif,EXPOSURE ONLY - not a flood-occurrence predictor,2026-10-07T14:55:13+00:00
ZMB-D-0604,2015,89747.09106469154,16.986912143944497,5283.308131824572,2.9888806343078613,"WorldPop, University of Southampton","The spatial distribution of population in 2015 Zambia — unconstrained individual countries 2000-2020, 1 km, not UN-adjusted; DOI 10.5258/SOTON/WP00670",zmb_ppp_2015_1km_Aggregated.tif,EXPOSURE ONLY - not a flood-occurrence predictor,2026-10-07T14:55:13+00:00
ZMB-D-0804,2015,166269.0402431488,17.119272182348286,9712.389549749032,8.253181457519531,"WorldPop, University of Southampton","The spatial distribution of population in 2015 Zambia — unconstrained individual countries 2000-2020, 1 km, not UN-adjusted; DOI 10.5258/SOTON/WP00670",zmb_ppp_2015_1km_Aggregated.tif,EXPOSURE ONLY - not a flood-occurrence predictor,2026-10-07T14:55:13+00:00
ZMB-D-0405,2015,102386.86020696163,12.815930886245527,7989.0303026560905,22.79510498046875,"WorldPop, University of Southampton","The spatial distribution of population in 2015 Zambia — unconstrained individual countries 2000-2020, 1 km, not UN-adjusted; DOI 10.5258/SOTON/WP00670",zmb_ppp_2015_1km_Aggregated.tif,EXPOSURE ONLY - not a flood-occurrence predictor,2026-10-07T14:55:13+00:00
ZMB-D-0805,2015,115587.11041355133,9.62391117990501,12010.409100086084,3.1444921493530273,"WorldPop, University of Southampton","The spatial distribution of population in 2015 Zambia — unconstrained individual countries 2000-2020, 1 km, not UN-adjusted; DOI 10.5258/SOTON/WP00670",zmb_ppp_2015_1km_Aggregated.tif,EXPOSURE ONLY - not a flood-occurrence predictor,2026-10-07T14:55:13+00:00
ZMB-D-0605,2015,156407.67217206955,36.00176410887448,4344.444669407599,50.14458465576172,"WorldPop, University of Southampton","The spatial distribution of population in 2015 Zambia — unconstrained individual countries 2000-2020, 1 km, not UN-adjusted; DOI 10.5258/SOTON/WP00670",zmb_ppp_2015_1km_Aggregated.tif,EXPOSURE ONLY - not a flood-occurrence predictor,2026-10-07T14:55:13+00:00
ZMB-D-0406,2015,180037.7031634152,42.67863985671523,4218.4498795616455,30.003267288208008,"WorldPop, University of Southampton","The spatial distribution of population in 2015 Zambia — unconstrained individual countries 2000-2020, 1 km, not UN-adjusted; DOI 10.5258/SOTON/WP00670",zmb_ppp_2015_1km_Aggregated.tif,EXPOSURE ONLY - not a flood-occurrence predictor,2026-10-07T14:55:13+00:00
ZMB-D-0806,2015,219791.7358903885,28.766897246189146,7640.439426240349,47.943302154541016,"WorldPop, University of Southampton","The spatial distribution of population in 2015 Zambia — unconstrained individual countries 2000-2020, 1 km, not UN-adjusted; DOI 10.5258/SOTON/WP00670",zmb_ppp_2015_1km_Aggregated.tif,EXPOSURE ONLY - not a flood-occurrence predictor,2026-10-07T14:55:13+00:00
ZMB-D-0807,2015,142237.339501068,12.833790964874739,11083.033835470942,5.203091144561768,"WorldPop, University of Southampton","The spatial distribution of population in 2015 Zambia — unconstrained individual countries 2000-2020, 1 km, not UN-adjusted; DOI 10.5258/SOTON/WP00670",zmb_ppp_2015_1km_Aggregated.tif,EXPOSURE ONLY - not a flood-occurrence predictor,2026-10-07T14:55:13+00:00
ZMB-D-0808,2015,58884.81544744223,7.951674904597513,7405.33487019145,2.403047800064087,"WorldPop, University of Southampton","The spatial distribution of population in 2015 Zambia — unconstrained individual countries 2000-2020, 1 km, not UN-adjusted; DOI 10.5258/SOTON/WP00670",zmb_ppp_2015_1km_Aggregated.tif,EXPOSURE ONLY - not a flood-occurrence predictor,2026-10-07T14:55:13+00:00
ZMB-D-0407,2015,122450.15492969751,31.481877247467004,3889.5442596120824,175.325439453125,"WorldPop, University of Southampton","The spatial distribution of population in 2015 Zambia — unconstrained individual countries 2000-2020, 1 km, not UN-adjusted; DOI 10.5258/SOTON/WP00670",zmb_ppp_2015_1km_Aggregated.tif,EXPOSURE ONLY - not a flood-occurrence predictor,2026-10-07T14:55:13+00:00
ZMB-D-0208,2015,112318.91240787506,30.501410912477056,3682.4169455692077,9.06013011932373,"WorldPop, University of Southampton","The spatial distribution of population in 2015 Zambia — unconstrained individual countries 2000-2020, 1 km, not UN-adjusted; DOI 10.5258/SOTON/WP00670",zmb_ppp_2015_1km_Aggregated.tif,EXPOSURE ONLY - not a flood-occurrence predictor,2026-10-07T14:55:13+00:00
ZMB-D-0209,2015,159891.4984817505,201.67502026687467,792.8175649625202,91.46981048583984,"WorldPop, University of Southampton","The spatial distribution of population in 2015 Zambia — unconstrained individual countries 2000-2020, 1 km, not UN-adjusted; DOI 10.5258/SOTON/WP00670",zmb_ppp_2015_1km_Aggregated.tif,EXPOSURE ONLY - not a flood-occurrence predictor,2026-10-07T14:55:13+00:00
ZMB-D-0210,2015,534089.3323221207,491.0098232257114,1087.7365524245452,125.99042510986328,"WorldPop, University of Southampton","The spatial distribution of population in 2015 Zambia — unconstrained individual countries 2000-2020, 1 km, not UN-adjusted; DOI 10.5258/SOTON/WP00670",zmb_ppp_2015_1km_Aggregated.tif,EXPOSURE ONLY - not a flood-occurrence predictor,2026-10-07T14:55:13+00:00
ZMB-D-0707,2015,39637.097425460815,18.05558493853848,2195.2818233464145,23.1995906829834,"WorldPop, University of Southampton","The spatial distribution of population in 2015 Zambia — unconstrained individual countries 2000-2020, 1 km, not UN-adjusted; DOI 10.5258/SOTON/WP00670",zmb_ppp_2015_1km_Aggregated.tif,EXPOSURE ONLY - not a flood-occurrence predictor,2026-10-07T14:55:13+00:00
ZMB-D-0606,2015,83533.11800765991,20.48510730208577,4077.748618829771,16.976289749145508,"WorldPop, University of Southampton","The spatial distribution of population in 2015 Zambia — unconstrained individual countries 2000-2020, 1 km, not UN-adjusted; DOI 10.5258/SOTON/WP00670",zmb_ppp_2015_1km_Aggregated.tif,EXPOSURE ONLY - not a flood-occurrence predictor,2026-10-07T14:55:13+00:00
ZMB-D-0505,2015,48991.65383911133,27.61408982098493,1774.1542146314316,21.546693801879883,"WorldPop, University of Southampton","The spatial distribution of population in 2015 Zambia — unconstrained individual countries 2000-2020, 1 km, not UN-adjusted; DOI 10.5258/SOTON/WP00670",zmb_ppp_2015_1km_Aggregated.tif,EXPOSURE ONLY - not a flood-occurrence predictor,2026-10-07T14:55:13+00:00
ZMB-D-0408,2015,71201.2635589838,33.106468562990955,2150.675280376423,23.0101261138916,"WorldPop, University of Southampton","The spatial distribution of population in 2015 Zambia — unconstrained individual countries 2000-2020, 1 km, not UN-adjusted; DOI 10.5258/SOTON/WP00670",zmb_ppp_2015_1km_Aggregated.tif,EXPOSURE ONLY - not a flood-occurrence predictor,2026-10-07T14:55:13+00:00
ZMB-D-0607,2015,96557.97687113285,15.411221634560114,6265.433017626505,7.7268571853637695,"WorldPop, University of Southampton","The spatial distribution of population in 2015 Zambia — unconstrained individual countries 2000-2020, 1 km, not UN-adjusted; DOI 10.5258/SOTON/WP00670",zmb_ppp_2015_1km_Aggregated.tif,EXPOSURE ONLY - not a flood-occurrence predictor,2026-10-07T14:55:13+00:00
ZMB-D-0108,2015,156939.6941589117,18.649864395108843,8415.0581920623,20.6553955078125,"WorldPop, University of Southampton","The spatial distribution of population in 2015 Zambia — unconstrained individual countries 2000-2020, 1 km, not UN-adjusted; DOI 10.5258/SOTON/WP00670",zmb_ppp_2015_1km_Aggregated.tif,EXPOSURE ONLY - not a flood-occurrence predictor,2026-10-07T14:55:13+00:00
ZMB-D-0506,2015,249540.1652419567,110.4003527767466,2260.3203609917887,35.822837829589844,"WorldPop, University of Southampton","The spatial distribution of population in 2015 Zambia — unconstrained individual countries 2000-2020, 1 km, not UN-adjusted; DOI 10.5258/SOTON/WP00670",zmb_ppp_2015_1km_Aggregated.tif,EXPOSURE ONLY - not a flood-occurrence predictor,2026-10-07T14:55:13+00:00
ZMB-D-0109,2015,121243.22635616362,22.999908267818494,5271.4656486611875,13.538086891174316,"WorldPop, University of Southampton","The spatial distribution of population in 2015 Zambia — unconstrained individual countries 2000-2020, 1 km, not UN-adjusted; DOI 10.5258/SOTON/WP00670",zmb_ppp_2015_1km_Aggregated.tif,EXPOSURE ONLY - not a flood-occurrence predictor,2026-10-07T14:55:13+00:00
ZMB-D-1007,2015,45588.203371346,4.114555555300397,11079.739417449106,3.208636999130249,"WorldPop, University of Southampton","The spatial distribution of population in 2015 Zambia — unconstrained individual countries 2000-2020, 1 km, not UN-adjusted; DOI 10.5258/SOTON/WP00670",zmb_ppp_2015_1km_Aggregated.tif,EXPOSURE ONLY - not a flood-occurrence predictor,2026-10-07T14:55:13+00:00
ZMB-D-1008,2015,32794.46874597669,5.077246372651817,6459.105258831141,1.6288392543792725,"WorldPop, University of Southampton","The spatial distribution of population in 2015 Zambia — unconstrained individual countries 2000-2020, 1 km, not UN-adjusted; DOI 10.5258/SOTON/WP00670",zmb_ppp_2015_1km_Aggregated.tif,EXPOSURE ONLY - not a flood-occurrence predictor,2026-10-07T14:55:13+00:00
ZMB-D-1009,2015,64314.88437795639,8.082714243823142,7957.08996233613,2.023808002471924,"WorldPop, University of Southampton","The spatial distribution of population in 2015 Zambia — unconstrained individual countries 2000-2020, 1 km, not UN-adjusted; DOI 10.5258/SOTON/WP00670",zmb_ppp_2015_1km_Aggregated.tif,EXPOSURE ONLY - not a flood-occurrence predictor,2026-10-07T14:55:13+00:00
ZMB-D-1010,2015,56307.548573851585,12.171711638922885,4626.099454557439,4.618298053741455,"WorldPop, University of Southampton","The spatial distribution of population in 2015 Zambia — unconstrained individual countries 2000-2020, 1 km, not UN-adjusted; DOI 10.5258/SOTON/WP00670",zmb_ppp_2015_1km_Aggregated.tif,EXPOSURE ONLY - not a flood-occurrence predictor,2026-10-07T14:55:13+00:00
ZMB-D-1011,2015,48252.35531568527,6.314368289051849,7641.6757950827,4.931789398193359,"WorldPop, University of Southampton","The spatial distribution of population in 2015 Zambia — unconstrained individual countries 2000-2020, 1 km, not UN-adjusted; DOI 10.5258/SOTON/WP00670",zmb_ppp_2015_1km_Aggregated.tif,EXPOSURE ONLY - not a flood-occurrence predictor,2026-10-07T14:55:13+00:00
ZMB-D-1012,2015,59217.30967414379,5.81464046311006,10184.17390547831,3.7369580268859863,"WorldPop, University of Southampton","The spatial distribution of population in 2015 Zambia — unconstrained individual countries 2000-2020, 1 km, not UN-adjusted; DOI 10.5258/SOTON/WP00670",zmb_ppp_2015_1km_Aggregated.tif,EXPOSURE ONLY - not a flood-occurrence predictor,2026-10-07T14:55:13+00:00
ZMB-D-1013,2015,44992.00656926632,11.839076993547726,3800.2968131541734,35.88221740722656,"WorldPop, University of Southampton","The spatial distribution of population in 2015 Zambia — unconstrained individual countries 2000-2020, 1 km, not UN-adjusted; DOI 10.5258/SOTON/WP00670",zmb_ppp_2015_1km_Aggregated.tif,EXPOSURE ONLY - not a flood-occurrence predictor,2026-10-07T14:55:13+00:00
ZMB-D-0809,2015,82135.56328119338,16.205769806684884,5068.291371589916,10.58089828491211,"WorldPop, University of Southampton","The spatial distribution of population in 2015 Zambia — unconstrained individual countries 2000-2020, 1 km, not UN-adjusted; DOI 10.5258/SOTON/WP00670",zmb_ppp_2015_1km_Aggregated.tif,EXPOSURE ONLY - not a flood-occurrence predictor,2026-10-07T14:55:13+00:00
ZMB-D-0409,2015,28171.51166887954,7.605218307796936,3704.234451757665,5.2611823081970215,"WorldPop, University of Southampton","The spatial distribution of population in 2015 Zambia — unconstrained individual countries 2000-2020, 1 km, not UN-adjusted; DOI 10.5258/SOTON/WP00670",zmb_ppp_2015_1km_Aggregated.tif,EXPOSURE ONLY - not a flood-occurrence predictor,2026-10-07T14:55:13+00:00
ZMB-D-0911,2015,101889.33502817154,19.411888124283628,5248.811160245219,9.579086303710938,"WorldPop, University of Southampton","The spatial distribution of population in 2015 Zambia — unconstrained individual countries 2000-2020, 1 km, not UN-adjusted; DOI 10.5258/SOTON/WP00670",zmb_ppp_2015_1km_Aggregated.tif,EXPOSURE ONLY - not a flood-occurrence predictor,2026-10-07T14:55:13+00:00
ZMB-D-0308,2015,183812.5761528015,70.98378705588296,2589.5008392281543,245.5771942138672,"WorldPop, University of Southampton","The spatial distribution of population in 2015 Zambia — unconstrained individual countries 2000-2020, 1 km, not UN-adjusted; DOI 10.5258/SOTON/WP00670",zmb_ppp_2015_1km_Aggregated.tif,EXPOSURE ONLY - not a flood-occurrence predictor,2026-10-07T14:55:13+00:00
ZMB-D-0110,2015,228387.7329340279,24.515822693616798,9315.931828528577,20.904035568237305,"WorldPop, University of Southampton","The spatial distribution of population in 2015 Zambia — unconstrained individual countries 2000-2020, 1 km, not UN-adjusted; DOI 10.5258/SOTON/WP00670",zmb_ppp_2015_1km_Aggregated.tif,EXPOSURE ONLY - not a flood-occurrence predictor,2026-10-07T14:55:13+00:00
ZMB-D-0507,2015,211607.40802383423,158.42019093781403,1335.735090149577,41.07210159301758,"WorldPop, University of Southampton","The spatial distribution of population in 2015 Zambia — unconstrained individual countries 2000-2020, 1 km, not UN-adjusted; DOI 10.5258/SOTON/WP00670",zmb_ppp_2015_1km_Aggregated.tif,EXPOSURE ONLY - not a flood-occurrence predictor,2026-10-07T14:55:13+00:00
ZMB-D-0309,2015,36653.13523340225,39.81481008661928,920.5904826284833,24.691614151000977,"WorldPop, University of Southampton","The spatial distribution of population in 2015 Zambia — unconstrained individual countries 2000-2020, 1 km, not UN-adjusted; DOI 10.5258/SOTON/WP00670",zmb_ppp_2015_1km_Aggregated.tif,EXPOSURE ONLY - not a flood-occurrence predictor,2026-10-07T14:55:13+00:00
ZMB-D-1014,2015,53243.82975554466,13.63594560029268,3904.667216801,5.200750827789307,"WorldPop, University of Southampton","The spatial distribution of population in 2015 Zambia — unconstrained individual countries 2000-2020, 1 km, not UN-adjusted; DOI 10.5258/SOTON/WP00670",zmb_ppp_2015_1km_Aggregated.tif,EXPOSURE ONLY - not a flood-occurrence predictor,2026-10-07T14:55:13+00:00
ZMB-D-1015,2015,35131.72860264778,5.52480214502172,6358.911628048839,2.931424140930176,"WorldPop, University of Southampton","The spatial distribution of population in 2015 Zambia — unconstrained individual countries 2000-2020, 1 km, not UN-adjusted; DOI 10.5258/SOTON/WP00670",zmb_ppp_2015_1km_Aggregated.tif,EXPOSURE ONLY - not a flood-occurrence predictor,2026-10-07T14:55:13+00:00
ZMB-D-0111,2015,98733.83016359806,8.524069391863353,11582.945377925289,14.16301155090332,"WorldPop, University of Southampton","The spatial distribution of population in 2015 Zambia — unconstrained individual countries 2000-2020, 1 km, not UN-adjusted; DOI 10.5258/SOTON/WP00670",zmb_ppp_2015_1km_Aggregated.tif,EXPOSURE ONLY - not a flood-occurrence predictor,2026-10-07T14:55:13+00:00
ZMB-D-0708,2015,53452.282217383385,7.588419413926762,7043.928294116726,9.154170989990234,"WorldPop, University of Southampton","The spatial distribution of population in 2015 Zambia — unconstrained individual countries 2000-2020, 1 km, not UN-adjusted; DOI 10.5258/SOTON/WP00670",zmb_ppp_2015_1km_Aggregated.tif,EXPOSURE ONLY - not a flood-occurrence predictor,2026-10-07T14:55:13+00:00
ZMB-D-0709,2015,60070.27841621637,8.094066985092889,7421.51980294329,3.840618371963501,"WorldPop, University of Southampton","The spatial distribution of population in 2015 Zambia — unconstrained individual countries 2000-2020, 1 km, not UN-adjusted; DOI 10.5258/SOTON/WP00670",zmb_ppp_2015_1km_Aggregated.tif,EXPOSURE ONLY - not a flood-occurrence predictor,2026-10-07T14:55:13+00:00
ZMB-D-0410,2015,90873.81340682507,37.377109628164234,2431.269146032368,12.227981567382812,"WorldPop, University of Southampton","The spatial distribution of population in 2015 Zambia — unconstrained individual countries 2000-2020, 1 km, not UN-adjusted; DOI 10.5258/SOTON/WP00670",zmb_ppp_2015_1km_Aggregated.tif,EXPOSURE ONLY - not a flood-occurrence predictor,2026-10-07T14:55:13+00:00
ZMB-D-0411,2015,57162.125205129385,48.09664336988873,1188.4847091203908,35.27527618408203,"WorldPop, University of Southampton","The spatial distribution of population in 2015 Zambia — unconstrained individual countries 2000-2020, 1 km, not UN-adjusted; DOI 10.5258/SOTON/WP00670",zmb_ppp_2015_1km_Aggregated.tif,EXPOSURE ONLY - not a flood-occurrence predictor,2026-10-07T14:55:13+00:00
ZMB-D-0912,2015,48995.542971372604,25.810475632112457,1898.281289726181,8.31167221069336,"WorldPop, University of Southampton","The spatial distribution of population in 2015 Zambia — unconstrained individual countries 2000-2020, 1 km, not UN-adjusted; DOI 10.5258/SOTON/WP00670",zmb_ppp_2015_1km_Aggregated.tif,EXPOSURE ONLY - not a flood-occurrence predictor,2026-10-07T14:55:13+00:00
ZMB-D-0508,2015,62385.34853512049,38.15474623430005,1635.0612883656872,21.989076614379883,"WorldPop, University of Southampton","The spatial distribution of population in 2015 Zambia — unconstrained individual countries 2000-2020, 1 km, not UN-adjusted; DOI 10.5258/SOTON/WP00670",zmb_ppp_2015_1km_Aggregated.tif,EXPOSURE ONLY - not a flood-occurrence predictor,2026-10-07T14:55:13+00:00
ZMB-D-0901,2016,170795.93801355362,203.0280189719253,841.2431883954464,148.35223388671875,"WorldPop, University of Southampton","The spatial distribution of population in 2016 Zambia — unconstrained individual countries 2000-2020, 1 km, not UN-adjusted; DOI 10.5258/SOTON/WP00670",zmb_ppp_2016_1km_Aggregated.tif,EXPOSURE ONLY - not a flood-occurrence predictor,2026-10-07T14:55:13+00:00
ZMB-D-0902,2016,119530.89530909061,23.57245622726942,5070.7866060564875,32.46278762817383,"WorldPop, University of Southampton","The spatial distribution of population in 2016 Zambia — unconstrained individual countries 2000-2020, 1 km, not UN-adjusted; DOI 10.5258/SOTON/WP00670",zmb_ppp_2016_1km_Aggregated.tif,EXPOSURE ONLY - not a flood-occurrence predictor,2026-10-07T14:55:13+00:00
ZMB-D-0903,2016,67970.40863641351,17.627858622119817,3855.8517000540714,12.466734886169434,"WorldPop, University of Southampton","The spatial distribution of population in 2016 Zambia — unconstrained individual countries 2000-2020, 1 km, not UN-adjusted; DOI 10.5258/SOTON/WP00670",zmb_ppp_2016_1km_Aggregated.tif,EXPOSURE ONLY - not a flood-occurrence predictor,2026-10-07T14:55:13+00:00
ZMB-D-0904,2016,217145.18475079536,26.87108778974039,8080.997183660843,9.545721054077148,"WorldPop, University of Southampton","The spatial distribution of population in 2016 Zambia — unconstrained individual countries 2000-2020, 1 km, not UN-adjusted; DOI 10.5258/SOTON/WP00670",zmb_ppp_2016_1km_Aggregated.tif,EXPOSURE ONLY - not a flood-occurrence predictor,2026-10-07T14:55:13+00:00
ZMB-D-0905,2016,238754.89895534515,46.32080952120163,5154.376648924151,122.15253448486328,"WorldPop, University of Southampton","The spatial distribution of population in 2016 Zambia — unconstrained individual countries 2000-2020, 1 km, not UN-adjusted; DOI 10.5258/SOTON/WP00670",zmb_ppp_2016_1km_Aggregated.tif,EXPOSURE ONLY - not a flood-occurrence predictor,2026-10-07T14:55:13+00:00
ZMB-D-0906,2016,137453.81270366907,7.5167217947596106,18286.404160853333,1.833130955696106,"WorldPop, University of Southampton","The spatial distribution of population in 2016 Zambia — unconstrained individual countries 2000-2020, 1 km, not UN-adjusted; DOI 10.5258/SOTON/WP00670",zmb_ppp_2016_1km_Aggregated.tif,EXPOSURE ONLY - not a flood-occurrence predictor,2026-10-07T14:55:13+00:00
ZMB-D-0907,2016,56188.373030401766,27.41118195774317,2049.8340099679485,12.040932655334473,"WorldPop, University of Southampton","The spatial distribution of population in 2016 Zambia — unconstrained individual countries 2000-2020, 1 km, not UN-adjusted; DOI 10.5258/SOTON/WP00670",zmb_ppp_2016_1km_Aggregated.tif,EXPOSURE ONLY - not a flood-occurrence predictor,2026-10-07T14:55:13+00:00
ZMB-D-1001,2016,41903.1762958765,5.057967790756978,8284.587413239587,6.860043048858643,"WorldPop, University of Southampton","The spatial distribution of population in 2016 Zambia — unconstrained individual countries 2000-2020, 1 km, not UN-adjusted; DOI 10.5258/SOTON/WP00670",zmb_ppp_2016_1km_Aggregated.tif,EXPOSURE ONLY - not a flood-occurrence predictor,2026-10-07T14:55:13+00:00
ZMB-D-0908,2016,214967.0270191133,43.86692757111769,4900.434995603594,15.424383163452148,"WorldPop, University of Southampton","The spatial distribution of population in 2016 Zambia — unconstrained individual countries 2000-2020, 1 km, not UN-adjusted; DOI 10.5258/SOTON/WP00670",zmb_ppp_2016_1km_Aggregated.tif,EXPOSURE ONLY - not a flood-occurrence predictor,2026-10-07T14:55:13+00:00
ZMB-D-0909,2016,112010.83395086229,20.712861607919145,5407.791355494656,11.955061912536621,"WorldPop, University of Southampton","The spatial distribution of population in 2016 Zambia — unconstrained individual countries 2000-2020, 1 km, not UN-adjusted; DOI 10.5258/SOTON/WP00670",zmb_ppp_2016_1km_Aggregated.tif,EXPOSURE ONLY - not a flood-occurrence predictor,2026-10-07T14:55:13+00:00
ZMB-D-0910,2016,178848.19107341766,46.748969734440514,3825.714065772408,130.36654663085938,"WorldPop, University of Southampton","The spatial distribution of population in 2016 Zambia — unconstrained individual countries 2000-2020, 1 km, not UN-adjusted; DOI 10.5258/SOTON/WP00670",zmb_ppp_2016_1km_Aggregated.tif,EXPOSURE ONLY - not a flood-occurrence predictor,2026-10-07T14:55:13+00:00
ZMB-D-1002,2016,74464.22792905569,6.757837170930297,11018.9437900891,1.3541951179504395,"WorldPop, University of Southampton","The spatial distribution of population in 2016 Zambia — unconstrained individual countries 2000-2020, 1 km, not UN-adjusted; DOI 10.5258/SOTON/WP00670",zmb_ppp_2016_1km_Aggregated.tif,EXPOSURE ONLY - not a flood-occurrence predictor,2026-10-07T14:55:13+00:00
ZMB-D-0501,2016,1837139.3934059143,4258.128313426579,431.4429388172996,1989.5692138671875,"WorldPop, University of Southampton","The spatial distribution of population in 2016 Zambia — unconstrained individual countries 2000-2020, 1 km, not UN-adjusted; DOI 10.5258/SOTON/WP00670",zmb_ppp_2016_1km_Aggregated.tif,EXPOSURE ONLY - not a flood-occurrence predictor,2026-10-07T14:55:13+00:00
ZMB-D-0101,2016,96981.87291428074,6.007890535341579,16142.416767379873,6.882854461669922,"WorldPop, University of Southampton","The spatial distribution of population in 2016 Zambia — unconstrained individual countries 2000-2020, 1 km, not UN-adjusted; DOI 10.5258/SOTON/WP00670",zmb_ppp_2016_1km_Aggregated.tif,EXPOSURE ONLY - not a flood-occurrence predictor,2026-10-07T14:55:13+00:00
ZMB-D-0502,2016,126876.21158828586,27.34640836000137,4639.593248152589,3.4229788780212402,"WorldPop, University of Southampton","The spatial distribution of population in 2016 Zambia — unconstrained individual countries 2000-2020, 1 km, not UN-adjusted; DOI 10.5258/SOTON/WP00670",zmb_ppp_2016_1km_Aggregated.tif,EXPOSURE ONLY - not a flood-occurrence predictor,2026-10-07T14:55:13+00:00
ZMB-D-0503,2016,26708.165916979313,7.076118465640385,3774.40909824596,1.807727575302124,"WorldPop, University of Southampton","The spatial distribution of population in 2016 Zambia — unconstrained individual countries 2000-2020, 1 km, not UN-adjusted; DOI 10.5258/SOTON/WP00670",zmb_ppp_2016_1km_Aggregated.tif,EXPOSURE ONLY - not a flood-occurrence predictor,2026-10-07T14:55:13+00:00
ZMB-D-0504,2016,62282.285455942154,6.513651482922028,9561.808091703777,4.800837993621826,"WorldPop, University of Southampton","The spatial distribution of population in 2016 Zambia — unconstrained individual countries 2000-2020, 1 km, not UN-adjusted; DOI 10.5258/SOTON/WP00670",zmb_ppp_2016_1km_Aggregated.tif,EXPOSURE ONLY - not a flood-occurrence predictor,2026-10-07T14:55:13+00:00
ZMB-D-1003,2016,147979.79876446724,24.43202987314671,6056.795097779089,11.837550163269043,"WorldPop, University of Southampton","The spatial distribution of population in 2016 Zambia — unconstrained individual countries 2000-2020, 1 km, not UN-adjusted; DOI 10.5258/SOTON/WP00670",zmb_ppp_2016_1km_Aggregated.tif,EXPOSURE ONLY - not a flood-occurrence predictor,2026-10-07T14:55:13+00:00
ZMB-D-0102,2016,645807.3784060329,72.37197272199575,8923.445832916408,27.15897560119629,"WorldPop, University of Southampton","The spatial distribution of population in 2016 Zambia — unconstrained individual countries 2000-2020, 1 km, not UN-adjusted; DOI 10.5258/SOTON/WP00670",zmb_ppp_2016_1km_Aggregated.tif,EXPOSURE ONLY - not a flood-occurrence predictor,2026-10-07T14:55:13+00:00
ZMB-D-0103,2016,218510.9039258957,141.47166919853373,1544.5559182542002,47.352943420410156,"WorldPop, University of Southampton","The spatial distribution of population in 2016 Zambia — unconstrained individual countries 2000-2020, 1 km, not UN-adjusted; DOI 10.5258/SOTON/WP00670",zmb_ppp_2016_1km_Aggregated.tif,EXPOSURE ONLY - not a flood-occurrence predictor,2026-10-07T14:55:13+00:00
ZMB-D-0104,2016,216876.8687416315,10.879222271831255,19934.96072813719,7.830209732055664,"WorldPop, University of Southampton","The spatial distribution of population in 2016 Zambia — unconstrained individual countries 2000-2020, 1 km, not UN-adjusted; DOI 10.5258/SOTON/WP00670",zmb_ppp_2016_1km_Aggregated.tif,EXPOSURE ONLY - not a flood-occurrence predictor,2026-10-07T14:55:13+00:00
ZMB-D-1004,2016,88027.18716144562,8.941088506363892,9845.242791052964,5.215515613555908,"WorldPop, University of Southampton","The spatial distribution of population in 2016 Zambia — unconstrained individual countries 2000-2020, 1 km, not UN-adjusted; DOI 10.5258/SOTON/WP00670",zmb_ppp_2016_1km_Aggregated.tif,EXPOSURE ONLY - not a flood-occurrence predictor,2026-10-07T14:55:13+00:00
ZMB-D-1005,2016,104544.16276335716,11.435688040041624,9141.921535223746,4.114493370056152,"WorldPop, University of Southampton","The spatial distribution of population in 2016 Zambia — unconstrained individual countries 2000-2020, 1 km, not UN-adjusted; DOI 10.5258/SOTON/WP00670",zmb_ppp_2016_1km_Aggregated.tif,EXPOSURE ONLY - not a flood-occurrence predictor,2026-10-07T14:55:13+00:00
ZMB-D-0301,2016,80836.1153678894,53.66064717285697,1506.4319874393639,56.82798767089844,"WorldPop, University of Southampton","The spatial distribution of population in 2016 Zambia — unconstrained individual countries 2000-2020, 1 km, not UN-adjusted; DOI 10.5258/SOTON/WP00670",zmb_ppp_2016_1km_Aggregated.tif,EXPOSURE ONLY - not a flood-occurrence predictor,2026-10-07T14:55:13+00:00
ZMB-D-0302,2016,89832.28568530083,8.778992510277455,10232.641795756781,5.864726543426514,"WorldPop, University of Southampton","The spatial distribution of population in 2016 Zambia — unconstrained individual countries 2000-2020, 1 km, not UN-adjusted; DOI 10.5258/SOTON/WP00670",zmb_ppp_2016_1km_Aggregated.tif,EXPOSURE ONLY - not a flood-occurrence predictor,2026-10-07T14:55:13+00:00
ZMB-D-1006,2016,72986.59088855982,7.817488140238348,9336.322560296781,10.276883125305176,"WorldPop, University of Southampton","The spatial distribution of population in 2016 Zambia — unconstrained individual countries 2000-2020, 1 km, not UN-adjusted; DOI 10.5258/SOTON/WP00670",zmb_ppp_2016_1km_Aggregated.tif,EXPOSURE ONLY - not a flood-occurrence predictor,2026-10-07T14:55:13+00:00
ZMB-D-0303,2016,186547.02895259857,76.23636324077093,2446.956032824424,536.7201538085938,"WorldPop, University of Southampton","The spatial distribution of population in 2016 Zambia — unconstrained individual countries 2000-2020, 1 km, not UN-adjusted; DOI 10.5258/SOTON/WP00670",zmb_ppp_2016_1km_Aggregated.tif,EXPOSURE ONLY - not a flood-occurrence predictor,2026-10-07T14:55:13+00:00
ZMB-D-0105,2016,55192.58847516775,7.99808834946218,6900.722530638099,13.55106258392334,"WorldPop, University of Southampton","The spatial distribution of population in 2016 Zambia — unconstrained individual countries 2000-2020, 1 km, not UN-adjusted; DOI 10.5258/SOTON/WP00670",zmb_ppp_2016_1km_Aggregated.tif,EXPOSURE ONLY - not a flood-occurrence predictor,2026-10-07T14:55:13+00:00
ZMB-D-0304,2016,318725.3869190216,43.36502219641377,7349.826444811085,60.8162841796875,"WorldPop, University of Southampton","The spatial distribution of population in 2016 Zambia — unconstrained individual countries 2000-2020, 1 km, not UN-adjusted; DOI 10.5258/SOTON/WP00670",zmb_ppp_2016_1km_Aggregated.tif,EXPOSURE ONLY - not a flood-occurrence predictor,2026-10-07T14:55:13+00:00
ZMB-D-0106,2016,34644.94553518295,3.735994308647747,9273.286486274863,1.6291018724441528,"WorldPop, University of Southampton","The spatial distribution of population in 2016 Zambia — unconstrained individual countries 2000-2020, 1 km, not UN-adjusted; DOI 10.5258/SOTON/WP00670",zmb_ppp_2016_1km_Aggregated.tif,EXPOSURE ONLY - not a flood-occurrence predictor,2026-10-07T14:55:13+00:00
ZMB-D-0201,2016,114783.31747889519,12.888522885099881,8905.8551163837,16.0366268157959,"WorldPop, University of Southampton","The spatial distribution of population in 2016 Zambia — unconstrained individual countries 2000-2020, 1 km, not UN-adjusted; DOI 10.5258/SOTON/WP00670",zmb_ppp_2016_1km_Aggregated.tif,EXPOSURE ONLY - not a flood-occurrence predictor,2026-10-07T14:55:13+00:00
ZMB-D-0305,2016,517382.1502535343,80.87312819396814,6397.4544055305,94.46025085449219,"WorldPop, University of Southampton","The spatial distribution of population in 2016 Zambia — unconstrained individual countries 2000-2020, 1 km, not UN-adjusted; DOI 10.5258/SOTON/WP00670",zmb_ppp_2016_1km_Aggregated.tif,EXPOSURE ONLY - not a flood-occurrence predictor,2026-10-07T14:55:13+00:00
ZMB-D-0701,2016,104377.45786106586,7.301848825553043,14294.66157883107,3.0147809982299805,"WorldPop, University of Southampton","The spatial distribution of population in 2016 Zambia — unconstrained individual countries 2000-2020, 1 km, not UN-adjusted; DOI 10.5258/SOTON/WP00670",zmb_ppp_2016_1km_Aggregated.tif,EXPOSURE ONLY - not a flood-occurrence predictor,2026-10-07T14:55:13+00:00
ZMB-D-0702,2016,37545.03727740049,8.192337865233117,4582.94541741683,2.1936488151550293,"WorldPop, University of Southampton","The spatial distribution of population in 2016 Zambia — unconstrained individual countries 2000-2020, 1 km, not UN-adjusted; DOI 10.5258/SOTON/WP00670",zmb_ppp_2016_1km_Aggregated.tif,EXPOSURE ONLY - not a flood-occurrence predictor,2026-10-07T14:55:13+00:00
ZMB-D-0703,2016,66806.086196661,3.515492948835264,19003.333862124473,3.1166512966156006,"WorldPop, University of Southampton","The spatial distribution of population in 2016 Zambia — unconstrained individual countries 2000-2020, 1 km, not UN-adjusted; DOI 10.5258/SOTON/WP00670",zmb_ppp_2016_1km_Aggregated.tif,EXPOSURE ONLY - not a flood-occurrence predictor,2026-10-07T14:55:13+00:00
ZMB-D-0306,2016,88154.50700891018,14.907060993400327,5913.60745407415,10.847640037536621,"WorldPop, University of Southampton","The spatial distribution of population in 2016 Zambia — unconstrained individual countries 2000-2020, 1 km, not UN-adjusted; DOI 10.5258/SOTON/WP00670",zmb_ppp_2016_1km_Aggregated.tif,EXPOSURE ONLY - not a flood-occurrence predictor,2026-10-07T14:55:13+00:00
ZMB-D-0704,2016,84351.156044662,3.8704979683302296,21793.360114086794,3.228262186050415,"WorldPop, University of Southampton","The spatial distribution of population in 2016 Zambia — unconstrained individual countries 2000-2020, 1 km, not UN-adjusted; DOI 10.5258/SOTON/WP00670",zmb_ppp_2016_1km_Aggregated.tif,EXPOSURE ONLY - not a flood-occurrence predictor,2026-10-07T14:55:13+00:00
ZMB-D-0202,2016,665610.740568161,555.8236558721563,1197.521432447374,151.82652282714844,"WorldPop, University of Southampton","The spatial distribution of population in 2016 Zambia — unconstrained individual countries 2000-2020, 1 km, not UN-adjusted; DOI 10.5258/SOTON/WP00670",zmb_ppp_2016_1km_Aggregated.tif,EXPOSURE ONLY - not a flood-occurrence predictor,2026-10-07T14:55:13+00:00
ZMB-D-0203,2016,84140.19408941269,78.66643256767291,1069.5819213236975,14.22978687286377,"WorldPop, University of Southampton","The spatial distribution of population in 2016 Zambia — unconstrained individual countries 2000-2020, 1 km, not UN-adjusted; DOI 10.5258/SOTON/WP00670",zmb_ppp_2016_1km_Aggregated.tif,EXPOSURE ONLY - not a flood-occurrence predictor,2026-10-07T14:55:13+00:00
ZMB-D-0204,2016,151695.0643337965,203.27952634740285,746.2387730801331,727.49267578125,"WorldPop, University of Southampton","The spatial distribution of population in 2016 Zambia — unconstrained individual countries 2000-2020, 1 km, not UN-adjusted; DOI 10.5258/SOTON/WP00670",zmb_ppp_2016_1km_Aggregated.tif,EXPOSURE ONLY - not a flood-occurrence predictor,2026-10-07T14:55:13+00:00
ZMB-D-0205,2016,85356.34434258938,7.874088401831567,10840.155709038638,9.687901496887207,"WorldPop, University of Southampton","The spatial distribution of population in 2016 Zambia — unconstrained individual countries 2000-2020, 1 km, not UN-adjusted; DOI 10.5258/SOTON/WP00670",zmb_ppp_2016_1km_Aggregated.tif,EXPOSURE ONLY - not a flood-occurrence predictor,2026-10-07T14:55:13+00:00
ZMB-D-0206,2016,247208.30821228027,158.80535841019073,1556.6748545961948,16.65151023864746,"WorldPop, University of Southampton","The spatial distribution of population in 2016 Zambia — unconstrained individual countries 2000-2020, 1 km, not UN-adjusted; DOI 10.5258/SOTON/WP00670",zmb_ppp_2016_1km_Aggregated.tif,EXPOSURE ONLY - not a flood-occurrence predictor,2026-10-07T14:55:13+00:00
ZMB-D-0207,2016,101141.66486167908,114.8119263748106,880.9334365795404,74.91751098632812,"WorldPop, University of Southampton","The spatial distribution of population in 2016 Zambia — unconstrained individual countries 2000-2020, 1 km, not UN-adjusted; DOI 10.5258/SOTON/WP00670",zmb_ppp_2016_1km_Aggregated.tif,EXPOSURE ONLY - not a flood-occurrence predictor,2026-10-07T14:55:13+00:00
ZMB-D-0107,2016,89012.29317168891,7.409766067263039,12012.83446247414,17.207170486450195,"WorldPop, University of Southampton","The spatial distribution of population in 2016 Zambia — unconstrained individual countries 2000-2020, 1 km, not UN-adjusted; DOI 10.5258/SOTON/WP00670",zmb_ppp_2016_1km_Aggregated.tif,EXPOSURE ONLY - not a flood-occurrence predictor,2026-10-07T14:55:13+00:00
ZMB-D-0307,2016,372759.6383717656,27.34332114697268,13632.56629902969,8.998419761657715,"WorldPop, University of Southampton","The spatial distribution of population in 2016 Zambia — unconstrained individual countries 2000-2020, 1 km, not UN-adjusted; DOI 10.5258/SOTON/WP00670",zmb_ppp_2016_1km_Aggregated.tif,EXPOSURE ONLY - not a flood-occurrence predictor,2026-10-07T14:55:13+00:00
ZMB-D-0705,2016,337403.3589492291,11.082387057691896,30445.00766782453,7.541754245758057,"WorldPop, University of Southampton","The spatial distribution of population in 2016 Zambia — unconstrained individual countries 2000-2020, 1 km, not UN-adjusted; DOI 10.5258/SOTON/WP00670",zmb_ppp_2016_1km_Aggregated.tif,EXPOSURE ONLY - not a flood-occurrence predictor,2026-10-07T14:55:13+00:00
ZMB-D-0401,2016,36688.013525009155,5.929704128914468,6187.157525467551,2.0190036296844482,"WorldPop, University of Southampton","The spatial distribution of population in 2016 Zambia — unconstrained individual countries 2000-2020, 1 km, not UN-adjusted; DOI 10.5258/SOTON/WP00670",zmb_ppp_2016_1km_Aggregated.tif,EXPOSURE ONLY - not a flood-occurrence predictor,2026-10-07T14:55:13+00:00
ZMB-D-0601,2016,256960.87067130208,6.412298188941744,40073.13183196019,18.05100440979004,"WorldPop, University of Southampton","The spatial distribution of population in 2016 Zambia — unconstrained individual countries 2000-2020, 1 km, not UN-adjusted; DOI 10.5258/SOTON/WP00670",zmb_ppp_2016_1km_Aggregated.tif,EXPOSURE ONLY - not a flood-occurrence predictor,2026-10-07T14:55:13+00:00
ZMB-D-0706,2016,174439.33497047424,8.360573255641198,20864.51845305863,2.2627196311950684,"WorldPop, University of Southampton","The spatial distribution of population in 2016 Zambia — unconstrained individual countries 2000-2020, 1 km, not UN-adjusted; DOI 10.5258/SOTON/WP00670",zmb_ppp_2016_1km_Aggregated.tif,EXPOSURE ONLY - not a flood-occurrence predictor,2026-10-07T14:55:13+00:00
ZMB-D-0402,2016,188950.9812850356,30.177858892388546,6261.245436888592,0.0,"WorldPop, University of Southampton","The spatial distribution of population in 2016 Zambia — unconstrained individual countries 2000-2020, 1 km, not UN-adjusted; DOI 10.5258/SOTON/WP00670",zmb_ppp_2016_1km_Aggregated.tif,EXPOSURE ONLY - not a flood-occurrence predictor,2026-10-07T14:55:13+00:00
ZMB-D-0801,2016,99831.3019041717,19.34976141276532,5159.30402316545,18.359901428222656,"WorldPop, University of Southampton","The spatial distribution of population in 2016 Zambia — unconstrained individual countries 2000-2020, 1 km, not UN-adjusted; DOI 10.5258/SOTON/WP00670",zmb_ppp_2016_1km_Aggregated.tif,EXPOSURE ONLY - not a flood-occurrence predictor,2026-10-07T14:55:13+00:00
ZMB-D-0403,2016,363092.4967584014,48.014039744789564,7562.215108088334,24.538482666015625,"WorldPop, University of Southampton","The spatial distribution of population in 2016 Zambia — unconstrained individual countries 2000-2020, 1 km, not UN-adjusted; DOI 10.5258/SOTON/WP00670",zmb_ppp_2016_1km_Aggregated.tif,EXPOSURE ONLY - not a flood-occurrence predictor,2026-10-07T14:55:13+00:00
ZMB-D-0602,2016,127102.84453627467,7.2016469438652715,17649.135750058857,6.254733562469482,"WorldPop, University of Southampton","The spatial distribution of population in 2016 Zambia — unconstrained individual countries 2000-2020, 1 km, not UN-adjusted; DOI 10.5258/SOTON/WP00670",zmb_ppp_2016_1km_Aggregated.tif,EXPOSURE ONLY - not a flood-occurrence predictor,2026-10-07T14:55:13+00:00
ZMB-D-0802,2016,145830.90388011932,16.318404432201497,8936.590858867778,20.339252471923828,"WorldPop, University of Southampton","The spatial distribution of population in 2016 Zambia — unconstrained individual countries 2000-2020, 1 km, not UN-adjusted; DOI 10.5258/SOTON/WP00670",zmb_ppp_2016_1km_Aggregated.tif,EXPOSURE ONLY - not a flood-occurrence predictor,2026-10-07T14:55:13+00:00
ZMB-D-0404,2016,33314.099088311195,7.937550776050588,4197.025005348939,26.542165756225586,"WorldPop, University of Southampton","The spatial distribution of population in 2016 Zambia — unconstrained individual countries 2000-2020, 1 km, not UN-adjusted; DOI 10.5258/SOTON/WP00670",zmb_ppp_2016_1km_Aggregated.tif,EXPOSURE ONLY - not a flood-occurrence predictor,2026-10-07T14:55:13+00:00
ZMB-D-0603,2016,61140.23792132735,6.691387156192077,9137.154448573401,3.4236319065093994,"WorldPop, University of Southampton","The spatial distribution of population in 2016 Zambia — unconstrained individual countries 2000-2020, 1 km, not UN-adjusted; DOI 10.5258/SOTON/WP00670",zmb_ppp_2016_1km_Aggregated.tif,EXPOSURE ONLY - not a flood-occurrence predictor,2026-10-07T14:55:13+00:00
ZMB-D-0803,2016,305007.25094914436,28.74351609897976,10611.341002918236,4.838253021240234,"WorldPop, University of Southampton","The spatial distribution of population in 2016 Zambia — unconstrained individual countries 2000-2020, 1 km, not UN-adjusted; DOI 10.5258/SOTON/WP00670",zmb_ppp_2016_1km_Aggregated.tif,EXPOSURE ONLY - not a flood-occurrence predictor,2026-10-07T14:55:13+00:00
ZMB-D-0604,2016,93712.40869402885,17.737449029244033,5283.308131824572,2.9998598098754883,"WorldPop, University of Southampton","The spatial distribution of population in 2016 Zambia — unconstrained individual countries 2000-2020, 1 km, not UN-adjusted; DOI 10.5258/SOTON/WP00670",zmb_ppp_2016_1km_Aggregated.tif,EXPOSURE ONLY - not a flood-occurrence predictor,2026-10-07T14:55:13+00:00
ZMB-D-0804,2016,170928.90104103088,17.599057385980537,9712.389549749032,8.80369758605957,"WorldPop, University of Southampton","The spatial distribution of population in 2016 Zambia — unconstrained individual countries 2000-2020, 1 km, not UN-adjusted; DOI 10.5258/SOTON/WP00670",zmb_ppp_2016_1km_Aggregated.tif,EXPOSURE ONLY - not a flood-occurrence predictor,2026-10-07T14:55:13+00:00
ZMB-D-0405,2016,105533.87354326248,13.20984769680695,7989.0303026560905,21.31329917907715,"WorldPop, University of Southampton","The spatial distribution of population in 2016 Zambia — unconstrained individual countries 2000-2020, 1 km, not UN-adjusted; DOI 10.5258/SOTON/WP00670",zmb_ppp_2016_1km_Aggregated.tif,EXPOSURE ONLY - not a flood-occurrence predictor,2026-10-07T14:55:13+00:00
ZMB-D-0805,2016,118905.54328250885,9.900207585906179,12010.409100086084,3.2176332473754883,"WorldPop, University of Southampton","The spatial distribution of population in 2016 Zambia — unconstrained individual countries 2000-2020, 1 km, not UN-adjusted; DOI 10.5258/SOTON/WP00670",zmb_ppp_2016_1km_Aggregated.tif,EXPOSURE ONLY - not a flood-occurrence predictor,2026-10-07T14:55:13+00:00
ZMB-D-0605,2016,163276.00605487823,37.582710445048036,4344.444669407599,53.649967193603516,"WorldPop, University of Southampton","The spatial distribution of population in 2016 Zambia — unconstrained individual countries 2000-2020, 1 km, not UN-adjusted; DOI 10.5258/SOTON/WP00670",zmb_ppp_2016_1km_Aggregated.tif,EXPOSURE ONLY - not a flood-occurrence predictor,2026-10-07T14:55:13+00:00
ZMB-D-0406,2016,186154.56404227018,44.12866558974364,4218.4498795616455,27.375715255737305,"WorldPop, University of Southampton","The spatial distribution of population in 2016 Zambia — unconstrained individual countries 2000-2020, 1 km, not UN-adjusted; DOI 10.5258/SOTON/WP00670",zmb_ppp_2016_1km_Aggregated.tif,EXPOSURE ONLY - not a flood-occurrence predictor,2026-10-07T14:55:13+00:00
ZMB-D-0806,2016,227194.38264083862,29.735774340486426,7640.439426240349,49.648223876953125,"WorldPop, University of Southampton","The spatial distribution of population in 2016 Zambia — unconstrained individual countries 2000-2020, 1 km, not UN-adjusted; DOI 10.5258/SOTON/WP00670",zmb_ppp_2016_1km_Aggregated.tif,EXPOSURE ONLY - not a flood-occurrence predictor,2026-10-07T14:55:13+00:00
ZMB-D-0807,2016,148535.60836985707,13.402071181491207,11083.033835470942,5.822638511657715,"WorldPop, University of Southampton","The spatial distribution of population in 2016 Zambia — unconstrained individual countries 2000-2020, 1 km, not UN-adjusted; DOI 10.5258/SOTON/WP00670",zmb_ppp_2016_1km_Aggregated.tif,EXPOSURE ONLY - not a flood-occurrence predictor,2026-10-07T14:55:13+00:00
ZMB-D-0808,2016,59923.434796221554,8.0919277583827,7405.33487019145,2.6991019248962402,"WorldPop, University of Southampton","The spatial distribution of population in 2016 Zambia — unconstrained individual countries 2000-2020, 1 km, not UN-adjusted; DOI 10.5258/SOTON/WP00670",zmb_ppp_2016_1km_Aggregated.tif,EXPOSURE ONLY - not a flood-occurrence predictor,2026-10-07T14:55:13+00:00
ZMB-D-0407,2016,125369.31448537111,32.2323917964298,3889.5442596120824,163.4309539794922,"WorldPop, University of Southampton","The spatial distribution of population in 2016 Zambia — unconstrained individual countries 2000-2020, 1 km, not UN-adjusted; DOI 10.5258/SOTON/WP00670",zmb_ppp_2016_1km_Aggregated.tif,EXPOSURE ONLY - not a flood-occurrence predictor,2026-10-07T14:55:13+00:00
ZMB-D-0208,2016,113089.76959371567,30.710745487359493,3682.4169455692077,9.739410400390625,"WorldPop, University of Southampton","The spatial distribution of population in 2016 Zambia — unconstrained individual countries 2000-2020, 1 km, not UN-adjusted; DOI 10.5258/SOTON/WP00670",zmb_ppp_2016_1km_Aggregated.tif,EXPOSURE ONLY - not a flood-occurrence predictor,2026-10-07T14:55:13+00:00
ZMB-D-0209,2016,161563.90053653717,203.7844614910556,792.8175649625202,93.6182632446289,"WorldPop, University of Southampton","The spatial distribution of population in 2016 Zambia — unconstrained individual countries 2000-2020, 1 km, not UN-adjusted; DOI 10.5258/SOTON/WP00670",zmb_ppp_2016_1km_Aggregated.tif,EXPOSURE ONLY - not a flood-occurrence predictor,2026-10-07T14:55:13+00:00
ZMB-D-0210,2016,554099.9817276001,509.4064187624487,1087.7365524245452,138.86935424804688,"WorldPop, University of Southampton","The spatial distribution of population in 2016 Zambia — unconstrained individual countries 2000-2020, 1 km, not UN-adjusted; DOI 10.5258/SOTON/WP00670",zmb_ppp_2016_1km_Aggregated.tif,EXPOSURE ONLY - not a flood-occurrence predictor,2026-10-07T14:55:13+00:00
ZMB-D-0707,2016,41218.12558054924,18.77577864591331,2195.2818233464145,25.898927688598633,"WorldPop, University of Southampton","The spatial distribution of population in 2016 Zambia — unconstrained individual countries 2000-2020, 1 km, not UN-adjusted; DOI 10.5258/SOTON/WP00670",zmb_ppp_2016_1km_Aggregated.tif,EXPOSURE ONLY - not a flood-occurrence predictor,2026-10-07T14:55:13+00:00
ZMB-D-0606,2016,87061.10298085213,21.3502869153903,4077.748618829771,18.66983985900879,"WorldPop, University of Southampton","The spatial distribution of population in 2016 Zambia — unconstrained individual countries 2000-2020, 1 km, not UN-adjusted; DOI 10.5258/SOTON/WP00670",zmb_ppp_2016_1km_Aggregated.tif,EXPOSURE ONLY - not a flood-occurrence predictor,2026-10-07T14:55:13+00:00
ZMB-D-0505,2016,51968.65908694267,29.292075434230956,1774.1542146314316,22.28934669494629,"WorldPop, University of Southampton","The spatial distribution of population in 2016 Zambia — unconstrained individual countries 2000-2020, 1 km, not UN-adjusted; DOI 10.5258/SOTON/WP00670",zmb_ppp_2016_1km_Aggregated.tif,EXPOSURE ONLY - not a flood-occurrence predictor,2026-10-07T14:55:13+00:00
ZMB-D-0408,2016,82381.11446726322,38.30476651633083,2150.675280376423,26.64305305480957,"WorldPop, University of Southampton","The spatial distribution of population in 2016 Zambia — unconstrained individual countries 2000-2020, 1 km, not UN-adjusted; DOI 10.5258/SOTON/WP00670",zmb_ppp_2016_1km_Aggregated.tif,EXPOSURE ONLY - not a flood-occurrence predictor,2026-10-07T14:55:13+00:00
ZMB-D-0607,2016,98087.73943078518,15.655380746204697,6265.433017626505,8.425722122192383,"WorldPop, University of Southampton","The spatial distribution of population in 2016 Zambia — unconstrained individual countries 2000-2020, 1 km, not UN-adjusted; DOI 10.5258/SOTON/WP00670",zmb_ppp_2016_1km_Aggregated.tif,EXPOSURE ONLY - not a flood-occurrence predictor,2026-10-07T14:55:13+00:00
ZMB-D-0108,2016,163440.26821255684,19.422357455201638,8415.0581920623,21.109832763671875,"WorldPop, University of Southampton","The spatial distribution of population in 2016 Zambia — unconstrained individual countries 2000-2020, 1 km, not UN-adjusted; DOI 10.5258/SOTON/WP00670",zmb_ppp_2016_1km_Aggregated.tif,EXPOSURE ONLY - not a flood-occurrence predictor,2026-10-07T14:55:13+00:00
ZMB-D-0506,2016,256425.76665854454,113.4466472469546,2260.3203609917887,37.36893081665039,"WorldPop, University of Southampton","The spatial distribution of population in 2016 Zambia — unconstrained individual countries 2000-2020, 1 km, not UN-adjusted; DOI 10.5258/SOTON/WP00670",zmb_ppp_2016_1km_Aggregated.tif,EXPOSURE ONLY - not a flood-occurrence predictor,2026-10-07T14:55:13+00:00
ZMB-D-0109,2016,122724.80940276384,23.28096540550021,5271.4656486611875,12.452561378479004,"WorldPop, University of Southampton","The spatial distribution of population in 2016 Zambia — unconstrained individual countries 2000-2020, 1 km, not UN-adjusted; DOI 10.5258/SOTON/WP00670",zmb_ppp_2016_1km_Aggregated.tif,EXPOSURE ONLY - not a flood-occurrence predictor,2026-10-07T14:55:13+00:00
ZMB-D-1007,2016,47235.02313166857,4.2631889931707,11079.739417449106,3.5614914894104004,"WorldPop, University of Southampton","The spatial distribution of population in 2016 Zambia — unconstrained individual countries 2000-2020, 1 km, not UN-adjusted; DOI 10.5258/SOTON/WP00670",zmb_ppp_2016_1km_Aggregated.tif,EXPOSURE ONLY - not a flood-occurrence predictor,2026-10-07T14:55:13+00:00
ZMB-D-1008,2016,33130.28117170185,5.129236921229118,6459.105258831141,1.6919032335281372,"WorldPop, University of Southampton","The spatial distribution of population in 2016 Zambia — unconstrained individual countries 2000-2020, 1 km, not UN-adjusted; DOI 10.5258/SOTON/WP00670",zmb_ppp_2016_1km_Aggregated.tif,EXPOSURE ONLY - not a flood-occurrence predictor,2026-10-07T14:55:13+00:00
ZMB-D-1009,2016,65409.53441601992,8.220283385713572,7957.08996233613,2.4340474605560303,"WorldPop, University of Southampton","The spatial distribution of population in 2016 Zambia — unconstrained individual countries 2000-2020, 1 km, not UN-adjusted; DOI 10.5258/SOTON/WP00670",zmb_ppp_2016_1km_Aggregated.tif,EXPOSURE ONLY - not a flood-occurrence predictor,2026-10-07T14:55:13+00:00
ZMB-D-1010,2016,56917.13760077953,12.303483347014334,4626.099454557439,5.29254674911499,"WorldPop, University of Southampton","The spatial distribution of population in 2016 Zambia — unconstrained individual countries 2000-2020, 1 km, not UN-adjusted; DOI 10.5258/SOTON/WP00670",zmb_ppp_2016_1km_Aggregated.tif,EXPOSURE ONLY - not a flood-occurrence predictor,2026-10-07T14:55:13+00:00
ZMB-D-1011,2016,49806.784984350204,6.5177830517751225,7641.6757950827,5.164417743682861,"WorldPop, University of Southampton","The spatial distribution of population in 2016 Zambia — unconstrained individual countries 2000-2020, 1 km, not UN-adjusted; DOI 10.5258/SOTON/WP00670",zmb_ppp_2016_1km_Aggregated.tif,EXPOSURE ONLY - not a flood-occurrence predictor,2026-10-07T14:55:13+00:00
ZMB-D-1012,2016,61216.79605805874,6.010973165445335,10184.17390547831,4.059542655944824,"WorldPop, University of Southampton","The spatial distribution of population in 2016 Zambia — unconstrained individual countries 2000-2020, 1 km, not UN-adjusted; DOI 10.5258/SOTON/WP00670",zmb_ppp_2016_1km_Aggregated.tif,EXPOSURE ONLY - not a flood-occurrence predictor,2026-10-07T14:55:13+00:00
ZMB-D-1013,2016,44049.636623740196,11.591104271452904,3800.2968131541734,35.88984298706055,"WorldPop, University of Southampton","The spatial distribution of population in 2016 Zambia — unconstrained individual countries 2000-2020, 1 km, not UN-adjusted; DOI 10.5258/SOTON/WP00670",zmb_ppp_2016_1km_Aggregated.tif,EXPOSURE ONLY - not a flood-occurrence predictor,2026-10-07T14:55:13+00:00
ZMB-D-0809,2016,86016.87304580212,16.97157222016988,5068.291371589916,12.03916072845459,"WorldPop, University of Southampton","The spatial distribution of population in 2016 Zambia — unconstrained individual countries 2000-2020, 1 km, not UN-adjusted; DOI 10.5258/SOTON/WP00670",zmb_ppp_2016_1km_Aggregated.tif,EXPOSURE ONLY - not a flood-occurrence predictor,2026-10-07T14:55:13+00:00
ZMB-D-0409,2016,28803.291456054896,7.775774409308161,3704.234451757665,5.113844871520996,"WorldPop, University of Southampton","The spatial distribution of population in 2016 Zambia — unconstrained individual countries 2000-2020, 1 km, not UN-adjusted; DOI 10.5258/SOTON/WP00670",zmb_ppp_2016_1km_Aggregated.tif,EXPOSURE ONLY - not a flood-occurrence predictor,2026-10-07T14:55:13+00:00
ZMB-D-0911,2016,106978.94840765,20.381557869316076,5248.811160245219,10.50051498413086,"WorldPop, University of Southampton","The spatial distribution of population in 2016 Zambia — unconstrained individual countries 2000-2020, 1 km, not UN-adjusted; DOI 10.5258/SOTON/WP00670",zmb_ppp_2016_1km_Aggregated.tif,EXPOSURE ONLY - not a flood-occurrence predictor,2026-10-07T14:55:13+00:00
ZMB-D-0308,2016,189326.61687850952,73.11317069699874,2589.5008392281543,268.4014587402344,"WorldPop, University of Southampton","The spatial distribution of population in 2016 Zambia — unconstrained individual countries 2000-2020, 1 km, not UN-adjusted; DOI 10.5258/SOTON/WP00670",zmb_ppp_2016_1km_Aggregated.tif,EXPOSURE ONLY - not a flood-occurrence predictor,2026-10-07T14:55:13+00:00
ZMB-D-0110,2016,233616.66350025684,25.07711174794587,9315.931828528577,20.583330154418945,"WorldPop, University of Southampton","The spatial distribution of population in 2016 Zambia — unconstrained individual countries 2000-2020, 1 km, not UN-adjusted; DOI 10.5258/SOTON/WP00670",zmb_ppp_2016_1km_Aggregated.tif,EXPOSURE ONLY - not a flood-occurrence predictor,2026-10-07T14:55:13+00:00
ZMB-D-0507,2016,221495.52886486053,165.8229468539733,1335.735090149577,48.872188568115234,"WorldPop, University of Southampton","The spatial distribution of population in 2016 Zambia — unconstrained individual countries 2000-2020, 1 km, not UN-adjusted; DOI 10.5258/SOTON/WP00670",zmb_ppp_2016_1km_Aggregated.tif,EXPOSURE ONLY - not a flood-occurrence predictor,2026-10-07T14:55:13+00:00
ZMB-D-0309,2016,37701.88257741928,40.95402167288577,920.5904826284833,26.08538055419922,"WorldPop, University of Southampton","The spatial distribution of population in 2016 Zambia — unconstrained individual countries 2000-2020, 1 km, not UN-adjusted; DOI 10.5258/SOTON/WP00670",zmb_ppp_2016_1km_Aggregated.tif,EXPOSURE ONLY - not a flood-occurrence predictor,2026-10-07T14:55:13+00:00
ZMB-D-1014,2016,54202.58185052872,13.881485627585848,3904.667216801,5.188299655914307,"WorldPop, University of Southampton","The spatial distribution of population in 2016 Zambia — unconstrained individual countries 2000-2020, 1 km, not UN-adjusted; DOI 10.5258/SOTON/WP00670",zmb_ppp_2016_1km_Aggregated.tif,EXPOSURE ONLY - not a flood-occurrence predictor,2026-10-07T14:55:13+00:00
ZMB-D-1015,2016,36441.81563234329,5.730825928072389,6358.911628048839,3.11073899269104,"WorldPop, University of Southampton","The spatial distribution of population in 2016 Zambia — unconstrained individual countries 2000-2020, 1 km, not UN-adjusted; DOI 10.5258/SOTON/WP00670",zmb_ppp_2016_1km_Aggregated.tif,EXPOSURE ONLY - not a flood-occurrence predictor,2026-10-07T14:55:13+00:00
ZMB-D-0111,2016,102164.8678110838,8.820284001838514,11582.945377925289,13.452922821044922,"WorldPop, University of Southampton","The spatial distribution of population in 2016 Zambia — unconstrained individual countries 2000-2020, 1 km, not UN-adjusted; DOI 10.5258/SOTON/WP00670",zmb_ppp_2016_1km_Aggregated.tif,EXPOSURE ONLY - not a flood-occurrence predictor,2026-10-07T14:55:13+00:00
ZMB-D-0708,2016,55700.99029934406,7.907660040473012,7043.928294116726,9.478904724121094,"WorldPop, University of Southampton","The spatial distribution of population in 2016 Zambia — unconstrained individual countries 2000-2020, 1 km, not UN-adjusted; DOI 10.5258/SOTON/WP00670",zmb_ppp_2016_1km_Aggregated.tif,EXPOSURE ONLY - not a flood-occurrence predictor,2026-10-07T14:55:13+00:00
ZMB-D-0709,2016,62423.2846558094,8.411118788775992,7421.51980294329,4.365530490875244,"WorldPop, University of Southampton","The spatial distribution of population in 2016 Zambia — unconstrained individual countries 2000-2020, 1 km, not UN-adjusted; DOI 10.5258/SOTON/WP00670",zmb_ppp_2016_1km_Aggregated.tif,EXPOSURE ONLY - not a flood-occurrence predictor,2026-10-07T14:55:13+00:00
ZMB-D-0410,2016,92724.13919591904,38.13816308541456,2431.269146032368,12.93416976928711,"WorldPop, University of Southampton","The spatial distribution of population in 2016 Zambia — unconstrained individual countries 2000-2020, 1 km, not UN-adjusted; DOI 10.5258/SOTON/WP00670",zmb_ppp_2016_1km_Aggregated.tif,EXPOSURE ONLY - not a flood-occurrence predictor,2026-10-07T14:55:13+00:00
ZMB-D-0411,2016,58232.779235839844,48.99749974817808,1188.4847091203908,35.29883575439453,"WorldPop, University of Southampton","The spatial distribution of population in 2016 Zambia — unconstrained individual countries 2000-2020, 1 km, not UN-adjusted; DOI 10.5258/SOTON/WP00670",zmb_ppp_2016_1km_Aggregated.tif,EXPOSURE ONLY - not a flood-occurrence predictor,2026-10-07T14:55:13+00:00
ZMB-D-0912,2016,48440.68392395973,25.518180148605424,1898.281289726181,9.682304382324219,"WorldPop, University of Southampton","The spatial distribution of population in 2016 Zambia — unconstrained individual countries 2000-2020, 1 km, not UN-adjusted; DOI 10.5258/SOTON/WP00670",zmb_ppp_2016_1km_Aggregated.tif,EXPOSURE ONLY - not a flood-occurrence predictor,2026-10-07T14:55:13+00:00
ZMB-D-0508,2016,64818.55643749237,39.64289100274721,1635.0612883656872,23.780832290649414,"WorldPop, University of Southampton","The spatial distribution of population in 2016 Zambia — unconstrained individual countries 2000-2020, 1 km, not UN-adjusted; DOI 10.5258/SOTON/WP00670",zmb_ppp_2016_1km_Aggregated.tif,EXPOSURE ONLY - not a flood-occurrence predictor,2026-10-07T14:55:13+00:00
ZMB-D-0901,2017,175952.15124702454,209.15729681286172,841.2431883954464,167.82154846191406,"WorldPop, University of Southampton","The spatial distribution of population in 2017 Zambia — unconstrained individual countries 2000-2020, 1 km, not UN-adjusted; DOI 10.5258/SOTON/WP00670",zmb_ppp_2017_1km_Aggregated.tif,EXPOSURE ONLY - not a flood-occurrence predictor,2026-10-07T14:55:13+00:00
ZMB-D-0902,2017,122405.70083649457,24.139391054298095,5070.7866060564875,32.45329666137695,"WorldPop, University of Southampton","The spatial distribution of population in 2017 Zambia — unconstrained individual countries 2000-2020, 1 km, not UN-adjusted; DOI 10.5258/SOTON/WP00670",zmb_ppp_2017_1km_Aggregated.tif,EXPOSURE ONLY - not a flood-occurrence predictor,2026-10-07T14:55:13+00:00
ZMB-D-0903,2017,71085.39025456458,18.435716875098628,3855.8517000540714,11.857680320739746,"WorldPop, University of Southampton","The spatial distribution of population in 2017 Zambia — unconstrained individual countries 2000-2020, 1 km, not UN-adjusted; DOI 10.5258/SOTON/WP00670",zmb_ppp_2017_1km_Aggregated.tif,EXPOSURE ONLY - not a flood-occurrence predictor,2026-10-07T14:55:13+00:00
ZMB-D-0904,2017,226291.0995335579,28.002868258771475,8080.997183660843,9.595646858215332,"WorldPop, University of Southampton","The spatial distribution of population in 2017 Zambia — unconstrained individual countries 2000-2020, 1 km, not UN-adjusted; DOI 10.5258/SOTON/WP00670",zmb_ppp_2017_1km_Aggregated.tif,EXPOSURE ONLY - not a flood-occurrence predictor,2026-10-07T14:55:13+00:00
ZMB-D-0905,2017,246954.46041488647,47.911605463762946,5154.376648924151,129.4753875732422,"WorldPop, University of Southampton","The spatial distribution of population in 2017 Zambia — unconstrained individual countries 2000-2020, 1 km, not UN-adjusted; DOI 10.5258/SOTON/WP00670",zmb_ppp_2017_1km_Aggregated.tif,EXPOSURE ONLY - not a flood-occurrence predictor,2026-10-07T14:55:13+00:00
ZMB-D-0906,2017,143689.90336334705,7.857745136736701,18286.404160853333,1.8784955739974976,"WorldPop, University of Southampton","The spatial distribution of population in 2017 Zambia — unconstrained individual countries 2000-2020, 1 km, not UN-adjusted; DOI 10.5258/SOTON/WP00670",zmb_ppp_2017_1km_Aggregated.tif,EXPOSURE ONLY - not a flood-occurrence predictor,2026-10-07T14:55:13+00:00
ZMB-D-0907,2017,59048.9242715016,28.806685802049355,2049.8340099679485,12.164055824279785,"WorldPop, University of Southampton","The spatial distribution of population in 2017 Zambia — unconstrained individual countries 2000-2020, 1 km, not UN-adjusted; DOI 10.5258/SOTON/WP00670",zmb_ppp_2017_1km_Aggregated.tif,EXPOSURE ONLY - not a flood-occurrence predictor,2026-10-07T14:55:13+00:00
ZMB-D-1001,2017,42745.34275186062,5.159622395141772,8284.587413239587,6.840331554412842,"WorldPop, University of Southampton","The spatial distribution of population in 2017 Zambia — unconstrained individual countries 2000-2020, 1 km, not UN-adjusted; DOI 10.5258/SOTON/WP00670",zmb_ppp_2017_1km_Aggregated.tif,EXPOSURE ONLY - not a flood-occurrence predictor,2026-10-07T14:55:13+00:00
ZMB-D-0908,2017,218482.05242869258,44.58421601851732,4900.434995603594,14.152387619018555,"WorldPop, University of Southampton","The spatial distribution of population in 2017 Zambia — unconstrained individual countries 2000-2020, 1 km, not UN-adjusted; DOI 10.5258/SOTON/WP00670",zmb_ppp_2017_1km_Aggregated.tif,EXPOSURE ONLY - not a flood-occurrence predictor,2026-10-07T14:55:13+00:00
ZMB-D-0909,2017,114323.93667548895,21.14059680932931,5407.791355494656,11.493467330932617,"WorldPop, University of Southampton","The spatial distribution of population in 2017 Zambia — unconstrained individual countries 2000-2020, 1 km, not UN-adjusted; DOI 10.5258/SOTON/WP00670",zmb_ppp_2017_1km_Aggregated.tif,EXPOSURE ONLY - not a flood-occurrence predictor,2026-10-07T14:55:13+00:00
ZMB-D-0910,2017,181755.39497995377,47.508881180135326,3825.714065772408,144.15914916992188,"WorldPop, University of Southampton","The spatial distribution of population in 2017 Zambia — unconstrained individual countries 2000-2020, 1 km, not UN-adjusted; DOI 10.5258/SOTON/WP00670",zmb_ppp_2017_1km_Aggregated.tif,EXPOSURE ONLY - not a flood-occurrence predictor,2026-10-07T14:55:13+00:00
ZMB-D-1002,2017,75922.24379223585,6.890156192694575,11018.9437900891,1.297931432723999,"WorldPop, University of Southampton","The spatial distribution of population in 2017 Zambia — unconstrained individual countries 2000-2020, 1 km, not UN-adjusted; DOI 10.5258/SOTON/WP00670",zmb_ppp_2017_1km_Aggregated.tif,EXPOSURE ONLY - not a flood-occurrence predictor,2026-10-07T14:55:13+00:00
ZMB-D-0501,2017,1936529.6593322754,4488.495430336213,431.4429388172996,2119.227783203125,"WorldPop, University of Southampton","The spatial distribution of population in 2017 Zambia — unconstrained individual countries 2000-2020, 1 km, not UN-adjusted; DOI 10.5258/SOTON/WP00670",zmb_ppp_2017_1km_Aggregated.tif,EXPOSURE ONLY - not a flood-occurrence predictor,2026-10-07T14:55:13+00:00
ZMB-D-0101,2017,101515.00936944038,6.288711958830041,16142.416767379873,7.152660369873047,"WorldPop, University of Southampton","The spatial distribution of population in 2017 Zambia — unconstrained individual countries 2000-2020, 1 km, not UN-adjusted; DOI 10.5258/SOTON/WP00670",zmb_ppp_2017_1km_Aggregated.tif,EXPOSURE ONLY - not a flood-occurrence predictor,2026-10-07T14:55:13+00:00
ZMB-D-0502,2017,130151.47526929528,28.0523460372565,4639.593248152589,3.6345794200897217,"WorldPop, University of Southampton","The spatial distribution of population in 2017 Zambia — unconstrained individual countries 2000-2020, 1 km, not UN-adjusted; DOI 10.5258/SOTON/WP00670",zmb_ppp_2017_1km_Aggregated.tif,EXPOSURE ONLY - not a flood-occurrence predictor,2026-10-07T14:55:13+00:00
ZMB-D-0503,2017,27365.95392781496,7.250394224762875,3774.40909824596,1.7389707565307617,"WorldPop, University of Southampton","The spatial distribution of population in 2017 Zambia — unconstrained individual countries 2000-2020, 1 km, not UN-adjusted; DOI 10.5258/SOTON/WP00670",zmb_ppp_2017_1km_Aggregated.tif,EXPOSURE ONLY - not a flood-occurrence predictor,2026-10-07T14:55:13+00:00
ZMB-D-0504,2017,64305.44208538532,6.7252387277234105,9561.808091703777,5.007857799530029,"WorldPop, University of Southampton","The spatial distribution of population in 2017 Zambia — unconstrained individual countries 2000-2020, 1 km, not UN-adjusted; DOI 10.5258/SOTON/WP00670",zmb_ppp_2017_1km_Aggregated.tif,EXPOSURE ONLY - not a flood-occurrence predictor,2026-10-07T14:55:13+00:00
ZMB-D-1003,2017,149198.74437111616,24.633282447647023,6056.795097779089,12.315356254577637,"WorldPop, University of Southampton","The spatial distribution of population in 2017 Zambia — unconstrained individual countries 2000-2020, 1 km, not UN-adjusted; DOI 10.5258/SOTON/WP00670",zmb_ppp_2017_1km_Aggregated.tif,EXPOSURE ONLY - not a flood-occurrence predictor,2026-10-07T14:55:13+00:00
ZMB-D-0102,2017,673289.0334065706,75.45168604296023,8923.445832916408,32.18291091918945,"WorldPop, University of Southampton","The spatial distribution of population in 2017 Zambia — unconstrained individual countries 2000-2020, 1 km, not UN-adjusted; DOI 10.5258/SOTON/WP00670",zmb_ppp_2017_1km_Aggregated.tif,EXPOSURE ONLY - not a flood-occurrence predictor,2026-10-07T14:55:13+00:00
ZMB-D-0103,2017,221302.79246902466,143.27923635109406,1544.5559182542002,47.91302490234375,"WorldPop, University of Southampton","The spatial distribution of population in 2017 Zambia — unconstrained individual countries 2000-2020, 1 km, not UN-adjusted; DOI 10.5258/SOTON/WP00670",zmb_ppp_2017_1km_Aggregated.tif,EXPOSURE ONLY - not a flood-occurrence predictor,2026-10-07T14:55:13+00:00
ZMB-D-0104,2017,224506.05547994375,11.26192614781853,19934.96072813719,7.694366931915283,"WorldPop, University of Southampton","The spatial distribution of population in 2017 Zambia — unconstrained individual countries 2000-2020, 1 km, not UN-adjusted; DOI 10.5258/SOTON/WP00670",zmb_ppp_2017_1km_Aggregated.tif,EXPOSURE ONLY - not a flood-occurrence predictor,2026-10-07T14:55:13+00:00
ZMB-D-1004,2017,88782.33923101425,9.01779073561261,9845.242791052964,5.250953674316406,"WorldPop, University of Southampton","The spatial distribution of population in 2017 Zambia — unconstrained individual countries 2000-2020, 1 km, not UN-adjusted; DOI 10.5258/SOTON/WP00670",zmb_ppp_2017_1km_Aggregated.tif,EXPOSURE ONLY - not a flood-occurrence predictor,2026-10-07T14:55:13+00:00
ZMB-D-1005,2017,105606.54844892025,11.551898366445075,9141.921535223746,4.2866363525390625,"WorldPop, University of Southampton","The spatial distribution of population in 2017 Zambia — unconstrained individual countries 2000-2020, 1 km, not UN-adjusted; DOI 10.5258/SOTON/WP00670",zmb_ppp_2017_1km_Aggregated.tif,EXPOSURE ONLY - not a flood-occurrence predictor,2026-10-07T14:55:13+00:00
ZMB-D-0301,2017,82347.27813339233,54.66378755895008,1506.4319874393639,57.51303482055664,"WorldPop, University of Southampton","The spatial distribution of population in 2017 Zambia — unconstrained individual countries 2000-2020, 1 km, not UN-adjusted; DOI 10.5258/SOTON/WP00670",zmb_ppp_2017_1km_Aggregated.tif,EXPOSURE ONLY - not a flood-occurrence predictor,2026-10-07T14:55:13+00:00
ZMB-D-0302,2017,92854.66519618034,9.074359002255393,10232.641795756781,5.9978508949279785,"WorldPop, University of Southampton","The spatial distribution of population in 2017 Zambia — unconstrained individual countries 2000-2020, 1 km, not UN-adjusted; DOI 10.5258/SOTON/WP00670",zmb_ppp_2017_1km_Aggregated.tif,EXPOSURE ONLY - not a flood-occurrence predictor,2026-10-07T14:55:13+00:00
ZMB-D-1006,2017,76007.01696437597,8.14100160673539,9336.322560296781,10.285810470581055,"WorldPop, University of Southampton","The spatial distribution of population in 2017 Zambia — unconstrained individual countries 2000-2020, 1 km, not UN-adjusted; DOI 10.5258/SOTON/WP00670",zmb_ppp_2017_1km_Aggregated.tif,EXPOSURE ONLY - not a flood-occurrence predictor,2026-10-07T14:55:13+00:00
ZMB-D-0303,2017,191388.66043567657,78.21499768214645,2446.956032824424,524.9344482421875,"WorldPop, University of Southampton","The spatial distribution of population in 2017 Zambia — unconstrained individual countries 2000-2020, 1 km, not UN-adjusted; DOI 10.5258/SOTON/WP00670",zmb_ppp_2017_1km_Aggregated.tif,EXPOSURE ONLY - not a flood-occurrence predictor,2026-10-07T14:55:13+00:00
ZMB-D-0105,2017,56837.44215607643,8.23644798116825,6900.722530638099,15.41597843170166,"WorldPop, University of Southampton","The spatial distribution of population in 2017 Zambia — unconstrained individual countries 2000-2020, 1 km, not UN-adjusted; DOI 10.5258/SOTON/WP00670",zmb_ppp_2017_1km_Aggregated.tif,EXPOSURE ONLY - not a flood-occurrence predictor,2026-10-07T14:55:13+00:00
ZMB-D-0304,2017,338432.56654572487,46.046334438911195,7349.826444811085,63.52735900878906,"WorldPop, University of Southampton","The spatial distribution of population in 2017 Zambia — unconstrained individual countries 2000-2020, 1 km, not UN-adjusted; DOI 10.5258/SOTON/WP00670",zmb_ppp_2017_1km_Aggregated.tif,EXPOSURE ONLY - not a flood-occurrence predictor,2026-10-07T14:55:13+00:00
ZMB-D-0106,2017,36114.89963705838,3.8945092110020596,9273.286486274863,1.5719921588897705,"WorldPop, University of Southampton","The spatial distribution of population in 2017 Zambia — unconstrained individual countries 2000-2020, 1 km, not UN-adjusted; DOI 10.5258/SOTON/WP00670",zmb_ppp_2017_1km_Aggregated.tif,EXPOSURE ONLY - not a flood-occurrence predictor,2026-10-07T14:55:13+00:00
ZMB-D-0201,2017,119248.94159638882,13.389948526897985,8905.8551163837,15.849788665771484,"WorldPop, University of Southampton","The spatial distribution of population in 2017 Zambia — unconstrained individual countries 2000-2020, 1 km, not UN-adjusted; DOI 10.5258/SOTON/WP00670",zmb_ppp_2017_1km_Aggregated.tif,EXPOSURE ONLY - not a flood-occurrence predictor,2026-10-07T14:55:13+00:00
ZMB-D-0305,2017,529151.0329706669,82.71274782563891,6397.4544055305,101.2265625,"WorldPop, University of Southampton","The spatial distribution of population in 2017 Zambia — unconstrained individual countries 2000-2020, 1 km, not UN-adjusted; DOI 10.5258/SOTON/WP00670",zmb_ppp_2017_1km_Aggregated.tif,EXPOSURE ONLY - not a flood-occurrence predictor,2026-10-07T14:55:13+00:00
ZMB-D-0701,2017,108543.64116454124,7.593299118412377,14294.66157883107,2.914099931716919,"WorldPop, University of Southampton","The spatial distribution of population in 2017 Zambia — unconstrained individual countries 2000-2020, 1 km, not UN-adjusted; DOI 10.5258/SOTON/WP00670",zmb_ppp_2017_1km_Aggregated.tif,EXPOSURE ONLY - not a flood-occurrence predictor,2026-10-07T14:55:13+00:00
ZMB-D-0702,2017,38175.079919576645,8.329813349837792,4582.94541741683,2.1067352294921875,"WorldPop, University of Southampton","The spatial distribution of population in 2017 Zambia — unconstrained individual countries 2000-2020, 1 km, not UN-adjusted; DOI 10.5258/SOTON/WP00670",zmb_ppp_2017_1km_Aggregated.tif,EXPOSURE ONLY - not a flood-occurrence predictor,2026-10-07T14:55:13+00:00
ZMB-D-0703,2017,68632.18986535072,3.611586806993981,19003.333862124473,3.0306036472320557,"WorldPop, University of Southampton","The spatial distribution of population in 2017 Zambia — unconstrained individual countries 2000-2020, 1 km, not UN-adjusted; DOI 10.5258/SOTON/WP00670",zmb_ppp_2017_1km_Aggregated.tif,EXPOSURE ONLY - not a flood-occurrence predictor,2026-10-07T14:55:13+00:00
ZMB-D-0306,2017,91460.42399764061,15.466096576063636,5913.60745407415,10.435952186584473,"WorldPop, University of Southampton","The spatial distribution of population in 2017 Zambia — unconstrained individual countries 2000-2020, 1 km, not UN-adjusted; DOI 10.5258/SOTON/WP00670",zmb_ppp_2017_1km_Aggregated.tif,EXPOSURE ONLY - not a flood-occurrence predictor,2026-10-07T14:55:13+00:00
ZMB-D-0704,2017,86779.17884325981,3.981909094741544,21793.360114086794,3.107590675354004,"WorldPop, University of Southampton","The spatial distribution of population in 2017 Zambia — unconstrained individual countries 2000-2020, 1 km, not UN-adjusted; DOI 10.5258/SOTON/WP00670",zmb_ppp_2017_1km_Aggregated.tif,EXPOSURE ONLY - not a flood-occurrence predictor,2026-10-07T14:55:13+00:00
ZMB-D-0202,2017,686758.3715839386,573.4831569405909,1197.521432447374,171.11573791503906,"WorldPop, University of Southampton","The spatial distribution of population in 2017 Zambia — unconstrained individual countries 2000-2020, 1 km, not UN-adjusted; DOI 10.5258/SOTON/WP00670",zmb_ppp_2017_1km_Aggregated.tif,EXPOSURE ONLY - not a flood-occurrence predictor,2026-10-07T14:55:13+00:00
ZMB-D-0203,2017,86907.15782356262,81.25339077908843,1069.5819213236975,13.243980407714844,"WorldPop, University of Southampton","The spatial distribution of population in 2017 Zambia — unconstrained individual countries 2000-2020, 1 km, not UN-adjusted; DOI 10.5258/SOTON/WP00670",zmb_ppp_2017_1km_Aggregated.tif,EXPOSURE ONLY - not a flood-occurrence predictor,2026-10-07T14:55:13+00:00
ZMB-D-0204,2017,154058.27257287502,206.4463522003725,746.2387730801331,713.8848266601562,"WorldPop, University of Southampton","The spatial distribution of population in 2017 Zambia — unconstrained individual countries 2000-2020, 1 km, not UN-adjusted; DOI 10.5258/SOTON/WP00670",zmb_ppp_2017_1km_Aggregated.tif,EXPOSURE ONLY - not a flood-occurrence predictor,2026-10-07T14:55:13+00:00
ZMB-D-0205,2017,87239.39024603367,8.047798628325285,10840.155709038638,9.567561149597168,"WorldPop, University of Southampton","The spatial distribution of population in 2017 Zambia — unconstrained individual countries 2000-2020, 1 km, not UN-adjusted; DOI 10.5258/SOTON/WP00670",zmb_ppp_2017_1km_Aggregated.tif,EXPOSURE ONLY - not a flood-occurrence predictor,2026-10-07T14:55:13+00:00
ZMB-D-0206,2017,253332.7471256256,162.73966678246418,1556.6748545961948,15.795530319213867,"WorldPop, University of Southampton","The spatial distribution of population in 2017 Zambia — unconstrained individual countries 2000-2020, 1 km, not UN-adjusted; DOI 10.5258/SOTON/WP00670",zmb_ppp_2017_1km_Aggregated.tif,EXPOSURE ONLY - not a flood-occurrence predictor,2026-10-07T14:55:13+00:00
ZMB-D-0207,2017,104156.24269676208,118.23395318172568,880.9334365795404,79.74231719970703,"WorldPop, University of Southampton","The spatial distribution of population in 2017 Zambia — unconstrained individual countries 2000-2020, 1 km, not UN-adjusted; DOI 10.5258/SOTON/WP00670",zmb_ppp_2017_1km_Aggregated.tif,EXPOSURE ONLY - not a flood-occurrence predictor,2026-10-07T14:55:13+00:00
ZMB-D-0107,2017,90790.93043799698,7.557827482066032,12012.83446247414,17.2326602935791,"WorldPop, University of Southampton","The spatial distribution of population in 2017 Zambia — unconstrained individual countries 2000-2020, 1 km, not UN-adjusted; DOI 10.5258/SOTON/WP00670",zmb_ppp_2017_1km_Aggregated.tif,EXPOSURE ONLY - not a flood-occurrence predictor,2026-10-07T14:55:13+00:00
ZMB-D-0307,2017,384592.09940719604,28.2112766570275,13632.56629902969,9.028940200805664,"WorldPop, University of Southampton","The spatial distribution of population in 2017 Zambia — unconstrained individual countries 2000-2020, 1 km, not UN-adjusted; DOI 10.5258/SOTON/WP00670",zmb_ppp_2017_1km_Aggregated.tif,EXPOSURE ONLY - not a flood-occurrence predictor,2026-10-07T14:55:13+00:00
ZMB-D-0705,2017,351954.0068164468,11.560319204268273,30445.00766782453,7.714437961578369,"WorldPop, University of Southampton","The spatial distribution of population in 2017 Zambia — unconstrained individual countries 2000-2020, 1 km, not UN-adjusted; DOI 10.5258/SOTON/WP00670",zmb_ppp_2017_1km_Aggregated.tif,EXPOSURE ONLY - not a flood-occurrence predictor,2026-10-07T14:55:13+00:00
ZMB-D-0401,2017,35969.454830408096,5.813567002674618,6187.157525467551,1.75040864944458,"WorldPop, University of Southampton","The spatial distribution of population in 2017 Zambia — unconstrained individual countries 2000-2020, 1 km, not UN-adjusted; DOI 10.5258/SOTON/WP00670",zmb_ppp_2017_1km_Aggregated.tif,EXPOSURE ONLY - not a flood-occurrence predictor,2026-10-07T14:55:13+00:00
ZMB-D-0601,2017,267085.4195755422,6.6649499893224995,40073.13183196019,18.979061126708984,"WorldPop, University of Southampton","The spatial distribution of population in 2017 Zambia — unconstrained individual countries 2000-2020, 1 km, not UN-adjusted; DOI 10.5258/SOTON/WP00670",zmb_ppp_2017_1km_Aggregated.tif,EXPOSURE ONLY - not a flood-occurrence predictor,2026-10-07T14:55:13+00:00
ZMB-D-0706,2017,181831.79007542133,8.714880742851065,20864.51845305863,2.404491662979126,"WorldPop, University of Southampton","The spatial distribution of population in 2017 Zambia — unconstrained individual countries 2000-2020, 1 km, not UN-adjusted; DOI 10.5258/SOTON/WP00670",zmb_ppp_2017_1km_Aggregated.tif,EXPOSURE ONLY - not a flood-occurrence predictor,2026-10-07T14:55:13+00:00
ZMB-D-0402,2017,192794.88873451948,30.79177947547849,6261.245436888592,0.0,"WorldPop, University of Southampton","The spatial distribution of population in 2017 Zambia — unconstrained individual countries 2000-2020, 1 km, not UN-adjusted; DOI 10.5258/SOTON/WP00670",zmb_ppp_2017_1km_Aggregated.tif,EXPOSURE ONLY - not a flood-occurrence predictor,2026-10-07T14:55:13+00:00
ZMB-D-0801,2017,102372.28506667912,19.842266438849908,5159.30402316545,19.02263069152832,"WorldPop, University of Southampton","The spatial distribution of population in 2017 Zambia — unconstrained individual countries 2000-2020, 1 km, not UN-adjusted; DOI 10.5258/SOTON/WP00670",zmb_ppp_2017_1km_Aggregated.tif,EXPOSURE ONLY - not a flood-occurrence predictor,2026-10-07T14:55:13+00:00
ZMB-D-0403,2017,411376.3564415574,54.398922876652996,7562.215108088334,24.94256019592285,"WorldPop, University of Southampton","The spatial distribution of population in 2017 Zambia — unconstrained individual countries 2000-2020, 1 km, not UN-adjusted; DOI 10.5258/SOTON/WP00670",zmb_ppp_2017_1km_Aggregated.tif,EXPOSURE ONLY - not a flood-occurrence predictor,2026-10-07T14:55:13+00:00
ZMB-D-0602,2017,132423.6317807436,7.503122739610748,17649.135750058857,6.6289286613464355,"WorldPop, University of Southampton","The spatial distribution of population in 2017 Zambia — unconstrained individual countries 2000-2020, 1 km, not UN-adjusted; DOI 10.5258/SOTON/WP00670",zmb_ppp_2017_1km_Aggregated.tif,EXPOSURE ONLY - not a flood-occurrence predictor,2026-10-07T14:55:13+00:00
ZMB-D-0802,2017,151645.98894238472,16.96910951136433,8936.590858867778,20.77886199951172,"WorldPop, University of Southampton","The spatial distribution of population in 2017 Zambia — unconstrained individual countries 2000-2020, 1 km, not UN-adjusted; DOI 10.5258/SOTON/WP00670",zmb_ppp_2017_1km_Aggregated.tif,EXPOSURE ONLY - not a flood-occurrence predictor,2026-10-07T14:55:13+00:00
ZMB-D-0404,2017,33882.217234134674,8.07291288256638,4197.025005348939,31.512496948242188,"WorldPop, University of Southampton","The spatial distribution of population in 2017 Zambia — unconstrained individual countries 2000-2020, 1 km, not UN-adjusted; DOI 10.5258/SOTON/WP00670",zmb_ppp_2017_1km_Aggregated.tif,EXPOSURE ONLY - not a flood-occurrence predictor,2026-10-07T14:55:13+00:00
ZMB-D-0603,2017,61743.87633743137,6.757451314295288,9137.154448573401,3.441169023513794,"WorldPop, University of Southampton","The spatial distribution of population in 2017 Zambia — unconstrained individual countries 2000-2020, 1 km, not UN-adjusted; DOI 10.5258/SOTON/WP00670",zmb_ppp_2017_1km_Aggregated.tif,EXPOSURE ONLY - not a flood-occurrence predictor,2026-10-07T14:55:13+00:00
ZMB-D-0803,2017,319096.7508327961,30.07129360417698,10611.341002918236,4.437695026397705,"WorldPop, University of Southampton","The spatial distribution of population in 2017 Zambia — unconstrained individual countries 2000-2020, 1 km, not UN-adjusted; DOI 10.5258/SOTON/WP00670",zmb_ppp_2017_1km_Aggregated.tif,EXPOSURE ONLY - not a flood-occurrence predictor,2026-10-07T14:55:13+00:00
ZMB-D-0604,2017,97803.57511115074,18.511805987998397,5283.308131824572,3.2840588092803955,"WorldPop, University of Southampton","The spatial distribution of population in 2017 Zambia — unconstrained individual countries 2000-2020, 1 km, not UN-adjusted; DOI 10.5258/SOTON/WP00670",zmb_ppp_2017_1km_Aggregated.tif,EXPOSURE ONLY - not a flood-occurrence predictor,2026-10-07T14:55:13+00:00
ZMB-D-0804,2017,175615.5629415512,18.08160206528054,9712.389549749032,8.790200233459473,"WorldPop, University of Southampton","The spatial distribution of population in 2017 Zambia — unconstrained individual countries 2000-2020, 1 km, not UN-adjusted; DOI 10.5258/SOTON/WP00670",zmb_ppp_2017_1km_Aggregated.tif,EXPOSURE ONLY - not a flood-occurrence predictor,2026-10-07T14:55:13+00:00
ZMB-D-0405,2017,108515.1008284092,13.583012795974936,7989.0303026560905,23.158924102783203,"WorldPop, University of Southampton","The spatial distribution of population in 2017 Zambia — unconstrained individual countries 2000-2020, 1 km, not UN-adjusted; DOI 10.5258/SOTON/WP00670",zmb_ppp_2017_1km_Aggregated.tif,EXPOSURE ONLY - not a flood-occurrence predictor,2026-10-07T14:55:13+00:00
ZMB-D-0805,2017,122448.17953777313,10.195171414843436,12010.409100086084,3.1405534744262695,"WorldPop, University of Southampton","The spatial distribution of population in 2017 Zambia — unconstrained individual countries 2000-2020, 1 km, not UN-adjusted; DOI 10.5258/SOTON/WP00670",zmb_ppp_2017_1km_Aggregated.tif,EXPOSURE ONLY - not a flood-occurrence predictor,2026-10-07T14:55:13+00:00
ZMB-D-0605,2017,170800.30631923676,39.314646477596135,4344.444669407599,57.69370651245117,"WorldPop, University of Southampton","The spatial distribution of population in 2017 Zambia — unconstrained individual countries 2000-2020, 1 km, not UN-adjusted; DOI 10.5258/SOTON/WP00670",zmb_ppp_2017_1km_Aggregated.tif,EXPOSURE ONLY - not a flood-occurrence predictor,2026-10-07T14:55:13+00:00
ZMB-D-0406,2017,192206.28003528714,45.56324847345584,4218.4498795616455,26.346555709838867,"WorldPop, University of Southampton","The spatial distribution of population in 2017 Zambia — unconstrained individual countries 2000-2020, 1 km, not UN-adjusted; DOI 10.5258/SOTON/WP00670",zmb_ppp_2017_1km_Aggregated.tif,EXPOSURE ONLY - not a flood-occurrence predictor,2026-10-07T14:55:13+00:00
ZMB-D-0806,2017,235649.29306077957,30.84237436023181,7640.439426240349,54.69704818725586,"WorldPop, University of Southampton","The spatial distribution of population in 2017 Zambia — unconstrained individual countries 2000-2020, 1 km, not UN-adjusted; DOI 10.5258/SOTON/WP00670",zmb_ppp_2017_1km_Aggregated.tif,EXPOSURE ONLY - not a flood-occurrence predictor,2026-10-07T14:55:13+00:00
ZMB-D-0807,2017,153902.16545268893,13.88628490514297,11083.033835470942,5.556952476501465,"WorldPop, University of Southampton","The spatial distribution of population in 2017 Zambia — unconstrained individual countries 2000-2020, 1 km, not UN-adjusted; DOI 10.5258/SOTON/WP00670",zmb_ppp_2017_1km_Aggregated.tif,EXPOSURE ONLY - not a flood-occurrence predictor,2026-10-07T14:55:13+00:00
ZMB-D-0808,2017,60934.515677690506,8.22846187860714,7405.33487019145,2.89375638961792,"WorldPop, University of Southampton","The spatial distribution of population in 2017 Zambia — unconstrained individual countries 2000-2020, 1 km, not UN-adjusted; DOI 10.5258/SOTON/WP00670",zmb_ppp_2017_1km_Aggregated.tif,EXPOSURE ONLY - not a flood-occurrence predictor,2026-10-07T14:55:13+00:00
ZMB-D-0407,2017,129458.73899495602,33.2837809146996,3889.5442596120824,191.64035034179688,"WorldPop, University of Southampton","The spatial distribution of population in 2017 Zambia — unconstrained individual countries 2000-2020, 1 km, not UN-adjusted; DOI 10.5258/SOTON/WP00670",zmb_ppp_2017_1km_Aggregated.tif,EXPOSURE ONLY - not a flood-occurrence predictor,2026-10-07T14:55:13+00:00
ZMB-D-0208,2017,115668.37444972992,31.410993420749246,3682.4169455692077,9.320579528808594,"WorldPop, University of Southampton","The spatial distribution of population in 2017 Zambia — unconstrained individual countries 2000-2020, 1 km, not UN-adjusted; DOI 10.5258/SOTON/WP00670",zmb_ppp_2017_1km_Aggregated.tif,EXPOSURE ONLY - not a flood-occurrence predictor,2026-10-07T14:55:13+00:00
ZMB-D-0209,2017,162633.41698551178,205.13346849624872,792.8175649625202,96.63418579101562,"WorldPop, University of Southampton","The spatial distribution of population in 2017 Zambia — unconstrained individual countries 2000-2020, 1 km, not UN-adjusted; DOI 10.5258/SOTON/WP00670",zmb_ppp_2017_1km_Aggregated.tif,EXPOSURE ONLY - not a flood-occurrence predictor,2026-10-07T14:55:13+00:00
ZMB-D-0210,2017,571376.3226594925,525.2892544485197,1087.7365524245452,143.84495544433594,"WorldPop, University of Southampton","The spatial distribution of population in 2017 Zambia — unconstrained individual countries 2000-2020, 1 km, not UN-adjusted; DOI 10.5258/SOTON/WP00670",zmb_ppp_2017_1km_Aggregated.tif,EXPOSURE ONLY - not a flood-occurrence predictor,2026-10-07T14:55:13+00:00
ZMB-D-0707,2017,43015.2846095562,19.594424803274293,2195.2818233464145,26.734214782714844,"WorldPop, University of Southampton","The spatial distribution of population in 2017 Zambia — unconstrained individual countries 2000-2020, 1 km, not UN-adjusted; DOI 10.5258/SOTON/WP00670",zmb_ppp_2017_1km_Aggregated.tif,EXPOSURE ONLY - not a flood-occurrence predictor,2026-10-07T14:55:13+00:00
ZMB-D-0606,2017,90802.49933719635,22.267802119507497,4077.748618829771,18.595430374145508,"WorldPop, University of Southampton","The spatial distribution of population in 2017 Zambia — unconstrained individual countries 2000-2020, 1 km, not UN-adjusted; DOI 10.5258/SOTON/WP00670",zmb_ppp_2017_1km_Aggregated.tif,EXPOSURE ONLY - not a flood-occurrence predictor,2026-10-07T14:55:13+00:00
ZMB-D-0505,2017,53757.463092803955,30.30033277235243,1774.1542146314316,21.004819869995117,"WorldPop, University of Southampton","The spatial distribution of population in 2017 Zambia — unconstrained individual countries 2000-2020, 1 km, not UN-adjusted; DOI 10.5258/SOTON/WP00670",zmb_ppp_2017_1km_Aggregated.tif,EXPOSURE ONLY - not a flood-occurrence predictor,2026-10-07T14:55:13+00:00
ZMB-D-0408,2017,93434.9712022543,43.44448092875313,2150.675280376423,28.384496688842773,"WorldPop, University of Southampton","The spatial distribution of population in 2017 Zambia — unconstrained individual countries 2000-2020, 1 km, not UN-adjusted; DOI 10.5258/SOTON/WP00670",zmb_ppp_2017_1km_Aggregated.tif,EXPOSURE ONLY - not a flood-occurrence predictor,2026-10-07T14:55:13+00:00
ZMB-D-0607,2017,99656.25242066383,15.90572465467295,6265.433017626505,8.195430755615234,"WorldPop, University of Southampton","The spatial distribution of population in 2017 Zambia — unconstrained individual countries 2000-2020, 1 km, not UN-adjusted; DOI 10.5258/SOTON/WP00670",zmb_ppp_2017_1km_Aggregated.tif,EXPOSURE ONLY - not a flood-occurrence predictor,2026-10-07T14:55:13+00:00
ZMB-D-0108,2017,170300.9064949751,20.237638600718814,8415.0581920623,22.872346878051758,"WorldPop, University of Southampton","The spatial distribution of population in 2017 Zambia — unconstrained individual countries 2000-2020, 1 km, not UN-adjusted; DOI 10.5258/SOTON/WP00670",zmb_ppp_2017_1km_Aggregated.tif,EXPOSURE ONLY - not a flood-occurrence predictor,2026-10-07T14:55:13+00:00
ZMB-D-0506,2017,265638.23371601105,117.52238235798295,2260.3203609917887,41.084598541259766,"WorldPop, University of Southampton","The spatial distribution of population in 2017 Zambia — unconstrained individual countries 2000-2020, 1 km, not UN-adjusted; DOI 10.5258/SOTON/WP00670",zmb_ppp_2017_1km_Aggregated.tif,EXPOSURE ONLY - not a flood-occurrence predictor,2026-10-07T14:55:13+00:00
ZMB-D-0109,2017,125306.02296957374,23.77062307166853,5271.4656486611875,12.152167320251465,"WorldPop, University of Southampton","The spatial distribution of population in 2017 Zambia — unconstrained individual countries 2000-2020, 1 km, not UN-adjusted; DOI 10.5258/SOTON/WP00670",zmb_ppp_2017_1km_Aggregated.tif,EXPOSURE ONLY - not a flood-occurrence predictor,2026-10-07T14:55:13+00:00
ZMB-D-1007,2017,49299.50579684973,4.449518525608067,11079.739417449106,3.3110921382904053,"WorldPop, University of Southampton","The spatial distribution of population in 2017 Zambia — unconstrained individual countries 2000-2020, 1 km, not UN-adjusted; DOI 10.5258/SOTON/WP00670",zmb_ppp_2017_1km_Aggregated.tif,EXPOSURE ONLY - not a flood-occurrence predictor,2026-10-07T14:55:13+00:00
ZMB-D-1008,2017,33658.99182396382,5.211092012774359,6459.105258831141,1.6749200820922852,"WorldPop, University of Southampton","The spatial distribution of population in 2017 Zambia — unconstrained individual countries 2000-2020, 1 km, not UN-adjusted; DOI 10.5258/SOTON/WP00670",zmb_ppp_2017_1km_Aggregated.tif,EXPOSURE ONLY - not a flood-occurrence predictor,2026-10-07T14:55:13+00:00
ZMB-D-1009,2017,67433.17471647263,8.474602528771065,7957.08996233613,2.3355462551116943,"WorldPop, University of Southampton","The spatial distribution of population in 2017 Zambia — unconstrained individual countries 2000-2020, 1 km, not UN-adjusted; DOI 10.5258/SOTON/WP00670",zmb_ppp_2017_1km_Aggregated.tif,EXPOSURE ONLY - not a flood-occurrence predictor,2026-10-07T14:55:13+00:00
ZMB-D-1010,2017,57946.98680281639,12.526100524217968,4626.099454557439,5.101803779602051,"WorldPop, University of Southampton","The spatial distribution of population in 2017 Zambia — unconstrained individual countries 2000-2020, 1 km, not UN-adjusted; DOI 10.5258/SOTON/WP00670",zmb_ppp_2017_1km_Aggregated.tif,EXPOSURE ONLY - not a flood-occurrence predictor,2026-10-07T14:55:13+00:00
ZMB-D-1011,2017,50794.13734316826,6.646989312979426,7641.6757950827,5.2149152755737305,"WorldPop, University of Southampton","The spatial distribution of population in 2017 Zambia — unconstrained individual countries 2000-2020, 1 km, not UN-adjusted; DOI 10.5258/SOTON/WP00670",zmb_ppp_2017_1km_Aggregated.tif,EXPOSURE ONLY - not a flood-occurrence predictor,2026-10-07T14:55:13+00:00
ZMB-D-1012,2017,62781.17138147354,6.164581630690934,10184.17390547831,3.8540987968444824,"WorldPop, University of Southampton","The spatial distribution of population in 2017 Zambia — unconstrained individual countries 2000-2020, 1 km, not UN-adjusted; DOI 10.5258/SOTON/WP00670",zmb_ppp_2017_1km_Aggregated.tif,EXPOSURE ONLY - not a flood-occurrence predictor,2026-10-07T14:55:13+00:00
ZMB-D-1013,2017,44969.42273426056,11.833134343245364,3800.2968131541734,35.05394744873047,"WorldPop, University of Southampton","The spatial distribution of population in 2017 Zambia — unconstrained individual countries 2000-2020, 1 km, not UN-adjusted; DOI 10.5258/SOTON/WP00670",zmb_ppp_2017_1km_Aggregated.tif,EXPOSURE ONLY - not a flood-occurrence predictor,2026-10-07T14:55:13+00:00
ZMB-D-0809,2017,90100.10078895092,17.777214091124094,5068.291371589916,11.988777160644531,"WorldPop, University of Southampton","The spatial distribution of population in 2017 Zambia — unconstrained individual countries 2000-2020, 1 km, not UN-adjusted; DOI 10.5258/SOTON/WP00670",zmb_ppp_2017_1km_Aggregated.tif,EXPOSURE ONLY - not a flood-occurrence predictor,2026-10-07T14:55:13+00:00
ZMB-D-0409,2017,29484.31622503698,7.95962475081636,3704.234451757665,5.12831449508667,"WorldPop, University of Southampton","The spatial distribution of population in 2017 Zambia — unconstrained individual countries 2000-2020, 1 km, not UN-adjusted; DOI 10.5258/SOTON/WP00670",zmb_ppp_2017_1km_Aggregated.tif,EXPOSURE ONLY - not a flood-occurrence predictor,2026-10-07T14:55:13+00:00
ZMB-D-0911,2017,113344.28183746338,21.594276947118832,5248.811160245219,11.231524467468262,"WorldPop, University of Southampton","The spatial distribution of population in 2017 Zambia — unconstrained individual countries 2000-2020, 1 km, not UN-adjusted; DOI 10.5258/SOTON/WP00670",zmb_ppp_2017_1km_Aggregated.tif,EXPOSURE ONLY - not a flood-occurrence predictor,2026-10-07T14:55:13+00:00
ZMB-D-0308,2017,194433.39402008057,75.08527940003866,2589.5008392281543,301.5534362792969,"WorldPop, University of Southampton","The spatial distribution of population in 2017 Zambia — unconstrained individual countries 2000-2020, 1 km, not UN-adjusted; DOI 10.5258/SOTON/WP00670",zmb_ppp_2017_1km_Aggregated.tif,EXPOSURE ONLY - not a flood-occurrence predictor,2026-10-07T14:55:13+00:00
ZMB-D-0110,2017,239620.46842226386,25.72157813440238,9315.931828528577,19.707658767700195,"WorldPop, University of Southampton","The spatial distribution of population in 2017 Zambia — unconstrained individual countries 2000-2020, 1 km, not UN-adjusted; DOI 10.5258/SOTON/WP00670",zmb_ppp_2017_1km_Aggregated.tif,EXPOSURE ONLY - not a flood-occurrence predictor,2026-10-07T14:55:13+00:00
ZMB-D-0507,2017,236244.8937215805,176.8650801074078,1335.735090149577,50.15583038330078,"WorldPop, University of Southampton","The spatial distribution of population in 2017 Zambia — unconstrained individual countries 2000-2020, 1 km, not UN-adjusted; DOI 10.5258/SOTON/WP00670",zmb_ppp_2017_1km_Aggregated.tif,EXPOSURE ONLY - not a flood-occurrence predictor,2026-10-07T14:55:13+00:00
ZMB-D-0309,2017,39399.29780578613,42.79785479998955,920.5904826284833,26.129436492919922,"WorldPop, University of Southampton","The spatial distribution of population in 2017 Zambia — unconstrained individual countries 2000-2020, 1 km, not UN-adjusted; DOI 10.5258/SOTON/WP00670",zmb_ppp_2017_1km_Aggregated.tif,EXPOSURE ONLY - not a flood-occurrence predictor,2026-10-07T14:55:13+00:00
ZMB-D-1014,2017,55040.172661066055,14.095995792993378,3904.667216801,5.193901062011719,"WorldPop, University of Southampton","The spatial distribution of population in 2017 Zambia — unconstrained individual countries 2000-2020, 1 km, not UN-adjusted; DOI 10.5258/SOTON/WP00670",zmb_ppp_2017_1km_Aggregated.tif,EXPOSURE ONLY - not a flood-occurrence predictor,2026-10-07T14:55:13+00:00
ZMB-D-1015,2017,38007.47851014137,5.977041470822193,6358.911628048839,3.1153674125671387,"WorldPop, University of Southampton","The spatial distribution of population in 2017 Zambia — unconstrained individual countries 2000-2020, 1 km, not UN-adjusted; DOI 10.5258/SOTON/WP00670",zmb_ppp_2017_1km_Aggregated.tif,EXPOSURE ONLY - not a flood-occurrence predictor,2026-10-07T14:55:13+00:00
ZMB-D-0111,2017,104946.74616414309,9.06045420572819,11582.945377925289,13.948505401611328,"WorldPop, University of Southampton","The spatial distribution of population in 2017 Zambia — unconstrained individual countries 2000-2020, 1 km, not UN-adjusted; DOI 10.5258/SOTON/WP00670",zmb_ppp_2017_1km_Aggregated.tif,EXPOSURE ONLY - not a flood-occurrence predictor,2026-10-07T14:55:13+00:00
ZMB-D-0708,2017,58085.94672191143,8.246243331356219,7043.928294116726,10.16077995300293,"WorldPop, University of Southampton","The spatial distribution of population in 2017 Zambia — unconstrained individual countries 2000-2020, 1 km, not UN-adjusted; DOI 10.5258/SOTON/WP00670",zmb_ppp_2017_1km_Aggregated.tif,EXPOSURE ONLY - not a flood-occurrence predictor,2026-10-07T14:55:13+00:00
ZMB-D-0709,2017,65083.2337911129,8.769529088274025,7421.51980294329,4.348453998565674,"WorldPop, University of Southampton","The spatial distribution of population in 2017 Zambia — unconstrained individual countries 2000-2020, 1 km, not UN-adjusted; DOI 10.5258/SOTON/WP00670",zmb_ppp_2017_1km_Aggregated.tif,EXPOSURE ONLY - not a flood-occurrence predictor,2026-10-07T14:55:13+00:00
ZMB-D-0410,2017,94265.1320874691,38.77198550448521,2431.269146032368,11.855883598327637,"WorldPop, University of Southampton","The spatial distribution of population in 2017 Zambia — unconstrained individual countries 2000-2020, 1 km, not UN-adjusted; DOI 10.5258/SOTON/WP00670",zmb_ppp_2017_1km_Aggregated.tif,EXPOSURE ONLY - not a flood-occurrence predictor,2026-10-07T14:55:13+00:00
ZMB-D-0411,2017,59708.2526589632,50.23897421713895,1188.4847091203908,33.694095611572266,"WorldPop, University of Southampton","The spatial distribution of population in 2017 Zambia — unconstrained individual countries 2000-2020, 1 km, not UN-adjusted; DOI 10.5258/SOTON/WP00670",zmb_ppp_2017_1km_Aggregated.tif,EXPOSURE ONLY - not a flood-occurrence predictor,2026-10-07T14:55:13+00:00
ZMB-D-0912,2017,48471.37979722023,25.53435049881992,1898.281289726181,9.385308265686035,"WorldPop, University of Southampton","The spatial distribution of population in 2017 Zambia — unconstrained individual countries 2000-2020, 1 km, not UN-adjusted; DOI 10.5258/SOTON/WP00670",zmb_ppp_2017_1km_Aggregated.tif,EXPOSURE ONLY - not a flood-occurrence predictor,2026-10-07T14:55:13+00:00
ZMB-D-0508,2017,67473.94833779335,41.26692303090143,1635.0612883656872,22.62575912475586,"WorldPop, University of Southampton","The spatial distribution of population in 2017 Zambia — unconstrained individual countries 2000-2020, 1 km, not UN-adjusted; DOI 10.5258/SOTON/WP00670",zmb_ppp_2017_1km_Aggregated.tif,EXPOSURE ONLY - not a flood-occurrence predictor,2026-10-07T14:55:13+00:00
ZMB-D-0901,2018,181505.01444149017,215.75807916814824,841.2431883954464,165.51918029785156,"WorldPop, University of Southampton","The spatial distribution of population in 2018 Zambia — unconstrained individual countries 2000-2020, 1 km, not UN-adjusted; DOI 10.5258/SOTON/WP00670",zmb_ppp_2018_1km_Aggregated.tif,EXPOSURE ONLY - not a flood-occurrence predictor,2026-10-07T14:55:13+00:00
ZMB-D-0902,2018,125385.12867300212,24.72695824415952,5070.7866060564875,33.342105865478516,"WorldPop, University of Southampton","The spatial distribution of population in 2018 Zambia — unconstrained individual countries 2000-2020, 1 km, not UN-adjusted; DOI 10.5258/SOTON/WP00670",zmb_ppp_2018_1km_Aggregated.tif,EXPOSURE ONLY - not a flood-occurrence predictor,2026-10-07T14:55:13+00:00
ZMB-D-0903,2018,74409.86382645369,19.297906043795777,3855.8517000540714,12.721385955810547,"WorldPop, University of Southampton","The spatial distribution of population in 2018 Zambia — unconstrained individual countries 2000-2020, 1 km, not UN-adjusted; DOI 10.5258/SOTON/WP00670",zmb_ppp_2018_1km_Aggregated.tif,EXPOSURE ONLY - not a flood-occurrence predictor,2026-10-07T14:55:13+00:00
ZMB-D-0904,2018,235693.9437274933,29.166442998402275,8080.997183660843,10.299159049987793,"WorldPop, University of Southampton","The spatial distribution of population in 2018 Zambia — unconstrained individual countries 2000-2020, 1 km, not UN-adjusted; DOI 10.5258/SOTON/WP00670",zmb_ppp_2018_1km_Aggregated.tif,EXPOSURE ONLY - not a flood-occurrence predictor,2026-10-07T14:55:13+00:00
ZMB-D-0905,2018,256165.45266819,49.69862897420549,5154.376648924151,135.03045654296875,"WorldPop, University of Southampton","The spatial distribution of population in 2018 Zambia — unconstrained individual countries 2000-2020, 1 km, not UN-adjusted; DOI 10.5258/SOTON/WP00670",zmb_ppp_2018_1km_Aggregated.tif,EXPOSURE ONLY - not a flood-occurrence predictor,2026-10-07T14:55:13+00:00
ZMB-D-0906,2018,149872.96965914965,8.195868818211434,18286.404160853333,2.0492396354675293,"WorldPop, University of Southampton","The spatial distribution of population in 2018 Zambia — unconstrained individual countries 2000-2020, 1 km, not UN-adjusted; DOI 10.5258/SOTON/WP00670",zmb_ppp_2018_1km_Aggregated.tif,EXPOSURE ONLY - not a flood-occurrence predictor,2026-10-07T14:55:13+00:00
ZMB-D-0907,2018,60883.507947944105,29.70167713672391,2049.8340099679485,12.74438762664795,"WorldPop, University of Southampton","The spatial distribution of population in 2018 Zambia — unconstrained individual countries 2000-2020, 1 km, not UN-adjusted; DOI 10.5258/SOTON/WP00670",zmb_ppp_2018_1km_Aggregated.tif,EXPOSURE ONLY - not a flood-occurrence predictor,2026-10-07T14:55:13+00:00
ZMB-D-1001,2018,43675.2591663599,5.27186895228633,8284.587413239587,7.352734088897705,"WorldPop, University of Southampton","The spatial distribution of population in 2018 Zambia — unconstrained individual countries 2000-2020, 1 km, not UN-adjusted; DOI 10.5258/SOTON/WP00670",zmb_ppp_2018_1km_Aggregated.tif,EXPOSURE ONLY - not a flood-occurrence predictor,2026-10-07T14:55:13+00:00
ZMB-D-0908,2018,222230.88474673033,45.349215925954304,4900.434995603594,14.9047212600708,"WorldPop, University of Southampton","The spatial distribution of population in 2018 Zambia — unconstrained individual countries 2000-2020, 1 km, not UN-adjusted; DOI 10.5258/SOTON/WP00670",zmb_ppp_2018_1km_Aggregated.tif,EXPOSURE ONLY - not a flood-occurrence predictor,2026-10-07T14:55:13+00:00
ZMB-D-0909,2018,116754.1282813251,21.589983896604213,5407.791355494656,11.716706275939941,"WorldPop, University of Southampton","The spatial distribution of population in 2018 Zambia — unconstrained individual countries 2000-2020, 1 km, not UN-adjusted; DOI 10.5258/SOTON/WP00670",zmb_ppp_2018_1km_Aggregated.tif,EXPOSURE ONLY - not a flood-occurrence predictor,2026-10-07T14:55:13+00:00
ZMB-D-0910,2018,184930.50134301186,48.33881941087371,3825.714065772408,153.7460479736328,"WorldPop, University of Southampton","The spatial distribution of population in 2018 Zambia — unconstrained individual countries 2000-2020, 1 km, not UN-adjusted; DOI 10.5258/SOTON/WP00670",zmb_ppp_2018_1km_Aggregated.tif,EXPOSURE ONLY - not a flood-occurrence predictor,2026-10-07T14:55:13+00:00
ZMB-D-1002,2018,76787.99403828382,6.968725451467514,11018.9437900891,1.457547903060913,"WorldPop, University of Southampton","The spatial distribution of population in 2018 Zambia — unconstrained individual countries 2000-2020, 1 km, not UN-adjusted; DOI 10.5258/SOTON/WP00670",zmb_ppp_2018_1km_Aggregated.tif,EXPOSURE ONLY - not a flood-occurrence predictor,2026-10-07T14:55:13+00:00
ZMB-D-0501,2018,2048468.8251571655,4747.948432700199,431.4429388172996,2173.087890625,"WorldPop, University of Southampton","The spatial distribution of population in 2018 Zambia — unconstrained individual countries 2000-2020, 1 km, not UN-adjusted; DOI 10.5258/SOTON/WP00670",zmb_ppp_2018_1km_Aggregated.tif,EXPOSURE ONLY - not a flood-occurrence predictor,2026-10-07T14:55:13+00:00
ZMB-D-0101,2018,106222.09446157888,6.58030925556509,16142.416767379873,7.2206130027771,"WorldPop, University of Southampton","The spatial distribution of population in 2018 Zambia — unconstrained individual countries 2000-2020, 1 km, not UN-adjusted; DOI 10.5258/SOTON/WP00670",zmb_ppp_2018_1km_Aggregated.tif,EXPOSURE ONLY - not a flood-occurrence predictor,2026-10-07T14:55:13+00:00
ZMB-D-0502,2018,133694.76965451986,28.81605401675135,4639.593248152589,3.812178134918213,"WorldPop, University of Southampton","The spatial distribution of population in 2018 Zambia — unconstrained individual countries 2000-2020, 1 km, not UN-adjusted; DOI 10.5258/SOTON/WP00670",zmb_ppp_2018_1km_Aggregated.tif,EXPOSURE ONLY - not a flood-occurrence predictor,2026-10-07T14:55:13+00:00
ZMB-D-0503,2018,28066.832602500916,7.4360865163090315,3774.40909824596,1.8392354249954224,"WorldPop, University of Southampton","The spatial distribution of population in 2018 Zambia — unconstrained individual countries 2000-2020, 1 km, not UN-adjusted; DOI 10.5258/SOTON/WP00670",zmb_ppp_2018_1km_Aggregated.tif,EXPOSURE ONLY - not a flood-occurrence predictor,2026-10-07T14:55:13+00:00
ZMB-D-0504,2018,66337.07923686504,6.937712888676552,9561.808091703777,4.822413444519043,"WorldPop, University of Southampton","The spatial distribution of population in 2018 Zambia — unconstrained individual countries 2000-2020, 1 km, not UN-adjusted; DOI 10.5258/SOTON/WP00670",zmb_ppp_2018_1km_Aggregated.tif,EXPOSURE ONLY - not a flood-occurrence predictor,2026-10-07T14:55:13+00:00
ZMB-D-1003,2018,150978.61135601997,24.927145283712992,6056.795097779089,11.496435165405273,"WorldPop, University of Southampton","The spatial distribution of population in 2018 Zambia — unconstrained individual countries 2000-2020, 1 km, not UN-adjusted; DOI 10.5258/SOTON/WP00670",zmb_ppp_2018_1km_Aggregated.tif,EXPOSURE ONLY - not a flood-occurrence predictor,2026-10-07T14:55:13+00:00
ZMB-D-0102,2018,695694.3690746501,77.9625250268684,8923.445832916408,31.54657745361328,"WorldPop, University of Southampton","The spatial distribution of population in 2018 Zambia — unconstrained individual countries 2000-2020, 1 km, not UN-adjusted; DOI 10.5258/SOTON/WP00670",zmb_ppp_2018_1km_Aggregated.tif,EXPOSURE ONLY - not a flood-occurrence predictor,2026-10-07T14:55:13+00:00
ZMB-D-0103,2018,224367.40614509583,145.26337537762737,1544.5559182542002,48.2645149230957,"WorldPop, University of Southampton","The spatial distribution of population in 2018 Zambia — unconstrained individual countries 2000-2020, 1 km, not UN-adjusted; DOI 10.5258/SOTON/WP00670",zmb_ppp_2018_1km_Aggregated.tif,EXPOSURE ONLY - not a flood-occurrence predictor,2026-10-07T14:55:13+00:00
ZMB-D-0104,2018,232402.45997428894,11.658034502484101,19934.96072813719,7.245111465454102,"WorldPop, University of Southampton","The spatial distribution of population in 2018 Zambia — unconstrained individual countries 2000-2020, 1 km, not UN-adjusted; DOI 10.5258/SOTON/WP00670",zmb_ppp_2018_1km_Aggregated.tif,EXPOSURE ONLY - not a flood-occurrence predictor,2026-10-07T14:55:13+00:00
ZMB-D-1004,2018,89138.82555651665,9.053999728429563,9845.242791052964,5.163761138916016,"WorldPop, University of Southampton","The spatial distribution of population in 2018 Zambia — unconstrained individual countries 2000-2020, 1 km, not UN-adjusted; DOI 10.5258/SOTON/WP00670",zmb_ppp_2018_1km_Aggregated.tif,EXPOSURE ONLY - not a flood-occurrence predictor,2026-10-07T14:55:13+00:00
ZMB-D-1005,2018,105999.83029031754,11.594917970133642,9141.921535223746,4.367512226104736,"WorldPop, University of Southampton","The spatial distribution of population in 2018 Zambia — unconstrained individual countries 2000-2020, 1 km, not UN-adjusted; DOI 10.5258/SOTON/WP00670",zmb_ppp_2018_1km_Aggregated.tif,EXPOSURE ONLY - not a flood-occurrence predictor,2026-10-07T14:55:13+00:00
ZMB-D-0301,2018,84110.29972934723,55.834116927056286,1506.4319874393639,57.7584114074707,"WorldPop, University of Southampton","The spatial distribution of population in 2018 Zambia — unconstrained individual countries 2000-2020, 1 km, not UN-adjusted; DOI 10.5258/SOTON/WP00670",zmb_ppp_2018_1km_Aggregated.tif,EXPOSURE ONLY - not a flood-occurrence predictor,2026-10-07T14:55:13+00:00
ZMB-D-0302,2018,94539.62664723396,9.239024343296876,10232.641795756781,5.57324743270874,"WorldPop, University of Southampton","The spatial distribution of population in 2018 Zambia — unconstrained individual countries 2000-2020, 1 km, not UN-adjusted; DOI 10.5258/SOTON/WP00670",zmb_ppp_2018_1km_Aggregated.tif,EXPOSURE ONLY - not a flood-occurrence predictor,2026-10-07T14:55:13+00:00
ZMB-D-1006,2018,79011.82797896862,8.4628425666194,9336.322560296781,10.944073677062988,"WorldPop, University of Southampton","The spatial distribution of population in 2018 Zambia — unconstrained individual countries 2000-2020, 1 km, not UN-adjusted; DOI 10.5258/SOTON/WP00670",zmb_ppp_2018_1km_Aggregated.tif,EXPOSURE ONLY - not a flood-occurrence predictor,2026-10-07T14:55:13+00:00
ZMB-D-0303,2018,196385.75521087646,80.25716546455321,2446.956032824424,561.9428100585938,"WorldPop, University of Southampton","The spatial distribution of population in 2018 Zambia — unconstrained individual countries 2000-2020, 1 km, not UN-adjusted; DOI 10.5258/SOTON/WP00670",zmb_ppp_2018_1km_Aggregated.tif,EXPOSURE ONLY - not a flood-occurrence predictor,2026-10-07T14:55:13+00:00
ZMB-D-0105,2018,56545.95636808872,8.19420808720156,6900.722530638099,15.141312599182129,"WorldPop, University of Southampton","The spatial distribution of population in 2018 Zambia — unconstrained individual countries 2000-2020, 1 km, not UN-adjusted; DOI 10.5258/SOTON/WP00670",zmb_ppp_2018_1km_Aggregated.tif,EXPOSURE ONLY - not a flood-occurrence predictor,2026-10-07T14:55:13+00:00
ZMB-D-0304,2018,362216.43943214417,49.28231192287076,7349.826444811085,70.48625183105469,"WorldPop, University of Southampton","The spatial distribution of population in 2018 Zambia — unconstrained individual countries 2000-2020, 1 km, not UN-adjusted; DOI 10.5258/SOTON/WP00670",zmb_ppp_2018_1km_Aggregated.tif,EXPOSURE ONLY - not a flood-occurrence predictor,2026-10-07T14:55:13+00:00
ZMB-D-0106,2018,37596.83679904044,4.054316326222261,9273.286486274863,1.7421971559524536,"WorldPop, University of Southampton","The spatial distribution of population in 2018 Zambia — unconstrained individual countries 2000-2020, 1 km, not UN-adjusted; DOI 10.5258/SOTON/WP00670",zmb_ppp_2018_1km_Aggregated.tif,EXPOSURE ONLY - not a flood-occurrence predictor,2026-10-07T14:55:13+00:00
ZMB-D-0201,2018,123444.1619554162,13.861011698733067,8905.8551163837,16.799196243286133,"WorldPop, University of Southampton","The spatial distribution of population in 2018 Zambia — unconstrained individual countries 2000-2020, 1 km, not UN-adjusted; DOI 10.5258/SOTON/WP00670",zmb_ppp_2018_1km_Aggregated.tif,EXPOSURE ONLY - not a flood-occurrence predictor,2026-10-07T14:55:13+00:00
ZMB-D-0305,2018,541278.1011676788,84.60835620801805,6397.4544055305,111.39752197265625,"WorldPop, University of Southampton","The spatial distribution of population in 2018 Zambia — unconstrained individual countries 2000-2020, 1 km, not UN-adjusted; DOI 10.5258/SOTON/WP00670",zmb_ppp_2018_1km_Aggregated.tif,EXPOSURE ONLY - not a flood-occurrence predictor,2026-10-07T14:55:13+00:00
ZMB-D-0701,2018,113102.1863899231,7.9121975547442025,14294.66157883107,3.190716505050659,"WorldPop, University of Southampton","The spatial distribution of population in 2018 Zambia — unconstrained individual countries 2000-2020, 1 km, not UN-adjusted; DOI 10.5258/SOTON/WP00670",zmb_ppp_2018_1km_Aggregated.tif,EXPOSURE ONLY - not a flood-occurrence predictor,2026-10-07T14:55:13+00:00
ZMB-D-0702,2018,38765.595147788525,8.458663941417546,4582.94541741683,2.285367965698242,"WorldPop, University of Southampton","The spatial distribution of population in 2018 Zambia — unconstrained individual countries 2000-2020, 1 km, not UN-adjusted; DOI 10.5258/SOTON/WP00670",zmb_ppp_2018_1km_Aggregated.tif,EXPOSURE ONLY - not a flood-occurrence predictor,2026-10-07T14:55:13+00:00
ZMB-D-0703,2018,70623.01571512222,3.716348732675843,19003.333862124473,3.2407407760620117,"WorldPop, University of Southampton","The spatial distribution of population in 2018 Zambia — unconstrained individual countries 2000-2020, 1 km, not UN-adjusted; DOI 10.5258/SOTON/WP00670",zmb_ppp_2018_1km_Aggregated.tif,EXPOSURE ONLY - not a flood-occurrence predictor,2026-10-07T14:55:13+00:00
ZMB-D-0306,2018,95024.54164135456,16.06879428154939,5913.60745407415,10.470484733581543,"WorldPop, University of Southampton","The spatial distribution of population in 2018 Zambia — unconstrained individual countries 2000-2020, 1 km, not UN-adjusted; DOI 10.5258/SOTON/WP00670",zmb_ppp_2018_1km_Aggregated.tif,EXPOSURE ONLY - not a flood-occurrence predictor,2026-10-07T14:55:13+00:00
ZMB-D-0704,2018,89382.56240540743,4.101366743700634,21793.360114086794,3.2996301651000977,"WorldPop, University of Southampton","The spatial distribution of population in 2018 Zambia — unconstrained individual countries 2000-2020, 1 km, not UN-adjusted; DOI 10.5258/SOTON/WP00670",zmb_ppp_2018_1km_Aggregated.tif,EXPOSURE ONLY - not a flood-occurrence predictor,2026-10-07T14:55:13+00:00
ZMB-D-0202,2018,708268.6111440659,591.4454572195652,1197.521432447374,180.48785400390625,"WorldPop, University of Southampton","The spatial distribution of population in 2018 Zambia — unconstrained individual countries 2000-2020, 1 km, not UN-adjusted; DOI 10.5258/SOTON/WP00670",zmb_ppp_2018_1km_Aggregated.tif,EXPOSURE ONLY - not a flood-occurrence predictor,2026-10-07T14:55:13+00:00
ZMB-D-0203,2018,89105.02899360657,83.3082788865126,1069.5819213236975,15.36410140991211,"WorldPop, University of Southampton","The spatial distribution of population in 2018 Zambia — unconstrained individual countries 2000-2020, 1 km, not UN-adjusted; DOI 10.5258/SOTON/WP00670",zmb_ppp_2018_1km_Aggregated.tif,EXPOSURE ONLY - not a flood-occurrence predictor,2026-10-07T14:55:13+00:00
ZMB-D-0204,2018,156701.2317159176,209.9880592764249,746.2387730801331,687.405029296875,"WorldPop, University of Southampton","The spatial distribution of population in 2018 Zambia — unconstrained individual countries 2000-2020, 1 km, not UN-adjusted; DOI 10.5258/SOTON/WP00670",zmb_ppp_2018_1km_Aggregated.tif,EXPOSURE ONLY - not a flood-occurrence predictor,2026-10-07T14:55:13+00:00
ZMB-D-0205,2018,89062.43691444397,8.215973949542326,10840.155709038638,9.144120216369629,"WorldPop, University of Southampton","The spatial distribution of population in 2018 Zambia — unconstrained individual countries 2000-2020, 1 km, not UN-adjusted; DOI 10.5258/SOTON/WP00670",zmb_ppp_2018_1km_Aggregated.tif,EXPOSURE ONLY - not a flood-occurrence predictor,2026-10-07T14:55:13+00:00
ZMB-D-0206,2018,258723.40234017372,166.20259624305885,1556.6748545961948,17.673934936523438,"WorldPop, University of Southampton","The spatial distribution of population in 2018 Zambia — unconstrained individual countries 2000-2020, 1 km, not UN-adjusted; DOI 10.5258/SOTON/WP00670",zmb_ppp_2018_1km_Aggregated.tif,EXPOSURE ONLY - not a flood-occurrence predictor,2026-10-07T14:55:13+00:00
ZMB-D-0207,2018,107725.38989543915,122.28550469569163,880.9334365795404,82.59088897705078,"WorldPop, University of Southampton","The spatial distribution of population in 2018 Zambia — unconstrained individual countries 2000-2020, 1 km, not UN-adjusted; DOI 10.5258/SOTON/WP00670",zmb_ppp_2018_1km_Aggregated.tif,EXPOSURE ONLY - not a flood-occurrence predictor,2026-10-07T14:55:13+00:00
ZMB-D-0107,2018,92522.71304204315,7.701988513291088,12012.83446247414,17.816804885864258,"WorldPop, University of Southampton","The spatial distribution of population in 2018 Zambia — unconstrained individual countries 2000-2020, 1 km, not UN-adjusted; DOI 10.5258/SOTON/WP00670",zmb_ppp_2018_1km_Aggregated.tif,EXPOSURE ONLY - not a flood-occurrence predictor,2026-10-07T14:55:13+00:00
ZMB-D-0307,2018,396825.4234087467,29.108636972995402,13632.56629902969,8.928260803222656,"WorldPop, University of Southampton","The spatial distribution of population in 2018 Zambia — unconstrained individual countries 2000-2020, 1 km, not UN-adjusted; DOI 10.5258/SOTON/WP00670",zmb_ppp_2018_1km_Aggregated.tif,EXPOSURE ONLY - not a flood-occurrence predictor,2026-10-07T14:55:13+00:00
ZMB-D-0705,2018,367334.91426712275,12.06552214652048,30445.00766782453,7.710517883300781,"WorldPop, University of Southampton","The spatial distribution of population in 2018 Zambia — unconstrained individual countries 2000-2020, 1 km, not UN-adjusted; DOI 10.5258/SOTON/WP00670",zmb_ppp_2018_1km_Aggregated.tif,EXPOSURE ONLY - not a flood-occurrence predictor,2026-10-07T14:55:13+00:00
ZMB-D-0401,2018,36100.474074065685,5.834743002011678,6187.157525467551,1.5731487274169922,"WorldPop, University of Southampton","The spatial distribution of population in 2018 Zambia — unconstrained individual countries 2000-2020, 1 km, not UN-adjusted; DOI 10.5258/SOTON/WP00670",zmb_ppp_2018_1km_Aggregated.tif,EXPOSURE ONLY - not a flood-occurrence predictor,2026-10-07T14:55:13+00:00
ZMB-D-0601,2018,277923.11577717215,6.935397935519367,40073.13183196019,18.50555419921875,"WorldPop, University of Southampton","The spatial distribution of population in 2018 Zambia — unconstrained individual countries 2000-2020, 1 km, not UN-adjusted; DOI 10.5258/SOTON/WP00670",zmb_ppp_2018_1km_Aggregated.tif,EXPOSURE ONLY - not a flood-occurrence predictor,2026-10-07T14:55:13+00:00
ZMB-D-0706,2018,189468.79547905922,9.080909099595543,20864.51845305863,2.617717742919922,"WorldPop, University of Southampton","The spatial distribution of population in 2018 Zambia — unconstrained individual countries 2000-2020, 1 km, not UN-adjusted; DOI 10.5258/SOTON/WP00670",zmb_ppp_2018_1km_Aggregated.tif,EXPOSURE ONLY - not a flood-occurrence predictor,2026-10-07T14:55:13+00:00
ZMB-D-0402,2018,196455.75204728544,31.376465597379685,6261.245436888592,0.0,"WorldPop, University of Southampton","The spatial distribution of population in 2018 Zambia — unconstrained individual countries 2000-2020, 1 km, not UN-adjusted; DOI 10.5258/SOTON/WP00670",zmb_ppp_2018_1km_Aggregated.tif,EXPOSURE ONLY - not a flood-occurrence predictor,2026-10-07T14:55:13+00:00
ZMB-D-0801,2018,104714.6914460361,20.29628240085554,5159.30402316545,19.071313858032227,"WorldPop, University of Southampton","The spatial distribution of population in 2018 Zambia — unconstrained individual countries 2000-2020, 1 km, not UN-adjusted; DOI 10.5258/SOTON/WP00670",zmb_ppp_2018_1km_Aggregated.tif,EXPOSURE ONLY - not a flood-occurrence predictor,2026-10-07T14:55:13+00:00
ZMB-D-0403,2018,464560.00230556726,61.431736027805776,7562.215108088334,27.08415412902832,"WorldPop, University of Southampton","The spatial distribution of population in 2018 Zambia — unconstrained individual countries 2000-2020, 1 km, not UN-adjusted; DOI 10.5258/SOTON/WP00670",zmb_ppp_2018_1km_Aggregated.tif,EXPOSURE ONLY - not a flood-occurrence predictor,2026-10-07T14:55:13+00:00
ZMB-D-0602,2018,137673.71802186966,7.800592616633398,17649.135750058857,6.916296482086182,"WorldPop, University of Southampton","The spatial distribution of population in 2018 Zambia — unconstrained individual countries 2000-2020, 1 km, not UN-adjusted; DOI 10.5258/SOTON/WP00670",zmb_ppp_2018_1km_Aggregated.tif,EXPOSURE ONLY - not a flood-occurrence predictor,2026-10-07T14:55:13+00:00
ZMB-D-0802,2018,158000.68498694897,17.680196786693543,8936.590858867778,20.614336013793945,"WorldPop, University of Southampton","The spatial distribution of population in 2018 Zambia — unconstrained individual countries 2000-2020, 1 km, not UN-adjusted; DOI 10.5258/SOTON/WP00670",zmb_ppp_2018_1km_Aggregated.tif,EXPOSURE ONLY - not a flood-occurrence predictor,2026-10-07T14:55:13+00:00
ZMB-D-0404,2018,34489.556782484055,8.217620037652505,4197.025005348939,29.2241268157959,"WorldPop, University of Southampton","The spatial distribution of population in 2018 Zambia — unconstrained individual countries 2000-2020, 1 km, not UN-adjusted; DOI 10.5258/SOTON/WP00670",zmb_ppp_2018_1km_Aggregated.tif,EXPOSURE ONLY - not a flood-occurrence predictor,2026-10-07T14:55:13+00:00
ZMB-D-0603,2018,62267.43228635937,6.814750985858764,9137.154448573401,3.638291358947754,"WorldPop, University of Southampton","The spatial distribution of population in 2018 Zambia — unconstrained individual countries 2000-2020, 1 km, not UN-adjusted; DOI 10.5258/SOTON/WP00670",zmb_ppp_2018_1km_Aggregated.tif,EXPOSURE ONLY - not a flood-occurrence predictor,2026-10-07T14:55:13+00:00
ZMB-D-0803,2018,333459.83907580376,31.42485374695796,10611.341002918236,4.487843990325928,"WorldPop, University of Southampton","The spatial distribution of population in 2018 Zambia — unconstrained individual countries 2000-2020, 1 km, not UN-adjusted; DOI 10.5258/SOTON/WP00670",zmb_ppp_2018_1km_Aggregated.tif,EXPOSURE ONLY - not a flood-occurrence predictor,2026-10-07T14:55:13+00:00
ZMB-D-0604,2018,101523.20714521408,19.215840646067598,5283.308131824572,3.2268645763397217,"WorldPop, University of Southampton","The spatial distribution of population in 2018 Zambia — unconstrained individual countries 2000-2020, 1 km, not UN-adjusted; DOI 10.5258/SOTON/WP00670",zmb_ppp_2018_1km_Aggregated.tif,EXPOSURE ONLY - not a flood-occurrence predictor,2026-10-07T14:55:13+00:00
ZMB-D-0804,2018,181018.92155313492,18.637938750903217,9712.389549749032,8.841270446777344,"WorldPop, University of Southampton","The spatial distribution of population in 2018 Zambia — unconstrained individual countries 2000-2020, 1 km, not UN-adjusted; DOI 10.5258/SOTON/WP00670",zmb_ppp_2018_1km_Aggregated.tif,EXPOSURE ONLY - not a flood-occurrence predictor,2026-10-07T14:55:13+00:00
ZMB-D-0405,2018,111763.12835717201,13.989573718354084,7989.0303026560905,21.41154670715332,"WorldPop, University of Southampton","The spatial distribution of population in 2018 Zambia — unconstrained individual countries 2000-2020, 1 km, not UN-adjusted; DOI 10.5258/SOTON/WP00670",zmb_ppp_2018_1km_Aggregated.tif,EXPOSURE ONLY - not a flood-occurrence predictor,2026-10-07T14:55:13+00:00
ZMB-D-0805,2018,126174.64638566971,10.505441183078881,12010.409100086084,3.2977817058563232,"WorldPop, University of Southampton","The spatial distribution of population in 2018 Zambia — unconstrained individual countries 2000-2020, 1 km, not UN-adjusted; DOI 10.5258/SOTON/WP00670",zmb_ppp_2018_1km_Aggregated.tif,EXPOSURE ONLY - not a flood-occurrence predictor,2026-10-07T14:55:13+00:00
ZMB-D-0605,2018,179018.761657238,41.206362442095205,4344.444669407599,63.69780731201172,"WorldPop, University of Southampton","The spatial distribution of population in 2018 Zambia — unconstrained individual countries 2000-2020, 1 km, not UN-adjusted; DOI 10.5258/SOTON/WP00670",zmb_ppp_2018_1km_Aggregated.tif,EXPOSURE ONLY - not a flood-occurrence predictor,2026-10-07T14:55:13+00:00
ZMB-D-0406,2018,198321.102299124,47.01279094484163,4218.4498795616455,32.85551452636719,"WorldPop, University of Southampton","The spatial distribution of population in 2018 Zambia — unconstrained individual countries 2000-2020, 1 km, not UN-adjusted; DOI 10.5258/SOTON/WP00670",zmb_ppp_2018_1km_Aggregated.tif,EXPOSURE ONLY - not a flood-occurrence predictor,2026-10-07T14:55:13+00:00
ZMB-D-0806,2018,243611.2388472557,31.884453924285623,7640.439426240349,56.695743560791016,"WorldPop, University of Southampton","The spatial distribution of population in 2018 Zambia — unconstrained individual countries 2000-2020, 1 km, not UN-adjusted; DOI 10.5258/SOTON/WP00670",zmb_ppp_2018_1km_Aggregated.tif,EXPOSURE ONLY - not a flood-occurrence predictor,2026-10-07T14:55:13+00:00
ZMB-D-0807,2018,160306.01900103688,14.464091816446677,11083.033835470942,5.919641971588135,"WorldPop, University of Southampton","The spatial distribution of population in 2018 Zambia — unconstrained individual countries 2000-2020, 1 km, not UN-adjusted; DOI 10.5258/SOTON/WP00670",zmb_ppp_2018_1km_Aggregated.tif,EXPOSURE ONLY - not a flood-occurrence predictor,2026-10-07T14:55:13+00:00
ZMB-D-0808,2018,62330.58974292874,8.416984624669285,7405.33487019145,3.143566370010376,"WorldPop, University of Southampton","The spatial distribution of population in 2018 Zambia — unconstrained individual countries 2000-2020, 1 km, not UN-adjusted; DOI 10.5258/SOTON/WP00670",zmb_ppp_2018_1km_Aggregated.tif,EXPOSURE ONLY - not a flood-occurrence predictor,2026-10-07T14:55:13+00:00
ZMB-D-0407,2018,133340.03237748146,34.28165961808079,3889.5442596120824,180.920166015625,"WorldPop, University of Southampton","The spatial distribution of population in 2018 Zambia — unconstrained individual countries 2000-2020, 1 km, not UN-adjusted; DOI 10.5258/SOTON/WP00670",zmb_ppp_2018_1km_Aggregated.tif,EXPOSURE ONLY - not a flood-occurrence predictor,2026-10-07T14:55:13+00:00
ZMB-D-0208,2018,117306.46208906174,31.855833769776755,3682.4169455692077,8.638790130615234,"WorldPop, University of Southampton","The spatial distribution of population in 2018 Zambia — unconstrained individual countries 2000-2020, 1 km, not UN-adjusted; DOI 10.5258/SOTON/WP00670",zmb_ppp_2018_1km_Aggregated.tif,EXPOSURE ONLY - not a flood-occurrence predictor,2026-10-07T14:55:13+00:00
ZMB-D-0209,2018,164373.28778648376,207.32800968436462,792.8175649625202,94.77178192138672,"WorldPop, University of Southampton","The spatial distribution of population in 2018 Zambia — unconstrained individual countries 2000-2020, 1 km, not UN-adjusted; DOI 10.5258/SOTON/WP00670",zmb_ppp_2018_1km_Aggregated.tif,EXPOSURE ONLY - not a flood-occurrence predictor,2026-10-07T14:55:13+00:00
ZMB-D-0210,2018,591026.45525074,543.3544123651566,1087.7365524245452,156.32275390625,"WorldPop, University of Southampton","The spatial distribution of population in 2018 Zambia — unconstrained individual countries 2000-2020, 1 km, not UN-adjusted; DOI 10.5258/SOTON/WP00670",zmb_ppp_2018_1km_Aggregated.tif,EXPOSURE ONLY - not a flood-occurrence predictor,2026-10-07T14:55:13+00:00
ZMB-D-0707,2018,44757.714362859726,20.388140550734647,2195.2818233464145,26.54029083251953,"WorldPop, University of Southampton","The spatial distribution of population in 2018 Zambia — unconstrained individual countries 2000-2020, 1 km, not UN-adjusted; DOI 10.5258/SOTON/WP00670",zmb_ppp_2018_1km_Aggregated.tif,EXPOSURE ONLY - not a flood-occurrence predictor,2026-10-07T14:55:13+00:00
ZMB-D-0606,2018,94689.22432518005,23.22095675244294,4077.748618829771,19.331457138061523,"WorldPop, University of Southampton","The spatial distribution of population in 2018 Zambia — unconstrained individual countries 2000-2020, 1 km, not UN-adjusted; DOI 10.5258/SOTON/WP00670",zmb_ppp_2018_1km_Aggregated.tif,EXPOSURE ONLY - not a flood-occurrence predictor,2026-10-07T14:55:13+00:00
ZMB-D-0505,2018,56934.54487299919,32.091091294917085,1774.1542146314316,22.69780158996582,"WorldPop, University of Southampton","The spatial distribution of population in 2018 Zambia — unconstrained individual countries 2000-2020, 1 km, not UN-adjusted; DOI 10.5258/SOTON/WP00670",zmb_ppp_2018_1km_Aggregated.tif,EXPOSURE ONLY - not a flood-occurrence predictor,2026-10-07T14:55:13+00:00
ZMB-D-0408,2018,108862.30616247654,50.61773255859567,2150.675280376423,35.10157012939453,"WorldPop, University of Southampton","The spatial distribution of population in 2018 Zambia — unconstrained individual countries 2000-2020, 1 km, not UN-adjusted; DOI 10.5258/SOTON/WP00670",zmb_ppp_2018_1km_Aggregated.tif,EXPOSURE ONLY - not a flood-occurrence predictor,2026-10-07T14:55:13+00:00
ZMB-D-0607,2018,101248.91943657398,16.159923687912872,6265.433017626505,8.746293067932129,"WorldPop, University of Southampton","The spatial distribution of population in 2018 Zambia — unconstrained individual countries 2000-2020, 1 km, not UN-adjusted; DOI 10.5258/SOTON/WP00670",zmb_ppp_2018_1km_Aggregated.tif,EXPOSURE ONLY - not a flood-occurrence predictor,2026-10-07T14:55:13+00:00
ZMB-D-0108,2018,177301.2112352848,21.06951695266092,8415.0581920623,23.347763061523438,"WorldPop, University of Southampton","The spatial distribution of population in 2018 Zambia — unconstrained individual countries 2000-2020, 1 km, not UN-adjusted; DOI 10.5258/SOTON/WP00670",zmb_ppp_2018_1km_Aggregated.tif,EXPOSURE ONLY - not a flood-occurrence predictor,2026-10-07T14:55:13+00:00
ZMB-D-0506,2018,275081.3366801739,121.70015429117005,2260.3203609917887,42.93225860595703,"WorldPop, University of Southampton","The spatial distribution of population in 2018 Zambia — unconstrained individual countries 2000-2020, 1 km, not UN-adjusted; DOI 10.5258/SOTON/WP00670",zmb_ppp_2018_1km_Aggregated.tif,EXPOSURE ONLY - not a flood-occurrence predictor,2026-10-07T14:55:13+00:00
ZMB-D-0109,2018,127887.14115354419,24.26026264365853,5271.4656486611875,11.99406623840332,"WorldPop, University of Southampton","The spatial distribution of population in 2018 Zambia — unconstrained individual countries 2000-2020, 1 km, not UN-adjusted; DOI 10.5258/SOTON/WP00670",zmb_ppp_2018_1km_Aggregated.tif,EXPOSURE ONLY - not a flood-occurrence predictor,2026-10-07T14:55:13+00:00
ZMB-D-1007,2018,50701.980398356915,4.576098632654491,11079.739417449106,3.549570083618164,"WorldPop, University of Southampton","The spatial distribution of population in 2018 Zambia — unconstrained individual countries 2000-2020, 1 km, not UN-adjusted; DOI 10.5258/SOTON/WP00670",zmb_ppp_2018_1km_Aggregated.tif,EXPOSURE ONLY - not a flood-occurrence predictor,2026-10-07T14:55:13+00:00
ZMB-D-1008,2018,34438.63851734996,5.331797073637111,6459.105258831141,1.7040680646896362,"WorldPop, University of Southampton","The spatial distribution of population in 2018 Zambia — unconstrained individual countries 2000-2020, 1 km, not UN-adjusted; DOI 10.5258/SOTON/WP00670",zmb_ppp_2018_1km_Aggregated.tif,EXPOSURE ONLY - not a flood-occurrence predictor,2026-10-07T14:55:13+00:00
ZMB-D-1009,2018,69913.50510370731,8.786315780597425,7957.08996233613,2.611464023590088,"WorldPop, University of Southampton","The spatial distribution of population in 2018 Zambia — unconstrained individual countries 2000-2020, 1 km, not UN-adjusted; DOI 10.5258/SOTON/WP00670",zmb_ppp_2018_1km_Aggregated.tif,EXPOSURE ONLY - not a flood-occurrence predictor,2026-10-07T14:55:13+00:00
ZMB-D-1010,2018,58433.53369998932,12.631274851305468,4626.099454557439,5.563359260559082,"WorldPop, University of Southampton","The spatial distribution of population in 2018 Zambia — unconstrained individual countries 2000-2020, 1 km, not UN-adjusted; DOI 10.5258/SOTON/WP00670",zmb_ppp_2018_1km_Aggregated.tif,EXPOSURE ONLY - not a flood-occurrence predictor,2026-10-07T14:55:13+00:00
ZMB-D-1011,2018,52282.07617974281,6.84170299574676,7641.6757950827,5.339419841766357,"WorldPop, University of Southampton","The spatial distribution of population in 2018 Zambia — unconstrained individual countries 2000-2020, 1 km, not UN-adjusted; DOI 10.5258/SOTON/WP00670",zmb_ppp_2018_1km_Aggregated.tif,EXPOSURE ONLY - not a flood-occurrence predictor,2026-10-07T14:55:13+00:00
ZMB-D-1012,2018,65356.26537621021,6.417434146627595,10184.17390547831,3.9536678791046143,"WorldPop, University of Southampton","The spatial distribution of population in 2018 Zambia — unconstrained individual countries 2000-2020, 1 km, not UN-adjusted; DOI 10.5258/SOTON/WP00670",zmb_ppp_2018_1km_Aggregated.tif,EXPOSURE ONLY - not a flood-occurrence predictor,2026-10-07T14:55:13+00:00
ZMB-D-1013,2018,45806.73389196396,12.053462175220268,3800.2968131541734,38.80027389526367,"WorldPop, University of Southampton","The spatial distribution of population in 2018 Zambia — unconstrained individual countries 2000-2020, 1 km, not UN-adjusted; DOI 10.5258/SOTON/WP00670",zmb_ppp_2018_1km_Aggregated.tif,EXPOSURE ONLY - not a flood-occurrence predictor,2026-10-07T14:55:13+00:00
ZMB-D-0809,2018,94208.80546860397,18.58788269291053,5068.291371589916,14.057158470153809,"WorldPop, University of Southampton","The spatial distribution of population in 2018 Zambia — unconstrained individual countries 2000-2020, 1 km, not UN-adjusted; DOI 10.5258/SOTON/WP00670",zmb_ppp_2018_1km_Aggregated.tif,EXPOSURE ONLY - not a flood-occurrence predictor,2026-10-07T14:55:13+00:00
ZMB-D-0409,2018,30162.834493052214,8.142798434029979,3704.234451757665,5.267843723297119,"WorldPop, University of Southampton","The spatial distribution of population in 2018 Zambia — unconstrained individual countries 2000-2020, 1 km, not UN-adjusted; DOI 10.5258/SOTON/WP00670",zmb_ppp_2018_1km_Aggregated.tif,EXPOSURE ONLY - not a flood-occurrence predictor,2026-10-07T14:55:13+00:00
ZMB-D-0911,2018,120121.12007427216,22.88539564617528,5248.811160245219,11.951326370239258,"WorldPop, University of Southampton","The spatial distribution of population in 2018 Zambia — unconstrained individual countries 2000-2020, 1 km, not UN-adjusted; DOI 10.5258/SOTON/WP00670",zmb_ppp_2018_1km_Aggregated.tif,EXPOSURE ONLY - not a flood-occurrence predictor,2026-10-07T14:55:13+00:00
ZMB-D-0308,2018,199414.06777191162,77.00869015024163,2589.5008392281543,328.3034973144531,"WorldPop, University of Southampton","The spatial distribution of population in 2018 Zambia — unconstrained individual countries 2000-2020, 1 km, not UN-adjusted; DOI 10.5258/SOTON/WP00670",zmb_ppp_2018_1km_Aggregated.tif,EXPOSURE ONLY - not a flood-occurrence predictor,2026-10-07T14:55:13+00:00
ZMB-D-0110,2018,247984.9987007901,26.61945184499687,9315.931828528577,19.945049285888672,"WorldPop, University of Southampton","The spatial distribution of population in 2018 Zambia — unconstrained individual countries 2000-2020, 1 km, not UN-adjusted; DOI 10.5258/SOTON/WP00670",zmb_ppp_2018_1km_Aggregated.tif,EXPOSURE ONLY - not a flood-occurrence predictor,2026-10-07T14:55:13+00:00
ZMB-D-0507,2018,251959.47547245026,188.62982437949995,1335.735090149577,51.96921920776367,"WorldPop, University of Southampton","The spatial distribution of population in 2018 Zambia — unconstrained individual countries 2000-2020, 1 km, not UN-adjusted; DOI 10.5258/SOTON/WP00670",zmb_ppp_2018_1km_Aggregated.tif,EXPOSURE ONLY - not a flood-occurrence predictor,2026-10-07T14:55:13+00:00
ZMB-D-0309,2018,40514.12999820709,44.008851669344395,920.5904826284833,26.078962326049805,"WorldPop, University of Southampton","The spatial distribution of population in 2018 Zambia — unconstrained individual countries 2000-2020, 1 km, not UN-adjusted; DOI 10.5258/SOTON/WP00670",zmb_ppp_2018_1km_Aggregated.tif,EXPOSURE ONLY - not a flood-occurrence predictor,2026-10-07T14:55:13+00:00
ZMB-D-1014,2018,55929.66308641434,14.323797645484412,3904.667216801,5.409839153289795,"WorldPop, University of Southampton","The spatial distribution of population in 2018 Zambia — unconstrained individual countries 2000-2020, 1 km, not UN-adjusted; DOI 10.5258/SOTON/WP00670",zmb_ppp_2018_1km_Aggregated.tif,EXPOSURE ONLY - not a flood-occurrence predictor,2026-10-07T14:55:13+00:00
ZMB-D-1015,2018,39709.99336433411,6.244778302811337,6358.911628048839,3.4697980880737305,"WorldPop, University of Southampton","The spatial distribution of population in 2018 Zambia — unconstrained individual countries 2000-2020, 1 km, not UN-adjusted; DOI 10.5258/SOTON/WP00670",zmb_ppp_2018_1km_Aggregated.tif,EXPOSURE ONLY - not a flood-occurrence predictor,2026-10-07T14:55:13+00:00
ZMB-D-0111,2018,107838.45060265064,9.31010611585621,11582.945377925289,14.821869850158691,"WorldPop, University of Southampton","The spatial distribution of population in 2018 Zambia — unconstrained individual countries 2000-2020, 1 km, not UN-adjusted; DOI 10.5258/SOTON/WP00670",zmb_ppp_2018_1km_Aggregated.tif,EXPOSURE ONLY - not a flood-occurrence predictor,2026-10-07T14:55:13+00:00
ZMB-D-0708,2018,60433.94610321522,8.579579970127073,7043.928294116726,9.98465633392334,"WorldPop, University of Southampton","The spatial distribution of population in 2018 Zambia — unconstrained individual countries 2000-2020, 1 km, not UN-adjusted; DOI 10.5258/SOTON/WP00670",zmb_ppp_2018_1km_Aggregated.tif,EXPOSURE ONLY - not a flood-occurrence predictor,2026-10-07T14:55:13+00:00
ZMB-D-0709,2018,67760.18172264099,9.130229861512742,7421.51980294329,4.733470439910889,"WorldPop, University of Southampton","The spatial distribution of population in 2018 Zambia — unconstrained individual countries 2000-2020, 1 km, not UN-adjusted; DOI 10.5258/SOTON/WP00670",zmb_ppp_2018_1km_Aggregated.tif,EXPOSURE ONLY - not a flood-occurrence predictor,2026-10-07T14:55:13+00:00
ZMB-D-0410,2018,95759.88827586174,39.38679040620987,2431.269146032368,12.236100196838379,"WorldPop, University of Southampton","The spatial distribution of population in 2018 Zambia — unconstrained individual countries 2000-2020, 1 km, not UN-adjusted; DOI 10.5258/SOTON/WP00670",zmb_ppp_2018_1km_Aggregated.tif,EXPOSURE ONLY - not a flood-occurrence predictor,2026-10-07T14:55:13+00:00
ZMB-D-0411,2018,61306.40552523732,51.583672095041756,1188.4847091203908,38.145782470703125,"WorldPop, University of Southampton","The spatial distribution of population in 2018 Zambia — unconstrained individual countries 2000-2020, 1 km, not UN-adjusted; DOI 10.5258/SOTON/WP00670",zmb_ppp_2018_1km_Aggregated.tif,EXPOSURE ONLY - not a flood-occurrence predictor,2026-10-07T14:55:13+00:00
ZMB-D-0912,2018,47788.25725317001,25.17448679066065,1898.281289726181,9.030892372131348,"WorldPop, University of Southampton","The spatial distribution of population in 2018 Zambia — unconstrained individual countries 2000-2020, 1 km, not UN-adjusted; DOI 10.5258/SOTON/WP00670",zmb_ppp_2018_1km_Aggregated.tif,EXPOSURE ONLY - not a flood-occurrence predictor,2026-10-07T14:55:13+00:00
ZMB-D-0508,2018,70016.29860246181,42.82181903557026,1635.0612883656872,23.396738052368164,"WorldPop, University of Southampton","The spatial distribution of population in 2018 Zambia — unconstrained individual countries 2000-2020, 1 km, not UN-adjusted; DOI 10.5258/SOTON/WP00670",zmb_ppp_2018_1km_Aggregated.tif,EXPOSURE ONLY - not a flood-occurrence predictor,2026-10-07T14:55:13+00:00
ZMB-D-0901,2019,187295.12518119812,222.64088169134226,841.2431883954464,153.397216796875,"WorldPop, University of Southampton","The spatial distribution of population in 2019 Zambia — unconstrained individual countries 2000-2020, 1 km, not UN-adjusted; DOI 10.5258/SOTON/WP00670",zmb_ppp_2019_1km_Aggregated.tif,EXPOSURE ONLY - not a flood-occurrence predictor,2026-10-07T14:55:13+00:00
ZMB-D-0902,2019,128323.63605173677,25.306455589842518,5070.7866060564875,34.91191482543945,"WorldPop, University of Southampton","The spatial distribution of population in 2019 Zambia — unconstrained individual countries 2000-2020, 1 km, not UN-adjusted; DOI 10.5258/SOTON/WP00670",zmb_ppp_2019_1km_Aggregated.tif,EXPOSURE ONLY - not a flood-occurrence predictor,2026-10-07T14:55:13+00:00
ZMB-D-0903,2019,77871.72784565389,20.195726885596216,3855.8517000540714,13.144577980041504,"WorldPop, University of Southampton","The spatial distribution of population in 2019 Zambia — unconstrained individual countries 2000-2020, 1 km, not UN-adjusted; DOI 10.5258/SOTON/WP00670",zmb_ppp_2019_1km_Aggregated.tif,EXPOSURE ONLY - not a flood-occurrence predictor,2026-10-07T14:55:13+00:00
ZMB-D-0904,2019,245978.22564315796,30.4390931035723,8080.997183660843,10.253203392028809,"WorldPop, University of Southampton","The spatial distribution of population in 2019 Zambia — unconstrained individual countries 2000-2020, 1 km, not UN-adjusted; DOI 10.5258/SOTON/WP00670",zmb_ppp_2019_1km_Aggregated.tif,EXPOSURE ONLY - not a flood-occurrence predictor,2026-10-07T14:55:13+00:00
ZMB-D-0905,2019,264896.3030099869,51.392500209560254,5154.376648924151,130.23851013183594,"WorldPop, University of Southampton","The spatial distribution of population in 2019 Zambia — unconstrained individual countries 2000-2020, 1 km, not UN-adjusted; DOI 10.5258/SOTON/WP00670",zmb_ppp_2019_1km_Aggregated.tif,EXPOSURE ONLY - not a flood-occurrence predictor,2026-10-07T14:55:13+00:00
ZMB-D-0906,2019,156444.1014404893,8.555214030290188,18286.404160853333,2.1646251678466797,"WorldPop, University of Southampton","The spatial distribution of population in 2019 Zambia — unconstrained individual countries 2000-2020, 1 km, not UN-adjusted; DOI 10.5258/SOTON/WP00670",zmb_ppp_2019_1km_Aggregated.tif,EXPOSURE ONLY - not a flood-occurrence predictor,2026-10-07T14:55:13+00:00
ZMB-D-0907,2019,64097.66979587823,31.269687927990066,2049.8340099679485,13.563543319702148,"WorldPop, University of Southampton","The spatial distribution of population in 2019 Zambia — unconstrained individual countries 2000-2020, 1 km, not UN-adjusted; DOI 10.5258/SOTON/WP00670",zmb_ppp_2019_1km_Aggregated.tif,EXPOSURE ONLY - not a flood-occurrence predictor,2026-10-07T14:55:13+00:00
ZMB-D-1001,2019,45150.88157725334,5.449985536406771,8284.587413239587,7.11613655090332,"WorldPop, University of Southampton","The spatial distribution of population in 2019 Zambia — unconstrained individual countries 2000-2020, 1 km, not UN-adjusted; DOI 10.5258/SOTON/WP00670",zmb_ppp_2019_1km_Aggregated.tif,EXPOSURE ONLY - not a flood-occurrence predictor,2026-10-07T14:55:13+00:00
ZMB-D-0908,2019,225972.8450177759,46.112813499313134,4900.434995603594,15.132342338562012,"WorldPop, University of Southampton","The spatial distribution of population in 2019 Zambia — unconstrained individual countries 2000-2020, 1 km, not UN-adjusted; DOI 10.5258/SOTON/WP00670",zmb_ppp_2019_1km_Aggregated.tif,EXPOSURE ONLY - not a flood-occurrence predictor,2026-10-07T14:55:13+00:00
ZMB-D-0909,2019,119531.22442634404,22.10352000819943,5407.791355494656,12.195453643798828,"WorldPop, University of Southampton","The spatial distribution of population in 2019 Zambia — unconstrained individual countries 2000-2020, 1 km, not UN-adjusted; DOI 10.5258/SOTON/WP00670",zmb_ppp_2019_1km_Aggregated.tif,EXPOSURE ONLY - not a flood-occurrence predictor,2026-10-07T14:55:13+00:00
ZMB-D-0910,2019,188296.27352428436,49.21859561040339,3825.714065772408,144.82257080078125,"WorldPop, University of Southampton","The spatial distribution of population in 2019 Zambia — unconstrained individual countries 2000-2020, 1 km, not UN-adjusted; DOI 10.5258/SOTON/WP00670",zmb_ppp_2019_1km_Aggregated.tif,EXPOSURE ONLY - not a flood-occurrence predictor,2026-10-07T14:55:13+00:00
ZMB-D-1002,2019,77876.26111203432,7.067488735361323,11018.9437900891,1.3176476955413818,"WorldPop, University of Southampton","The spatial distribution of population in 2019 Zambia — unconstrained individual countries 2000-2020, 1 km, not UN-adjusted; DOI 10.5258/SOTON/WP00670",zmb_ppp_2019_1km_Aggregated.tif,EXPOSURE ONLY - not a flood-occurrence predictor,2026-10-07T14:55:13+00:00
ZMB-D-0501,2019,2166694.7706565857,5021.972955673061,431.4429388172996,2336.202880859375,"WorldPop, University of Southampton","The spatial distribution of population in 2019 Zambia — unconstrained individual countries 2000-2020, 1 km, not UN-adjusted; DOI 10.5258/SOTON/WP00670",zmb_ppp_2019_1km_Aggregated.tif,EXPOSURE ONLY - not a flood-occurrence predictor,2026-10-07T14:55:13+00:00
ZMB-D-0101,2019,110888.09741905704,6.869361571876678,16142.416767379873,7.852625370025635,"WorldPop, University of Southampton","The spatial distribution of population in 2019 Zambia — unconstrained individual countries 2000-2020, 1 km, not UN-adjusted; DOI 10.5258/SOTON/WP00670",zmb_ppp_2019_1km_Aggregated.tif,EXPOSURE ONLY - not a flood-occurrence predictor,2026-10-07T14:55:13+00:00
ZMB-D-0502,2019,135750.79137143493,29.259200992563024,4639.593248152589,3.62516188621521,"WorldPop, University of Southampton","The spatial distribution of population in 2019 Zambia — unconstrained individual countries 2000-2020, 1 km, not UN-adjusted; DOI 10.5258/SOTON/WP00670",zmb_ppp_2019_1km_Aggregated.tif,EXPOSURE ONLY - not a flood-occurrence predictor,2026-10-07T14:55:13+00:00
ZMB-D-0503,2019,28797.767135202885,7.629741871008566,3774.40909824596,1.829704761505127,"WorldPop, University of Southampton","The spatial distribution of population in 2019 Zambia — unconstrained individual countries 2000-2020, 1 km, not UN-adjusted; DOI 10.5258/SOTON/WP00670",zmb_ppp_2019_1km_Aggregated.tif,EXPOSURE ONLY - not a flood-occurrence predictor,2026-10-07T14:55:13+00:00
ZMB-D-0504,2019,68458.65072953701,7.159592628609079,9561.808091703777,4.998612403869629,"WorldPop, University of Southampton","The spatial distribution of population in 2019 Zambia — unconstrained individual countries 2000-2020, 1 km, not UN-adjusted; DOI 10.5258/SOTON/WP00670",zmb_ppp_2019_1km_Aggregated.tif,EXPOSURE ONLY - not a flood-occurrence predictor,2026-10-07T14:55:13+00:00
ZMB-D-1003,2019,152099.8766848445,25.11227047132841,6056.795097779089,10.936315536499023,"WorldPop, University of Southampton","The spatial distribution of population in 2019 Zambia — unconstrained individual countries 2000-2020, 1 km, not UN-adjusted; DOI 10.5258/SOTON/WP00670",zmb_ppp_2019_1km_Aggregated.tif,EXPOSURE ONLY - not a flood-occurrence predictor,2026-10-07T14:55:13+00:00
ZMB-D-0102,2019,725358.1116183773,81.2867725316053,8923.445832916408,33.709495544433594,"WorldPop, University of Southampton","The spatial distribution of population in 2019 Zambia — unconstrained individual countries 2000-2020, 1 km, not UN-adjusted; DOI 10.5258/SOTON/WP00670",zmb_ppp_2019_1km_Aggregated.tif,EXPOSURE ONLY - not a flood-occurrence predictor,2026-10-07T14:55:13+00:00
ZMB-D-0103,2019,227363.87385749817,147.20339430280117,1544.5559182542002,44.92926788330078,"WorldPop, University of Southampton","The spatial distribution of population in 2019 Zambia — unconstrained individual countries 2000-2020, 1 km, not UN-adjusted; DOI 10.5258/SOTON/WP00670",zmb_ppp_2019_1km_Aggregated.tif,EXPOSURE ONLY - not a flood-occurrence predictor,2026-10-07T14:55:13+00:00
ZMB-D-0104,2019,240798.62366491556,12.079212342015827,19934.96072813719,8.903205871582031,"WorldPop, University of Southampton","The spatial distribution of population in 2019 Zambia — unconstrained individual countries 2000-2020, 1 km, not UN-adjusted; DOI 10.5258/SOTON/WP00670",zmb_ppp_2019_1km_Aggregated.tif,EXPOSURE ONLY - not a flood-occurrence predictor,2026-10-07T14:55:13+00:00
ZMB-D-1004,2019,89925.45621967316,9.133899298186376,9845.242791052964,5.0854902267456055,"WorldPop, University of Southampton","The spatial distribution of population in 2019 Zambia — unconstrained individual countries 2000-2020, 1 km, not UN-adjusted; DOI 10.5258/SOTON/WP00670",zmb_ppp_2019_1km_Aggregated.tif,EXPOSURE ONLY - not a flood-occurrence predictor,2026-10-07T14:55:13+00:00
ZMB-D-1005,2019,106621.86142516136,11.662959588347837,9141.921535223746,4.388125896453857,"WorldPop, University of Southampton","The spatial distribution of population in 2019 Zambia — unconstrained individual countries 2000-2020, 1 km, not UN-adjusted; DOI 10.5258/SOTON/WP00670",zmb_ppp_2019_1km_Aggregated.tif,EXPOSURE ONLY - not a flood-occurrence predictor,2026-10-07T14:55:13+00:00
ZMB-D-0301,2019,86304.22301101685,57.2904875431628,1506.4319874393639,61.06513977050781,"WorldPop, University of Southampton","The spatial distribution of population in 2019 Zambia — unconstrained individual countries 2000-2020, 1 km, not UN-adjusted; DOI 10.5258/SOTON/WP00670",zmb_ppp_2019_1km_Aggregated.tif,EXPOSURE ONLY - not a flood-occurrence predictor,2026-10-07T14:55:13+00:00
ZMB-D-0302,2019,96708.3805783987,9.450969017453659,10232.641795756781,6.004910945892334,"WorldPop, University of Southampton","The spatial distribution of population in 2019 Zambia — unconstrained individual countries 2000-2020, 1 km, not UN-adjusted; DOI 10.5258/SOTON/WP00670",zmb_ppp_2019_1km_Aggregated.tif,EXPOSURE ONLY - not a flood-occurrence predictor,2026-10-07T14:55:13+00:00
ZMB-D-1006,2019,82474.08907723427,8.833680343046394,9336.322560296781,11.713932037353516,"WorldPop, University of Southampton","The spatial distribution of population in 2019 Zambia — unconstrained individual countries 2000-2020, 1 km, not UN-adjusted; DOI 10.5258/SOTON/WP00670",zmb_ppp_2019_1km_Aggregated.tif,EXPOSURE ONLY - not a flood-occurrence predictor,2026-10-07T14:55:13+00:00
ZMB-D-0303,2019,201715.29206371307,82.43519268749637,2446.956032824424,562.5789184570312,"WorldPop, University of Southampton","The spatial distribution of population in 2019 Zambia — unconstrained individual countries 2000-2020, 1 km, not UN-adjusted; DOI 10.5258/SOTON/WP00670",zmb_ppp_2019_1km_Aggregated.tif,EXPOSURE ONLY - not a flood-occurrence predictor,2026-10-07T14:55:13+00:00
ZMB-D-0105,2019,58418.05330443382,8.465498075754684,6900.722530638099,15.25304126739502,"WorldPop, University of Southampton","The spatial distribution of population in 2019 Zambia — unconstrained individual countries 2000-2020, 1 km, not UN-adjusted; DOI 10.5258/SOTON/WP00670",zmb_ppp_2019_1km_Aggregated.tif,EXPOSURE ONLY - not a flood-occurrence predictor,2026-10-07T14:55:13+00:00
ZMB-D-0304,2019,388019.2524751425,52.79298162871326,7349.826444811085,76.49403381347656,"WorldPop, University of Southampton","The spatial distribution of population in 2019 Zambia — unconstrained individual countries 2000-2020, 1 km, not UN-adjusted; DOI 10.5258/SOTON/WP00670",zmb_ppp_2019_1km_Aggregated.tif,EXPOSURE ONLY - not a flood-occurrence predictor,2026-10-07T14:55:13+00:00
ZMB-D-0106,2019,39057.640325665474,4.211844461343194,9273.286486274863,1.8283549547195435,"WorldPop, University of Southampton","The spatial distribution of population in 2019 Zambia — unconstrained individual countries 2000-2020, 1 km, not UN-adjusted; DOI 10.5258/SOTON/WP00670",zmb_ppp_2019_1km_Aggregated.tif,EXPOSURE ONLY - not a flood-occurrence predictor,2026-10-07T14:55:13+00:00
ZMB-D-0201,2019,128144.22653400898,14.3887616471851,8905.8551163837,16.912601470947266,"WorldPop, University of Southampton","The spatial distribution of population in 2019 Zambia — unconstrained individual countries 2000-2020, 1 km, not UN-adjusted; DOI 10.5258/SOTON/WP00670",zmb_ppp_2019_1km_Aggregated.tif,EXPOSURE ONLY - not a flood-occurrence predictor,2026-10-07T14:55:13+00:00
ZMB-D-0305,2019,553679.0993356705,86.54678317941953,6397.4544055305,120.86287689208984,"WorldPop, University of Southampton","The spatial distribution of population in 2019 Zambia — unconstrained individual countries 2000-2020, 1 km, not UN-adjusted; DOI 10.5258/SOTON/WP00670",zmb_ppp_2019_1km_Aggregated.tif,EXPOSURE ONLY - not a flood-occurrence predictor,2026-10-07T14:55:13+00:00
ZMB-D-0701,2019,117849.53245306015,8.244303777543307,14294.66157883107,3.4602150917053223,"WorldPop, University of Southampton","The spatial distribution of population in 2019 Zambia — unconstrained individual countries 2000-2020, 1 km, not UN-adjusted; DOI 10.5258/SOTON/WP00670",zmb_ppp_2019_1km_Aggregated.tif,EXPOSURE ONLY - not a flood-occurrence predictor,2026-10-07T14:55:13+00:00
ZMB-D-0702,2019,39463.46615540981,8.61093959474938,4582.94541741683,2.2078332901000977,"WorldPop, University of Southampton","The spatial distribution of population in 2019 Zambia — unconstrained individual countries 2000-2020, 1 km, not UN-adjusted; DOI 10.5258/SOTON/WP00670",zmb_ppp_2019_1km_Aggregated.tif,EXPOSURE ONLY - not a flood-occurrence predictor,2026-10-07T14:55:13+00:00
ZMB-D-0703,2019,72578.28327286243,3.8192394976293156,19003.333862124473,3.390507459640503,"WorldPop, University of Southampton","The spatial distribution of population in 2019 Zambia — unconstrained individual countries 2000-2020, 1 km, not UN-adjusted; DOI 10.5258/SOTON/WP00670",zmb_ppp_2019_1km_Aggregated.tif,EXPOSURE ONLY - not a flood-occurrence predictor,2026-10-07T14:55:13+00:00
ZMB-D-0306,2019,98489.88255894184,16.654788692659626,5913.60745407415,11.449441909790039,"WorldPop, University of Southampton","The spatial distribution of population in 2019 Zambia — unconstrained individual countries 2000-2020, 1 km, not UN-adjusted; DOI 10.5258/SOTON/WP00670",zmb_ppp_2019_1km_Aggregated.tif,EXPOSURE ONLY - not a flood-occurrence predictor,2026-10-07T14:55:13+00:00
ZMB-D-0704,2019,92106.47528636456,4.226354945001288,21793.360114086794,3.375633955001831,"WorldPop, University of Southampton","The spatial distribution of population in 2019 Zambia — unconstrained individual countries 2000-2020, 1 km, not UN-adjusted; DOI 10.5258/SOTON/WP00670",zmb_ppp_2019_1km_Aggregated.tif,EXPOSURE ONLY - not a flood-occurrence predictor,2026-10-07T14:55:13+00:00
ZMB-D-0202,2019,730490.7185440063,610.0022085208969,1197.521432447374,181.77099609375,"WorldPop, University of Southampton","The spatial distribution of population in 2019 Zambia — unconstrained individual countries 2000-2020, 1 km, not UN-adjusted; DOI 10.5258/SOTON/WP00670",zmb_ppp_2019_1km_Aggregated.tif,EXPOSURE ONLY - not a flood-occurrence predictor,2026-10-07T14:55:13+00:00
ZMB-D-0203,2019,91925.8588423729,85.94559893888905,1069.5819213236975,14.343914031982422,"WorldPop, University of Southampton","The spatial distribution of population in 2019 Zambia — unconstrained individual countries 2000-2020, 1 km, not UN-adjusted; DOI 10.5258/SOTON/WP00670",zmb_ppp_2019_1km_Aggregated.tif,EXPOSURE ONLY - not a flood-occurrence predictor,2026-10-07T14:55:13+00:00
ZMB-D-0204,2019,159051.18934869766,213.13712860591113,746.2387730801331,730.45556640625,"WorldPop, University of Southampton","The spatial distribution of population in 2019 Zambia — unconstrained individual countries 2000-2020, 1 km, not UN-adjusted; DOI 10.5258/SOTON/WP00670",zmb_ppp_2019_1km_Aggregated.tif,EXPOSURE ONLY - not a flood-occurrence predictor,2026-10-07T14:55:13+00:00
ZMB-D-0205,2019,90942.67052912712,8.389424743530036,10840.155709038638,10.299958229064941,"WorldPop, University of Southampton","The spatial distribution of population in 2019 Zambia — unconstrained individual countries 2000-2020, 1 km, not UN-adjusted; DOI 10.5258/SOTON/WP00670",zmb_ppp_2019_1km_Aggregated.tif,EXPOSURE ONLY - not a flood-occurrence predictor,2026-10-07T14:55:13+00:00
ZMB-D-0206,2019,265393.1028585434,170.48717789392634,1556.6748545961948,17.07166290283203,"WorldPop, University of Southampton","The spatial distribution of population in 2019 Zambia — unconstrained individual countries 2000-2020, 1 km, not UN-adjusted; DOI 10.5258/SOTON/WP00670",zmb_ppp_2019_1km_Aggregated.tif,EXPOSURE ONLY - not a flood-occurrence predictor,2026-10-07T14:55:13+00:00
ZMB-D-0207,2019,110738.0202550888,125.70532080727776,880.9334365795404,80.09386444091797,"WorldPop, University of Southampton","The spatial distribution of population in 2019 Zambia — unconstrained individual countries 2000-2020, 1 km, not UN-adjusted; DOI 10.5258/SOTON/WP00670",zmb_ppp_2019_1km_Aggregated.tif,EXPOSURE ONLY - not a flood-occurrence predictor,2026-10-07T14:55:13+00:00
ZMB-D-0107,2019,94663.36459505558,7.880185554106012,12012.83446247414,20.01555824279785,"WorldPop, University of Southampton","The spatial distribution of population in 2019 Zambia — unconstrained individual countries 2000-2020, 1 km, not UN-adjusted; DOI 10.5258/SOTON/WP00670",zmb_ppp_2019_1km_Aggregated.tif,EXPOSURE ONLY - not a flood-occurrence predictor,2026-10-07T14:55:13+00:00
ZMB-D-0307,2019,409655.3786007762,30.049762430272118,13632.56629902969,10.296278953552246,"WorldPop, University of Southampton","The spatial distribution of population in 2019 Zambia — unconstrained individual countries 2000-2020, 1 km, not UN-adjusted; DOI 10.5258/SOTON/WP00670",zmb_ppp_2019_1km_Aggregated.tif,EXPOSURE ONLY - not a flood-occurrence predictor,2026-10-07T14:55:13+00:00
ZMB-D-0705,2019,382362.2047507465,12.559110147797458,30445.00766782453,8.89863395690918,"WorldPop, University of Southampton","The spatial distribution of population in 2019 Zambia — unconstrained individual countries 2000-2020, 1 km, not UN-adjusted; DOI 10.5258/SOTON/WP00670",zmb_ppp_2019_1km_Aggregated.tif,EXPOSURE ONLY - not a flood-occurrence predictor,2026-10-07T14:55:13+00:00
ZMB-D-0401,2019,36387.74674755335,5.881173478737896,6187.157525467551,1.3743399381637573,"WorldPop, University of Southampton","The spatial distribution of population in 2019 Zambia — unconstrained individual countries 2000-2020, 1 km, not UN-adjusted; DOI 10.5258/SOTON/WP00670",zmb_ppp_2019_1km_Aggregated.tif,EXPOSURE ONLY - not a flood-occurrence predictor,2026-10-07T14:55:13+00:00
ZMB-D-0601,2019,289071.1739211902,7.213590770328623,40073.13183196019,19.893489837646484,"WorldPop, University of Southampton","The spatial distribution of population in 2019 Zambia — unconstrained individual countries 2000-2020, 1 km, not UN-adjusted; DOI 10.5258/SOTON/WP00670",zmb_ppp_2019_1km_Aggregated.tif,EXPOSURE ONLY - not a flood-occurrence predictor,2026-10-07T14:55:13+00:00
ZMB-D-0706,2019,197498.8341729641,9.465774856836525,20864.51845305863,2.379624605178833,"WorldPop, University of Southampton","The spatial distribution of population in 2019 Zambia — unconstrained individual countries 2000-2020, 1 km, not UN-adjusted; DOI 10.5258/SOTON/WP00670",zmb_ppp_2019_1km_Aggregated.tif,EXPOSURE ONLY - not a flood-occurrence predictor,2026-10-07T14:55:13+00:00
ZMB-D-0402,2019,200004.14087067544,31.94318812234004,6261.245436888592,0.0,"WorldPop, University of Southampton","The spatial distribution of population in 2019 Zambia — unconstrained individual countries 2000-2020, 1 km, not UN-adjusted; DOI 10.5258/SOTON/WP00670",zmb_ppp_2019_1km_Aggregated.tif,EXPOSURE ONLY - not a flood-occurrence predictor,2026-10-07T14:55:13+00:00
ZMB-D-0801,2019,106791.24349534512,20.69876925566875,5159.30402316545,19.429533004760742,"WorldPop, University of Southampton","The spatial distribution of population in 2019 Zambia — unconstrained individual countries 2000-2020, 1 km, not UN-adjusted; DOI 10.5258/SOTON/WP00670",zmb_ppp_2019_1km_Aggregated.tif,EXPOSURE ONLY - not a flood-occurrence predictor,2026-10-07T14:55:13+00:00
ZMB-D-0403,2019,527419.6840206385,69.74407319576576,7562.215108088334,27.391084671020508,"WorldPop, University of Southampton","The spatial distribution of population in 2019 Zambia — unconstrained individual countries 2000-2020, 1 km, not UN-adjusted; DOI 10.5258/SOTON/WP00670",zmb_ppp_2019_1km_Aggregated.tif,EXPOSURE ONLY - not a flood-occurrence predictor,2026-10-07T14:55:13+00:00
ZMB-D-0602,2019,143561.73516744375,8.134207657559946,17649.135750058857,7.73626708984375,"WorldPop, University of Southampton","The spatial distribution of population in 2019 Zambia — unconstrained individual countries 2000-2020, 1 km, not UN-adjusted; DOI 10.5258/SOTON/WP00670",zmb_ppp_2019_1km_Aggregated.tif,EXPOSURE ONLY - not a flood-occurrence predictor,2026-10-07T14:55:13+00:00
ZMB-D-0802,2019,165067.30914735794,18.470948458333154,8936.590858867778,21.171812057495117,"WorldPop, University of Southampton","The spatial distribution of population in 2019 Zambia — unconstrained individual countries 2000-2020, 1 km, not UN-adjusted; DOI 10.5258/SOTON/WP00670",zmb_ppp_2019_1km_Aggregated.tif,EXPOSURE ONLY - not a flood-occurrence predictor,2026-10-07T14:55:13+00:00
ZMB-D-0404,2019,35164.65616285801,8.378471921907083,4197.025005348939,33.98427200317383,"WorldPop, University of Southampton","The spatial distribution of population in 2019 Zambia — unconstrained individual countries 2000-2020, 1 km, not UN-adjusted; DOI 10.5258/SOTON/WP00670",zmb_ppp_2019_1km_Aggregated.tif,EXPOSURE ONLY - not a flood-occurrence predictor,2026-10-07T14:55:13+00:00
ZMB-D-0603,2019,62764.67666627467,6.869171033447313,9137.154448573401,3.567625045776367,"WorldPop, University of Southampton","The spatial distribution of population in 2019 Zambia — unconstrained individual countries 2000-2020, 1 km, not UN-adjusted; DOI 10.5258/SOTON/WP00670",zmb_ppp_2019_1km_Aggregated.tif,EXPOSURE ONLY - not a flood-occurrence predictor,2026-10-07T14:55:13+00:00
ZMB-D-0803,2019,349850.51818180084,32.96949161143611,10611.341002918236,4.345659255981445,"WorldPop, University of Southampton","The spatial distribution of population in 2019 Zambia — unconstrained individual countries 2000-2020, 1 km, not UN-adjusted; DOI 10.5258/SOTON/WP00670",zmb_ppp_2019_1km_Aggregated.tif,EXPOSURE ONLY - not a flood-occurrence predictor,2026-10-07T14:55:13+00:00
ZMB-D-0604,2019,105917.20711803436,20.047516532308748,5283.308131824572,3.321779489517212,"WorldPop, University of Southampton","The spatial distribution of population in 2019 Zambia — unconstrained individual countries 2000-2020, 1 km, not UN-adjusted; DOI 10.5258/SOTON/WP00670",zmb_ppp_2019_1km_Aggregated.tif,EXPOSURE ONLY - not a flood-occurrence predictor,2026-10-07T14:55:13+00:00
ZMB-D-0804,2019,185757.33767604828,19.125812110867017,9712.389549749032,8.608589172363281,"WorldPop, University of Southampton","The spatial distribution of population in 2019 Zambia — unconstrained individual countries 2000-2020, 1 km, not UN-adjusted; DOI 10.5258/SOTON/WP00670",zmb_ppp_2019_1km_Aggregated.tif,EXPOSURE ONLY - not a flood-occurrence predictor,2026-10-07T14:55:13+00:00
ZMB-D-0405,2019,114974.43204379082,14.391537857299852,7989.0303026560905,23.93766975402832,"WorldPop, University of Southampton","The spatial distribution of population in 2019 Zambia — unconstrained individual countries 2000-2020, 1 km, not UN-adjusted; DOI 10.5258/SOTON/WP00670",zmb_ppp_2019_1km_Aggregated.tif,EXPOSURE ONLY - not a flood-occurrence predictor,2026-10-07T14:55:13+00:00
ZMB-D-0805,2019,129896.85167717934,10.815356129396816,12010.409100086084,3.3673605918884277,"WorldPop, University of Southampton","The spatial distribution of population in 2019 Zambia — unconstrained individual countries 2000-2020, 1 km, not UN-adjusted; DOI 10.5258/SOTON/WP00670",zmb_ppp_2019_1km_Aggregated.tif,EXPOSURE ONLY - not a flood-occurrence predictor,2026-10-07T14:55:13+00:00
ZMB-D-0605,2019,187505.8083539009,43.159902501294575,4344.444669407599,64.59171295166016,"WorldPop, University of Southampton","The spatial distribution of population in 2019 Zambia — unconstrained individual countries 2000-2020, 1 km, not UN-adjusted; DOI 10.5258/SOTON/WP00670",zmb_ppp_2019_1km_Aggregated.tif,EXPOSURE ONLY - not a flood-occurrence predictor,2026-10-07T14:55:13+00:00
ZMB-D-0406,2019,204934.36075749993,48.58048966052796,4218.4498795616455,30.015384674072266,"WorldPop, University of Southampton","The spatial distribution of population in 2019 Zambia — unconstrained individual countries 2000-2020, 1 km, not UN-adjusted; DOI 10.5258/SOTON/WP00670",zmb_ppp_2019_1km_Aggregated.tif,EXPOSURE ONLY - not a flood-occurrence predictor,2026-10-07T14:55:13+00:00
ZMB-D-0806,2019,253206.13436555862,33.140258071537964,7640.439426240349,59.38893127441406,"WorldPop, University of Southampton","The spatial distribution of population in 2019 Zambia — unconstrained individual countries 2000-2020, 1 km, not UN-adjusted; DOI 10.5258/SOTON/WP00670",zmb_ppp_2019_1km_Aggregated.tif,EXPOSURE ONLY - not a flood-occurrence predictor,2026-10-07T14:55:13+00:00
ZMB-D-0807,2019,165418.0682093799,14.925341803068758,11083.033835470942,6.093857765197754,"WorldPop, University of Southampton","The spatial distribution of population in 2019 Zambia — unconstrained individual countries 2000-2020, 1 km, not UN-adjusted; DOI 10.5258/SOTON/WP00670",zmb_ppp_2019_1km_Aggregated.tif,EXPOSURE ONLY - not a flood-occurrence predictor,2026-10-07T14:55:13+00:00
ZMB-D-0808,2019,63212.32333301008,8.536051973484334,7405.33487019145,2.8126940727233887,"WorldPop, University of Southampton","The spatial distribution of population in 2019 Zambia — unconstrained individual countries 2000-2020, 1 km, not UN-adjusted; DOI 10.5258/SOTON/WP00670",zmb_ppp_2019_1km_Aggregated.tif,EXPOSURE ONLY - not a flood-occurrence predictor,2026-10-07T14:55:13+00:00
ZMB-D-0407,2019,138052.98879605532,35.493358496921644,3889.5442596120824,203.06808471679688,"WorldPop, University of Southampton","The spatial distribution of population in 2019 Zambia — unconstrained individual countries 2000-2020, 1 km, not UN-adjusted; DOI 10.5258/SOTON/WP00670",zmb_ppp_2019_1km_Aggregated.tif,EXPOSURE ONLY - not a flood-occurrence predictor,2026-10-07T14:55:13+00:00
ZMB-D-0208,2019,119700.40157198906,32.5059338313159,3682.4169455692077,7.961801528930664,"WorldPop, University of Southampton","The spatial distribution of population in 2019 Zambia — unconstrained individual countries 2000-2020, 1 km, not UN-adjusted; DOI 10.5258/SOTON/WP00670",zmb_ppp_2019_1km_Aggregated.tif,EXPOSURE ONLY - not a flood-occurrence predictor,2026-10-07T14:55:13+00:00
ZMB-D-0209,2019,165905.4827375412,209.26060429221727,792.8175649625202,97.08184051513672,"WorldPop, University of Southampton","The spatial distribution of population in 2019 Zambia — unconstrained individual countries 2000-2020, 1 km, not UN-adjusted; DOI 10.5258/SOTON/WP00670",zmb_ppp_2019_1km_Aggregated.tif,EXPOSURE ONLY - not a flood-occurrence predictor,2026-10-07T14:55:13+00:00
ZMB-D-0210,2019,610380.1894235611,561.1470792840736,1087.7365524245452,152.82859802246094,"WorldPop, University of Southampton","The spatial distribution of population in 2019 Zambia — unconstrained individual countries 2000-2020, 1 km, not UN-adjusted; DOI 10.5258/SOTON/WP00670",zmb_ppp_2019_1km_Aggregated.tif,EXPOSURE ONLY - not a flood-occurrence predictor,2026-10-07T14:55:13+00:00
ZMB-D-0707,2019,46743.05246067047,21.29250648530261,2195.2818233464145,27.6453914642334,"WorldPop, University of Southampton","The spatial distribution of population in 2019 Zambia — unconstrained individual countries 2000-2020, 1 km, not UN-adjusted; DOI 10.5258/SOTON/WP00670",zmb_ppp_2019_1km_Aggregated.tif,EXPOSURE ONLY - not a flood-occurrence predictor,2026-10-07T14:55:13+00:00
ZMB-D-0606,2019,98435.00949382782,24.139548239753097,4077.748618829771,20.497413635253906,"WorldPop, University of Southampton","The spatial distribution of population in 2019 Zambia — unconstrained individual countries 2000-2020, 1 km, not UN-adjusted; DOI 10.5258/SOTON/WP00670",zmb_ppp_2019_1km_Aggregated.tif,EXPOSURE ONLY - not a flood-occurrence predictor,2026-10-07T14:55:13+00:00
ZMB-D-0505,2019,58589.79550743103,33.024071427523936,1774.1542146314316,22.557056427001953,"WorldPop, University of Southampton","The spatial distribution of population in 2019 Zambia — unconstrained individual countries 2000-2020, 1 km, not UN-adjusted; DOI 10.5258/SOTON/WP00670",zmb_ppp_2019_1km_Aggregated.tif,EXPOSURE ONLY - not a flood-occurrence predictor,2026-10-07T14:55:13+00:00
ZMB-D-0408,2019,126918.05894964933,59.01312025469296,2150.675280376423,41.61467361450195,"WorldPop, University of Southampton","The spatial distribution of population in 2019 Zambia — unconstrained individual countries 2000-2020, 1 km, not UN-adjusted; DOI 10.5258/SOTON/WP00670",zmb_ppp_2019_1km_Aggregated.tif,EXPOSURE ONLY - not a flood-occurrence predictor,2026-10-07T14:55:13+00:00
ZMB-D-0607,2019,102864.30615997314,16.417748920239926,6265.433017626505,8.580451011657715,"WorldPop, University of Southampton","The spatial distribution of population in 2019 Zambia — unconstrained individual countries 2000-2020, 1 km, not UN-adjusted; DOI 10.5258/SOTON/WP00670",zmb_ppp_2019_1km_Aggregated.tif,EXPOSURE ONLY - not a flood-occurrence predictor,2026-10-07T14:55:13+00:00
ZMB-D-0108,2019,184835.70332753658,21.96487524018398,8415.0581920623,25.548084259033203,"WorldPop, University of Southampton","The spatial distribution of population in 2019 Zambia — unconstrained individual countries 2000-2020, 1 km, not UN-adjusted; DOI 10.5258/SOTON/WP00670",zmb_ppp_2019_1km_Aggregated.tif,EXPOSURE ONLY - not a flood-occurrence predictor,2026-10-07T14:55:13+00:00
ZMB-D-0506,2019,285297.81731033325,126.22008023019781,2260.3203609917887,43.30118942260742,"WorldPop, University of Southampton","The spatial distribution of population in 2019 Zambia — unconstrained individual countries 2000-2020, 1 km, not UN-adjusted; DOI 10.5258/SOTON/WP00670",zmb_ppp_2019_1km_Aggregated.tif,EXPOSURE ONLY - not a flood-occurrence predictor,2026-10-07T14:55:13+00:00
ZMB-D-0109,2019,129885.74732461572,24.639399359000517,5271.4656486611875,12.294658660888672,"WorldPop, University of Southampton","The spatial distribution of population in 2019 Zambia — unconstrained individual countries 2000-2020, 1 km, not UN-adjusted; DOI 10.5258/SOTON/WP00670",zmb_ppp_2019_1km_Aggregated.tif,EXPOSURE ONLY - not a flood-occurrence predictor,2026-10-07T14:55:13+00:00
ZMB-D-1007,2019,53021.31556332111,4.7854298341908335,11079.739417449106,3.9523298740386963,"WorldPop, University of Southampton","The spatial distribution of population in 2019 Zambia — unconstrained individual countries 2000-2020, 1 km, not UN-adjusted; DOI 10.5258/SOTON/WP00670",zmb_ppp_2019_1km_Aggregated.tif,EXPOSURE ONLY - not a flood-occurrence predictor,2026-10-07T14:55:13+00:00
ZMB-D-1008,2019,34455.10940939933,5.334347100519992,6459.105258831141,1.6850297451019287,"WorldPop, University of Southampton","The spatial distribution of population in 2019 Zambia — unconstrained individual countries 2000-2020, 1 km, not UN-adjusted; DOI 10.5258/SOTON/WP00670",zmb_ppp_2019_1km_Aggregated.tif,EXPOSURE ONLY - not a flood-occurrence predictor,2026-10-07T14:55:13+00:00
ZMB-D-1009,2019,71652.00817894936,9.004800563787137,7957.08996233613,2.652322292327881,"WorldPop, University of Southampton","The spatial distribution of population in 2019 Zambia — unconstrained individual countries 2000-2020, 1 km, not UN-adjusted; DOI 10.5258/SOTON/WP00670",zmb_ppp_2019_1km_Aggregated.tif,EXPOSURE ONLY - not a flood-occurrence predictor,2026-10-07T14:55:13+00:00
ZMB-D-1010,2019,59483.9752920866,12.858343378996206,4626.099454557439,5.503343105316162,"WorldPop, University of Southampton","The spatial distribution of population in 2019 Zambia — unconstrained individual countries 2000-2020, 1 km, not UN-adjusted; DOI 10.5258/SOTON/WP00670",zmb_ppp_2019_1km_Aggregated.tif,EXPOSURE ONLY - not a flood-occurrence predictor,2026-10-07T14:55:13+00:00
ZMB-D-1011,2019,53390.57921719551,6.986763198139278,7641.6757950827,5.605579853057861,"WorldPop, University of Southampton","The spatial distribution of population in 2019 Zambia — unconstrained individual countries 2000-2020, 1 km, not UN-adjusted; DOI 10.5258/SOTON/WP00670",zmb_ppp_2019_1km_Aggregated.tif,EXPOSURE ONLY - not a flood-occurrence predictor,2026-10-07T14:55:13+00:00
ZMB-D-1012,2019,67092.40514683723,6.587908432194646,10184.17390547831,4.199535846710205,"WorldPop, University of Southampton","The spatial distribution of population in 2019 Zambia — unconstrained individual countries 2000-2020, 1 km, not UN-adjusted; DOI 10.5258/SOTON/WP00670",zmb_ppp_2019_1km_Aggregated.tif,EXPOSURE ONLY - not a flood-occurrence predictor,2026-10-07T14:55:13+00:00
ZMB-D-1013,2019,47114.14757013321,12.397491534622889,3800.2968131541734,38.00766372680664,"WorldPop, University of Southampton","The spatial distribution of population in 2019 Zambia — unconstrained individual countries 2000-2020, 1 km, not UN-adjusted; DOI 10.5258/SOTON/WP00670",zmb_ppp_2019_1km_Aggregated.tif,EXPOSURE ONLY - not a flood-occurrence predictor,2026-10-07T14:55:13+00:00
ZMB-D-0809,2019,98561.61394110322,19.44671423067466,5068.291371589916,14.060830116271973,"WorldPop, University of Southampton","The spatial distribution of population in 2019 Zambia — unconstrained individual countries 2000-2020, 1 km, not UN-adjusted; DOI 10.5258/SOTON/WP00670",zmb_ppp_2019_1km_Aggregated.tif,EXPOSURE ONLY - not a flood-occurrence predictor,2026-10-07T14:55:13+00:00
ZMB-D-0409,2019,30792.287763703614,8.31272646608333,3704.234451757665,5.451980113983154,"WorldPop, University of Southampton","The spatial distribution of population in 2019 Zambia — unconstrained individual countries 2000-2020, 1 km, not UN-adjusted; DOI 10.5258/SOTON/WP00670",zmb_ppp_2019_1km_Aggregated.tif,EXPOSURE ONLY - not a flood-occurrence predictor,2026-10-07T14:55:13+00:00
ZMB-D-0911,2019,127426.63766908646,24.277237983759587,5248.811160245219,12.897805213928223,"WorldPop, University of Southampton","The spatial distribution of population in 2019 Zambia — unconstrained individual countries 2000-2020, 1 km, not UN-adjusted; DOI 10.5258/SOTON/WP00670",zmb_ppp_2019_1km_Aggregated.tif,EXPOSURE ONLY - not a flood-occurrence predictor,2026-10-07T14:55:13+00:00
ZMB-D-0308,2019,204665.67378997803,79.03672811744761,2589.5008392281543,312.0003967285156,"WorldPop, University of Southampton","The spatial distribution of population in 2019 Zambia — unconstrained individual countries 2000-2020, 1 km, not UN-adjusted; DOI 10.5258/SOTON/WP00670",zmb_ppp_2019_1km_Aggregated.tif,EXPOSURE ONLY - not a flood-occurrence predictor,2026-10-07T14:55:13+00:00
ZMB-D-0110,2019,254400.33358299732,27.308093088866997,9315.931828528577,22.41196632385254,"WorldPop, University of Southampton","The spatial distribution of population in 2019 Zambia — unconstrained individual countries 2000-2020, 1 km, not UN-adjusted; DOI 10.5258/SOTON/WP00670",zmb_ppp_2019_1km_Aggregated.tif,EXPOSURE ONLY - not a flood-occurrence predictor,2026-10-07T14:55:13+00:00
ZMB-D-0507,2019,264495.1551055908,198.01467900043892,1335.735090149577,52.531211853027344,"WorldPop, University of Southampton","The spatial distribution of population in 2019 Zambia — unconstrained individual countries 2000-2020, 1 km, not UN-adjusted; DOI 10.5258/SOTON/WP00670",zmb_ppp_2019_1km_Aggregated.tif,EXPOSURE ONLY - not a flood-occurrence predictor,2026-10-07T14:55:13+00:00
ZMB-D-0309,2019,41550.195006370544,45.13428694997565,920.5904826284833,27.108428955078125,"WorldPop, University of Southampton","The spatial distribution of population in 2019 Zambia — unconstrained individual countries 2000-2020, 1 km, not UN-adjusted; DOI 10.5258/SOTON/WP00670",zmb_ppp_2019_1km_Aggregated.tif,EXPOSURE ONLY - not a flood-occurrence predictor,2026-10-07T14:55:13+00:00
ZMB-D-1014,2019,57081.47678041458,14.618781476384065,3904.667216801,5.294694900512695,"WorldPop, University of Southampton","The spatial distribution of population in 2019 Zambia — unconstrained individual countries 2000-2020, 1 km, not UN-adjusted; DOI 10.5258/SOTON/WP00670",zmb_ppp_2019_1km_Aggregated.tif,EXPOSURE ONLY - not a flood-occurrence predictor,2026-10-07T14:55:13+00:00
ZMB-D-1015,2019,41142.118726968765,6.46999378722185,6358.911628048839,3.4079384803771973,"WorldPop, University of Southampton","The spatial distribution of population in 2019 Zambia — unconstrained individual countries 2000-2020, 1 km, not UN-adjusted; DOI 10.5258/SOTON/WP00670",zmb_ppp_2019_1km_Aggregated.tif,EXPOSURE ONLY - not a flood-occurrence predictor,2026-10-07T14:55:13+00:00
ZMB-D-0111,2019,110425.80312716961,9.533482160558098,11582.945377925289,15.184751510620117,"WorldPop, University of Southampton","The spatial distribution of population in 2019 Zambia — unconstrained individual countries 2000-2020, 1 km, not UN-adjusted; DOI 10.5258/SOTON/WP00670",zmb_ppp_2019_1km_Aggregated.tif,EXPOSURE ONLY - not a flood-occurrence predictor,2026-10-07T14:55:13+00:00
ZMB-D-0708,2019,62857.067588329315,8.92358141135951,7043.928294116726,10.709866523742676,"WorldPop, University of Southampton","The spatial distribution of population in 2019 Zambia — unconstrained individual countries 2000-2020, 1 km, not UN-adjusted; DOI 10.5258/SOTON/WP00670",zmb_ppp_2019_1km_Aggregated.tif,EXPOSURE ONLY - not a flood-occurrence predictor,2026-10-07T14:55:13+00:00
ZMB-D-0709,2019,70728.7840527296,9.530229108151053,7421.51980294329,4.781489849090576,"WorldPop, University of Southampton","The spatial distribution of population in 2019 Zambia — unconstrained individual countries 2000-2020, 1 km, not UN-adjusted; DOI 10.5258/SOTON/WP00670",zmb_ppp_2019_1km_Aggregated.tif,EXPOSURE ONLY - not a flood-occurrence predictor,2026-10-07T14:55:13+00:00
ZMB-D-0410,2019,97511.40786242485,40.10720410019412,2431.269146032368,11.797890663146973,"WorldPop, University of Southampton","The spatial distribution of population in 2019 Zambia — unconstrained individual countries 2000-2020, 1 km, not UN-adjusted; DOI 10.5258/SOTON/WP00670",zmb_ppp_2019_1km_Aggregated.tif,EXPOSURE ONLY - not a flood-occurrence predictor,2026-10-07T14:55:13+00:00
ZMB-D-0411,2019,62581.07046067715,52.65618478759732,1188.4847091203908,38.42439270019531,"WorldPop, University of Southampton","The spatial distribution of population in 2019 Zambia — unconstrained individual countries 2000-2020, 1 km, not UN-adjusted; DOI 10.5258/SOTON/WP00670",zmb_ppp_2019_1km_Aggregated.tif,EXPOSURE ONLY - not a flood-occurrence predictor,2026-10-07T14:55:13+00:00
ZMB-D-0912,2019,48235.07024884224,25.409864444167777,1898.281289726181,9.085347175598145,"WorldPop, University of Southampton","The spatial distribution of population in 2019 Zambia — unconstrained individual countries 2000-2020, 1 km, not UN-adjusted; DOI 10.5258/SOTON/WP00670",zmb_ppp_2019_1km_Aggregated.tif,EXPOSURE ONLY - not a flood-occurrence predictor,2026-10-07T14:55:13+00:00
ZMB-D-0508,2019,72715.33132016659,44.47254169465943,1635.0612883656872,25.109161376953125,"WorldPop, University of Southampton","The spatial distribution of population in 2019 Zambia — unconstrained individual countries 2000-2020, 1 km, not UN-adjusted; DOI 10.5258/SOTON/WP00670",zmb_ppp_2019_1km_Aggregated.tif,EXPOSURE ONLY - not a flood-occurrence predictor,2026-10-07T14:55:13+00:00
ZMB-D-0901,2020,193261.46244335175,229.73316766103144,841.2431883954464,172.3954315185547,"WorldPop, University of Southampton","The spatial distribution of population in 2020 Zambia — unconstrained individual countries 2000-2020, 1 km, not UN-adjusted; DOI 10.5258/SOTON/WP00670",zmb_ppp_2020_1km_Aggregated.tif,EXPOSURE ONLY - not a flood-occurrence predictor,2026-10-07T14:55:13+00:00
ZMB-D-0902,2020,131444.26619449258,25.92186901288591,5070.7866060564875,34.44888687133789,"WorldPop, University of Southampton","The spatial distribution of population in 2020 Zambia — unconstrained individual countries 2000-2020, 1 km, not UN-adjusted; DOI 10.5258/SOTON/WP00670",zmb_ppp_2020_1km_Aggregated.tif,EXPOSURE ONLY - not a flood-occurrence predictor,2026-10-07T14:55:13+00:00
ZMB-D-0903,2020,81313.43152027577,21.088319221181536,3855.8517000540714,14.156719207763672,"WorldPop, University of Southampton","The spatial distribution of population in 2020 Zambia — unconstrained individual countries 2000-2020, 1 km, not UN-adjusted; DOI 10.5258/SOTON/WP00670",zmb_ppp_2020_1km_Aggregated.tif,EXPOSURE ONLY - not a flood-occurrence predictor,2026-10-07T14:55:13+00:00
ZMB-D-0904,2020,257026.67443203926,31.80630664637868,8080.997183660843,10.205880165100098,"WorldPop, University of Southampton","The spatial distribution of population in 2020 Zambia — unconstrained individual countries 2000-2020, 1 km, not UN-adjusted; DOI 10.5258/SOTON/WP00670",zmb_ppp_2020_1km_Aggregated.tif,EXPOSURE ONLY - not a flood-occurrence predictor,2026-10-07T14:55:13+00:00
ZMB-D-0905,2020,274993.80862760544,53.35151607226911,5154.376648924151,143.66525268554688,"WorldPop, University of Southampton","The spatial distribution of population in 2020 Zambia — unconstrained individual countries 2000-2020, 1 km, not UN-adjusted; DOI 10.5258/SOTON/WP00670",zmb_ppp_2020_1km_Aggregated.tif,EXPOSURE ONLY - not a flood-occurrence predictor,2026-10-07T14:55:13+00:00
ZMB-D-0906,2020,162491.05060368776,8.885894086905335,18286.404160853333,2.1634082794189453,"WorldPop, University of Southampton","The spatial distribution of population in 2020 Zambia — unconstrained individual countries 2000-2020, 1 km, not UN-adjusted; DOI 10.5258/SOTON/WP00670",zmb_ppp_2020_1km_Aggregated.tif,EXPOSURE ONLY - not a flood-occurrence predictor,2026-10-07T14:55:13+00:00
ZMB-D-0907,2020,67113.23932183534,32.74081657123287,2049.8340099679485,13.443829536437988,"WorldPop, University of Southampton","The spatial distribution of population in 2020 Zambia — unconstrained individual countries 2000-2020, 1 km, not UN-adjusted; DOI 10.5258/SOTON/WP00670",zmb_ppp_2020_1km_Aggregated.tif,EXPOSURE ONLY - not a flood-occurrence predictor,2026-10-07T14:55:13+00:00
ZMB-D-1001,2020,45352.77723360062,5.474355567921513,8284.587413239587,7.517697811126709,"WorldPop, University of Southampton","The spatial distribution of population in 2020 Zambia — unconstrained individual countries 2000-2020, 1 km, not UN-adjusted; DOI 10.5258/SOTON/WP00670",zmb_ppp_2020_1km_Aggregated.tif,EXPOSURE ONLY - not a flood-occurrence predictor,2026-10-07T14:55:13+00:00
ZMB-D-0908,2020,229853.34242026508,46.90468144694851,4900.434995603594,15.19289493560791,"WorldPop, University of Southampton","The spatial distribution of population in 2020 Zambia — unconstrained individual countries 2000-2020, 1 km, not UN-adjusted; DOI 10.5258/SOTON/WP00670",zmb_ppp_2020_1km_Aggregated.tif,EXPOSURE ONLY - not a flood-occurrence predictor,2026-10-07T14:55:13+00:00
ZMB-D-0909,2020,122010.41886816919,22.561968620368262,5407.791355494656,12.572345733642578,"WorldPop, University of Southampton","The spatial distribution of population in 2020 Zambia — unconstrained individual countries 2000-2020, 1 km, not UN-adjusted; DOI 10.5258/SOTON/WP00670",zmb_ppp_2020_1km_Aggregated.tif,EXPOSURE ONLY - not a flood-occurrence predictor,2026-10-07T14:55:13+00:00
ZMB-D-0910,2020,191004.14346766472,49.926403328603485,3825.714065772408,159.81619262695312,"WorldPop, University of Southampton","The spatial distribution of population in 2020 Zambia — unconstrained individual countries 2000-2020, 1 km, not UN-adjusted; DOI 10.5258/SOTON/WP00670",zmb_ppp_2020_1km_Aggregated.tif,EXPOSURE ONLY - not a flood-occurrence predictor,2026-10-07T14:55:13+00:00
ZMB-D-1002,2020,79841.58462053537,7.245847346308113,11018.9437900891,1.3947950601577759,"WorldPop, University of Southampton","The spatial distribution of population in 2020 Zambia — unconstrained individual countries 2000-2020, 1 km, not UN-adjusted; DOI 10.5258/SOTON/WP00670",zmb_ppp_2020_1km_Aggregated.tif,EXPOSURE ONLY - not a flood-occurrence predictor,2026-10-07T14:55:13+00:00
ZMB-D-0501,2020,2288534.5028591156,5304.373526502949,431.4429388172996,2358.309326171875,"WorldPop, University of Southampton","The spatial distribution of population in 2020 Zambia — unconstrained individual countries 2000-2020, 1 km, not UN-adjusted; DOI 10.5258/SOTON/WP00670",zmb_ppp_2020_1km_Aggregated.tif,EXPOSURE ONLY - not a flood-occurrence predictor,2026-10-07T14:55:13+00:00
ZMB-D-0101,2020,116108.5523504354,7.192761407639047,16142.416767379873,8.057045936584473,"WorldPop, University of Southampton","The spatial distribution of population in 2020 Zambia — unconstrained individual countries 2000-2020, 1 km, not UN-adjusted; DOI 10.5258/SOTON/WP00670",zmb_ppp_2020_1km_Aggregated.tif,EXPOSURE ONLY - not a flood-occurrence predictor,2026-10-07T14:55:13+00:00
ZMB-D-0502,2020,139688.280004628,30.10787207698641,4639.593248152589,3.647080421447754,"WorldPop, University of Southampton","The spatial distribution of population in 2020 Zambia — unconstrained individual countries 2000-2020, 1 km, not UN-adjusted; DOI 10.5258/SOTON/WP00670",zmb_ppp_2020_1km_Aggregated.tif,EXPOSURE ONLY - not a flood-occurrence predictor,2026-10-07T14:55:13+00:00
ZMB-D-0503,2020,29520.494381308556,7.821222769685271,3774.40909824596,1.9801000356674194,"WorldPop, University of Southampton","The spatial distribution of population in 2020 Zambia — unconstrained individual countries 2000-2020, 1 km, not UN-adjusted; DOI 10.5258/SOTON/WP00670",zmb_ppp_2020_1km_Aggregated.tif,EXPOSURE ONLY - not a flood-occurrence predictor,2026-10-07T14:55:13+00:00
ZMB-D-0504,2020,70636.7471780777,7.387383902775154,9561.808091703777,5.112827777862549,"WorldPop, University of Southampton","The spatial distribution of population in 2020 Zambia — unconstrained individual countries 2000-2020, 1 km, not UN-adjusted; DOI 10.5258/SOTON/WP00670",zmb_ppp_2020_1km_Aggregated.tif,EXPOSURE ONLY - not a flood-occurrence predictor,2026-10-07T14:55:13+00:00
ZMB-D-1003,2020,153388.3654077053,25.325004879882744,6056.795097779089,11.369091033935547,"WorldPop, University of Southampton","The spatial distribution of population in 2020 Zambia — unconstrained individual countries 2000-2020, 1 km, not UN-adjusted; DOI 10.5258/SOTON/WP00670",zmb_ppp_2020_1km_Aggregated.tif,EXPOSURE ONLY - not a flood-occurrence predictor,2026-10-07T14:55:13+00:00
ZMB-D-0102,2020,749139.1382435486,83.9517774042128,8923.445832916408,34.537479400634766,"WorldPop, University of Southampton","The spatial distribution of population in 2020 Zambia — unconstrained individual countries 2000-2020, 1 km, not UN-adjusted; DOI 10.5258/SOTON/WP00670",zmb_ppp_2020_1km_Aggregated.tif,EXPOSURE ONLY - not a flood-occurrence predictor,2026-10-07T14:55:13+00:00
ZMB-D-0103,2020,230702.01768493652,149.3646264006403,1544.5559182542002,45.97166061401367,"WorldPop, University of Southampton","The spatial distribution of population in 2020 Zambia — unconstrained individual countries 2000-2020, 1 km, not UN-adjusted; DOI 10.5258/SOTON/WP00670",zmb_ppp_2020_1km_Aggregated.tif,EXPOSURE ONLY - not a flood-occurrence predictor,2026-10-07T14:55:13+00:00
ZMB-D-0104,2020,249502.34358870983,12.515818164444632,19934.96072813719,8.371017456054688,"WorldPop, University of Southampton","The spatial distribution of population in 2020 Zambia — unconstrained individual countries 2000-2020, 1 km, not UN-adjusted; DOI 10.5258/SOTON/WP00670",zmb_ppp_2020_1km_Aggregated.tif,EXPOSURE ONLY - not a flood-occurrence predictor,2026-10-07T14:55:13+00:00
ZMB-D-1004,2020,90356.0715214014,9.177637711841303,9845.242791052964,5.458974838256836,"WorldPop, University of Southampton","The spatial distribution of population in 2020 Zambia — unconstrained individual countries 2000-2020, 1 km, not UN-adjusted; DOI 10.5258/SOTON/WP00670",zmb_ppp_2020_1km_Aggregated.tif,EXPOSURE ONLY - not a flood-occurrence predictor,2026-10-07T14:55:13+00:00
ZMB-D-1005,2020,108594.69346189499,11.878760175689603,9141.921535223746,4.046468734741211,"WorldPop, University of Southampton","The spatial distribution of population in 2020 Zambia — unconstrained individual countries 2000-2020, 1 km, not UN-adjusted; DOI 10.5258/SOTON/WP00670",zmb_ppp_2020_1km_Aggregated.tif,EXPOSURE ONLY - not a flood-occurrence predictor,2026-10-07T14:55:13+00:00
ZMB-D-0301,2020,88212.89109230042,58.55749999191458,1506.4319874393639,61.06379699707031,"WorldPop, University of Southampton","The spatial distribution of population in 2020 Zambia — unconstrained individual countries 2000-2020, 1 km, not UN-adjusted; DOI 10.5258/SOTON/WP00670",zmb_ppp_2020_1km_Aggregated.tif,EXPOSURE ONLY - not a flood-occurrence predictor,2026-10-07T14:55:13+00:00
ZMB-D-0302,2020,99824.67107927799,9.755513099332058,10232.641795756781,5.984780788421631,"WorldPop, University of Southampton","The spatial distribution of population in 2020 Zambia — unconstrained individual countries 2000-2020, 1 km, not UN-adjusted; DOI 10.5258/SOTON/WP00670",zmb_ppp_2020_1km_Aggregated.tif,EXPOSURE ONLY - not a flood-occurrence predictor,2026-10-07T14:55:13+00:00
ZMB-D-1006,2020,85661.88484990597,9.175120535593724,9336.322560296781,12.073668479919434,"WorldPop, University of Southampton","The spatial distribution of population in 2020 Zambia — unconstrained individual countries 2000-2020, 1 km, not UN-adjusted; DOI 10.5258/SOTON/WP00670",zmb_ppp_2020_1km_Aggregated.tif,EXPOSURE ONLY - not a flood-occurrence predictor,2026-10-07T14:55:13+00:00
ZMB-D-0303,2020,207027.88895225525,84.60629703807601,2446.956032824424,576.6649169921875,"WorldPop, University of Southampton","The spatial distribution of population in 2020 Zambia — unconstrained individual countries 2000-2020, 1 km, not UN-adjusted; DOI 10.5258/SOTON/WP00670",zmb_ppp_2020_1km_Aggregated.tif,EXPOSURE ONLY - not a flood-occurrence predictor,2026-10-07T14:55:13+00:00
ZMB-D-0105,2020,59542.842411756516,8.628493921817007,6900.722530638099,15.7908296585083,"WorldPop, University of Southampton","The spatial distribution of population in 2020 Zambia — unconstrained individual countries 2000-2020, 1 km, not UN-adjusted; DOI 10.5258/SOTON/WP00670",zmb_ppp_2020_1km_Aggregated.tif,EXPOSURE ONLY - not a flood-occurrence predictor,2026-10-07T14:55:13+00:00
ZMB-D-0304,2020,414192.36429941654,56.35403331079101,7349.826444811085,81.05945587158203,"WorldPop, University of Southampton","The spatial distribution of population in 2020 Zambia — unconstrained individual countries 2000-2020, 1 km, not UN-adjusted; DOI 10.5258/SOTON/WP00670",zmb_ppp_2020_1km_Aggregated.tif,EXPOSURE ONLY - not a flood-occurrence predictor,2026-10-07T14:55:13+00:00
ZMB-D-0106,2020,40690.87984549999,4.387967513537455,9273.286486274863,1.7923009395599365,"WorldPop, University of Southampton","The spatial distribution of population in 2020 Zambia — unconstrained individual countries 2000-2020, 1 km, not UN-adjusted; DOI 10.5258/SOTON/WP00670",zmb_ppp_2020_1km_Aggregated.tif,EXPOSURE ONLY - not a flood-occurrence predictor,2026-10-07T14:55:13+00:00
ZMB-D-0201,2020,132698.36324995756,14.9001259863119,8905.8551163837,17.448400497436523,"WorldPop, University of Southampton","The spatial distribution of population in 2020 Zambia — unconstrained individual countries 2000-2020, 1 km, not UN-adjusted; DOI 10.5258/SOTON/WP00670",zmb_ppp_2020_1km_Aggregated.tif,EXPOSURE ONLY - not a flood-occurrence predictor,2026-10-07T14:55:13+00:00
ZMB-D-0305,2020,566145.1461720467,88.49537804952905,6397.4544055305,129.49839782714844,"WorldPop, University of Southampton","The spatial distribution of population in 2020 Zambia — unconstrained individual countries 2000-2020, 1 km, not UN-adjusted; DOI 10.5258/SOTON/WP00670",zmb_ppp_2020_1km_Aggregated.tif,EXPOSURE ONLY - not a flood-occurrence predictor,2026-10-07T14:55:13+00:00
ZMB-D-0701,2020,122671.71983754635,8.581645613717123,14294.66157883107,3.3567845821380615,"WorldPop, University of Southampton","The spatial distribution of population in 2020 Zambia — unconstrained individual countries 2000-2020, 1 km, not UN-adjusted; DOI 10.5258/SOTON/WP00670",zmb_ppp_2020_1km_Aggregated.tif,EXPOSURE ONLY - not a flood-occurrence predictor,2026-10-07T14:55:13+00:00
ZMB-D-0702,2020,40215.17821097374,8.774963380131409,4582.94541741683,2.266561269760132,"WorldPop, University of Southampton","The spatial distribution of population in 2020 Zambia — unconstrained individual countries 2000-2020, 1 km, not UN-adjusted; DOI 10.5258/SOTON/WP00670",zmb_ppp_2020_1km_Aggregated.tif,EXPOSURE ONLY - not a flood-occurrence predictor,2026-10-07T14:55:13+00:00
ZMB-D-0703,2020,74542.60184979439,3.9226065484417543,19003.333862124473,3.3228235244750977,"WorldPop, University of Southampton","The spatial distribution of population in 2020 Zambia — unconstrained individual countries 2000-2020, 1 km, not UN-adjusted; DOI 10.5258/SOTON/WP00670",zmb_ppp_2020_1km_Aggregated.tif,EXPOSURE ONLY - not a flood-occurrence predictor,2026-10-07T14:55:13+00:00
ZMB-D-0306,2020,102223.69649636745,17.28618229908733,5913.60745407415,10.781837463378906,"WorldPop, University of Southampton","The spatial distribution of population in 2020 Zambia — unconstrained individual countries 2000-2020, 1 km, not UN-adjusted; DOI 10.5258/SOTON/WP00670",zmb_ppp_2020_1km_Aggregated.tif,EXPOSURE ONLY - not a flood-occurrence predictor,2026-10-07T14:55:13+00:00
ZMB-D-0704,2020,94816.58788073063,4.350709912761139,21793.360114086794,3.2187204360961914,"WorldPop, University of Southampton","The spatial distribution of population in 2020 Zambia — unconstrained individual countries 2000-2020, 1 km, not UN-adjusted; DOI 10.5258/SOTON/WP00670",zmb_ppp_2020_1km_Aggregated.tif,EXPOSURE ONLY - not a flood-occurrence predictor,2026-10-07T14:55:13+00:00
ZMB-D-0202,2020,753951.3926820755,629.5932350381615,1197.521432447374,191.18052673339844,"WorldPop, University of Southampton","The spatial distribution of population in 2020 Zambia — unconstrained individual countries 2000-2020, 1 km, not UN-adjusted; DOI 10.5258/SOTON/WP00670",zmb_ppp_2020_1km_Aggregated.tif,EXPOSURE ONLY - not a flood-occurrence predictor,2026-10-07T14:55:13+00:00
ZMB-D-0203,2020,93698.85798358917,87.6032551743479,1069.5819213236975,14.87063980102539,"WorldPop, University of Southampton","The spatial distribution of population in 2020 Zambia — unconstrained individual countries 2000-2020, 1 km, not UN-adjusted; DOI 10.5258/SOTON/WP00670",zmb_ppp_2020_1km_Aggregated.tif,EXPOSURE ONLY - not a flood-occurrence predictor,2026-10-07T14:55:13+00:00
ZMB-D-0204,2020,161984.41726613045,217.06781141581897,746.2387730801331,710.5055541992188,"WorldPop, University of Southampton","The spatial distribution of population in 2020 Zambia — unconstrained individual countries 2000-2020, 1 km, not UN-adjusted; DOI 10.5258/SOTON/WP00670",zmb_ppp_2020_1km_Aggregated.tif,EXPOSURE ONLY - not a flood-occurrence predictor,2026-10-07T14:55:13+00:00
ZMB-D-0205,2020,92920.5980502367,8.571887761054809,10840.155709038638,10.202824592590332,"WorldPop, University of Southampton","The spatial distribution of population in 2020 Zambia — unconstrained individual countries 2000-2020, 1 km, not UN-adjusted; DOI 10.5258/SOTON/WP00670",zmb_ppp_2020_1km_Aggregated.tif,EXPOSURE ONLY - not a flood-occurrence predictor,2026-10-07T14:55:13+00:00
ZMB-D-0206,2020,271390.4773480892,174.33986072736337,1556.6748545961948,16.79840660095215,"WorldPop, University of Southampton","The spatial distribution of population in 2020 Zambia — unconstrained individual countries 2000-2020, 1 km, not UN-adjusted; DOI 10.5258/SOTON/WP00670",zmb_ppp_2020_1km_Aggregated.tif,EXPOSURE ONLY - not a flood-occurrence predictor,2026-10-07T14:55:13+00:00
ZMB-D-0207,2020,114558.99682617188,130.04273883731534,880.9334365795404,85.85030364990234,"WorldPop, University of Southampton","The spatial distribution of population in 2020 Zambia — unconstrained individual countries 2000-2020, 1 km, not UN-adjusted; DOI 10.5258/SOTON/WP00670",zmb_ppp_2020_1km_Aggregated.tif,EXPOSURE ONLY - not a flood-occurrence predictor,2026-10-07T14:55:13+00:00
ZMB-D-0107,2020,96069.37039087713,7.9972275228614835,12012.83446247414,19.61912727355957,"WorldPop, University of Southampton","The spatial distribution of population in 2020 Zambia — unconstrained individual countries 2000-2020, 1 km, not UN-adjusted; DOI 10.5258/SOTON/WP00670",zmb_ppp_2020_1km_Aggregated.tif,EXPOSURE ONLY - not a flood-occurrence predictor,2026-10-07T14:55:13+00:00
ZMB-D-0307,2020,422656.3161146641,31.00343008379479,13632.56629902969,10.816086769104004,"WorldPop, University of Southampton","The spatial distribution of population in 2020 Zambia — unconstrained individual countries 2000-2020, 1 km, not UN-adjusted; DOI 10.5258/SOTON/WP00670",zmb_ppp_2020_1km_Aggregated.tif,EXPOSURE ONLY - not a flood-occurrence predictor,2026-10-07T14:55:13+00:00
ZMB-D-0705,2020,399044.8028640747,13.107068561713676,30445.00766782453,8.775909423828125,"WorldPop, University of Southampton","The spatial distribution of population in 2020 Zambia — unconstrained individual countries 2000-2020, 1 km, not UN-adjusted; DOI 10.5258/SOTON/WP00670",zmb_ppp_2020_1km_Aggregated.tif,EXPOSURE ONLY - not a flood-occurrence predictor,2026-10-07T14:55:13+00:00
ZMB-D-0401,2020,37299.73959386349,6.028574420536484,6187.157525467551,1.2523868083953857,"WorldPop, University of Southampton","The spatial distribution of population in 2020 Zambia — unconstrained individual countries 2000-2020, 1 km, not UN-adjusted; DOI 10.5258/SOTON/WP00670",zmb_ppp_2020_1km_Aggregated.tif,EXPOSURE ONLY - not a flood-occurrence predictor,2026-10-07T14:55:13+00:00
ZMB-D-0601,2020,300747.6120647937,7.504968998328537,40073.13183196019,20.6272029876709,"WorldPop, University of Southampton","The spatial distribution of population in 2020 Zambia — unconstrained individual countries 2000-2020, 1 km, not UN-adjusted; DOI 10.5258/SOTON/WP00670",zmb_ppp_2020_1km_Aggregated.tif,EXPOSURE ONLY - not a flood-occurrence predictor,2026-10-07T14:55:13+00:00
ZMB-D-0706,2020,205912.2268769741,9.869014103548047,20864.51845305863,2.6527621746063232,"WorldPop, University of Southampton","The spatial distribution of population in 2020 Zambia — unconstrained individual countries 2000-2020, 1 km, not UN-adjusted; DOI 10.5258/SOTON/WP00670",zmb_ppp_2020_1km_Aggregated.tif,EXPOSURE ONLY - not a flood-occurrence predictor,2026-10-07T14:55:13+00:00
ZMB-D-0402,2020,204086.77867475152,32.5952369591454,6261.245436888592,0.0,"WorldPop, University of Southampton","The spatial distribution of population in 2020 Zambia — unconstrained individual countries 2000-2020, 1 km, not UN-adjusted; DOI 10.5258/SOTON/WP00670",zmb_ppp_2020_1km_Aggregated.tif,EXPOSURE ONLY - not a flood-occurrence predictor,2026-10-07T14:55:13+00:00
ZMB-D-0801,2020,109438.8494502306,21.21194040103984,5159.30402316545,19.172786712646484,"WorldPop, University of Southampton","The spatial distribution of population in 2020 Zambia — unconstrained individual countries 2000-2020, 1 km, not UN-adjusted; DOI 10.5258/SOTON/WP00670",zmb_ppp_2020_1km_Aggregated.tif,EXPOSURE ONLY - not a flood-occurrence predictor,2026-10-07T14:55:13+00:00
ZMB-D-0403,2020,601674.1186147332,79.56321130976549,7562.215108088334,28.10342788696289,"WorldPop, University of Southampton","The spatial distribution of population in 2020 Zambia — unconstrained individual countries 2000-2020, 1 km, not UN-adjusted; DOI 10.5258/SOTON/WP00670",zmb_ppp_2020_1km_Aggregated.tif,EXPOSURE ONLY - not a flood-occurrence predictor,2026-10-07T14:55:13+00:00
ZMB-D-0602,2020,149504.22885161638,8.470909339065955,17649.135750058857,7.529668807983398,"WorldPop, University of Southampton","The spatial distribution of population in 2020 Zambia — unconstrained individual countries 2000-2020, 1 km, not UN-adjusted; DOI 10.5258/SOTON/WP00670",zmb_ppp_2020_1km_Aggregated.tif,EXPOSURE ONLY - not a flood-occurrence predictor,2026-10-07T14:55:13+00:00
ZMB-D-0802,2020,171813.19239509106,19.22580938396669,8936.590858867778,22.806316375732422,"WorldPop, University of Southampton","The spatial distribution of population in 2020 Zambia — unconstrained individual countries 2000-2020, 1 km, not UN-adjusted; DOI 10.5258/SOTON/WP00670",zmb_ppp_2020_1km_Aggregated.tif,EXPOSURE ONLY - not a flood-occurrence predictor,2026-10-07T14:55:13+00:00
ZMB-D-0404,2020,35753.79645323753,8.518842848844303,4197.025005348939,35.4382438659668,"WorldPop, University of Southampton","The spatial distribution of population in 2020 Zambia — unconstrained individual countries 2000-2020, 1 km, not UN-adjusted; DOI 10.5258/SOTON/WP00670",zmb_ppp_2020_1km_Aggregated.tif,EXPOSURE ONLY - not a flood-occurrence predictor,2026-10-07T14:55:13+00:00
ZMB-D-0603,2020,63348.09539934248,6.933022283456435,9137.154448573401,3.705789566040039,"WorldPop, University of Southampton","The spatial distribution of population in 2020 Zambia — unconstrained individual countries 2000-2020, 1 km, not UN-adjusted; DOI 10.5258/SOTON/WP00670",zmb_ppp_2020_1km_Aggregated.tif,EXPOSURE ONLY - not a flood-occurrence predictor,2026-10-07T14:55:13+00:00
ZMB-D-0803,2020,366996.6662377119,34.58532396016524,10611.341002918236,4.223330974578857,"WorldPop, University of Southampton","The spatial distribution of population in 2020 Zambia — unconstrained individual countries 2000-2020, 1 km, not UN-adjusted; DOI 10.5258/SOTON/WP00670",zmb_ppp_2020_1km_Aggregated.tif,EXPOSURE ONLY - not a flood-occurrence predictor,2026-10-07T14:55:13+00:00
ZMB-D-0604,2020,110313.98510742188,20.879718228610173,5283.308131824572,3.377586603164673,"WorldPop, University of Southampton","The spatial distribution of population in 2020 Zambia — unconstrained individual countries 2000-2020, 1 km, not UN-adjusted; DOI 10.5258/SOTON/WP00670",zmb_ppp_2020_1km_Aggregated.tif,EXPOSURE ONLY - not a flood-occurrence predictor,2026-10-07T14:55:13+00:00
ZMB-D-0804,2020,190717.3402645588,19.63650029559275,9712.389549749032,9.010909080505371,"WorldPop, University of Southampton","The spatial distribution of population in 2020 Zambia — unconstrained individual countries 2000-2020, 1 km, not UN-adjusted; DOI 10.5258/SOTON/WP00670",zmb_ppp_2020_1km_Aggregated.tif,EXPOSURE ONLY - not a flood-occurrence predictor,2026-10-07T14:55:13+00:00
ZMB-D-0405,2020,118330.2095644474,14.81158602253724,7989.0303026560905,23.938583374023438,"WorldPop, University of Southampton","The spatial distribution of population in 2020 Zambia — unconstrained individual countries 2000-2020, 1 km, not UN-adjusted; DOI 10.5258/SOTON/WP00670",zmb_ppp_2020_1km_Aggregated.tif,EXPOSURE ONLY - not a flood-occurrence predictor,2026-10-07T14:55:13+00:00
ZMB-D-0805,2020,133717.23188257217,11.133445228074184,12010.409100086084,3.2701284885406494,"WorldPop, University of Southampton","The spatial distribution of population in 2020 Zambia — unconstrained individual countries 2000-2020, 1 km, not UN-adjusted; DOI 10.5258/SOTON/WP00670",zmb_ppp_2020_1km_Aggregated.tif,EXPOSURE ONLY - not a flood-occurrence predictor,2026-10-07T14:55:13+00:00
ZMB-D-0605,2020,196331.9191184044,45.191487994062975,4344.444669407599,73.43412017822266,"WorldPop, University of Southampton","The spatial distribution of population in 2020 Zambia — unconstrained individual countries 2000-2020, 1 km, not UN-adjusted; DOI 10.5258/SOTON/WP00670",zmb_ppp_2020_1km_Aggregated.tif,EXPOSURE ONLY - not a flood-occurrence predictor,2026-10-07T14:55:13+00:00
ZMB-D-0406,2020,211284.3547718823,50.0857805127787,4218.4498795616455,30.568941116333008,"WorldPop, University of Southampton","The spatial distribution of population in 2020 Zambia — unconstrained individual countries 2000-2020, 1 km, not UN-adjusted; DOI 10.5258/SOTON/WP00670",zmb_ppp_2020_1km_Aggregated.tif,EXPOSURE ONLY - not a flood-occurrence predictor,2026-10-07T14:55:13+00:00
ZMB-D-0806,2020,262956.5230164528,34.41641355251821,7640.439426240349,65.89268493652344,"WorldPop, University of Southampton","The spatial distribution of population in 2020 Zambia — unconstrained individual countries 2000-2020, 1 km, not UN-adjusted; DOI 10.5258/SOTON/WP00670",zmb_ppp_2020_1km_Aggregated.tif,EXPOSURE ONLY - not a flood-occurrence predictor,2026-10-07T14:55:13+00:00
ZMB-D-0807,2020,171144.86353091896,15.4420591032732,11083.033835470942,6.081710338592529,"WorldPop, University of Southampton","The spatial distribution of population in 2020 Zambia — unconstrained individual countries 2000-2020, 1 km, not UN-adjusted; DOI 10.5258/SOTON/WP00670",zmb_ppp_2020_1km_Aggregated.tif,EXPOSURE ONLY - not a flood-occurrence predictor,2026-10-07T14:55:13+00:00
ZMB-D-0808,2020,64738.01561103761,8.742078075581198,7405.33487019145,2.9383039474487305,"WorldPop, University of Southampton","The spatial distribution of population in 2020 Zambia — unconstrained individual countries 2000-2020, 1 km, not UN-adjusted; DOI 10.5258/SOTON/WP00670",zmb_ppp_2020_1km_Aggregated.tif,EXPOSURE ONLY - not a flood-occurrence predictor,2026-10-07T14:55:13+00:00
ZMB-D-0407,2020,142406.06687670946,36.61253282432428,3889.5442596120824,208.59561157226562,"WorldPop, University of Southampton","The spatial distribution of population in 2020 Zambia — unconstrained individual countries 2000-2020, 1 km, not UN-adjusted; DOI 10.5258/SOTON/WP00670",zmb_ppp_2020_1km_Aggregated.tif,EXPOSURE ONLY - not a flood-occurrence predictor,2026-10-07T14:55:13+00:00
ZMB-D-0208,2020,121580.86116933823,33.01659289712641,3682.4169455692077,7.842378616333008,"WorldPop, University of Southampton","The spatial distribution of population in 2020 Zambia — unconstrained individual countries 2000-2020, 1 km, not UN-adjusted; DOI 10.5258/SOTON/WP00670",zmb_ppp_2020_1km_Aggregated.tif,EXPOSURE ONLY - not a flood-occurrence predictor,2026-10-07T14:55:13+00:00
ZMB-D-0209,2020,168088.24979400635,212.01378125616145,792.8175649625202,104.10781860351562,"WorldPop, University of Southampton","The spatial distribution of population in 2020 Zambia — unconstrained individual countries 2000-2020, 1 km, not UN-adjusted; DOI 10.5258/SOTON/WP00670",zmb_ppp_2020_1km_Aggregated.tif,EXPOSURE ONLY - not a flood-occurrence predictor,2026-10-07T14:55:13+00:00
ZMB-D-0210,2020,630491.5427331924,579.6362559737817,1087.7365524245452,167.52841186523438,"WorldPop, University of Southampton","The spatial distribution of population in 2020 Zambia — unconstrained individual countries 2000-2020, 1 km, not UN-adjusted; DOI 10.5258/SOTON/WP00670",zmb_ppp_2020_1km_Aggregated.tif,EXPOSURE ONLY - not a flood-occurrence predictor,2026-10-07T14:55:13+00:00
ZMB-D-0707,2020,48768.77880525589,22.21527017014808,2195.2818233464145,28.914344787597656,"WorldPop, University of Southampton","The spatial distribution of population in 2020 Zambia — unconstrained individual countries 2000-2020, 1 km, not UN-adjusted; DOI 10.5258/SOTON/WP00670",zmb_ppp_2020_1km_Aggregated.tif,EXPOSURE ONLY - not a flood-occurrence predictor,2026-10-07T14:55:13+00:00
ZMB-D-0606,2020,102490.71055650711,25.134141443451657,4077.748618829771,20.851240158081055,"WorldPop, University of Southampton","The spatial distribution of population in 2020 Zambia — unconstrained individual countries 2000-2020, 1 km, not UN-adjusted; DOI 10.5258/SOTON/WP00670",zmb_ppp_2020_1km_Aggregated.tif,EXPOSURE ONLY - not a flood-occurrence predictor,2026-10-07T14:55:13+00:00
ZMB-D-0505,2020,60972.70267319679,34.36719433426674,1774.1542146314316,23.67464828491211,"WorldPop, University of Southampton","The spatial distribution of population in 2020 Zambia — unconstrained individual countries 2000-2020, 1 km, not UN-adjusted; DOI 10.5258/SOTON/WP00670",zmb_ppp_2020_1km_Aggregated.tif,EXPOSURE ONLY - not a flood-occurrence predictor,2026-10-07T14:55:13+00:00
ZMB-D-0408,2020,145503.241415143,67.65467699506745,2150.675280376423,44.745758056640625,"WorldPop, University of Southampton","The spatial distribution of population in 2020 Zambia — unconstrained individual countries 2000-2020, 1 km, not UN-adjusted; DOI 10.5258/SOTON/WP00670",zmb_ppp_2020_1km_Aggregated.tif,EXPOSURE ONLY - not a flood-occurrence predictor,2026-10-07T14:55:13+00:00
ZMB-D-0607,2020,104571.70308876038,16.690259523095918,6265.433017626505,8.027142524719238,"WorldPop, University of Southampton","The spatial distribution of population in 2020 Zambia — unconstrained individual countries 2000-2020, 1 km, not UN-adjusted; DOI 10.5258/SOTON/WP00670",zmb_ppp_2020_1km_Aggregated.tif,EXPOSURE ONLY - not a flood-occurrence predictor,2026-10-07T14:55:13+00:00
ZMB-D-0108,2020,192562.94602382183,22.88313896693683,8415.0581920623,27.128498077392578,"WorldPop, University of Southampton","The spatial distribution of population in 2020 Zambia — unconstrained individual countries 2000-2020, 1 km, not UN-adjusted; DOI 10.5258/SOTON/WP00670",zmb_ppp_2020_1km_Aggregated.tif,EXPOSURE ONLY - not a flood-occurrence predictor,2026-10-07T14:55:13+00:00
ZMB-D-0506,2020,296949.9923424721,131.3751791414982,2260.3203609917887,48.599300384521484,"WorldPop, University of Southampton","The spatial distribution of population in 2020 Zambia — unconstrained individual countries 2000-2020, 1 km, not UN-adjusted; DOI 10.5258/SOTON/WP00670",zmb_ppp_2020_1km_Aggregated.tif,EXPOSURE ONLY - not a flood-occurrence predictor,2026-10-07T14:55:13+00:00
ZMB-D-0109,2020,133136.0421937555,25.25598212473765,5271.4656486611875,11.635065078735352,"WorldPop, University of Southampton","The spatial distribution of population in 2020 Zambia — unconstrained individual countries 2000-2020, 1 km, not UN-adjusted; DOI 10.5258/SOTON/WP00670",zmb_ppp_2020_1km_Aggregated.tif,EXPOSURE ONLY - not a flood-occurrence predictor,2026-10-07T14:55:13+00:00
ZMB-D-1007,2020,54806.47952705622,4.946549504652009,11079.739417449106,3.785472869873047,"WorldPop, University of Southampton","The spatial distribution of population in 2020 Zambia — unconstrained individual countries 2000-2020, 1 km, not UN-adjusted; DOI 10.5258/SOTON/WP00670",zmb_ppp_2020_1km_Aggregated.tif,EXPOSURE ONLY - not a flood-occurrence predictor,2026-10-07T14:55:13+00:00
ZMB-D-1008,2020,35036.153492331505,5.424304464527607,6459.105258831141,1.6512700319290161,"WorldPop, University of Southampton","The spatial distribution of population in 2020 Zambia — unconstrained individual countries 2000-2020, 1 km, not UN-adjusted; DOI 10.5258/SOTON/WP00670",zmb_ppp_2020_1km_Aggregated.tif,EXPOSURE ONLY - not a flood-occurrence predictor,2026-10-07T14:55:13+00:00
ZMB-D-1009,2020,74683.26261770725,9.385750691673834,7957.08996233613,2.5375008583068848,"WorldPop, University of Southampton","The spatial distribution of population in 2020 Zambia — unconstrained individual countries 2000-2020, 1 km, not UN-adjusted; DOI 10.5258/SOTON/WP00670",zmb_ppp_2020_1km_Aggregated.tif,EXPOSURE ONLY - not a flood-occurrence predictor,2026-10-07T14:55:13+00:00
ZMB-D-1010,2020,59960.192486047745,12.961284787549797,4626.099454557439,5.2859649658203125,"WorldPop, University of Southampton","The spatial distribution of population in 2020 Zambia — unconstrained individual countries 2000-2020, 1 km, not UN-adjusted; DOI 10.5258/SOTON/WP00670",zmb_ppp_2020_1km_Aggregated.tif,EXPOSURE ONLY - not a flood-occurrence predictor,2026-10-07T14:55:13+00:00
ZMB-D-1011,2020,54848.45269989967,7.177542488153424,7641.6757950827,5.732424259185791,"WorldPop, University of Southampton","The spatial distribution of population in 2020 Zambia — unconstrained individual countries 2000-2020, 1 km, not UN-adjusted; DOI 10.5258/SOTON/WP00670",zmb_ppp_2020_1km_Aggregated.tif,EXPOSURE ONLY - not a flood-occurrence predictor,2026-10-07T14:55:13+00:00
ZMB-D-1012,2020,69131.28517615795,6.788109258323896,10184.17390547831,4.252061367034912,"WorldPop, University of Southampton","The spatial distribution of population in 2020 Zambia — unconstrained individual countries 2000-2020, 1 km, not UN-adjusted; DOI 10.5258/SOTON/WP00670",zmb_ppp_2020_1km_Aggregated.tif,EXPOSURE ONLY - not a flood-occurrence predictor,2026-10-07T14:55:13+00:00
ZMB-D-1013,2020,47016.14975190163,12.371704649268993,3800.2968131541734,42.16891860961914,"WorldPop, University of Southampton","The spatial distribution of population in 2020 Zambia — unconstrained individual countries 2000-2020, 1 km, not UN-adjusted; DOI 10.5258/SOTON/WP00670",zmb_ppp_2020_1km_Aggregated.tif,EXPOSURE ONLY - not a flood-occurrence predictor,2026-10-07T14:55:13+00:00
ZMB-D-0809,2020,102783.57101584971,20.279728113501623,5068.291371589916,14.680580139160156,"WorldPop, University of Southampton","The spatial distribution of population in 2020 Zambia — unconstrained individual countries 2000-2020, 1 km, not UN-adjusted; DOI 10.5258/SOTON/WP00670",zmb_ppp_2020_1km_Aggregated.tif,EXPOSURE ONLY - not a flood-occurrence predictor,2026-10-07T14:55:13+00:00
ZMB-D-0409,2020,31491.59899589792,8.501513445228907,3704.234451757665,5.642453670501709,"WorldPop, University of Southampton","The spatial distribution of population in 2020 Zambia — unconstrained individual countries 2000-2020, 1 km, not UN-adjusted; DOI 10.5258/SOTON/WP00670",zmb_ppp_2020_1km_Aggregated.tif,EXPOSURE ONLY - not a flood-occurrence predictor,2026-10-07T14:55:13+00:00
ZMB-D-0911,2020,134505.6716914177,25.62593082223475,5248.811160245219,13.866142272949219,"WorldPop, University of Southampton","The spatial distribution of population in 2020 Zambia — unconstrained individual countries 2000-2020, 1 km, not UN-adjusted; DOI 10.5258/SOTON/WP00670",zmb_ppp_2020_1km_Aggregated.tif,EXPOSURE ONLY - not a flood-occurrence predictor,2026-10-07T14:55:13+00:00
ZMB-D-0308,2020,211744.2107257843,81.77028078851612,2589.5008392281543,382.99700927734375,"WorldPop, University of Southampton","The spatial distribution of population in 2020 Zambia — unconstrained individual countries 2000-2020, 1 km, not UN-adjusted; DOI 10.5258/SOTON/WP00670",zmb_ppp_2020_1km_Aggregated.tif,EXPOSURE ONLY - not a flood-occurrence predictor,2026-10-07T14:55:13+00:00
ZMB-D-0110,2020,261468.54946905375,28.066816533408648,9315.931828528577,21.274028778076172,"WorldPop, University of Southampton","The spatial distribution of population in 2020 Zambia — unconstrained individual countries 2000-2020, 1 km, not UN-adjusted; DOI 10.5258/SOTON/WP00670",zmb_ppp_2020_1km_Aggregated.tif,EXPOSURE ONLY - not a flood-occurrence predictor,2026-10-07T14:55:13+00:00
ZMB-D-0507,2020,285341.2333650589,213.6211255280462,1335.735090149577,60.306495666503906,"WorldPop, University of Southampton","The spatial distribution of population in 2020 Zambia — unconstrained individual countries 2000-2020, 1 km, not UN-adjusted; DOI 10.5258/SOTON/WP00670",zmb_ppp_2020_1km_Aggregated.tif,EXPOSURE ONLY - not a flood-occurrence predictor,2026-10-07T14:55:13+00:00
ZMB-D-0309,2020,42805.60879898071,46.497991894030356,920.5904826284833,27.167728424072266,"WorldPop, University of Southampton","The spatial distribution of population in 2020 Zambia — unconstrained individual countries 2000-2020, 1 km, not UN-adjusted; DOI 10.5258/SOTON/WP00670",zmb_ppp_2020_1km_Aggregated.tif,EXPOSURE ONLY - not a flood-occurrence predictor,2026-10-07T14:55:13+00:00
ZMB-D-1014,2020,57972.92318558693,14.847084262684684,3904.667216801,5.46278715133667,"WorldPop, University of Southampton","The spatial distribution of population in 2020 Zambia — unconstrained individual countries 2000-2020, 1 km, not UN-adjusted; DOI 10.5258/SOTON/WP00670",zmb_ppp_2020_1km_Aggregated.tif,EXPOSURE ONLY - not a flood-occurrence predictor,2026-10-07T14:55:13+00:00
ZMB-D-1015,2020,43126.355597019196,6.782034115207862,6358.911628048839,3.456707000732422,"WorldPop, University of Southampton","The spatial distribution of population in 2020 Zambia — unconstrained individual countries 2000-2020, 1 km, not UN-adjusted; DOI 10.5258/SOTON/WP00670",zmb_ppp_2020_1km_Aggregated.tif,EXPOSURE ONLY - not a flood-occurrence predictor,2026-10-07T14:55:13+00:00
ZMB-D-0111,2020,113956.03081804514,9.838260226558772,11582.945377925289,15.278727531433105,"WorldPop, University of Southampton","The spatial distribution of population in 2020 Zambia — unconstrained individual countries 2000-2020, 1 km, not UN-adjusted; DOI 10.5258/SOTON/WP00670",zmb_ppp_2020_1km_Aggregated.tif,EXPOSURE ONLY - not a flood-occurrence predictor,2026-10-07T14:55:13+00:00
ZMB-D-0708,2020,65484.990908026695,9.296657798564118,7043.928294116726,11.142632484436035,"WorldPop, University of Southampton","The spatial distribution of population in 2020 Zambia — unconstrained individual countries 2000-2020, 1 km, not UN-adjusted; DOI 10.5258/SOTON/WP00670",zmb_ppp_2020_1km_Aggregated.tif,EXPOSURE ONLY - not a flood-occurrence predictor,2026-10-07T14:55:13+00:00
ZMB-D-0709,2020,73669.10632109642,9.926417806212697,7421.51980294329,5.116173267364502,"WorldPop, University of Southampton","The spatial distribution of population in 2020 Zambia — unconstrained individual countries 2000-2020, 1 km, not UN-adjusted; DOI 10.5258/SOTON/WP00670",zmb_ppp_2020_1km_Aggregated.tif,EXPOSURE ONLY - not a flood-occurrence predictor,2026-10-07T14:55:13+00:00
ZMB-D-0410,2020,98998.20258021355,40.71873438684092,2431.269146032368,11.397141456604004,"WorldPop, University of Southampton","The spatial distribution of population in 2020 Zambia — unconstrained individual countries 2000-2020, 1 km, not UN-adjusted; DOI 10.5258/SOTON/WP00670",zmb_ppp_2020_1km_Aggregated.tif,EXPOSURE ONLY - not a flood-occurrence predictor,2026-10-07T14:55:13+00:00
ZMB-D-0411,2020,64270.24205315113,54.07746650835598,1188.4847091203908,38.7513427734375,"WorldPop, University of Southampton","The spatial distribution of population in 2020 Zambia — unconstrained individual countries 2000-2020, 1 km, not UN-adjusted; DOI 10.5258/SOTON/WP00670",zmb_ppp_2020_1km_Aggregated.tif,EXPOSURE ONLY - not a flood-occurrence predictor,2026-10-07T14:55:13+00:00
ZMB-D-0912,2020,47689.27687382698,25.12234468723334,1898.281289726181,9.126585960388184,"WorldPop, University of Southampton","The spatial distribution of population in 2020 Zambia — unconstrained individual countries 2000-2020, 1 km, not UN-adjusted; DOI 10.5258/SOTON/WP00670",zmb_ppp_2020_1km_Aggregated.tif,EXPOSURE ONLY - not a flood-occurrence predictor,2026-10-07T14:55:13+00:00
ZMB-D-0508,2020,75267.9978966713,46.03374713366545,1635.0612883656872,24.660539627075195,"WorldPop, University of Southampton","The spatial distribution of population in 2020 Zambia — unconstrained individual countries 2000-2020, 1 km, not UN-adjusted; DOI 10.5258/SOTON/WP00670",zmb_ppp_2020_1km_Aggregated.tif,EXPOSURE ONLY - not a flood-occurrence predictor,2026-10-07T14:55:13+00:00
